ISO-10303-21;
HEADER;
FILE_DESCRIPTION((''),'2;1');
FILE_NAME('ISFV15R_1STLF','2007-09-03T',('ShoujiR'),(''),
'PRO/ENGINEER BY PARAMETRIC TECHNOLOGY CORPORATION, 2005230',
'PRO/ENGINEER BY PARAMETRIC TECHNOLOGY CORPORATION, 2005230','');
FILE_SCHEMA(('CONFIG_CONTROL_DESIGN'));
ENDSEC;
DATA;
#1=DIRECTION('',(1.E0,0.E0,0.E0));
#2=VECTOR('',#1,1.E-1);
#3=CARTESIAN_POINT('',(1.6E0,1.1E-1,-7.3E-1));
#4=LINE('',#3,#2);
#5=DIRECTION('',(1.E0,0.E0,0.E0));
#6=VECTOR('',#5,1.7E0);
#7=CARTESIAN_POINT('',(0.E0,0.E0,-7.3E-1));
#8=LINE('',#7,#6);
#9=DIRECTION('',(-1.E0,0.E0,0.E0));
#10=VECTOR('',#9,2.2E-1);
#11=CARTESIAN_POINT('',(1.7E0,8.2E-1,-7.3E-1));
#12=LINE('',#11,#10);
#13=DIRECTION('',(0.E0,-1.E0,0.E0));
#14=VECTOR('',#13,5.E-1);
#15=CARTESIAN_POINT('',(1.48E0,1.32E0,-7.3E-1));
#16=LINE('',#15,#14);
#17=DIRECTION('',(1.E0,0.E0,0.E0));
#18=VECTOR('',#17,5.8E-1);
#19=CARTESIAN_POINT('',(9.E-1,1.32E0,-7.3E-1));
#20=LINE('',#19,#18);
#21=DIRECTION('',(0.E0,1.E0,0.E0));
#22=VECTOR('',#21,7.9E-1);
#23=CARTESIAN_POINT('',(9.E-1,5.3E-1,-7.3E-1));
#24=LINE('',#23,#22);
#25=DIRECTION('',(-1.E0,0.E0,0.E0));
#26=VECTOR('',#25,7.E-1);
#27=CARTESIAN_POINT('',(1.6E0,5.3E-1,-7.3E-1));
#28=LINE('',#27,#26);
#29=DIRECTION('',(0.E0,1.E0,0.E0));
#30=VECTOR('',#29,4.2E-1);
#31=CARTESIAN_POINT('',(1.6E0,1.1E-1,-7.3E-1));
#32=LINE('',#31,#30);
#33=DIRECTION('',(1.E0,0.E0,0.E0));
#34=VECTOR('',#33,1.9E0);
#35=CARTESIAN_POINT('',(-3.E-1,1.1E-1,-7.E-1));
#36=LINE('',#35,#34);
#37=DIRECTION('',(0.E0,0.E0,1.E0));
#38=VECTOR('',#37,7.E-1);
#39=CARTESIAN_POINT('',(-3.E-1,1.1E-1,-1.4E0));
#40=LINE('',#39,#38);
#41=DIRECTION('',(1.E0,0.E0,-1.953992523340E-14));
#42=VECTOR('',#41,5.E-1);
#43=CARTESIAN_POINT('',(-8.E-1,1.1E-1,-1.4E0));
#44=LINE('',#43,#42);
#45=DIRECTION('',(0.E0,0.E0,-1.E0));
#46=VECTOR('',#45,1.4E0);
#47=CARTESIAN_POINT('',(-8.E-1,1.1E-1,1.084317820717E-14));
#48=LINE('',#47,#46);
#49=DIRECTION('',(-1.E0,0.E0,0.E0));
#50=VECTOR('',#49,1.3E1);
#51=CARTESIAN_POINT('',(1.22E1,1.1E-1,1.088018564133E-14));
#52=LINE('',#51,#50);
#53=DIRECTION('',(-4.466268624778E-13,0.E0,1.E0));
#54=VECTOR('',#53,1.4E0);
#55=CARTESIAN_POINT('',(1.22E1,1.1E-1,-1.4E0));
#56=LINE('',#55,#54);
#57=DIRECTION('',(1.E0,0.E0,0.E0));
#58=VECTOR('',#57,5.000000000013E-1);
#59=CARTESIAN_POINT('',(1.17E1,1.1E-1,-1.4E0));
#60=LINE('',#59,#58);
#61=DIRECTION('',(-9.059419880941E-13,0.E0,-1.E0));
#62=VECTOR('',#61,7.E-1);
#63=CARTESIAN_POINT('',(1.17E1,1.1E-1,-7.E-1));
#64=LINE('',#63,#62);
#65=DIRECTION('',(1.E0,0.E0,0.E0));
#66=VECTOR('',#65,1.9E0);
#67=CARTESIAN_POINT('',(9.8E0,1.1E-1,-7.E-1));
#68=LINE('',#67,#66);
#69=DIRECTION('',(1.E0,0.E0,0.E0));
#70=VECTOR('',#69,1.E-1);
#71=CARTESIAN_POINT('',(9.7E0,1.1E-1,-7.3E-1));
#72=LINE('',#71,#70);
#73=DIRECTION('',(0.E0,1.E0,0.E0));
#74=VECTOR('',#73,4.2E-1);
#75=CARTESIAN_POINT('',(9.8E0,1.1E-1,-7.3E-1));
#76=LINE('',#75,#74);
#77=DIRECTION('',(1.E0,0.E0,0.E0));
#78=VECTOR('',#77,7.E-1);
#79=CARTESIAN_POINT('',(9.8E0,5.3E-1,-7.3E-1));
#80=LINE('',#79,#78);
#81=DIRECTION('',(0.E0,-1.E0,0.E0));
#82=VECTOR('',#81,7.9E-1);
#83=CARTESIAN_POINT('',(1.05E1,1.32E0,-7.3E-1));
#84=LINE('',#83,#82);
#85=DIRECTION('',(1.E0,0.E0,0.E0));
#86=VECTOR('',#85,5.8E-1);
#87=CARTESIAN_POINT('',(9.92E0,1.32E0,-7.3E-1));
#88=LINE('',#87,#86);
#89=DIRECTION('',(0.E0,1.E0,0.E0));
#90=VECTOR('',#89,5.E-1);
#91=CARTESIAN_POINT('',(9.92E0,8.2E-1,-7.3E-1));
#92=LINE('',#91,#90);
#93=DIRECTION('',(1.E0,0.E0,0.E0));
#94=VECTOR('',#93,2.2E-1);
#95=CARTESIAN_POINT('',(9.7E0,8.2E-1,-7.3E-1));
#96=LINE('',#95,#94);
#97=DIRECTION('',(1.E0,0.E0,0.E0));
#98=VECTOR('',#97,1.7E0);
#99=CARTESIAN_POINT('',(9.7E0,0.E0,-7.3E-1));
#100=LINE('',#99,#98);
#101=DIRECTION('',(-5.921189464667E-14,-3.201143054336E-13,-1.E0));
#102=VECTOR('',#101,3.E-2);
#103=CARTESIAN_POINT('',(9.8E0,1.1E-1,-7.E-1));
#104=LINE('',#103,#102);
#105=DIRECTION('',(0.E0,-1.E0,0.E0));
#106=VECTOR('',#105,4.2E-1);
#107=CARTESIAN_POINT('',(9.8E0,5.3E-1,-7.E-1));
#108=LINE('',#107,#106);
#109=DIRECTION('',(1.E0,0.E0,0.E0));
#110=VECTOR('',#109,1.9E0);
#111=CARTESIAN_POINT('',(9.8E0,1.71E0,-7.E-1));
#112=LINE('',#111,#110);
#113=DIRECTION('',(0.E0,1.E0,0.E0));
#114=VECTOR('',#113,1.6E0);
#115=CARTESIAN_POINT('',(1.17E1,1.1E-1,-7.E-1));
#116=LINE('',#115,#114);
#117=DIRECTION('',(0.E0,-1.E0,0.E0));
#118=VECTOR('',#117,1.6E0);
#119=CARTESIAN_POINT('',(1.17E1,1.71E0,-1.4E0));
#120=LINE('',#119,#118);
#121=DIRECTION('',(-9.059419880941E-13,0.E0,-1.E0));
#122=VECTOR('',#121,7.E-1);
#123=CARTESIAN_POINT('',(1.17E1,1.71E0,-7.E-1));
#124=LINE('',#123,#122);
#125=DIRECTION('',(0.E0,-1.E0,0.E0));
#126=VECTOR('',#125,1.6E0);
#127=CARTESIAN_POINT('',(1.22E1,1.71E0,-1.4E0));
#128=LINE('',#127,#126);
#129=DIRECTION('',(1.E0,0.E0,0.E0));
#130=VECTOR('',#129,5.000000000013E-1);
#131=CARTESIAN_POINT('',(1.17E1,1.71E0,-1.4E0));
#132=LINE('',#131,#130);
#133=DIRECTION('',(0.E0,-1.E0,0.E0));
#134=VECTOR('',#133,1.6E0);
#135=CARTESIAN_POINT('',(1.22E1,1.71E0,1.088018564133E-14));
#136=LINE('',#135,#134);
#137=DIRECTION('',(-4.466268624778E-13,0.E0,1.E0));
#138=VECTOR('',#137,1.4E0);
#139=CARTESIAN_POINT('',(1.22E1,1.71E0,-1.4E0));
#140=LINE('',#139,#138);
#141=DIRECTION('',(0.E0,-1.E0,0.E0));
#142=VECTOR('',#141,1.6E0);
#143=CARTESIAN_POINT('',(-8.E-1,1.71E0,1.084317820717E-14));
#144=LINE('',#143,#142);
#145=DIRECTION('',(-1.E0,0.E0,0.E0));
#146=VECTOR('',#145,2.4E0);
#147=CARTESIAN_POINT('',(1.6E0,1.71E0,0.E0));
#148=LINE('',#147,#146);
#149=DIRECTION('',(0.E0,1.E0,0.E0));
#150=VECTOR('',#149,8.9E-1);
#151=CARTESIAN_POINT('',(1.6E0,8.2E-1,0.E0));
#152=LINE('',#151,#150);
#153=DIRECTION('',(-1.E0,0.E0,0.E0));
#154=VECTOR('',#153,2.4E0);
#155=CARTESIAN_POINT('',(1.22E1,1.71E0,1.088018564133E-14));
#156=LINE('',#155,#154);
#157=DIRECTION('',(0.E0,-1.E0,0.E0));
#158=VECTOR('',#157,1.6E0);
#159=CARTESIAN_POINT('',(-8.E-1,1.71E0,-1.4E0));
#160=LINE('',#159,#158);
#161=DIRECTION('',(0.E0,0.E0,-1.E0));
#162=VECTOR('',#161,1.4E0);
#163=CARTESIAN_POINT('',(-8.E-1,1.71E0,1.084317820717E-14));
#164=LINE('',#163,#162);
#165=DIRECTION('',(0.E0,-1.E0,0.E0));
#166=VECTOR('',#165,1.6E0);
#167=CARTESIAN_POINT('',(-3.E-1,1.71E0,-1.4E0));
#168=LINE('',#167,#166);
#169=DIRECTION('',(1.E0,0.E0,-1.953992523340E-14));
#170=VECTOR('',#169,5.E-1);
#171=CARTESIAN_POINT('',(-8.E-1,1.71E0,-1.4E0));
#172=LINE('',#171,#170);
#173=DIRECTION('',(0.E0,-1.E0,0.E0));
#174=VECTOR('',#173,1.6E0);
#175=CARTESIAN_POINT('',(-3.E-1,1.71E0,-7.E-1));
#176=LINE('',#175,#174);
#177=DIRECTION('',(0.E0,0.E0,1.E0));
#178=VECTOR('',#177,7.E-1);
#179=CARTESIAN_POINT('',(-3.E-1,1.71E0,-1.4E0));
#180=LINE('',#179,#178);
#181=DIRECTION('',(0.E0,-1.E0,0.E0));
#182=VECTOR('',#181,8.9E-1);
#183=CARTESIAN_POINT('',(1.6E0,1.71E0,-7.E-1));
#184=LINE('',#183,#182);
#185=DIRECTION('',(1.E0,0.E0,0.E0));
#186=VECTOR('',#185,1.9E0);
#187=CARTESIAN_POINT('',(-3.E-1,1.71E0,-7.E-1));
#188=LINE('',#187,#186);
#189=DIRECTION('',(1.480297366167E-14,-1.110223024625E-14,-1.E0));
#190=VECTOR('',#189,3.E-2);
#191=CARTESIAN_POINT('',(1.6E0,5.3E-1,-7.E-1));
#192=LINE('',#191,#190);
#193=DIRECTION('',(0.E0,1.E0,0.E0));
#194=VECTOR('',#193,4.2E-1);
#195=CARTESIAN_POINT('',(1.6E0,1.1E-1,-7.E-1));
#196=LINE('',#195,#194);
#197=DIRECTION('',(0.E0,3.191891195797E-13,1.E0));
#198=VECTOR('',#197,3.E-2);
#199=CARTESIAN_POINT('',(1.6E0,1.1E-1,-7.3E-1));
#200=LINE('',#199,#198);
#201=DIRECTION('',(0.E0,1.110223024625E-14,1.E0));
#202=VECTOR('',#201,3.E-2);
#203=CARTESIAN_POINT('',(9.8E0,5.3E-1,-7.3E-1));
#204=LINE('',#203,#202);
#205=DIRECTION('',(1.E0,0.E0,0.E0));
#206=VECTOR('',#205,7.E-1);
#207=CARTESIAN_POINT('',(9.8E0,5.3E-1,-7.E-1));
#208=LINE('',#207,#206);
#209=DIRECTION('',(1.E0,0.E0,0.E0));
#210=VECTOR('',#209,7.E-1);
#211=CARTESIAN_POINT('',(9.E-1,5.3E-1,-7.E-1));
#212=LINE('',#211,#210);
#213=DIRECTION('',(0.E0,0.E0,-1.E0));
#214=VECTOR('',#213,3.E-2);
#215=CARTESIAN_POINT('',(1.05E1,5.3E-1,-7.E-1));
#216=LINE('',#215,#214);
#217=DIRECTION('',(0.E0,-1.E0,0.E0));
#218=VECTOR('',#217,7.9E-1);
#219=CARTESIAN_POINT('',(1.05E1,1.32E0,-7.E-1));
#220=LINE('',#219,#218);
#221=DIRECTION('',(0.E0,0.E0,1.E0));
#222=VECTOR('',#221,3.E-2);
#223=CARTESIAN_POINT('',(1.05E1,1.32E0,-7.3E-1));
#224=LINE('',#223,#222);
#225=DIRECTION('',(-1.E0,1.684476313224E-14,0.E0));
#226=VECTOR('',#225,5.8E-1);
#227=CARTESIAN_POINT('',(1.05E1,1.32E0,-7.E-1));
#228=LINE('',#227,#226);
#229=DIRECTION('',(-5.921189464667E-14,-3.330669073875E-13,-1.E0));
#230=VECTOR('',#229,3.E-2);
#231=CARTESIAN_POINT('',(9.92E0,1.32E0,-7.E-1));
#232=LINE('',#231,#230);
#233=DIRECTION('',(0.E0,-1.E0,0.E0));
#234=VECTOR('',#233,5.E-1);
#235=CARTESIAN_POINT('',(9.92E0,1.32E0,-7.E-1));
#236=LINE('',#235,#234);
#237=DIRECTION('',(5.921189464667E-14,-1.184237892933E-13,-1.E0));
#238=VECTOR('',#237,3.E-2);
#239=CARTESIAN_POINT('',(9.92E0,8.2E-1,-7.E-1));
#240=LINE('',#239,#238);
#241=DIRECTION('',(1.E0,3.145631903105E-14,0.E0));
#242=VECTOR('',#241,1.2E-1);
#243=CARTESIAN_POINT('',(9.8E0,8.2E-1,-7.E-1));
#244=LINE('',#243,#242);
#245=DIRECTION('',(1.E0,0.E0,0.E0));
#246=VECTOR('',#245,8.2E0);
#247=CARTESIAN_POINT('',(1.6E0,8.2E-1,0.E0));
#248=LINE('',#247,#246);
#249=DIRECTION('',(0.E0,0.E0,1.E0));
#250=VECTOR('',#249,7.E-1);
#251=CARTESIAN_POINT('',(1.6E0,8.2E-1,-7.E-1));
#252=LINE('',#251,#250);
#253=DIRECTION('',(1.E0,-2.960594732334E-14,-8.234154099303E-14));
#254=VECTOR('',#253,1.2E-1);
#255=CARTESIAN_POINT('',(1.48E0,8.2E-1,-7.E-1));
#256=LINE('',#255,#254);
#257=DIRECTION('',(0.E0,1.184237892933E-13,1.E0));
#258=VECTOR('',#257,3.E-2);
#259=CARTESIAN_POINT('',(1.48E0,8.2E-1,-7.3E-1));
#260=LINE('',#259,#258);
#261=DIRECTION('',(-1.E0,0.E0,0.E0));
#262=VECTOR('',#261,8.1E0);
#263=CARTESIAN_POINT('',(9.75E0,8.2E-1,-2.35E0));
#264=LINE('',#263,#262);
#265=DIRECTION('',(0.E0,0.E0,1.E0));
#266=VECTOR('',#265,7.E-1);
#267=CARTESIAN_POINT('',(9.8E0,1.71E0,-7.E-1));
#268=LINE('',#267,#266);
#269=DIRECTION('',(0.E0,-1.E0,0.E0));
#270=VECTOR('',#269,8.9E-1);
#271=CARTESIAN_POINT('',(9.8E0,1.71E0,1.086168192425E-14));
#272=LINE('',#271,#270);
#273=DIRECTION('',(0.E0,0.E0,-1.E0));
#274=VECTOR('',#273,7.E-1);
#275=CARTESIAN_POINT('',(9.8E0,8.2E-1,1.093569679256E-14));
#276=LINE('',#275,#274);
#277=DIRECTION('',(0.E0,1.E0,0.E0));
#278=VECTOR('',#277,8.9E-1);
#279=CARTESIAN_POINT('',(9.8E0,8.2E-1,-7.E-1));
#280=LINE('',#279,#278);
#281=DIRECTION('',(0.E0,0.E0,-1.E0));
#282=VECTOR('',#281,7.E-1);
#283=CARTESIAN_POINT('',(1.6E0,1.71E0,0.E0));
#284=LINE('',#283,#282);
#285=DIRECTION('',(0.E0,1.E0,0.E0));
#286=VECTOR('',#285,5.E-1);
#287=CARTESIAN_POINT('',(1.48E0,8.2E-1,-7.E-1));
#288=LINE('',#287,#286);
#289=DIRECTION('',(0.E0,3.182639337259E-13,1.E0));
#290=VECTOR('',#289,3.E-2);
#291=CARTESIAN_POINT('',(1.48E0,1.32E0,-7.3E-1));
#292=LINE('',#291,#290);
#293=DIRECTION('',(-1.E0,-1.722759865798E-14,0.E0));
#294=VECTOR('',#293,5.8E-1);
#295=CARTESIAN_POINT('',(1.48E0,1.32E0,-7.E-1));
#296=LINE('',#295,#294);
#297=DIRECTION('',(-1.850371707709E-14,0.E0,-1.E0));
#298=VECTOR('',#297,3.E-2);
#299=CARTESIAN_POINT('',(9.E-1,1.32E0,-7.E-1));
#300=LINE('',#299,#298);
#301=DIRECTION('',(0.E0,1.E0,0.E0));
#302=VECTOR('',#301,7.9E-1);
#303=CARTESIAN_POINT('',(9.E-1,5.3E-1,-7.E-1));
#304=LINE('',#303,#302);
#305=DIRECTION('',(1.480297366167E-14,0.E0,1.E0));
#306=VECTOR('',#305,3.E-2);
#307=CARTESIAN_POINT('',(9.E-1,5.3E-1,-7.3E-1));
#308=LINE('',#307,#306);
#309=DIRECTION('',(0.E0,0.E0,1.E0));
#310=VECTOR('',#309,1.7E-1);
#311=CARTESIAN_POINT('',(1.7E0,1.1E-1,-9.E-1));
#312=LINE('',#311,#310);
#313=DIRECTION('',(0.E0,1.E0,1.130408897800E-13));
#314=VECTOR('',#313,1.1E-1);
#315=CARTESIAN_POINT('',(1.7E0,0.E0,-9.E-1));
#316=LINE('',#315,#314);
#317=DIRECTION('',(0.E0,0.E0,-1.E0));
#318=VECTOR('',#317,1.7E-1);
#319=CARTESIAN_POINT('',(1.7E0,0.E0,-7.3E-1));
#320=LINE('',#319,#318);
#321=DIRECTION('',(0.E0,-1.E0,0.E0));
#322=VECTOR('',#321,1.1E-1);
#323=CARTESIAN_POINT('',(1.7E0,1.1E-1,-7.3E-1));
#324=LINE('',#323,#322);
#325=DIRECTION('',(0.E0,0.E0,1.E0));
#326=VECTOR('',#325,1.7E-1);
#327=CARTESIAN_POINT('',(1.7E0,8.2E-1,-9.E-1));
#328=LINE('',#327,#326);
#329=DIRECTION('',(0.E0,-1.E0,4.268905249483E-13));
#330=VECTOR('',#329,3.828260869566E-1);
#331=CARTESIAN_POINT('',(1.7E0,1.202826086957E0,-7.300000000002E-1));
#332=LINE('',#331,#330);
#333=DIRECTION('',(0.E0,2.173399540833E-2,9.997637888239E-1));
#334=VECTOR('',#333,1.700401653873E-1);
#335=CARTESIAN_POINT('',(1.7E0,1.199130434783E0,-9.000000000001E-1));
#336=LINE('',#335,#334);
#337=DIRECTION('',(-1.E0,0.E0,0.E0));
#338=VECTOR('',#337,8.E0);
#339=CARTESIAN_POINT('',(9.7E0,1.1E-1,-9.E-1));
#340=LINE('',#339,#338);
#341=DIRECTION('',(0.E0,-1.E0,0.E0));
#342=VECTOR('',#341,1.1E-1);
#343=CARTESIAN_POINT('',(9.7E0,1.1E-1,-9.E-1));
#344=LINE('',#343,#342);
#345=DIRECTION('',(-1.E0,0.E0,0.E0));
#346=VECTOR('',#345,8.E0);
#347=CARTESIAN_POINT('',(9.7E0,0.E0,-9.E-1));
#348=LINE('',#347,#346);
#349=DIRECTION('',(0.E0,0.E0,-1.E0));
#350=VECTOR('',#349,1.7E-1);
#351=CARTESIAN_POINT('',(9.7E0,1.1E-1,-7.3E-1));
#352=LINE('',#351,#350);
#353=DIRECTION('',(1.614869854E-14,1.E0,-1.130408897800E-13));
#354=VECTOR('',#353,1.1E-1);
#355=CARTESIAN_POINT('',(9.7E0,0.E0,-7.3E-1));
#356=LINE('',#355,#354);
#357=DIRECTION('',(0.E0,0.E0,1.E0));
#358=VECTOR('',#357,1.7E-1);
#359=CARTESIAN_POINT('',(9.7E0,0.E0,-9.E-1));
#360=LINE('',#359,#358);
#361=DIRECTION('',(0.E0,0.E0,-1.E0));
#362=VECTOR('',#361,1.7E-1);
#363=CARTESIAN_POINT('',(9.7E0,8.2E-1,-7.3E-1));
#364=LINE('',#363,#362);
#365=DIRECTION('',(7.312682769672E-14,-2.173399540833E-2,-9.997637888239E-1));
#366=VECTOR('',#365,1.700401653873E-1);
#367=CARTESIAN_POINT('',(9.7E0,1.202826086957E0,-7.300000000001E-1));
#368=LINE('',#367,#366);
#369=DIRECTION('',(0.E0,1.E0,-3.741092236300E-13));
#370=VECTOR('',#369,3.828260869566E-1);
#371=CARTESIAN_POINT('',(9.7E0,8.2E-1,-7.3E-1));
#372=LINE('',#371,#370);
#373=DIRECTION('',(1.E0,0.E0,0.E0));
#374=VECTOR('',#373,5.E-2);
#375=CARTESIAN_POINT('',(9.7E0,8.2E-1,-9.E-1));
#376=LINE('',#375,#374);
#377=DIRECTION('',(1.E0,0.E0,-2.442490654177E-14));
#378=VECTOR('',#377,4.999999999997E-2);
#379=CARTESIAN_POINT('',(9.7E0,1.199130434783E0,-9.E-1));
#380=LINE('',#379,#378);
#381=DIRECTION('',(3.748275899649E-14,1.E0,-1.256258094492E-13));
#382=VECTOR('',#381,3.791304347829E-1);
#383=CARTESIAN_POINT('',(9.7E0,8.2E-1,-9.E-1));
#384=LINE('',#383,#382);
#385=DIRECTION('',(0.E0,0.E0,-1.E0));
#386=VECTOR('',#385,1.45E0);
#387=CARTESIAN_POINT('',(9.75E0,8.2E-1,-9.E-1));
#388=LINE('',#387,#386);
#389=DIRECTION('',(0.E0,1.E0,0.E0));
#390=VECTOR('',#389,1.5E-1);
#391=CARTESIAN_POINT('',(9.75E0,6.7E-1,-2.35E0));
#392=LINE('',#391,#390);
#393=DIRECTION('',(0.E0,0.E0,-1.E0));
#394=VECTOR('',#393,3.5E-1);
#395=CARTESIAN_POINT('',(9.75E0,6.7E-1,-2.35E0));
#396=LINE('',#395,#394);
#397=DIRECTION('',(0.E0,1.E0,0.E0));
#398=VECTOR('',#397,4.9E-1);
#399=CARTESIAN_POINT('',(9.75E0,6.7E-1,-2.7E0));
#400=LINE('',#399,#398);
#401=DIRECTION('',(0.E0,2.173399540938E-2,9.997637888239E-1));
#402=VECTOR('',#401,1.800425280573E0);
#403=CARTESIAN_POINT('',(9.75E0,1.16E0,-2.7E0));
#404=LINE('',#403,#402);
#405=DIRECTION('',(3.279741412193E-14,-1.E0,1.285541499958E-13));
#406=VECTOR('',#405,3.791304347829E-1);
#407=CARTESIAN_POINT('',(9.75E0,1.199130434783E0,-9.E-1));
#408=LINE('',#407,#406);
#409=DIRECTION('',(1.E0,0.E0,0.E0));
#410=VECTOR('',#409,8.1E0);
#411=CARTESIAN_POINT('',(1.65E0,6.7E-1,-2.35E0));
#412=LINE('',#411,#410);
#413=DIRECTION('',(0.E0,0.E0,-1.E0));
#414=VECTOR('',#413,1.45E0);
#415=CARTESIAN_POINT('',(1.65E0,8.2E-1,-9.E-1));
#416=LINE('',#415,#414);
#417=DIRECTION('',(0.E0,1.E0,-1.279684818865E-13));
#418=VECTOR('',#417,3.791304347829E-1);
#419=CARTESIAN_POINT('',(1.65E0,8.2E-1,-9.E-1));
#420=LINE('',#419,#418);
#421=DIRECTION('',(0.E0,-2.173399540938E-2,-9.997637888239E-1));
#422=VECTOR('',#421,1.800425280573E0);
#423=CARTESIAN_POINT('',(1.65E0,1.199130434783E0,-9.E-1));
#424=LINE('',#423,#422);
#425=DIRECTION('',(0.E0,0.E0,1.E0));
#426=VECTOR('',#425,3.5E-1);
#427=CARTESIAN_POINT('',(1.65E0,6.7E-1,-2.7E0));
#428=LINE('',#427,#426);
#429=DIRECTION('',(0.E0,1.E0,0.E0));
#430=VECTOR('',#429,1.5E-1);
#431=CARTESIAN_POINT('',(1.65E0,6.7E-1,-2.35E0));
#432=LINE('',#431,#430);
#433=DIRECTION('',(1.E0,0.E0,0.E0));
#434=VECTOR('',#433,5.E-2);
#435=CARTESIAN_POINT('',(1.65E0,8.2E-1,-9.E-1));
#436=LINE('',#435,#434);
#437=DIRECTION('',(0.E0,-1.E0,1.607658960084E-13));
#438=VECTOR('',#437,3.791304347829E-1);
#439=CARTESIAN_POINT('',(1.7E0,1.199130434783E0,-9.000000000001E-1));
#440=LINE('',#439,#438);
#441=DIRECTION('',(1.E0,0.E0,-2.486899575160E-13));
#442=VECTOR('',#441,5.E-2);
#443=CARTESIAN_POINT('',(1.65E0,1.199130434783E0,-9.E-1));
#444=LINE('',#443,#442);
#445=DIRECTION('',(0.E0,2.173399540922E-2,9.997637888239E-1));
#446=VECTOR('',#445,1.912748399856E0);
#447=CARTESIAN_POINT('',(9.105E0,1.161309404785E0,-2.639767379872E0));
#448=LINE('',#447,#446);
#449=DIRECTION('',(-1.E0,0.E0,0.E0));
#450=VECTOR('',#449,1.9E-1);
#451=CARTESIAN_POINT('',(9.295E0,1.161309404785E0,-2.639767379872E0));
#452=LINE('',#451,#450);
#453=DIRECTION('',(0.E0,2.173399540922E-2,9.997637888239E-1));
#454=VECTOR('',#453,1.912748399856E0);
#455=CARTESIAN_POINT('',(9.295E0,1.161309404785E0,-2.639767379872E0));
#456=LINE('',#455,#454);
#457=DIRECTION('',(1.E0,0.E0,0.E0));
#458=VECTOR('',#457,1.9E-1);
#459=CARTESIAN_POINT('',(9.105E0,1.202881069727E0,-7.274707925646E-1));
#460=LINE('',#459,#458);
#461=DIRECTION('',(0.E0,2.173399540922E-2,9.997637888239E-1));
#462=VECTOR('',#461,1.912748399856E0);
#463=CARTESIAN_POINT('',(8.605E0,1.161309404785E0,-2.639767379872E0));
#464=LINE('',#463,#462);
#465=DIRECTION('',(-1.E0,0.E0,0.E0));
#466=VECTOR('',#465,1.9E-1);
#467=CARTESIAN_POINT('',(8.795E0,1.161309404785E0,-2.639767379872E0));
#468=LINE('',#467,#466);
#469=DIRECTION('',(0.E0,2.173399540922E-2,9.997637888239E-1));
#470=VECTOR('',#469,1.912748399856E0);
#471=CARTESIAN_POINT('',(8.795E0,1.161309404785E0,-2.639767379872E0));
#472=LINE('',#471,#470);
#473=DIRECTION('',(1.E0,0.E0,0.E0));
#474=VECTOR('',#473,1.9E-1);
#475=CARTESIAN_POINT('',(8.605E0,1.202881069727E0,-7.274707925646E-1));
#476=LINE('',#475,#474);
#477=DIRECTION('',(0.E0,2.173399540922E-2,9.997637888239E-1));
#478=VECTOR('',#477,1.912748399856E0);
#479=CARTESIAN_POINT('',(8.105E0,1.161309404785E0,-2.639767379872E0));
#480=LINE('',#479,#478);
#481=DIRECTION('',(-1.E0,0.E0,0.E0));
#482=VECTOR('',#481,1.9E-1);
#483=CARTESIAN_POINT('',(8.295E0,1.161309404785E0,-2.639767379872E0));
#484=LINE('',#483,#482);
#485=DIRECTION('',(0.E0,2.173399540922E-2,9.997637888239E-1));
#486=VECTOR('',#485,1.912748399856E0);
#487=CARTESIAN_POINT('',(8.295E0,1.161309404785E0,-2.639767379872E0));
#488=LINE('',#487,#486);
#489=DIRECTION('',(1.E0,0.E0,0.E0));
#490=VECTOR('',#489,1.9E-1);
#491=CARTESIAN_POINT('',(8.105E0,1.202881069727E0,-7.274707925646E-1));
#492=LINE('',#491,#490);
#493=DIRECTION('',(0.E0,2.173399540922E-2,9.997637888239E-1));
#494=VECTOR('',#493,1.912748399856E0);
#495=CARTESIAN_POINT('',(7.605E0,1.161309404785E0,-2.639767379872E0));
#496=LINE('',#495,#494);
#497=DIRECTION('',(-1.E0,0.E0,0.E0));
#498=VECTOR('',#497,1.9E-1);
#499=CARTESIAN_POINT('',(7.795E0,1.161309404785E0,-2.639767379872E0));
#500=LINE('',#499,#498);
#501=DIRECTION('',(0.E0,2.173399540922E-2,9.997637888239E-1));
#502=VECTOR('',#501,1.912748399856E0);
#503=CARTESIAN_POINT('',(7.795E0,1.161309404785E0,-2.639767379872E0));
#504=LINE('',#503,#502);
#505=DIRECTION('',(1.E0,0.E0,0.E0));
#506=VECTOR('',#505,1.9E-1);
#507=CARTESIAN_POINT('',(7.605E0,1.202881069727E0,-7.274707925646E-1));
#508=LINE('',#507,#506);
#509=DIRECTION('',(0.E0,2.173399540922E-2,9.997637888239E-1));
#510=VECTOR('',#509,1.912748399856E0);
#511=CARTESIAN_POINT('',(7.105E0,1.161309404785E0,-2.639767379872E0));
#512=LINE('',#511,#510);
#513=DIRECTION('',(-1.E0,0.E0,0.E0));
#514=VECTOR('',#513,1.9E-1);
#515=CARTESIAN_POINT('',(7.295E0,1.161309404785E0,-2.639767379872E0));
#516=LINE('',#515,#514);
#517=DIRECTION('',(0.E0,2.173399540922E-2,9.997637888239E-1));
#518=VECTOR('',#517,1.912748399856E0);
#519=CARTESIAN_POINT('',(7.295E0,1.161309404785E0,-2.639767379872E0));
#520=LINE('',#519,#518);
#521=DIRECTION('',(1.E0,0.E0,0.E0));
#522=VECTOR('',#521,1.9E-1);
#523=CARTESIAN_POINT('',(7.105E0,1.202881069727E0,-7.274707925646E-1));
#524=LINE('',#523,#522);
#525=DIRECTION('',(0.E0,2.173399540922E-2,9.997637888239E-1));
#526=VECTOR('',#525,1.912748399856E0);
#527=CARTESIAN_POINT('',(6.605E0,1.161309404785E0,-2.639767379872E0));
#528=LINE('',#527,#526);
#529=DIRECTION('',(-1.E0,0.E0,0.E0));
#530=VECTOR('',#529,1.9E-1);
#531=CARTESIAN_POINT('',(6.795E0,1.161309404785E0,-2.639767379872E0));
#532=LINE('',#531,#530);
#533=DIRECTION('',(0.E0,2.173399540922E-2,9.997637888239E-1));
#534=VECTOR('',#533,1.912748399856E0);
#535=CARTESIAN_POINT('',(6.795E0,1.161309404785E0,-2.639767379872E0));
#536=LINE('',#535,#534);
#537=DIRECTION('',(1.E0,0.E0,0.E0));
#538=VECTOR('',#537,1.9E-1);
#539=CARTESIAN_POINT('',(6.605E0,1.202881069727E0,-7.274707925646E-1));
#540=LINE('',#539,#538);
#541=DIRECTION('',(0.E0,2.173399540922E-2,9.997637888239E-1));
#542=VECTOR('',#541,1.912748399856E0);
#543=CARTESIAN_POINT('',(6.105E0,1.161309404785E0,-2.639767379872E0));
#544=LINE('',#543,#542);
#545=DIRECTION('',(-1.E0,0.E0,0.E0));
#546=VECTOR('',#545,1.9E-1);
#547=CARTESIAN_POINT('',(6.295E0,1.161309404785E0,-2.639767379872E0));
#548=LINE('',#547,#546);
#549=DIRECTION('',(0.E0,2.173399540922E-2,9.997637888239E-1));
#550=VECTOR('',#549,1.912748399856E0);
#551=CARTESIAN_POINT('',(6.295E0,1.161309404785E0,-2.639767379872E0));
#552=LINE('',#551,#550);
#553=DIRECTION('',(1.E0,0.E0,0.E0));
#554=VECTOR('',#553,1.9E-1);
#555=CARTESIAN_POINT('',(6.105E0,1.202881069727E0,-7.274707925646E-1));
#556=LINE('',#555,#554);
#557=DIRECTION('',(0.E0,2.173399540922E-2,9.997637888239E-1));
#558=VECTOR('',#557,1.912748399856E0);
#559=CARTESIAN_POINT('',(5.605E0,1.161309404785E0,-2.639767379872E0));
#560=LINE('',#559,#558);
#561=DIRECTION('',(-1.E0,0.E0,0.E0));
#562=VECTOR('',#561,1.9E-1);
#563=CARTESIAN_POINT('',(5.795E0,1.161309404785E0,-2.639767379872E0));
#564=LINE('',#563,#562);
#565=DIRECTION('',(0.E0,2.173399540922E-2,9.997637888239E-1));
#566=VECTOR('',#565,1.912748399856E0);
#567=CARTESIAN_POINT('',(5.795E0,1.161309404785E0,-2.639767379872E0));
#568=LINE('',#567,#566);
#569=DIRECTION('',(1.E0,0.E0,0.E0));
#570=VECTOR('',#569,1.9E-1);
#571=CARTESIAN_POINT('',(5.605E0,1.202881069727E0,-7.274707925646E-1));
#572=LINE('',#571,#570);
#573=DIRECTION('',(0.E0,2.173399540922E-2,9.997637888239E-1));
#574=VECTOR('',#573,1.912748399856E0);
#575=CARTESIAN_POINT('',(5.105E0,1.161309404785E0,-2.639767379872E0));
#576=LINE('',#575,#574);
#577=DIRECTION('',(-1.E0,0.E0,0.E0));
#578=VECTOR('',#577,1.9E-1);
#579=CARTESIAN_POINT('',(5.295E0,1.161309404785E0,-2.639767379872E0));
#580=LINE('',#579,#578);
#581=DIRECTION('',(0.E0,2.173399540922E-2,9.997637888239E-1));
#582=VECTOR('',#581,1.912748399856E0);
#583=CARTESIAN_POINT('',(5.295E0,1.161309404785E0,-2.639767379872E0));
#584=LINE('',#583,#582);
#585=DIRECTION('',(1.E0,0.E0,0.E0));
#586=VECTOR('',#585,1.9E-1);
#587=CARTESIAN_POINT('',(5.105E0,1.202881069727E0,-7.274707925646E-1));
#588=LINE('',#587,#586);
#589=DIRECTION('',(0.E0,2.173399540922E-2,9.997637888239E-1));
#590=VECTOR('',#589,1.912748399856E0);
#591=CARTESIAN_POINT('',(4.605E0,1.161309404785E0,-2.639767379872E0));
#592=LINE('',#591,#590);
#593=DIRECTION('',(-1.E0,0.E0,0.E0));
#594=VECTOR('',#593,1.9E-1);
#595=CARTESIAN_POINT('',(4.795E0,1.161309404785E0,-2.639767379872E0));
#596=LINE('',#595,#594);
#597=DIRECTION('',(0.E0,2.173399540922E-2,9.997637888239E-1));
#598=VECTOR('',#597,1.912748399856E0);
#599=CARTESIAN_POINT('',(4.795E0,1.161309404785E0,-2.639767379872E0));
#600=LINE('',#599,#598);
#601=DIRECTION('',(1.E0,0.E0,0.E0));
#602=VECTOR('',#601,1.9E-1);
#603=CARTESIAN_POINT('',(4.605E0,1.202881069727E0,-7.274707925646E-1));
#604=LINE('',#603,#602);
#605=DIRECTION('',(0.E0,2.173399540922E-2,9.997637888239E-1));
#606=VECTOR('',#605,1.912748399856E0);
#607=CARTESIAN_POINT('',(4.105E0,1.161309404785E0,-2.639767379872E0));
#608=LINE('',#607,#606);
#609=DIRECTION('',(-1.E0,0.E0,0.E0));
#610=VECTOR('',#609,1.9E-1);
#611=CARTESIAN_POINT('',(4.295E0,1.161309404785E0,-2.639767379872E0));
#612=LINE('',#611,#610);
#613=DIRECTION('',(0.E0,2.173399540922E-2,9.997637888239E-1));
#614=VECTOR('',#613,1.912748399856E0);
#615=CARTESIAN_POINT('',(4.295E0,1.161309404785E0,-2.639767379872E0));
#616=LINE('',#615,#614);
#617=DIRECTION('',(1.E0,0.E0,0.E0));
#618=VECTOR('',#617,1.9E-1);
#619=CARTESIAN_POINT('',(4.105E0,1.202881069727E0,-7.274707925646E-1));
#620=LINE('',#619,#618);
#621=DIRECTION('',(0.E0,2.173399540922E-2,9.997637888239E-1));
#622=VECTOR('',#621,1.912748399856E0);
#623=CARTESIAN_POINT('',(3.605E0,1.161309404785E0,-2.639767379872E0));
#624=LINE('',#623,#622);
#625=DIRECTION('',(-1.E0,0.E0,0.E0));
#626=VECTOR('',#625,1.9E-1);
#627=CARTESIAN_POINT('',(3.795E0,1.161309404785E0,-2.639767379872E0));
#628=LINE('',#627,#626);
#629=DIRECTION('',(0.E0,2.173399540922E-2,9.997637888239E-1));
#630=VECTOR('',#629,1.912748399856E0);
#631=CARTESIAN_POINT('',(3.795E0,1.161309404785E0,-2.639767379872E0));
#632=LINE('',#631,#630);
#633=DIRECTION('',(1.E0,0.E0,0.E0));
#634=VECTOR('',#633,1.9E-1);
#635=CARTESIAN_POINT('',(3.605E0,1.202881069727E0,-7.274707925646E-1));
#636=LINE('',#635,#634);
#637=DIRECTION('',(0.E0,2.173399540922E-2,9.997637888239E-1));
#638=VECTOR('',#637,1.912748399856E0);
#639=CARTESIAN_POINT('',(3.105E0,1.161309404785E0,-2.639767379872E0));
#640=LINE('',#639,#638);
#641=DIRECTION('',(-1.E0,0.E0,0.E0));
#642=VECTOR('',#641,1.9E-1);
#643=CARTESIAN_POINT('',(3.295E0,1.161309404785E0,-2.639767379872E0));
#644=LINE('',#643,#642);
#645=DIRECTION('',(0.E0,2.173399540922E-2,9.997637888239E-1));
#646=VECTOR('',#645,1.912748399856E0);
#647=CARTESIAN_POINT('',(3.295E0,1.161309404785E0,-2.639767379872E0));
#648=LINE('',#647,#646);
#649=DIRECTION('',(1.E0,0.E0,0.E0));
#650=VECTOR('',#649,1.9E-1);
#651=CARTESIAN_POINT('',(3.105E0,1.202881069727E0,-7.274707925646E-1));
#652=LINE('',#651,#650);
#653=DIRECTION('',(0.E0,2.173399540922E-2,9.997637888239E-1));
#654=VECTOR('',#653,1.912748399856E0);
#655=CARTESIAN_POINT('',(2.605E0,1.161309404785E0,-2.639767379872E0));
#656=LINE('',#655,#654);
#657=DIRECTION('',(-1.E0,0.E0,0.E0));
#658=VECTOR('',#657,1.9E-1);
#659=CARTESIAN_POINT('',(2.795E0,1.161309404785E0,-2.639767379872E0));
#660=LINE('',#659,#658);
#661=DIRECTION('',(0.E0,2.173399540922E-2,9.997637888239E-1));
#662=VECTOR('',#661,1.912748399856E0);
#663=CARTESIAN_POINT('',(2.795E0,1.161309404785E0,-2.639767379872E0));
#664=LINE('',#663,#662);
#665=DIRECTION('',(1.E0,0.E0,0.E0));
#666=VECTOR('',#665,1.9E-1);
#667=CARTESIAN_POINT('',(2.605E0,1.202881069727E0,-7.274707925646E-1));
#668=LINE('',#667,#666);
#669=DIRECTION('',(0.E0,2.173399540922E-2,9.997637888239E-1));
#670=VECTOR('',#669,1.912748399856E0);
#671=CARTESIAN_POINT('',(2.105E0,1.161309404785E0,-2.639767379872E0));
#672=LINE('',#671,#670);
#673=DIRECTION('',(-1.E0,0.E0,0.E0));
#674=VECTOR('',#673,1.9E-1);
#675=CARTESIAN_POINT('',(2.295E0,1.161309404785E0,-2.639767379872E0));
#676=LINE('',#675,#674);
#677=DIRECTION('',(0.E0,2.173399540922E-2,9.997637888239E-1));
#678=VECTOR('',#677,1.912748399856E0);
#679=CARTESIAN_POINT('',(2.295E0,1.161309404785E0,-2.639767379872E0));
#680=LINE('',#679,#678);
#681=DIRECTION('',(1.E0,0.E0,0.E0));
#682=VECTOR('',#681,1.9E-1);
#683=CARTESIAN_POINT('',(2.105E0,1.202881069727E0,-7.274707925646E-1));
#684=LINE('',#683,#682);
#685=DIRECTION('',(-1.E0,0.E0,0.E0));
#686=VECTOR('',#685,8.1E0);
#687=CARTESIAN_POINT('',(9.75E0,6.7E-1,-2.7E0));
#688=LINE('',#687,#686);
#689=DIRECTION('',(0.E0,1.E0,0.E0));
#690=VECTOR('',#689,4.9E-1);
#691=CARTESIAN_POINT('',(1.65E0,6.7E-1,-2.7E0));
#692=LINE('',#691,#690);
#693=DIRECTION('',(1.E0,0.E0,0.E0));
#694=VECTOR('',#693,8.1E0);
#695=CARTESIAN_POINT('',(1.65E0,1.16E0,-2.7E0));
#696=LINE('',#695,#694);
#697=DIRECTION('',(0.E0,-1.E0,-2.426691777742E-13));
#698=VECTOR('',#697,6.171739130433E-1);
#699=CARTESIAN_POINT('',(1.7E0,1.82E0,-7.3E-1));
#700=LINE('',#699,#698);
#701=DIRECTION('',(0.E0,2.173399540839E-2,9.997637888239E-1));
#702=VECTOR('',#701,3.300779681049E-1);
#703=CARTESIAN_POINT('',(1.7E0,1.202826086957E0,-7.300000000002E-1));
#704=LINE('',#703,#702);
#705=DIRECTION('',(-1.E0,0.E0,0.E0));
#706=VECTOR('',#705,5.556738248E-2);
#707=CARTESIAN_POINT('',(1.885567382480E0,1.82E0,-2.29E0));
#708=LINE('',#707,#706);
#709=DIRECTION('',(0.E0,0.E0,1.E0));
#710=VECTOR('',#709,1.9E0);
#711=CARTESIAN_POINT('',(1.885567382480E0,1.82E0,-4.19E0));
#712=LINE('',#711,#710);
#713=DIRECTION('',(1.E0,0.E0,0.E0));
#714=VECTOR('',#713,5.556738248E-2);
#715=CARTESIAN_POINT('',(1.83E0,1.82E0,-4.19E0));
#716=LINE('',#715,#714);
#717=DIRECTION('',(-1.E0,0.E0,1.598380884721E-14));
#718=VECTOR('',#717,5.556738248E-2);
#719=CARTESIAN_POINT('',(9.57E0,1.82E0,-4.19E0));
#720=LINE('',#719,#718);
#721=DIRECTION('',(0.E0,0.E0,1.E0));
#722=VECTOR('',#721,1.9E0);
#723=CARTESIAN_POINT('',(9.514432617520E0,1.82E0,-4.19E0));
#724=LINE('',#723,#722);
#725=DIRECTION('',(1.E0,0.E0,0.E0));
#726=VECTOR('',#725,5.556738248E-2);
#727=CARTESIAN_POINT('',(9.514432617520E0,1.82E0,-2.29E0));
#728=LINE('',#727,#726);
#729=DIRECTION('',(1.E0,1.371451971596E-14,0.E0));
#730=VECTOR('',#729,1.7E0);
#731=CARTESIAN_POINT('',(9.7E0,1.82E0,-7.3E-1));
#732=LINE('',#731,#730);
#733=DIRECTION('',(0.E0,-2.585450879264E-14,1.E0));
#734=VECTOR('',#733,7.3E-1);
#735=CARTESIAN_POINT('',(1.7E0,1.82E0,-7.3E-1));
#736=LINE('',#735,#734);
#737=DIRECTION('',(1.E0,-1.371451971596E-14,0.E0));
#738=VECTOR('',#737,1.7E0);
#739=CARTESIAN_POINT('',(0.E0,1.82E0,-7.3E-1));
#740=LINE('',#739,#738);
#741=DIRECTION('',(-1.E0,-1.324704680740E-13,0.E0));
#742=VECTOR('',#741,1.074432617520E0);
#743=CARTESIAN_POINT('',(1.83E0,1.67E0,-2.29E0));
#744=LINE('',#743,#742);
#745=DIRECTION('',(0.E0,0.E0,-1.E0));
#746=VECTOR('',#745,1.3E0);
#747=CARTESIAN_POINT('',(1.83E0,1.67E0,-2.29E0));
#748=LINE('',#747,#746);
#749=DIRECTION('',(0.E0,-1.E0,0.E0));
#750=VECTOR('',#749,1.5E-1);
#751=CARTESIAN_POINT('',(1.83E0,1.82E0,-2.29E0));
#752=LINE('',#751,#750);
#753=DIRECTION('',(0.E0,-1.415534356397E-13,1.E0));
#754=VECTOR('',#753,2.4E-1);
#755=CARTESIAN_POINT('',(1.83E0,1.82E0,-2.29E0));
#756=LINE('',#755,#754);
#757=DIRECTION('',(0.E0,1.E0,0.E0));
#758=VECTOR('',#757,8.E-2);
#759=CARTESIAN_POINT('',(1.83E0,1.59E0,-3.59E0));
#760=LINE('',#759,#758);
#761=DIRECTION('',(0.E0,1.E0,0.E0));
#762=VECTOR('',#761,2.3E-1);
#763=CARTESIAN_POINT('',(1.83E0,1.59E0,-4.19E0));
#764=LINE('',#763,#762);
#765=DIRECTION('',(0.E0,1.E0,0.E0));
#766=VECTOR('',#765,2.3E-1);
#767=CARTESIAN_POINT('',(1.83E0,1.59E0,-4.2E0));
#768=LINE('',#767,#766);
#769=DIRECTION('',(4.440892098501E-14,1.687538997430E-12,1.E0));
#770=VECTOR('',#769,9.999999999999E-3);
#771=CARTESIAN_POINT('',(1.83E0,1.82E0,-4.2E0));
#772=LINE('',#771,#770);
#773=DIRECTION('',(-1.739543771142E-2,0.E0,-9.998486879257E-1));
#774=VECTOR('',#773,3.200484271911E-1);
#775=CARTESIAN_POINT('',(-6.444326175203E-1,1.67E0,-3.18E0));
#776=LINE('',#775,#774);
#777=DIRECTION('',(1.E0,0.E0,0.E0));
#778=VECTOR('',#777,1.444326175203E-1);
#779=CARTESIAN_POINT('',(1.685567382480E0,1.67E0,-3.59E0));
#780=LINE('',#779,#778);
#781=DIRECTION('',(-1.E0,0.E0,0.E0));
#782=VECTOR('',#781,1.444326175200E-1);
#783=CARTESIAN_POINT('',(1.83E0,1.59E0,-3.59E0));
#784=LINE('',#783,#782);
#785=DIRECTION('',(0.E0,-3.921826788286E-14,-1.E0));
#786=VECTOR('',#785,1.54E0);
#787=CARTESIAN_POINT('',(1.83E0,1.59E0,-2.05E0));
#788=LINE('',#787,#786);
#789=DIRECTION('',(1.E0,1.650167555727E-14,0.E0));
#790=VECTOR('',#789,1.83E0);
#791=CARTESIAN_POINT('',(0.E0,1.59E0,-2.05E0));
#792=LINE('',#791,#790);
#793=DIRECTION('',(0.E0,1.404561221851E-14,1.E0));
#794=VECTOR('',#793,2.15E0);
#795=CARTESIAN_POINT('',(0.E0,1.59E0,-4.2E0));
#796=LINE('',#795,#794);
#797=DIRECTION('',(-1.E0,-1.650167555727E-14,0.E0));
#798=VECTOR('',#797,1.83E0);
#799=CARTESIAN_POINT('',(1.83E0,1.59E0,-4.2E0));
#800=LINE('',#799,#798);
#801=DIRECTION('',(0.E0,3.019806626981E-12,-1.E0));
#802=VECTOR('',#801,9.999999999999E-3);
#803=CARTESIAN_POINT('',(1.83E0,1.59E0,-4.19E0));
#804=LINE('',#803,#802);
#805=DIRECTION('',(-1.E0,0.E0,0.E0));
#806=VECTOR('',#805,1.444326175200E-1);
#807=CARTESIAN_POINT('',(1.83E0,1.59E0,-4.19E0));
#808=LINE('',#807,#806);
#809=DIRECTION('',(0.E0,0.E0,1.E0));
#810=VECTOR('',#809,6.E-1);
#811=CARTESIAN_POINT('',(1.685567382480E0,1.59E0,-4.19E0));
#812=LINE('',#811,#810);
#813=DIRECTION('',(-1.E0,0.E0,0.E0));
#814=VECTOR('',#813,1.83E0);
#815=CARTESIAN_POINT('',(1.83E0,1.82E0,-2.05E0));
#816=LINE('',#815,#814);
#817=DIRECTION('',(0.E0,-1.E0,0.E0));
#818=VECTOR('',#817,2.3E-1);
#819=CARTESIAN_POINT('',(0.E0,1.82E0,-2.05E0));
#820=LINE('',#819,#818);
#821=DIRECTION('',(0.E0,1.E0,0.E0));
#822=VECTOR('',#821,2.299999999999E-1);
#823=CARTESIAN_POINT('',(1.83E0,1.59E0,-2.05E0));
#824=LINE('',#823,#822);
#825=DIRECTION('',(0.E0,-1.278438634417E-14,-1.E0));
#826=VECTOR('',#825,1.32E0);
#827=CARTESIAN_POINT('',(0.E0,1.82E0,-7.3E-1));
#828=LINE('',#827,#826);
#829=DIRECTION('',(0.E0,1.E0,0.E0));
#830=VECTOR('',#829,1.82E0);
#831=CARTESIAN_POINT('',(0.E0,0.E0,-7.3E-1));
#832=LINE('',#831,#830);
#833=DIRECTION('',(0.E0,0.E0,1.E0));
#834=VECTOR('',#833,1.32E0);
#835=CARTESIAN_POINT('',(0.E0,0.E0,-2.05E0));
#836=LINE('',#835,#834);
#837=DIRECTION('',(0.E0,1.E0,0.E0));
#838=VECTOR('',#837,1.3E-1);
#839=CARTESIAN_POINT('',(0.E0,0.E0,-2.05E0));
#840=LINE('',#839,#838);
#841=DIRECTION('',(-1.E0,0.E0,0.E0));
#842=VECTOR('',#841,1.83E0);
#843=CARTESIAN_POINT('',(1.83E0,0.E0,-2.05E0));
#844=LINE('',#843,#842);
#845=DIRECTION('',(-1.E0,0.E0,0.E0));
#846=VECTOR('',#845,8.944326175202E-1);
#847=CARTESIAN_POINT('',(1.83E0,1.3E-1,-2.29E0));
#848=LINE('',#847,#846);
#849=DIRECTION('',(0.E0,0.E0,1.E0));
#850=VECTOR('',#849,1.9E0);
#851=CARTESIAN_POINT('',(9.355673824798E-1,1.3E-1,-4.19E0));
#852=LINE('',#851,#850);
#853=DIRECTION('',(-1.E0,0.E0,0.E0));
#854=VECTOR('',#853,8.944326175202E-1);
#855=CARTESIAN_POINT('',(1.83E0,1.3E-1,-4.19E0));
#856=LINE('',#855,#854);
#857=DIRECTION('',(0.E0,0.E0,-1.E0));
#858=VECTOR('',#857,2.15E0);
#859=CARTESIAN_POINT('',(0.E0,1.3E-1,-2.05E0));
#860=LINE('',#859,#858);
#861=DIRECTION('',(-1.E0,0.E0,0.E0));
#862=VECTOR('',#861,1.83E0);
#863=CARTESIAN_POINT('',(1.83E0,1.3E-1,-2.05E0));
#864=LINE('',#863,#862);
#865=DIRECTION('',(0.E0,-1.E0,0.E0));
#866=VECTOR('',#865,8.E-2);
#867=CARTESIAN_POINT('',(1.83E0,1.3E-1,-2.29E0));
#868=LINE('',#867,#866);
#869=DIRECTION('',(0.E0,0.E0,-1.E0));
#870=VECTOR('',#869,2.4E-1);
#871=CARTESIAN_POINT('',(1.83E0,1.3E-1,-2.05E0));
#872=LINE('',#871,#870);
#873=DIRECTION('',(0.E0,1.E0,0.E0));
#874=VECTOR('',#873,1.3E-1);
#875=CARTESIAN_POINT('',(1.83E0,0.E0,-2.05E0));
#876=LINE('',#875,#874);
#877=DIRECTION('',(0.E0,0.E0,1.E0));
#878=VECTOR('',#877,2.15E0);
#879=CARTESIAN_POINT('',(1.83E0,0.E0,-4.2E0));
#880=LINE('',#879,#878);
#881=DIRECTION('',(0.E0,-1.E0,0.E0));
#882=VECTOR('',#881,1.3E-1);
#883=CARTESIAN_POINT('',(1.83E0,1.3E-1,-4.2E0));
#884=LINE('',#883,#882);
#885=DIRECTION('',(4.440892098501E-14,0.E0,-1.E0));
#886=VECTOR('',#885,9.999999999999E-3);
#887=CARTESIAN_POINT('',(1.83E0,1.3E-1,-4.19E0));
#888=LINE('',#887,#886);
#889=DIRECTION('',(0.E0,-1.E0,0.E0));
#890=VECTOR('',#889,8.E-2);
#891=CARTESIAN_POINT('',(1.83E0,1.3E-1,-4.19E0));
#892=LINE('',#891,#890);
#893=DIRECTION('',(0.E0,0.E0,1.E0));
#894=VECTOR('',#893,1.9E0);
#895=CARTESIAN_POINT('',(1.83E0,5.E-2,-4.19E0));
#896=LINE('',#895,#894);
#897=DIRECTION('',(0.E0,-1.E0,0.E0));
#898=VECTOR('',#897,1.37E0);
#899=CARTESIAN_POINT('',(2.105E0,1.62E0,-4.2E0));
#900=LINE('',#899,#898);
#901=DIRECTION('',(1.E0,6.368071688416E-14,0.E0));
#902=VECTOR('',#901,2.65E-1);
#903=CARTESIAN_POINT('',(1.83E0,1.82E0,-4.2E0));
#904=LINE('',#903,#902);
#905=DIRECTION('',(0.E0,1.E0,0.E0));
#906=VECTOR('',#905,1.46E0);
#907=CARTESIAN_POINT('',(0.E0,1.3E-1,-4.2E0));
#908=LINE('',#907,#906);
#909=DIRECTION('',(-1.E0,0.E0,0.E0));
#910=VECTOR('',#909,1.83E0);
#911=CARTESIAN_POINT('',(1.83E0,1.3E-1,-4.2E0));
#912=LINE('',#911,#910);
#913=DIRECTION('',(-1.E0,0.E0,0.E0));
#914=VECTOR('',#913,7.74E0);
#915=CARTESIAN_POINT('',(9.57E0,0.E0,-4.2E0));
#916=LINE('',#915,#914);
#917=DIRECTION('',(-1.E0,0.E0,0.E0));
#918=VECTOR('',#917,1.83E0);
#919=CARTESIAN_POINT('',(1.14E1,1.3E-1,-4.2E0));
#920=LINE('',#919,#918);
#921=DIRECTION('',(1.E0,-6.368071688416E-14,0.E0));
#922=VECTOR('',#921,2.65E-1);
#923=CARTESIAN_POINT('',(9.305E0,1.82E0,-4.2E0));
#924=LINE('',#923,#922);
#925=DIRECTION('',(0.E0,-1.E0,0.E0));
#926=VECTOR('',#925,1.37E0);
#927=CARTESIAN_POINT('',(9.295E0,1.62E0,-4.2E0));
#928=LINE('',#927,#926);
#929=DIRECTION('',(-1.E0,0.E0,0.E0));
#930=VECTOR('',#929,1.9E-1);
#931=CARTESIAN_POINT('',(9.295E0,2.5E-1,-4.2E0));
#932=LINE('',#931,#930);
#933=DIRECTION('',(0.E0,-1.E0,0.E0));
#934=VECTOR('',#933,1.37E0);
#935=CARTESIAN_POINT('',(9.105E0,1.62E0,-4.2E0));
#936=LINE('',#935,#934);
#937=DIRECTION('',(1.E0,0.E0,0.E0));
#938=VECTOR('',#937,2.9E-1);
#939=CARTESIAN_POINT('',(8.805E0,1.82E0,-4.2E0));
#940=LINE('',#939,#938);
#941=DIRECTION('',(0.E0,-1.E0,0.E0));
#942=VECTOR('',#941,1.37E0);
#943=CARTESIAN_POINT('',(8.795E0,1.62E0,-4.2E0));
#944=LINE('',#943,#942);
#945=DIRECTION('',(-1.E0,0.E0,0.E0));
#946=VECTOR('',#945,1.9E-1);
#947=CARTESIAN_POINT('',(8.795E0,2.5E-1,-4.2E0));
#948=LINE('',#947,#946);
#949=DIRECTION('',(0.E0,-1.E0,0.E0));
#950=VECTOR('',#949,1.37E0);
#951=CARTESIAN_POINT('',(8.605E0,1.62E0,-4.2E0));
#952=LINE('',#951,#950);
#953=DIRECTION('',(1.E0,0.E0,0.E0));
#954=VECTOR('',#953,2.9E-1);
#955=CARTESIAN_POINT('',(8.305E0,1.82E0,-4.2E0));
#956=LINE('',#955,#954);
#957=DIRECTION('',(0.E0,-1.E0,0.E0));
#958=VECTOR('',#957,1.37E0);
#959=CARTESIAN_POINT('',(8.295E0,1.62E0,-4.2E0));
#960=LINE('',#959,#958);
#961=DIRECTION('',(-1.E0,0.E0,0.E0));
#962=VECTOR('',#961,1.9E-1);
#963=CARTESIAN_POINT('',(8.295E0,2.5E-1,-4.2E0));
#964=LINE('',#963,#962);
#965=DIRECTION('',(0.E0,-1.E0,0.E0));
#966=VECTOR('',#965,1.37E0);
#967=CARTESIAN_POINT('',(8.105E0,1.62E0,-4.2E0));
#968=LINE('',#967,#966);
#969=DIRECTION('',(1.E0,0.E0,0.E0));
#970=VECTOR('',#969,2.9E-1);
#971=CARTESIAN_POINT('',(7.805E0,1.82E0,-4.2E0));
#972=LINE('',#971,#970);
#973=DIRECTION('',(0.E0,-1.E0,0.E0));
#974=VECTOR('',#973,1.37E0);
#975=CARTESIAN_POINT('',(7.795E0,1.62E0,-4.2E0));
#976=LINE('',#975,#974);
#977=DIRECTION('',(-1.E0,0.E0,0.E0));
#978=VECTOR('',#977,1.9E-1);
#979=CARTESIAN_POINT('',(7.795E0,2.5E-1,-4.2E0));
#980=LINE('',#979,#978);
#981=DIRECTION('',(0.E0,-1.E0,0.E0));
#982=VECTOR('',#981,1.37E0);
#983=CARTESIAN_POINT('',(7.605E0,1.62E0,-4.2E0));
#984=LINE('',#983,#982);
#985=DIRECTION('',(1.E0,0.E0,0.E0));
#986=VECTOR('',#985,2.9E-1);
#987=CARTESIAN_POINT('',(7.305E0,1.82E0,-4.2E0));
#988=LINE('',#987,#986);
#989=DIRECTION('',(0.E0,-1.E0,0.E0));
#990=VECTOR('',#989,1.37E0);
#991=CARTESIAN_POINT('',(7.295E0,1.62E0,-4.2E0));
#992=LINE('',#991,#990);
#993=DIRECTION('',(-1.E0,0.E0,0.E0));
#994=VECTOR('',#993,1.9E-1);
#995=CARTESIAN_POINT('',(7.295E0,2.5E-1,-4.2E0));
#996=LINE('',#995,#994);
#997=DIRECTION('',(0.E0,-1.E0,0.E0));
#998=VECTOR('',#997,1.37E0);
#999=CARTESIAN_POINT('',(7.105E0,1.62E0,-4.2E0));
#1000=LINE('',#999,#998);
#1001=DIRECTION('',(1.E0,0.E0,0.E0));
#1002=VECTOR('',#1001,2.9E-1);
#1003=CARTESIAN_POINT('',(6.805E0,1.82E0,-4.2E0));
#1004=LINE('',#1003,#1002);
#1005=DIRECTION('',(0.E0,-1.E0,0.E0));
#1006=VECTOR('',#1005,1.37E0);
#1007=CARTESIAN_POINT('',(6.795E0,1.62E0,-4.2E0));
#1008=LINE('',#1007,#1006);
#1009=DIRECTION('',(-1.E0,0.E0,0.E0));
#1010=VECTOR('',#1009,1.9E-1);
#1011=CARTESIAN_POINT('',(6.795E0,2.5E-1,-4.2E0));
#1012=LINE('',#1011,#1010);
#1013=DIRECTION('',(0.E0,-1.E0,0.E0));
#1014=VECTOR('',#1013,1.37E0);
#1015=CARTESIAN_POINT('',(6.605E0,1.62E0,-4.2E0));
#1016=LINE('',#1015,#1014);
#1017=DIRECTION('',(1.E0,0.E0,0.E0));
#1018=VECTOR('',#1017,2.9E-1);
#1019=CARTESIAN_POINT('',(6.305E0,1.82E0,-4.2E0));
#1020=LINE('',#1019,#1018);
#1021=DIRECTION('',(0.E0,-1.E0,0.E0));
#1022=VECTOR('',#1021,1.37E0);
#1023=CARTESIAN_POINT('',(6.295E0,1.62E0,-4.2E0));
#1024=LINE('',#1023,#1022);
#1025=DIRECTION('',(-1.E0,0.E0,0.E0));
#1026=VECTOR('',#1025,1.9E-1);
#1027=CARTESIAN_POINT('',(6.295E0,2.5E-1,-4.2E0));
#1028=LINE('',#1027,#1026);
#1029=DIRECTION('',(0.E0,-1.E0,0.E0));
#1030=VECTOR('',#1029,1.37E0);
#1031=CARTESIAN_POINT('',(6.105E0,1.62E0,-4.2E0));
#1032=LINE('',#1031,#1030);
#1033=DIRECTION('',(1.E0,0.E0,0.E0));
#1034=VECTOR('',#1033,2.9E-1);
#1035=CARTESIAN_POINT('',(5.805E0,1.82E0,-4.2E0));
#1036=LINE('',#1035,#1034);
#1037=DIRECTION('',(0.E0,-1.E0,0.E0));
#1038=VECTOR('',#1037,1.37E0);
#1039=CARTESIAN_POINT('',(5.795E0,1.62E0,-4.2E0));
#1040=LINE('',#1039,#1038);
#1041=DIRECTION('',(-1.E0,0.E0,0.E0));
#1042=VECTOR('',#1041,1.9E-1);
#1043=CARTESIAN_POINT('',(5.795E0,2.5E-1,-4.2E0));
#1044=LINE('',#1043,#1042);
#1045=DIRECTION('',(0.E0,-1.E0,0.E0));
#1046=VECTOR('',#1045,1.37E0);
#1047=CARTESIAN_POINT('',(5.605E0,1.62E0,-4.2E0));
#1048=LINE('',#1047,#1046);
#1049=DIRECTION('',(1.E0,0.E0,0.E0));
#1050=VECTOR('',#1049,2.9E-1);
#1051=CARTESIAN_POINT('',(5.305E0,1.82E0,-4.2E0));
#1052=LINE('',#1051,#1050);
#1053=DIRECTION('',(0.E0,-1.E0,0.E0));
#1054=VECTOR('',#1053,1.37E0);
#1055=CARTESIAN_POINT('',(5.295E0,1.62E0,-4.2E0));
#1056=LINE('',#1055,#1054);
#1057=DIRECTION('',(-1.E0,0.E0,0.E0));
#1058=VECTOR('',#1057,1.9E-1);
#1059=CARTESIAN_POINT('',(5.295E0,2.5E-1,-4.2E0));
#1060=LINE('',#1059,#1058);
#1061=DIRECTION('',(0.E0,-1.E0,0.E0));
#1062=VECTOR('',#1061,1.37E0);
#1063=CARTESIAN_POINT('',(5.105E0,1.62E0,-4.2E0));
#1064=LINE('',#1063,#1062);
#1065=DIRECTION('',(1.E0,0.E0,0.E0));
#1066=VECTOR('',#1065,2.9E-1);
#1067=CARTESIAN_POINT('',(4.805E0,1.82E0,-4.2E0));
#1068=LINE('',#1067,#1066);
#1069=DIRECTION('',(0.E0,-1.E0,0.E0));
#1070=VECTOR('',#1069,1.37E0);
#1071=CARTESIAN_POINT('',(4.795E0,1.62E0,-4.2E0));
#1072=LINE('',#1071,#1070);
#1073=DIRECTION('',(-1.E0,0.E0,0.E0));
#1074=VECTOR('',#1073,1.9E-1);
#1075=CARTESIAN_POINT('',(4.795E0,2.5E-1,-4.2E0));
#1076=LINE('',#1075,#1074);
#1077=DIRECTION('',(0.E0,-1.E0,0.E0));
#1078=VECTOR('',#1077,1.37E0);
#1079=CARTESIAN_POINT('',(4.605E0,1.62E0,-4.2E0));
#1080=LINE('',#1079,#1078);
#1081=DIRECTION('',(1.E0,0.E0,0.E0));
#1082=VECTOR('',#1081,2.9E-1);
#1083=CARTESIAN_POINT('',(4.305E0,1.82E0,-4.2E0));
#1084=LINE('',#1083,#1082);
#1085=DIRECTION('',(0.E0,-1.E0,0.E0));
#1086=VECTOR('',#1085,1.37E0);
#1087=CARTESIAN_POINT('',(4.295E0,1.62E0,-4.2E0));
#1088=LINE('',#1087,#1086);
#1089=DIRECTION('',(-1.E0,0.E0,0.E0));
#1090=VECTOR('',#1089,1.9E-1);
#1091=CARTESIAN_POINT('',(4.295E0,2.5E-1,-4.2E0));
#1092=LINE('',#1091,#1090);
#1093=DIRECTION('',(0.E0,-1.E0,0.E0));
#1094=VECTOR('',#1093,1.37E0);
#1095=CARTESIAN_POINT('',(4.105E0,1.62E0,-4.2E0));
#1096=LINE('',#1095,#1094);
#1097=DIRECTION('',(1.E0,0.E0,0.E0));
#1098=VECTOR('',#1097,2.9E-1);
#1099=CARTESIAN_POINT('',(3.805E0,1.82E0,-4.2E0));
#1100=LINE('',#1099,#1098);
#1101=DIRECTION('',(0.E0,-1.E0,0.E0));
#1102=VECTOR('',#1101,1.37E0);
#1103=CARTESIAN_POINT('',(3.795E0,1.62E0,-4.2E0));
#1104=LINE('',#1103,#1102);
#1105=DIRECTION('',(-1.E0,0.E0,0.E0));
#1106=VECTOR('',#1105,1.9E-1);
#1107=CARTESIAN_POINT('',(3.795E0,2.5E-1,-4.2E0));
#1108=LINE('',#1107,#1106);
#1109=DIRECTION('',(0.E0,-1.E0,0.E0));
#1110=VECTOR('',#1109,1.37E0);
#1111=CARTESIAN_POINT('',(3.605E0,1.62E0,-4.2E0));
#1112=LINE('',#1111,#1110);
#1113=DIRECTION('',(1.E0,0.E0,0.E0));
#1114=VECTOR('',#1113,2.9E-1);
#1115=CARTESIAN_POINT('',(3.305E0,1.82E0,-4.2E0));
#1116=LINE('',#1115,#1114);
#1117=DIRECTION('',(0.E0,-1.E0,0.E0));
#1118=VECTOR('',#1117,1.37E0);
#1119=CARTESIAN_POINT('',(3.295E0,1.62E0,-4.2E0));
#1120=LINE('',#1119,#1118);
#1121=DIRECTION('',(-1.E0,0.E0,0.E0));
#1122=VECTOR('',#1121,1.9E-1);
#1123=CARTESIAN_POINT('',(3.295E0,2.5E-1,-4.2E0));
#1124=LINE('',#1123,#1122);
#1125=DIRECTION('',(0.E0,-1.E0,0.E0));
#1126=VECTOR('',#1125,1.37E0);
#1127=CARTESIAN_POINT('',(3.105E0,1.62E0,-4.2E0));
#1128=LINE('',#1127,#1126);
#1129=DIRECTION('',(1.E0,0.E0,0.E0));
#1130=VECTOR('',#1129,2.9E-1);
#1131=CARTESIAN_POINT('',(2.805E0,1.82E0,-4.2E0));
#1132=LINE('',#1131,#1130);
#1133=DIRECTION('',(0.E0,-1.E0,0.E0));
#1134=VECTOR('',#1133,1.37E0);
#1135=CARTESIAN_POINT('',(2.795E0,1.62E0,-4.2E0));
#1136=LINE('',#1135,#1134);
#1137=DIRECTION('',(-1.E0,0.E0,0.E0));
#1138=VECTOR('',#1137,1.9E-1);
#1139=CARTESIAN_POINT('',(2.795E0,2.5E-1,-4.2E0));
#1140=LINE('',#1139,#1138);
#1141=DIRECTION('',(0.E0,-1.E0,0.E0));
#1142=VECTOR('',#1141,1.37E0);
#1143=CARTESIAN_POINT('',(2.605E0,1.62E0,-4.2E0));
#1144=LINE('',#1143,#1142);
#1145=DIRECTION('',(1.E0,0.E0,0.E0));
#1146=VECTOR('',#1145,2.9E-1);
#1147=CARTESIAN_POINT('',(2.305E0,1.82E0,-4.2E0));
#1148=LINE('',#1147,#1146);
#1149=DIRECTION('',(0.E0,-1.E0,0.E0));
#1150=VECTOR('',#1149,1.37E0);
#1151=CARTESIAN_POINT('',(2.295E0,1.62E0,-4.2E0));
#1152=LINE('',#1151,#1150);
#1153=DIRECTION('',(-1.E0,0.E0,0.E0));
#1154=VECTOR('',#1153,1.9E-1);
#1155=CARTESIAN_POINT('',(2.295E0,2.5E-1,-4.2E0));
#1156=LINE('',#1155,#1154);
#1157=CARTESIAN_POINT('',(2.105E0,1.349243459677E0,-9.893449050845E-1));
#1158=DIRECTION('',(1.E0,0.E0,0.E0));
#1159=DIRECTION('',(0.E0,-4.878746331671E-1,8.729137083996E-1));
#1160=AXIS2_PLACEMENT_3D('',#1157,#1158,#1159);
#1162=DIRECTION('',(0.E0,-4.226182617383E-1,-9.063077870378E-1));
#1163=VECTOR('',#1162,2.214638864091E-2);
#1164=CARTESIAN_POINT('',(2.105E0,1.077351123566E0,-8.625594265622E-1));
#1165=LINE('',#1164,#1163);
#1166=DIRECTION('',(1.370417698451E-13,5.303311836799E-2,-9.985927540074E-1));
#1167=VECTOR('',#1166,1.759612716774E0);
#1168=CARTESIAN_POINT('',(2.105E0,1.067991655295E0,-8.826308710422E-1));
#1169=LINE('',#1168,#1167);
#1170=DIRECTION('',(-4.896820439515E-13,9.138115486203E-1,-4.061384660534E-1));
#1171=VECTOR('',#1170,4.924428900898E-1);
#1172=CARTESIAN_POINT('',(2.105E0,2.5E-1,-4.2E0));
#1173=LINE('',#1172,#1171);
#1174=CARTESIAN_POINT('',(2.105E0,1.548899653687E0,-4.5E0));
#1175=DIRECTION('',(-1.E0,0.E0,0.E0));
#1176=DIRECTION('',(0.E0,0.E0,1.E0));
#1177=AXIS2_PLACEMENT_3D('',#1174,#1175,#1176);
#1179=DIRECTION('',(0.E0,5.233595624304E-2,-9.986295347546E-1));
#1180=VECTOR('',#1179,4.057897163273E-1);
#1181=CARTESIAN_POINT('',(2.105E0,1.648762607162E0,-4.494766404376E0));
#1182=LINE('',#1181,#1180);
#1183=DIRECTION('',(0.E0,-5.233595624329E-2,9.986295347546E-1));
#1184=VECTOR('',#1183,7.162151435867E-1);
#1185=CARTESIAN_POINT('',(2.105E0,1.87E0,-4.9E0));
#1186=LINE('',#1185,#1184);
#1187=CARTESIAN_POINT('',(2.105E0,1.732653242109E0,-4.19E0));
#1188=DIRECTION('',(1.E0,0.E0,0.E0));
#1189=DIRECTION('',(0.E0,9.986295347546E-1,5.233595624288E-2));
#1190=AXIS2_PLACEMENT_3D('',#1187,#1188,#1189);
#1192=DIRECTION('',(-1.E0,0.E0,0.E0));
#1193=VECTOR('',#1192,1.900000000005E-1);
#1194=CARTESIAN_POINT('',(2.295E0,1.077351123566E0,-8.625594265622E-1));
#1195=LINE('',#1194,#1193);
#1196=DIRECTION('',(-1.433512435949E-13,5.303311836799E-2,-9.985927540074E-1));
#1197=VECTOR('',#1196,1.759612716774E0);
#1198=CARTESIAN_POINT('',(2.295E0,1.067991655295E0,-8.826308710422E-1));
#1199=LINE('',#1198,#1197);
#1200=DIRECTION('',(3.809964289873E-13,-4.226182617383E-1,-9.063077870378E-1));
#1201=VECTOR('',#1200,2.214638864091E-2);
#1202=CARTESIAN_POINT('',(2.295E0,1.077351123566E0,-8.625594265622E-1));
#1203=LINE('',#1202,#1201);
#1204=CARTESIAN_POINT('',(2.295E0,1.349243459677E0,-9.893449050845E-1));
#1205=DIRECTION('',(1.E0,0.E0,0.E0));
#1206=DIRECTION('',(0.E0,-4.878746331671E-1,8.729137083996E-1));
#1207=AXIS2_PLACEMENT_3D('',#1204,#1205,#1206);
#1209=CARTESIAN_POINT('',(2.295E0,1.732653242109E0,-4.19E0));
#1210=DIRECTION('',(1.E0,0.E0,0.E0));
#1211=DIRECTION('',(0.E0,9.986295347546E-1,5.233595624288E-2));
#1212=AXIS2_PLACEMENT_3D('',#1209,#1210,#1211);
#1214=DIRECTION('',(0.E0,-5.233595624329E-2,9.986295347546E-1));
#1215=VECTOR('',#1214,7.162151435867E-1);
#1216=CARTESIAN_POINT('',(2.295E0,1.87E0,-4.9E0));
#1217=LINE('',#1216,#1215);
#1218=DIRECTION('',(2.079326963610E-14,5.233595624304E-2,-9.986295347546E-1));
#1219=VECTOR('',#1218,4.057897163273E-1);
#1220=CARTESIAN_POINT('',(2.295E0,1.648762607162E0,-4.494766404376E0));
#1221=LINE('',#1220,#1219);
#1222=CARTESIAN_POINT('',(2.295E0,1.548899653687E0,-4.5E0));
#1223=DIRECTION('',(-1.E0,0.E0,0.E0));
#1224=DIRECTION('',(0.E0,0.E0,1.E0));
#1225=AXIS2_PLACEMENT_3D('',#1222,#1223,#1224);
#1227=DIRECTION('',(5.122272577615E-13,9.138115486203E-1,-4.061384660534E-1));
#1228=VECTOR('',#1227,4.924428900898E-1);
#1229=CARTESIAN_POINT('',(2.295E0,2.5E-1,-4.2E0));
#1230=LINE('',#1229,#1228);
#1231=DIRECTION('',(-1.E0,0.E0,0.E0));
#1232=VECTOR('',#1231,1.900000000005E-1);
#1233=CARTESIAN_POINT('',(2.295E0,1.067991655295E0,-8.826308710422E-1));
#1234=LINE('',#1233,#1232);
#1235=DIRECTION('',(0.E0,0.E0,1.E0));
#1236=VECTOR('',#1235,1.1E-1);
#1237=CARTESIAN_POINT('',(2.105E0,1.62E0,-4.2E0));
#1238=LINE('',#1237,#1236);
#1239=DIRECTION('',(1.E0,0.E0,0.E0));
#1240=VECTOR('',#1239,1.9E-1);
#1241=CARTESIAN_POINT('',(2.105E0,1.62E0,-4.09E0));
#1242=LINE('',#1241,#1240);
#1243=DIRECTION('',(0.E0,0.E0,1.E0));
#1244=VECTOR('',#1243,1.1E-1);
#1245=CARTESIAN_POINT('',(2.295E0,1.62E0,-4.2E0));
#1246=LINE('',#1245,#1244);
#1247=DIRECTION('',(-1.E0,6.661338147751E-14,-1.953992523340E-12));
#1248=VECTOR('',#1247,1.E-2);
#1249=CARTESIAN_POINT('',(2.305E0,1.62E0,-4.2E0));
#1250=LINE('',#1249,#1248);
#1251=DIRECTION('',(-1.E0,-6.661338147751E-14,1.953992523340E-12));
#1252=VECTOR('',#1251,1.E-2);
#1253=CARTESIAN_POINT('',(2.105E0,1.62E0,-4.2E0));
#1254=LINE('',#1253,#1252);
#1255=DIRECTION('',(2.120844375413E-12,-1.E0,0.E0));
#1256=VECTOR('',#1255,1.126532421092E-1);
#1257=CARTESIAN_POINT('',(2.105E0,1.732653242109E0,-4.09E0));
#1258=LINE('',#1257,#1256);
#1259=DIRECTION('',(2.191801993921E-12,1.E0,0.E0));
#1260=VECTOR('',#1259,1.126532421092E-1);
#1261=CARTESIAN_POINT('',(2.295E0,1.62E0,-4.09E0));
#1262=LINE('',#1261,#1260);
#1263=DIRECTION('',(1.E0,0.E0,0.E0));
#1264=VECTOR('',#1263,1.900000000005E-1);
#1265=CARTESIAN_POINT('',(2.105E0,1.832516195584E0,-4.184766404376E0));
#1266=LINE('',#1265,#1264);
#1267=DIRECTION('',(-1.E0,0.E0,0.E0));
#1268=VECTOR('',#1267,1.900000000005E-1);
#1269=CARTESIAN_POINT('',(2.295E0,1.732653242109E0,-4.09E0));
#1270=LINE('',#1269,#1268);
#1271=DIRECTION('',(-1.E0,0.E0,0.E0));
#1272=VECTOR('',#1271,1.900000000005E-1);
#1273=CARTESIAN_POINT('',(2.295E0,1.87E0,-4.9E0));
#1274=LINE('',#1273,#1272);
#1275=DIRECTION('',(0.E0,1.E0,8.437694987149E-14));
#1276=VECTOR('',#1275,2.000000000001E-1);
#1277=CARTESIAN_POINT('',(2.105E0,1.67E0,-4.9E0));
#1278=LINE('',#1277,#1276);
#1279=DIRECTION('',(-1.E0,0.E0,0.E0));
#1280=VECTOR('',#1279,1.900000000005E-1);
#1281=CARTESIAN_POINT('',(2.295E0,1.67E0,-4.9E0));
#1282=LINE('',#1281,#1280);
#1283=DIRECTION('',(0.E0,-1.E0,-8.437694987149E-14));
#1284=VECTOR('',#1283,2.000000000001E-1);
#1285=CARTESIAN_POINT('',(2.295E0,1.87E0,-4.9E0));
#1286=LINE('',#1285,#1284);
#1287=DIRECTION('',(1.E0,0.E0,0.E0));
#1288=VECTOR('',#1287,1.900000000005E-1);
#1289=CARTESIAN_POINT('',(2.105E0,1.648762607162E0,-4.494766404376E0));
#1290=LINE('',#1289,#1288);
#1291=DIRECTION('',(-1.E0,0.E0,0.E0));
#1292=VECTOR('',#1291,1.900000000005E-1);
#1293=CARTESIAN_POINT('',(2.295E0,1.548899653687E0,-4.4E0));
#1294=LINE('',#1293,#1292);
#1295=DIRECTION('',(-1.E0,0.E0,0.E0));
#1296=VECTOR('',#1295,1.900000000005E-1);
#1297=CARTESIAN_POINT('',(2.295E0,7.E-1,-4.4E0));
#1298=LINE('',#1297,#1296);
#1299=DIRECTION('',(0.E0,-1.E0,1.851898273301E-13));
#1300=VECTOR('',#1299,8.488996536872E-1);
#1301=CARTESIAN_POINT('',(2.295E0,1.548899653687E0,-4.4E0));
#1302=LINE('',#1301,#1300);
#1303=DIRECTION('',(0.E0,1.E0,-1.851898273301E-13));
#1304=VECTOR('',#1303,8.488996536872E-1);
#1305=CARTESIAN_POINT('',(2.105E0,7.E-1,-4.4E0));
#1306=LINE('',#1305,#1304);
#1307=DIRECTION('',(0.E0,0.E0,-1.E0));
#1308=VECTOR('',#1307,6.999999999999E-1);
#1309=CARTESIAN_POINT('',(2.305E0,1.62E0,-3.5E0));
#1310=LINE('',#1309,#1308);
#1311=DIRECTION('',(0.E0,1.E0,-9.769962616701E-14));
#1312=VECTOR('',#1311,2.E-1);
#1313=CARTESIAN_POINT('',(2.305E0,1.62E0,-4.2E0));
#1314=LINE('',#1313,#1312);
#1315=DIRECTION('',(0.E0,0.E0,1.E0));
#1316=VECTOR('',#1315,7.E-1);
#1317=CARTESIAN_POINT('',(2.305E0,1.82E0,-4.2E0));
#1318=LINE('',#1317,#1316);
#1319=DIRECTION('',(0.E0,-1.E0,-1.598721155460E-13));
#1320=VECTOR('',#1319,2.E-1);
#1321=CARTESIAN_POINT('',(2.305E0,1.82E0,-3.5E0));
#1322=LINE('',#1321,#1320);
#1323=DIRECTION('',(1.E0,0.E0,0.E0));
#1324=VECTOR('',#1323,2.1E-1);
#1325=CARTESIAN_POINT('',(2.095E0,1.62E0,-3.5E0));
#1326=LINE('',#1325,#1324);
#1327=DIRECTION('',(-1.E0,0.E0,0.E0));
#1328=VECTOR('',#1327,2.1E-1);
#1329=CARTESIAN_POINT('',(2.305E0,1.82E0,-3.5E0));
#1330=LINE('',#1329,#1328);
#1331=DIRECTION('',(0.E0,0.E0,-1.E0));
#1332=VECTOR('',#1331,6.999999999999E-1);
#1333=CARTESIAN_POINT('',(2.095E0,1.62E0,-3.5E0));
#1334=LINE('',#1333,#1332);
#1335=DIRECTION('',(0.E0,-1.E0,-1.598721155460E-13));
#1336=VECTOR('',#1335,2.E-1);
#1337=CARTESIAN_POINT('',(2.095E0,1.82E0,-3.5E0));
#1338=LINE('',#1337,#1336);
#1339=DIRECTION('',(0.E0,0.E0,1.E0));
#1340=VECTOR('',#1339,7.E-1);
#1341=CARTESIAN_POINT('',(2.095E0,1.82E0,-4.2E0));
#1342=LINE('',#1341,#1340);
#1343=DIRECTION('',(0.E0,1.E0,-9.769962616701E-14));
#1344=VECTOR('',#1343,2.E-1);
#1345=CARTESIAN_POINT('',(2.095E0,1.62E0,-4.2E0));
#1346=LINE('',#1345,#1344);
#1347=DIRECTION('',(0.E0,-1.E0,0.E0));
#1348=VECTOR('',#1347,8.E-2);
#1349=CARTESIAN_POINT('',(9.57E0,1.3E-1,-4.19E0));
#1350=LINE('',#1349,#1348);
#1351=DIRECTION('',(3.552713678801E-13,0.E0,-1.E0));
#1352=VECTOR('',#1351,9.999999999999E-3);
#1353=CARTESIAN_POINT('',(9.57E0,1.3E-1,-4.19E0));
#1354=LINE('',#1353,#1352);
#1355=DIRECTION('',(0.E0,-1.E0,0.E0));
#1356=VECTOR('',#1355,1.3E-1);
#1357=CARTESIAN_POINT('',(9.57E0,1.3E-1,-4.2E0));
#1358=LINE('',#1357,#1356);
#1359=DIRECTION('',(0.E0,0.E0,1.E0));
#1360=VECTOR('',#1359,2.15E0);
#1361=CARTESIAN_POINT('',(9.57E0,0.E0,-4.2E0));
#1362=LINE('',#1361,#1360);
#1363=DIRECTION('',(-2.277889393522E-14,0.E0,-1.E0));
#1364=VECTOR('',#1363,2.339477295674E-1);
#1365=CARTESIAN_POINT('',(9.57E0,1.3E-1,-2.05E0));
#1366=LINE('',#1365,#1364);
#1367=DIRECTION('',(0.E0,-1.E0,0.E0));
#1368=VECTOR('',#1367,8.E-2);
#1369=CARTESIAN_POINT('',(9.57E0,1.3E-1,-2.283947729567E0));
#1370=LINE('',#1369,#1368);
#1371=DIRECTION('',(0.E0,0.E0,1.E0));
#1372=VECTOR('',#1371,1.906052270433E0);
#1373=CARTESIAN_POINT('',(9.57E0,5.E-2,-4.19E0));
#1374=LINE('',#1373,#1372);
#1375=DIRECTION('',(-6.594724766273E-12,-1.E0,-1.110223024625E-14));
#1376=VECTOR('',#1375,8.E-2);
#1377=CARTESIAN_POINT('',(9.714432617521E0,1.67E0,-4.19E0));
#1378=LINE('',#1377,#1376);
#1379=DIRECTION('',(-1.E0,6.815151296510E-14,0.E0));
#1380=VECTOR('',#1379,1.635567382480E0);
#1381=CARTESIAN_POINT('',(1.135E1,1.67E0,-4.19E0));
#1382=LINE('',#1381,#1380);
#1383=DIRECTION('',(0.E0,0.E0,1.E0));
#1384=VECTOR('',#1383,1.3E0);
#1385=CARTESIAN_POINT('',(9.57E0,1.67E0,-3.59E0));
#1386=LINE('',#1385,#1384);
#1387=DIRECTION('',(0.E0,1.E0,0.E0));
#1388=VECTOR('',#1387,8.E-2);
#1389=CARTESIAN_POINT('',(9.57E0,1.59E0,-3.59E0));
#1390=LINE('',#1389,#1388);
#1391=DIRECTION('',(0.E0,-3.921826788286E-14,-1.E0));
#1392=VECTOR('',#1391,1.54E0);
#1393=CARTESIAN_POINT('',(9.57E0,1.59E0,-2.05E0));
#1394=LINE('',#1393,#1392);
#1395=DIRECTION('',(0.E0,-1.E0,0.E0));
#1396=VECTOR('',#1395,2.299999999999E-1);
#1397=CARTESIAN_POINT('',(9.57E0,1.82E0,-2.05E0));
#1398=LINE('',#1397,#1396);
#1399=DIRECTION('',(0.E0,-1.415534356397E-13,1.E0));
#1400=VECTOR('',#1399,2.4E-1);
#1401=CARTESIAN_POINT('',(9.57E0,1.82E0,-2.29E0));
#1402=LINE('',#1401,#1400);
#1403=DIRECTION('',(0.E0,-1.E0,0.E0));
#1404=VECTOR('',#1403,1.5E-1);
#1405=CARTESIAN_POINT('',(9.57E0,1.82E0,-2.29E0));
#1406=LINE('',#1405,#1404);
#1407=DIRECTION('',(0.E0,1.E0,0.E0));
#1408=VECTOR('',#1407,2.3E-1);
#1409=CARTESIAN_POINT('',(9.57E0,1.59E0,-4.19E0));
#1410=LINE('',#1409,#1408);
#1411=DIRECTION('',(-1.776356839400E-13,1.687538997430E-12,1.E0));
#1412=VECTOR('',#1411,9.999999999999E-3);
#1413=CARTESIAN_POINT('',(9.57E0,1.82E0,-4.2E0));
#1414=LINE('',#1413,#1412);
#1415=DIRECTION('',(0.E0,1.E0,0.E0));
#1416=VECTOR('',#1415,2.3E-1);
#1417=CARTESIAN_POINT('',(9.57E0,1.59E0,-4.2E0));
#1418=LINE('',#1417,#1416);
#1419=DIRECTION('',(1.776356839400E-13,3.019806626981E-12,-1.E0));
#1420=VECTOR('',#1419,9.999999999999E-3);
#1421=CARTESIAN_POINT('',(9.57E0,1.59E0,-4.19E0));
#1422=LINE('',#1421,#1420);
#1423=DIRECTION('',(1.739543771271E-2,0.E0,-9.998486879257E-1));
#1424=VECTOR('',#1423,3.200484271912E-1);
#1425=CARTESIAN_POINT('',(1.204443261752E1,1.67E0,-3.18E0));
#1426=LINE('',#1425,#1424);
#1427=DIRECTION('',(0.E0,1.E0,0.E0));
#1428=VECTOR('',#1427,2.000000000005E-1);
#1429=CARTESIAN_POINT('',(1.064443261752E1,1.67E0,-2.29E0));
#1430=LINE('',#1429,#1428);
#1431=DIRECTION('',(1.E0,-2.070755210768E-13,0.E0));
#1432=VECTOR('',#1431,1.074432617520E0);
#1433=CARTESIAN_POINT('',(9.57E0,1.67E0,-2.29E0));
#1434=LINE('',#1433,#1432);
#1435=DIRECTION('',(-1.062261389961E-11,-1.E0,1.350031197944E-12));
#1436=VECTOR('',#1435,5.E-2);
#1437=CARTESIAN_POINT('',(9.514432617521E0,1.87E0,-4.19E0));
#1438=LINE('',#1437,#1436);
#1439=DIRECTION('',(4.050093593822E-12,1.E0,-2.664535259094E-14));
#1440=VECTOR('',#1439,5.000000000013E-2);
#1441=CARTESIAN_POINT('',(9.514432617520E0,1.82E0,-2.29E0));
#1442=LINE('',#1441,#1440);
#1443=DIRECTION('',(1.E0,1.131837986166E-13,0.E0));
#1444=VECTOR('',#1443,1.13E0);
#1445=CARTESIAN_POINT('',(9.514432617520E0,1.87E0,-2.29E0));
#1446=LINE('',#1445,#1444);
#1447=DIRECTION('',(-1.729610606784E-13,6.754830612982E-14,1.E0));
#1448=VECTOR('',#1447,1.9E0);
#1449=CARTESIAN_POINT('',(9.514432617521E0,1.87E0,-4.19E0));
#1450=LINE('',#1449,#1448);
#1451=DIRECTION('',(-1.E0,-7.004037415281E-14,-3.677422062600E-14));
#1452=VECTOR('',#1451,1.835567382480E0);
#1453=CARTESIAN_POINT('',(1.135E1,1.87E0,-4.19E0));
#1454=LINE('',#1453,#1452);
#1455=DIRECTION('',(2.647119995969E-13,-2.507797890918E-13,-1.E0));
#1456=VECTOR('',#1455,5.1E-1);
#1457=CARTESIAN_POINT('',(1.135E1,1.87E0,-3.68E0));
#1458=LINE('',#1457,#1456);
#1459=DIRECTION('',(-1.E0,0.E0,1.814421628816E-13));
#1460=VECTOR('',#1459,7.E-1);
#1461=CARTESIAN_POINT('',(1.205E1,1.87E0,-3.68E0));
#1462=LINE('',#1461,#1460);
#1463=DIRECTION('',(-7.105427357592E-13,0.E0,-1.E0));
#1464=VECTOR('',#1463,1.800000000002E-1);
#1465=CARTESIAN_POINT('',(1.205E1,1.87E0,-3.5E0));
#1466=LINE('',#1465,#1464);
#1467=DIRECTION('',(1.739543771271E-2,0.E0,-9.998486879257E-1));
#1468=VECTOR('',#1467,3.200484271912E-1);
#1469=CARTESIAN_POINT('',(1.204443261752E1,1.87E0,-3.18E0));
#1470=LINE('',#1469,#1468);
#1471=DIRECTION('',(-7.204113848670E-13,0.E0,-1.E0));
#1472=VECTOR('',#1471,1.800000000002E-1);
#1473=CARTESIAN_POINT('',(1.204443261752E1,1.87E0,-3.E0));
#1474=LINE('',#1473,#1472);
#1475=DIRECTION('',(1.E0,0.E0,7.961885119454E-14));
#1476=VECTOR('',#1475,1.4E0);
#1477=CARTESIAN_POINT('',(1.064443261752E1,1.87E0,-3.E0));
#1478=LINE('',#1477,#1476);
#1479=DIRECTION('',(0.E0,0.E0,-1.E0));
#1480=VECTOR('',#1479,7.1E-1);
#1481=CARTESIAN_POINT('',(1.064443261752E1,1.87E0,-2.29E0));
#1482=LINE('',#1481,#1480);
#1483=DIRECTION('',(2.647119995969E-13,2.185615522988E-13,-1.E0));
#1484=VECTOR('',#1483,5.1E-1);
#1485=CARTESIAN_POINT('',(1.135E1,1.67E0,-3.68E0));
#1486=LINE('',#1485,#1484);
#1487=DIRECTION('',(0.E0,1.E0,0.E0));
#1488=VECTOR('',#1487,2.000000000002E-1);
#1489=CARTESIAN_POINT('',(1.135E1,1.67E0,-4.19E0));
#1490=LINE('',#1489,#1488);
#1491=DIRECTION('',(-1.E0,0.E0,1.827109891954E-13));
#1492=VECTOR('',#1491,7.E-1);
#1493=CARTESIAN_POINT('',(1.205E1,1.67E0,-3.68E0));
#1494=LINE('',#1493,#1492);
#1495=DIRECTION('',(0.E0,1.E0,0.E0));
#1496=VECTOR('',#1495,2.000000000005E-1);
#1497=CARTESIAN_POINT('',(1.135E1,1.67E0,-3.68E0));
#1498=LINE('',#1497,#1496);
#1499=DIRECTION('',(0.E0,1.E0,0.E0));
#1500=VECTOR('',#1499,2.000000000005E-1);
#1501=CARTESIAN_POINT('',(1.205E1,1.67E0,-3.68E0));
#1502=LINE('',#1501,#1500);
#1503=DIRECTION('',(-7.105427357592E-13,0.E0,-1.E0));
#1504=VECTOR('',#1503,1.800000000002E-1);
#1505=CARTESIAN_POINT('',(1.205E1,1.67E0,-3.5E0));
#1506=LINE('',#1505,#1504);
#1507=DIRECTION('',(0.E0,1.E0,0.E0));
#1508=VECTOR('',#1507,2.000000000005E-1);
#1509=CARTESIAN_POINT('',(1.205E1,1.67E0,-3.5E0));
#1510=LINE('',#1509,#1508);
#1511=DIRECTION('',(0.E0,1.E0,0.E0));
#1512=VECTOR('',#1511,2.000000000005E-1);
#1513=CARTESIAN_POINT('',(1.204443261752E1,1.67E0,-3.18E0));
#1514=LINE('',#1513,#1512);
#1515=DIRECTION('',(-7.204113848670E-13,0.E0,-1.E0));
#1516=VECTOR('',#1515,1.800000000002E-1);
#1517=CARTESIAN_POINT('',(1.204443261752E1,1.67E0,-3.E0));
#1518=LINE('',#1517,#1516);
#1519=DIRECTION('',(1.E0,0.E0,7.961885119454E-14));
#1520=VECTOR('',#1519,1.4E0);
#1521=CARTESIAN_POINT('',(1.064443261752E1,1.67E0,-3.E0));
#1522=LINE('',#1521,#1520);
#1523=DIRECTION('',(0.E0,1.E0,0.E0));
#1524=VECTOR('',#1523,2.000000000005E-1);
#1525=CARTESIAN_POINT('',(1.204443261752E1,1.67E0,-3.E0));
#1526=LINE('',#1525,#1524);
#1527=DIRECTION('',(0.E0,0.E0,-1.E0));
#1528=VECTOR('',#1527,7.1E-1);
#1529=CARTESIAN_POINT('',(1.064443261752E1,1.67E0,-2.29E0));
#1530=LINE('',#1529,#1528);
#1531=DIRECTION('',(0.E0,1.E0,0.E0));
#1532=VECTOR('',#1531,2.000000000005E-1);
#1533=CARTESIAN_POINT('',(1.064443261752E1,1.67E0,-3.E0));
#1534=LINE('',#1533,#1532);
#1535=DIRECTION('',(3.019806626980E-13,0.E0,-1.E0));
#1536=VECTOR('',#1535,6.E-1);
#1537=CARTESIAN_POINT('',(9.714432617520E0,1.67E0,-3.59E0));
#1538=LINE('',#1537,#1536);
#1539=DIRECTION('',(0.E0,0.E0,1.E0));
#1540=VECTOR('',#1539,6.E-1);
#1541=CARTESIAN_POINT('',(9.714432617520E0,1.59E0,-4.19E0));
#1542=LINE('',#1541,#1540);
#1543=DIRECTION('',(1.E0,0.E0,0.E0));
#1544=VECTOR('',#1543,1.444326175200E-1);
#1545=CARTESIAN_POINT('',(9.57E0,1.59E0,-4.19E0));
#1546=LINE('',#1545,#1544);
#1547=DIRECTION('',(1.E0,-1.650167555727E-14,0.E0));
#1548=VECTOR('',#1547,1.83E0);
#1549=CARTESIAN_POINT('',(9.57E0,1.59E0,-4.2E0));
#1550=LINE('',#1549,#1548);
#1551=DIRECTION('',(0.E0,1.404561221851E-14,1.E0));
#1552=VECTOR('',#1551,2.15E0);
#1553=CARTESIAN_POINT('',(1.14E1,1.59E0,-4.2E0));
#1554=LINE('',#1553,#1552);
#1555=DIRECTION('',(-1.E0,1.650167555727E-14,0.E0));
#1556=VECTOR('',#1555,1.83E0);
#1557=CARTESIAN_POINT('',(1.14E1,1.59E0,-2.05E0));
#1558=LINE('',#1557,#1556);
#1559=DIRECTION('',(1.E0,0.E0,0.E0));
#1560=VECTOR('',#1559,1.444326175200E-1);
#1561=CARTESIAN_POINT('',(9.57E0,1.59E0,-3.59E0));
#1562=LINE('',#1561,#1560);
#1563=DIRECTION('',(0.E0,1.E0,0.E0));
#1564=VECTOR('',#1563,1.46E0);
#1565=CARTESIAN_POINT('',(1.14E1,1.3E-1,-4.2E0));
#1566=LINE('',#1565,#1564);
#1567=DIRECTION('',(0.E0,0.E0,-1.E0));
#1568=VECTOR('',#1567,2.15E0);
#1569=CARTESIAN_POINT('',(1.14E1,1.3E-1,-2.05E0));
#1570=LINE('',#1569,#1568);
#1571=DIRECTION('',(0.E0,1.E0,0.E0));
#1572=VECTOR('',#1571,1.3E-1);
#1573=CARTESIAN_POINT('',(1.14E1,0.E0,-2.05E0));
#1574=LINE('',#1573,#1572);
#1575=DIRECTION('',(0.E0,0.E0,-1.E0));
#1576=VECTOR('',#1575,1.32E0);
#1577=CARTESIAN_POINT('',(1.14E1,0.E0,-7.3E-1));
#1578=LINE('',#1577,#1576);
#1579=DIRECTION('',(0.E0,-1.E0,0.E0));
#1580=VECTOR('',#1579,1.82E0);
#1581=CARTESIAN_POINT('',(1.14E1,1.82E0,-7.3E-1));
#1582=LINE('',#1581,#1580);
#1583=DIRECTION('',(0.E0,1.278438634417E-14,1.E0));
#1584=VECTOR('',#1583,1.32E0);
#1585=CARTESIAN_POINT('',(1.14E1,1.82E0,-2.05E0));
#1586=LINE('',#1585,#1584);
#1587=DIRECTION('',(1.E0,0.E0,0.E0));
#1588=VECTOR('',#1587,8.944326175200E-1);
#1589=CARTESIAN_POINT('',(9.57E0,1.3E-1,-4.19E0));
#1590=LINE('',#1589,#1588);
#1591=DIRECTION('',(0.E0,0.E0,1.E0));
#1592=VECTOR('',#1591,1.9E0);
#1593=CARTESIAN_POINT('',(1.046443261752E1,1.3E-1,-4.19E0));
#1594=LINE('',#1593,#1592);
#1595=DIRECTION('',(-1.E0,0.E0,0.E0));
#1596=VECTOR('',#1595,8.000000000007E-1);
#1597=CARTESIAN_POINT('',(1.046443261752E1,1.3E-1,-2.29E0));
#1598=LINE('',#1597,#1596);
#1599=DIRECTION('',(9.979524846469E-1,0.E0,-6.395966218752E-2));
#1600=VECTOR('',#1599,9.462636645740E-2);
#1601=CARTESIAN_POINT('',(9.57E0,1.3E-1,-2.283947729567E0));
#1602=LINE('',#1601,#1600);
#1603=DIRECTION('',(-3.286260152890E-12,1.E0,8.437694987151E-13));
#1604=VECTOR('',#1603,8.E-2);
#1605=CARTESIAN_POINT('',(1.046443261752E1,5.E-2,-4.19E0));
#1606=LINE('',#1605,#1604);
#1607=DIRECTION('',(1.393037731951E-13,0.E0,-1.E0));
#1608=VECTOR('',#1607,1.9E0);
#1609=CARTESIAN_POINT('',(1.046443261752E1,5.E-2,-2.29E0));
#1610=LINE('',#1609,#1608);
#1611=DIRECTION('',(-4.440892098501E-14,-1.E0,-2.220446049250E-14));
#1612=VECTOR('',#1611,8.E-2);
#1613=CARTESIAN_POINT('',(1.046443261752E1,1.3E-1,-2.29E0));
#1614=LINE('',#1613,#1612);
#1615=DIRECTION('',(-9.979524846469E-1,0.E0,6.395966218721E-2));
#1616=VECTOR('',#1615,9.462636645807E-2);
#1617=CARTESIAN_POINT('',(9.664432617520E0,5.E-2,-2.29E0));
#1618=LINE('',#1617,#1616);
#1619=DIRECTION('',(-1.E0,0.E0,-1.443289932013E-14));
#1620=VECTOR('',#1619,8.000000000001E-1);
#1621=CARTESIAN_POINT('',(1.046443261752E1,5.E-2,-2.29E0));
#1622=LINE('',#1621,#1620);
#1623=DIRECTION('',(1.E0,0.E0,-7.447557275157E-14));
#1624=VECTOR('',#1623,8.944326175203E-1);
#1625=CARTESIAN_POINT('',(9.57E0,5.E-2,-4.19E0));
#1626=LINE('',#1625,#1624);
#1627=DIRECTION('',(-8.371081605674E-12,1.E0,1.665334536938E-13));
#1628=VECTOR('',#1627,8.E-2);
#1629=CARTESIAN_POINT('',(9.664432617520E0,5.E-2,-2.29E0));
#1630=LINE('',#1629,#1628);
#1631=DIRECTION('',(-1.E0,0.E0,0.E0));
#1632=VECTOR('',#1631,1.83E0);
#1633=CARTESIAN_POINT('',(1.14E1,1.3E-1,-2.05E0));
#1634=LINE('',#1633,#1632);
#1635=DIRECTION('',(0.E0,-1.E0,0.E0));
#1636=VECTOR('',#1635,1.3E-1);
#1637=CARTESIAN_POINT('',(9.57E0,1.3E-1,-2.05E0));
#1638=LINE('',#1637,#1636);
#1639=DIRECTION('',(1.E0,0.E0,0.E0));
#1640=VECTOR('',#1639,1.83E0);
#1641=CARTESIAN_POINT('',(9.57E0,0.E0,-2.05E0));
#1642=LINE('',#1641,#1640);
#1643=DIRECTION('',(0.E0,-1.E0,0.E0));
#1644=VECTOR('',#1643,2.3E-1);
#1645=CARTESIAN_POINT('',(1.14E1,1.82E0,-2.05E0));
#1646=LINE('',#1645,#1644);
#1647=DIRECTION('',(1.E0,0.E0,0.E0));
#1648=VECTOR('',#1647,1.83E0);
#1649=CARTESIAN_POINT('',(9.57E0,1.82E0,-2.05E0));
#1650=LINE('',#1649,#1648);
#1651=DIRECTION('',(-1.E0,0.E0,0.E0));
#1652=VECTOR('',#1651,1.444326175203E-1);
#1653=CARTESIAN_POINT('',(9.714432617520E0,1.67E0,-3.59E0));
#1654=LINE('',#1653,#1652);
#1655=DIRECTION('',(4.329869796038E-12,1.E0,0.E0));
#1656=VECTOR('',#1655,8.E-2);
#1657=CARTESIAN_POINT('',(9.714432617520E0,1.59E0,-3.59E0));
#1658=LINE('',#1657,#1656);
#1659=DIRECTION('',(0.E0,1.E0,-9.769962616701E-14));
#1660=VECTOR('',#1659,2.E-1);
#1661=CARTESIAN_POINT('',(9.305E0,1.62E0,-4.2E0));
#1662=LINE('',#1661,#1660);
#1663=DIRECTION('',(0.E0,0.E0,1.E0));
#1664=VECTOR('',#1663,7.E-1);
#1665=CARTESIAN_POINT('',(9.305E0,1.82E0,-4.2E0));
#1666=LINE('',#1665,#1664);
#1667=DIRECTION('',(0.E0,0.E0,1.E0));
#1668=VECTOR('',#1667,1.1E-1);
#1669=CARTESIAN_POINT('',(9.105E0,1.62E0,-4.2E0));
#1670=LINE('',#1669,#1668);
#1671=DIRECTION('',(1.E0,0.E0,0.E0));
#1672=VECTOR('',#1671,1.9E-1);
#1673=CARTESIAN_POINT('',(9.105E0,1.62E0,-4.09E0));
#1674=LINE('',#1673,#1672);
#1675=DIRECTION('',(0.E0,0.E0,1.E0));
#1676=VECTOR('',#1675,1.1E-1);
#1677=CARTESIAN_POINT('',(9.295E0,1.62E0,-4.2E0));
#1678=LINE('',#1677,#1676);
#1679=DIRECTION('',(-1.E0,6.661338147752E-14,-1.865174681371E-12));
#1680=VECTOR('',#1679,9.999999999998E-3);
#1681=CARTESIAN_POINT('',(9.305E0,1.62E0,-4.2E0));
#1682=LINE('',#1681,#1680);
#1683=DIRECTION('',(0.E0,0.E0,-1.E0));
#1684=VECTOR('',#1683,6.999999999999E-1);
#1685=CARTESIAN_POINT('',(9.305E0,1.62E0,-3.5E0));
#1686=LINE('',#1685,#1684);
#1687=DIRECTION('',(-1.E0,-6.661338147750E-14,1.953992523340E-12));
#1688=VECTOR('',#1687,1.E-2);
#1689=CARTESIAN_POINT('',(9.105E0,1.62E0,-4.2E0));
#1690=LINE('',#1689,#1688);
#1691=CARTESIAN_POINT('',(9.105E0,1.349243459677E0,-9.893449050845E-1));
#1692=DIRECTION('',(1.E0,0.E0,0.E0));
#1693=DIRECTION('',(0.E0,-4.878746331671E-1,8.729137083996E-1));
#1694=AXIS2_PLACEMENT_3D('',#1691,#1692,#1693);
#1696=DIRECTION('',(0.E0,-4.226182617383E-1,-9.063077870378E-1));
#1697=VECTOR('',#1696,2.214638864091E-2);
#1698=CARTESIAN_POINT('',(9.105E0,1.077351123566E0,-8.625594265622E-1));
#1699=LINE('',#1698,#1697);
#1700=DIRECTION('',(1.383036645950E-13,5.303311836799E-2,-9.985927540074E-1));
#1701=VECTOR('',#1700,1.759612716774E0);
#1702=CARTESIAN_POINT('',(9.105E0,1.067991655295E0,-8.826308710422E-1));
#1703=LINE('',#1702,#1701);
#1704=DIRECTION('',(-4.941910867135E-13,9.138115486203E-1,-4.061384660534E-1));
#1705=VECTOR('',#1704,4.924428900898E-1);
#1706=CARTESIAN_POINT('',(9.105E0,2.5E-1,-4.2E0));
#1707=LINE('',#1706,#1705);
#1708=CARTESIAN_POINT('',(9.105E0,1.548899653687E0,-4.5E0));
#1709=DIRECTION('',(-1.E0,0.E0,0.E0));
#1710=DIRECTION('',(0.E0,0.E0,1.E0));
#1711=AXIS2_PLACEMENT_3D('',#1708,#1709,#1710);
#1713=DIRECTION('',(0.E0,5.233595624304E-2,-9.986295347546E-1));
#1714=VECTOR('',#1713,4.057897163273E-1);
#1715=CARTESIAN_POINT('',(9.105E0,1.648762607162E0,-4.494766404376E0));
#1716=LINE('',#1715,#1714);
#1717=DIRECTION('',(0.E0,-5.233595624329E-2,9.986295347546E-1));
#1718=VECTOR('',#1717,7.162151435867E-1);
#1719=CARTESIAN_POINT('',(9.105E0,1.87E0,-4.9E0));
#1720=LINE('',#1719,#1718);
#1721=CARTESIAN_POINT('',(9.105E0,1.732653242109E0,-4.19E0));
#1722=DIRECTION('',(1.E0,0.E0,0.E0));
#1723=DIRECTION('',(0.E0,9.986295347546E-1,5.233595624288E-2));
#1724=AXIS2_PLACEMENT_3D('',#1721,#1722,#1723);
#1726=DIRECTION('',(-1.E0,0.E0,0.E0));
#1727=VECTOR('',#1726,1.900000000005E-1);
#1728=CARTESIAN_POINT('',(9.295E0,1.077351123566E0,-8.625594265622E-1));
#1729=LINE('',#1728,#1727);
#1730=DIRECTION('',(-1.433512435949E-13,5.303311836799E-2,-9.985927540074E-1));
#1731=VECTOR('',#1730,1.759612716774E0);
#1732=CARTESIAN_POINT('',(9.295E0,1.067991655295E0,-8.826308710422E-1));
#1733=LINE('',#1732,#1731);
#1734=DIRECTION('',(3.208390980945E-13,-4.226182617383E-1,-9.063077870378E-1));
#1735=VECTOR('',#1734,2.214638864091E-2);
#1736=CARTESIAN_POINT('',(9.295E0,1.077351123566E0,-8.625594265622E-1));
#1737=LINE('',#1736,#1735);
#1738=CARTESIAN_POINT('',(9.295E0,1.349243459677E0,-9.893449050845E-1));
#1739=DIRECTION('',(1.E0,0.E0,0.E0));
#1740=DIRECTION('',(0.E0,-4.878746331671E-1,8.729137083996E-1));
#1741=AXIS2_PLACEMENT_3D('',#1738,#1739,#1740);
#1743=CARTESIAN_POINT('',(9.295E0,1.732653242109E0,-4.19E0));
#1744=DIRECTION('',(1.E0,0.E0,0.E0));
#1745=DIRECTION('',(0.E0,9.986295347546E-1,5.233595624288E-2));
#1746=AXIS2_PLACEMENT_3D('',#1743,#1744,#1745);
#1748=DIRECTION('',(0.E0,-5.233595624329E-2,9.986295347546E-1));
#1749=VECTOR('',#1748,7.162151435867E-1);
#1750=CARTESIAN_POINT('',(9.295E0,1.87E0,-4.9E0));
#1751=LINE('',#1750,#1749);
#1752=DIRECTION('',(1.751012179882E-14,5.233595624304E-2,-9.986295347546E-1));
#1753=VECTOR('',#1752,4.057897163273E-1);
#1754=CARTESIAN_POINT('',(9.295E0,1.648762607162E0,-4.494766404376E0));
#1755=LINE('',#1754,#1753);
#1756=CARTESIAN_POINT('',(9.295E0,1.548899653687E0,-4.5E0));
#1757=DIRECTION('',(-1.E0,0.E0,0.E0));
#1758=DIRECTION('',(0.E0,0.E0,1.E0));
#1759=AXIS2_PLACEMENT_3D('',#1756,#1757,#1758);
#1761=DIRECTION('',(5.122272577615E-13,9.138115486203E-1,-4.061384660534E-1));
#1762=VECTOR('',#1761,4.924428900898E-1);
#1763=CARTESIAN_POINT('',(9.295E0,2.5E-1,-4.2E0));
#1764=LINE('',#1763,#1762);
#1765=DIRECTION('',(-1.E0,0.E0,0.E0));
#1766=VECTOR('',#1765,1.900000000005E-1);
#1767=CARTESIAN_POINT('',(9.295E0,1.067991655295E0,-8.826308710422E-1));
#1768=LINE('',#1767,#1766);
#1769=DIRECTION('',(2.112960195579E-12,-1.E0,0.E0));
#1770=VECTOR('',#1769,1.126532421092E-1);
#1771=CARTESIAN_POINT('',(9.105E0,1.732653242109E0,-4.09E0));
#1772=LINE('',#1771,#1770);
#1773=DIRECTION('',(2.191801993921E-12,1.E0,0.E0));
#1774=VECTOR('',#1773,1.126532421092E-1);
#1775=CARTESIAN_POINT('',(9.295E0,1.62E0,-4.09E0));
#1776=LINE('',#1775,#1774);
#1777=DIRECTION('',(1.E0,0.E0,0.E0));
#1778=VECTOR('',#1777,1.900000000005E-1);
#1779=CARTESIAN_POINT('',(9.105E0,1.832516195584E0,-4.184766404376E0));
#1780=LINE('',#1779,#1778);
#1781=DIRECTION('',(-1.E0,0.E0,0.E0));
#1782=VECTOR('',#1781,1.900000000005E-1);
#1783=CARTESIAN_POINT('',(9.295E0,1.732653242109E0,-4.09E0));
#1784=LINE('',#1783,#1782);
#1785=DIRECTION('',(-1.E0,0.E0,0.E0));
#1786=VECTOR('',#1785,1.900000000005E-1);
#1787=CARTESIAN_POINT('',(9.295E0,1.87E0,-4.9E0));
#1788=LINE('',#1787,#1786);
#1789=DIRECTION('',(0.E0,1.E0,8.437694987149E-14));
#1790=VECTOR('',#1789,2.000000000001E-1);
#1791=CARTESIAN_POINT('',(9.105E0,1.67E0,-4.9E0));
#1792=LINE('',#1791,#1790);
#1793=DIRECTION('',(-1.E0,0.E0,0.E0));
#1794=VECTOR('',#1793,1.900000000005E-1);
#1795=CARTESIAN_POINT('',(9.295E0,1.67E0,-4.9E0));
#1796=LINE('',#1795,#1794);
#1797=DIRECTION('',(0.E0,-1.E0,-8.437694987149E-14));
#1798=VECTOR('',#1797,2.000000000001E-1);
#1799=CARTESIAN_POINT('',(9.295E0,1.87E0,-4.9E0));
#1800=LINE('',#1799,#1798);
#1801=DIRECTION('',(1.E0,0.E0,0.E0));
#1802=VECTOR('',#1801,1.900000000005E-1);
#1803=CARTESIAN_POINT('',(9.105E0,1.648762607162E0,-4.494766404376E0));
#1804=LINE('',#1803,#1802);
#1805=DIRECTION('',(-1.E0,0.E0,0.E0));
#1806=VECTOR('',#1805,1.900000000005E-1);
#1807=CARTESIAN_POINT('',(9.295E0,1.548899653687E0,-4.4E0));
#1808=LINE('',#1807,#1806);
#1809=DIRECTION('',(-1.E0,0.E0,0.E0));
#1810=VECTOR('',#1809,1.900000000005E-1);
#1811=CARTESIAN_POINT('',(9.295E0,7.E-1,-4.4E0));
#1812=LINE('',#1811,#1810);
#1813=DIRECTION('',(0.E0,-1.E0,1.851898273301E-13));
#1814=VECTOR('',#1813,8.488996536872E-1);
#1815=CARTESIAN_POINT('',(9.295E0,1.548899653687E0,-4.4E0));
#1816=LINE('',#1815,#1814);
#1817=DIRECTION('',(0.E0,1.E0,-1.851898273301E-13));
#1818=VECTOR('',#1817,8.488996536872E-1);
#1819=CARTESIAN_POINT('',(9.105E0,7.E-1,-4.4E0));
#1820=LINE('',#1819,#1818);
#1821=DIRECTION('',(1.E0,0.E0,0.E0));
#1822=VECTOR('',#1821,2.1E-1);
#1823=CARTESIAN_POINT('',(9.095E0,1.62E0,-3.5E0));
#1824=LINE('',#1823,#1822);
#1825=DIRECTION('',(0.E0,1.E0,1.598721155460E-13));
#1826=VECTOR('',#1825,2.E-1);
#1827=CARTESIAN_POINT('',(9.305E0,1.62E0,-3.5E0));
#1828=LINE('',#1827,#1826);
#1829=DIRECTION('',(-1.E0,0.E0,0.E0));
#1830=VECTOR('',#1829,2.1E-1);
#1831=CARTESIAN_POINT('',(9.305E0,1.82E0,-3.5E0));
#1832=LINE('',#1831,#1830);
#1833=DIRECTION('',(0.E0,-1.E0,-1.598721155460E-13));
#1834=VECTOR('',#1833,2.E-1);
#1835=CARTESIAN_POINT('',(9.095E0,1.82E0,-3.5E0));
#1836=LINE('',#1835,#1834);
#1837=DIRECTION('',(0.E0,0.E0,-1.E0));
#1838=VECTOR('',#1837,6.999999999999E-1);
#1839=CARTESIAN_POINT('',(9.095E0,1.62E0,-3.5E0));
#1840=LINE('',#1839,#1838);
#1841=DIRECTION('',(0.E0,0.E0,1.E0));
#1842=VECTOR('',#1841,7.E-1);
#1843=CARTESIAN_POINT('',(9.095E0,1.82E0,-4.2E0));
#1844=LINE('',#1843,#1842);
#1845=DIRECTION('',(0.E0,1.E0,-9.769962616701E-14));
#1846=VECTOR('',#1845,2.E-1);
#1847=CARTESIAN_POINT('',(9.095E0,1.62E0,-4.2E0));
#1848=LINE('',#1847,#1846);
#1849=DIRECTION('',(0.E0,0.E0,-1.E0));
#1850=VECTOR('',#1849,6.999999999999E-1);
#1851=CARTESIAN_POINT('',(8.805E0,1.62E0,-3.5E0));
#1852=LINE('',#1851,#1850);
#1853=DIRECTION('',(0.E0,1.E0,-9.769962616701E-14));
#1854=VECTOR('',#1853,2.E-1);
#1855=CARTESIAN_POINT('',(8.805E0,1.62E0,-4.2E0));
#1856=LINE('',#1855,#1854);
#1857=DIRECTION('',(0.E0,0.E0,1.E0));
#1858=VECTOR('',#1857,7.E-1);
#1859=CARTESIAN_POINT('',(8.805E0,1.82E0,-4.2E0));
#1860=LINE('',#1859,#1858);
#1861=DIRECTION('',(0.E0,-1.E0,-1.598721155460E-13));
#1862=VECTOR('',#1861,2.E-1);
#1863=CARTESIAN_POINT('',(8.805E0,1.82E0,-3.5E0));
#1864=LINE('',#1863,#1862);
#1865=DIRECTION('',(0.E0,0.E0,1.E0));
#1866=VECTOR('',#1865,1.1E-1);
#1867=CARTESIAN_POINT('',(8.605E0,1.62E0,-4.2E0));
#1868=LINE('',#1867,#1866);
#1869=DIRECTION('',(1.E0,0.E0,0.E0));
#1870=VECTOR('',#1869,1.9E-1);
#1871=CARTESIAN_POINT('',(8.605E0,1.62E0,-4.09E0));
#1872=LINE('',#1871,#1870);
#1873=DIRECTION('',(0.E0,0.E0,1.E0));
#1874=VECTOR('',#1873,1.1E-1);
#1875=CARTESIAN_POINT('',(8.795E0,1.62E0,-4.2E0));
#1876=LINE('',#1875,#1874);
#1877=DIRECTION('',(-1.E0,6.661338147752E-14,-1.953992523341E-12));
#1878=VECTOR('',#1877,9.999999999998E-3);
#1879=CARTESIAN_POINT('',(8.805E0,1.62E0,-4.2E0));
#1880=LINE('',#1879,#1878);
#1881=DIRECTION('',(-1.E0,-6.661338147750E-14,1.953992523340E-12));
#1882=VECTOR('',#1881,1.E-2);
#1883=CARTESIAN_POINT('',(8.605E0,1.62E0,-4.2E0));
#1884=LINE('',#1883,#1882);
#1885=CARTESIAN_POINT('',(8.605E0,1.349243459677E0,-9.893449050845E-1));
#1886=DIRECTION('',(1.E0,0.E0,0.E0));
#1887=DIRECTION('',(0.E0,-4.878746331671E-1,8.729137083996E-1));
#1888=AXIS2_PLACEMENT_3D('',#1885,#1886,#1887);
#1890=DIRECTION('',(0.E0,-4.226182617383E-1,-9.063077870378E-1));
#1891=VECTOR('',#1890,2.214638864091E-2);
#1892=CARTESIAN_POINT('',(8.605E0,1.077351123566E0,-8.625594265622E-1));
#1893=LINE('',#1892,#1891);
#1894=DIRECTION('',(1.383036645950E-13,5.303311836799E-2,-9.985927540074E-1));
#1895=VECTOR('',#1894,1.759612716774E0);
#1896=CARTESIAN_POINT('',(8.605E0,1.067991655295E0,-8.826308710422E-1));
#1897=LINE('',#1896,#1895);
#1898=DIRECTION('',(-4.941910867135E-13,9.138115486203E-1,-4.061384660534E-1));
#1899=VECTOR('',#1898,4.924428900898E-1);
#1900=CARTESIAN_POINT('',(8.605E0,2.5E-1,-4.2E0));
#1901=LINE('',#1900,#1899);
#1902=CARTESIAN_POINT('',(8.605E0,1.548899653687E0,-4.5E0));
#1903=DIRECTION('',(-1.E0,0.E0,0.E0));
#1904=DIRECTION('',(0.E0,0.E0,1.E0));
#1905=AXIS2_PLACEMENT_3D('',#1902,#1903,#1904);
#1907=DIRECTION('',(0.E0,5.233595624304E-2,-9.986295347546E-1));
#1908=VECTOR('',#1907,4.057897163273E-1);
#1909=CARTESIAN_POINT('',(8.605E0,1.648762607162E0,-4.494766404376E0));
#1910=LINE('',#1909,#1908);
#1911=DIRECTION('',(0.E0,-5.233595624329E-2,9.986295347546E-1));
#1912=VECTOR('',#1911,7.162151435867E-1);
#1913=CARTESIAN_POINT('',(8.605E0,1.87E0,-4.9E0));
#1914=LINE('',#1913,#1912);
#1915=CARTESIAN_POINT('',(8.605E0,1.732653242109E0,-4.19E0));
#1916=DIRECTION('',(1.E0,0.E0,0.E0));
#1917=DIRECTION('',(0.E0,9.986295347546E-1,5.233595624288E-2));
#1918=AXIS2_PLACEMENT_3D('',#1915,#1916,#1917);
#1920=DIRECTION('',(-1.E0,0.E0,0.E0));
#1921=VECTOR('',#1920,1.900000000005E-1);
#1922=CARTESIAN_POINT('',(8.795E0,1.077351123566E0,-8.625594265622E-1));
#1923=LINE('',#1922,#1921);
#1924=DIRECTION('',(-1.433512435949E-13,5.303311836799E-2,-9.985927540074E-1));
#1925=VECTOR('',#1924,1.759612716774E0);
#1926=CARTESIAN_POINT('',(8.795E0,1.067991655295E0,-8.826308710422E-1));
#1927=LINE('',#1926,#1925);
#1928=DIRECTION('',(3.208390980945E-13,-4.226182617383E-1,-9.063077870378E-1));
#1929=VECTOR('',#1928,2.214638864091E-2);
#1930=CARTESIAN_POINT('',(8.795E0,1.077351123566E0,-8.625594265622E-1));
#1931=LINE('',#1930,#1929);
#1932=CARTESIAN_POINT('',(8.795E0,1.349243459677E0,-9.893449050845E-1));
#1933=DIRECTION('',(1.E0,0.E0,0.E0));
#1934=DIRECTION('',(0.E0,-4.878746331671E-1,8.729137083996E-1));
#1935=AXIS2_PLACEMENT_3D('',#1932,#1933,#1934);
#1937=CARTESIAN_POINT('',(8.795E0,1.732653242109E0,-4.19E0));
#1938=DIRECTION('',(1.E0,0.E0,0.E0));
#1939=DIRECTION('',(0.E0,9.986295347546E-1,5.233595624288E-2));
#1940=AXIS2_PLACEMENT_3D('',#1937,#1938,#1939);
#1942=DIRECTION('',(0.E0,-5.233595624329E-2,9.986295347546E-1));
#1943=VECTOR('',#1942,7.162151435867E-1);
#1944=CARTESIAN_POINT('',(8.795E0,1.87E0,-4.9E0));
#1945=LINE('',#1944,#1943);
#1946=DIRECTION('',(1.751012179882E-14,5.233595624304E-2,-9.986295347546E-1));
#1947=VECTOR('',#1946,4.057897163273E-1);
#1948=CARTESIAN_POINT('',(8.795E0,1.648762607162E0,-4.494766404376E0));
#1949=LINE('',#1948,#1947);
#1950=CARTESIAN_POINT('',(8.795E0,1.548899653687E0,-4.5E0));
#1951=DIRECTION('',(-1.E0,0.E0,0.E0));
#1952=DIRECTION('',(0.E0,0.E0,1.E0));
#1953=AXIS2_PLACEMENT_3D('',#1950,#1951,#1952);
#1955=DIRECTION('',(5.122272577615E-13,9.138115486203E-1,-4.061384660534E-1));
#1956=VECTOR('',#1955,4.924428900898E-1);
#1957=CARTESIAN_POINT('',(8.795E0,2.5E-1,-4.2E0));
#1958=LINE('',#1957,#1956);
#1959=DIRECTION('',(-1.E0,0.E0,0.E0));
#1960=VECTOR('',#1959,1.900000000005E-1);
#1961=CARTESIAN_POINT('',(8.795E0,1.067991655295E0,-8.826308710422E-1));
#1962=LINE('',#1961,#1960);
#1963=DIRECTION('',(2.112960195579E-12,-1.E0,0.E0));
#1964=VECTOR('',#1963,1.126532421092E-1);
#1965=CARTESIAN_POINT('',(8.605E0,1.732653242109E0,-4.09E0));
#1966=LINE('',#1965,#1964);
#1967=DIRECTION('',(2.191801993921E-12,1.E0,0.E0));
#1968=VECTOR('',#1967,1.126532421092E-1);
#1969=CARTESIAN_POINT('',(8.795E0,1.62E0,-4.09E0));
#1970=LINE('',#1969,#1968);
#1971=DIRECTION('',(1.E0,0.E0,0.E0));
#1972=VECTOR('',#1971,1.900000000005E-1);
#1973=CARTESIAN_POINT('',(8.605E0,1.832516195584E0,-4.184766404376E0));
#1974=LINE('',#1973,#1972);
#1975=DIRECTION('',(-1.E0,0.E0,0.E0));
#1976=VECTOR('',#1975,1.900000000005E-1);
#1977=CARTESIAN_POINT('',(8.795E0,1.732653242109E0,-4.09E0));
#1978=LINE('',#1977,#1976);
#1979=DIRECTION('',(-1.E0,0.E0,0.E0));
#1980=VECTOR('',#1979,1.900000000005E-1);
#1981=CARTESIAN_POINT('',(8.795E0,1.87E0,-4.9E0));
#1982=LINE('',#1981,#1980);
#1983=DIRECTION('',(0.E0,1.E0,8.437694987149E-14));
#1984=VECTOR('',#1983,2.000000000001E-1);
#1985=CARTESIAN_POINT('',(8.605E0,1.67E0,-4.9E0));
#1986=LINE('',#1985,#1984);
#1987=DIRECTION('',(-1.E0,0.E0,0.E0));
#1988=VECTOR('',#1987,1.900000000005E-1);
#1989=CARTESIAN_POINT('',(8.795E0,1.67E0,-4.9E0));
#1990=LINE('',#1989,#1988);
#1991=DIRECTION('',(0.E0,-1.E0,-8.437694987149E-14));
#1992=VECTOR('',#1991,2.000000000001E-1);
#1993=CARTESIAN_POINT('',(8.795E0,1.87E0,-4.9E0));
#1994=LINE('',#1993,#1992);
#1995=DIRECTION('',(1.E0,0.E0,0.E0));
#1996=VECTOR('',#1995,1.900000000005E-1);
#1997=CARTESIAN_POINT('',(8.605E0,1.648762607162E0,-4.494766404376E0));
#1998=LINE('',#1997,#1996);
#1999=DIRECTION('',(-1.E0,0.E0,0.E0));
#2000=VECTOR('',#1999,1.900000000005E-1);
#2001=CARTESIAN_POINT('',(8.795E0,1.548899653687E0,-4.4E0));
#2002=LINE('',#2001,#2000);
#2003=DIRECTION('',(-1.E0,0.E0,0.E0));
#2004=VECTOR('',#2003,1.900000000005E-1);
#2005=CARTESIAN_POINT('',(8.795E0,7.E-1,-4.4E0));
#2006=LINE('',#2005,#2004);
#2007=DIRECTION('',(0.E0,-1.E0,1.851898273301E-13));
#2008=VECTOR('',#2007,8.488996536872E-1);
#2009=CARTESIAN_POINT('',(8.795E0,1.548899653687E0,-4.4E0));
#2010=LINE('',#2009,#2008);
#2011=DIRECTION('',(0.E0,1.E0,-1.851898273301E-13));
#2012=VECTOR('',#2011,8.488996536872E-1);
#2013=CARTESIAN_POINT('',(8.605E0,7.E-1,-4.4E0));
#2014=LINE('',#2013,#2012);
#2015=DIRECTION('',(-1.E0,0.E0,0.E0));
#2016=VECTOR('',#2015,2.1E-1);
#2017=CARTESIAN_POINT('',(8.805E0,1.82E0,-3.5E0));
#2018=LINE('',#2017,#2016);
#2019=DIRECTION('',(0.E0,-1.E0,-1.598721155460E-13));
#2020=VECTOR('',#2019,2.E-1);
#2021=CARTESIAN_POINT('',(8.595E0,1.82E0,-3.5E0));
#2022=LINE('',#2021,#2020);
#2023=DIRECTION('',(1.E0,0.E0,0.E0));
#2024=VECTOR('',#2023,2.1E-1);
#2025=CARTESIAN_POINT('',(8.595E0,1.62E0,-3.5E0));
#2026=LINE('',#2025,#2024);
#2027=DIRECTION('',(0.E0,0.E0,-1.E0));
#2028=VECTOR('',#2027,6.999999999999E-1);
#2029=CARTESIAN_POINT('',(8.595E0,1.62E0,-3.5E0));
#2030=LINE('',#2029,#2028);
#2031=DIRECTION('',(0.E0,0.E0,1.E0));
#2032=VECTOR('',#2031,7.E-1);
#2033=CARTESIAN_POINT('',(8.595E0,1.82E0,-4.2E0));
#2034=LINE('',#2033,#2032);
#2035=DIRECTION('',(0.E0,1.E0,-9.769962616701E-14));
#2036=VECTOR('',#2035,2.E-1);
#2037=CARTESIAN_POINT('',(8.595E0,1.62E0,-4.2E0));
#2038=LINE('',#2037,#2036);
#2039=DIRECTION('',(0.E0,0.E0,-1.E0));
#2040=VECTOR('',#2039,6.999999999999E-1);
#2041=CARTESIAN_POINT('',(8.305E0,1.62E0,-3.5E0));
#2042=LINE('',#2041,#2040);
#2043=DIRECTION('',(0.E0,1.E0,-9.769962616701E-14));
#2044=VECTOR('',#2043,2.E-1);
#2045=CARTESIAN_POINT('',(8.305E0,1.62E0,-4.2E0));
#2046=LINE('',#2045,#2044);
#2047=DIRECTION('',(0.E0,0.E0,1.E0));
#2048=VECTOR('',#2047,7.E-1);
#2049=CARTESIAN_POINT('',(8.305E0,1.82E0,-4.2E0));
#2050=LINE('',#2049,#2048);
#2051=DIRECTION('',(0.E0,-1.E0,-1.598721155460E-13));
#2052=VECTOR('',#2051,2.E-1);
#2053=CARTESIAN_POINT('',(8.305E0,1.82E0,-3.5E0));
#2054=LINE('',#2053,#2052);
#2055=DIRECTION('',(0.E0,0.E0,1.E0));
#2056=VECTOR('',#2055,1.1E-1);
#2057=CARTESIAN_POINT('',(8.105E0,1.62E0,-4.2E0));
#2058=LINE('',#2057,#2056);
#2059=DIRECTION('',(1.E0,0.E0,0.E0));
#2060=VECTOR('',#2059,1.9E-1);
#2061=CARTESIAN_POINT('',(8.105E0,1.62E0,-4.09E0));
#2062=LINE('',#2061,#2060);
#2063=DIRECTION('',(0.E0,0.E0,1.E0));
#2064=VECTOR('',#2063,1.1E-1);
#2065=CARTESIAN_POINT('',(8.295E0,1.62E0,-4.2E0));
#2066=LINE('',#2065,#2064);
#2067=DIRECTION('',(-1.E0,6.661338147752E-14,-1.953992523341E-12));
#2068=VECTOR('',#2067,9.999999999998E-3);
#2069=CARTESIAN_POINT('',(8.305E0,1.62E0,-4.2E0));
#2070=LINE('',#2069,#2068);
#2071=DIRECTION('',(-1.E0,-6.661338147750E-14,1.953992523340E-12));
#2072=VECTOR('',#2071,1.E-2);
#2073=CARTESIAN_POINT('',(8.105E0,1.62E0,-4.2E0));
#2074=LINE('',#2073,#2072);
#2075=CARTESIAN_POINT('',(8.105E0,1.349243459677E0,-9.893449050845E-1));
#2076=DIRECTION('',(1.E0,0.E0,0.E0));
#2077=DIRECTION('',(0.E0,-4.878746331671E-1,8.729137083996E-1));
#2078=AXIS2_PLACEMENT_3D('',#2075,#2076,#2077);
#2080=DIRECTION('',(0.E0,-4.226182617383E-1,-9.063077870378E-1));
#2081=VECTOR('',#2080,2.214638864091E-2);
#2082=CARTESIAN_POINT('',(8.105E0,1.077351123566E0,-8.625594265622E-1));
#2083=LINE('',#2082,#2081);
#2084=DIRECTION('',(1.383036645950E-13,5.303311836799E-2,-9.985927540074E-1));
#2085=VECTOR('',#2084,1.759612716774E0);
#2086=CARTESIAN_POINT('',(8.105E0,1.067991655295E0,-8.826308710422E-1));
#2087=LINE('',#2086,#2085);
#2088=DIRECTION('',(-4.941910867135E-13,9.138115486203E-1,-4.061384660534E-1));
#2089=VECTOR('',#2088,4.924428900898E-1);
#2090=CARTESIAN_POINT('',(8.105E0,2.5E-1,-4.2E0));
#2091=LINE('',#2090,#2089);
#2092=CARTESIAN_POINT('',(8.105E0,1.548899653687E0,-4.5E0));
#2093=DIRECTION('',(-1.E0,0.E0,0.E0));
#2094=DIRECTION('',(0.E0,0.E0,1.E0));
#2095=AXIS2_PLACEMENT_3D('',#2092,#2093,#2094);
#2097=DIRECTION('',(0.E0,5.233595624304E-2,-9.986295347546E-1));
#2098=VECTOR('',#2097,4.057897163273E-1);
#2099=CARTESIAN_POINT('',(8.105E0,1.648762607162E0,-4.494766404376E0));
#2100=LINE('',#2099,#2098);
#2101=DIRECTION('',(0.E0,-5.233595624329E-2,9.986295347546E-1));
#2102=VECTOR('',#2101,7.162151435867E-1);
#2103=CARTESIAN_POINT('',(8.105E0,1.87E0,-4.9E0));
#2104=LINE('',#2103,#2102);
#2105=CARTESIAN_POINT('',(8.105E0,1.732653242109E0,-4.19E0));
#2106=DIRECTION('',(1.E0,0.E0,0.E0));
#2107=DIRECTION('',(0.E0,9.986295347546E-1,5.233595624288E-2));
#2108=AXIS2_PLACEMENT_3D('',#2105,#2106,#2107);
#2110=DIRECTION('',(-1.E0,0.E0,0.E0));
#2111=VECTOR('',#2110,1.900000000005E-1);
#2112=CARTESIAN_POINT('',(8.295E0,1.077351123566E0,-8.625594265622E-1));
#2113=LINE('',#2112,#2111);
#2114=DIRECTION('',(-1.433512435949E-13,5.303311836799E-2,-9.985927540074E-1));
#2115=VECTOR('',#2114,1.759612716774E0);
#2116=CARTESIAN_POINT('',(8.295E0,1.067991655295E0,-8.826308710422E-1));
#2117=LINE('',#2116,#2115);
#2118=DIRECTION('',(3.208390980945E-13,-4.226182617383E-1,-9.063077870378E-1));
#2119=VECTOR('',#2118,2.214638864091E-2);
#2120=CARTESIAN_POINT('',(8.295E0,1.077351123566E0,-8.625594265622E-1));
#2121=LINE('',#2120,#2119);
#2122=CARTESIAN_POINT('',(8.295E0,1.349243459677E0,-9.893449050845E-1));
#2123=DIRECTION('',(1.E0,0.E0,0.E0));
#2124=DIRECTION('',(0.E0,-4.878746331671E-1,8.729137083996E-1));
#2125=AXIS2_PLACEMENT_3D('',#2122,#2123,#2124);
#2127=CARTESIAN_POINT('',(8.295E0,1.732653242109E0,-4.19E0));
#2128=DIRECTION('',(1.E0,0.E0,0.E0));
#2129=DIRECTION('',(0.E0,9.986295347546E-1,5.233595624288E-2));
#2130=AXIS2_PLACEMENT_3D('',#2127,#2128,#2129);
#2132=DIRECTION('',(0.E0,-5.233595624329E-2,9.986295347546E-1));
#2133=VECTOR('',#2132,7.162151435867E-1);
#2134=CARTESIAN_POINT('',(8.295E0,1.87E0,-4.9E0));
#2135=LINE('',#2134,#2133);
#2136=DIRECTION('',(1.751012179882E-14,5.233595624304E-2,-9.986295347546E-1));
#2137=VECTOR('',#2136,4.057897163273E-1);
#2138=CARTESIAN_POINT('',(8.295E0,1.648762607162E0,-4.494766404376E0));
#2139=LINE('',#2138,#2137);
#2140=CARTESIAN_POINT('',(8.295E0,1.548899653687E0,-4.5E0));
#2141=DIRECTION('',(-1.E0,0.E0,0.E0));
#2142=DIRECTION('',(0.E0,0.E0,1.E0));
#2143=AXIS2_PLACEMENT_3D('',#2140,#2141,#2142);
#2145=DIRECTION('',(5.122272577615E-13,9.138115486203E-1,-4.061384660534E-1));
#2146=VECTOR('',#2145,4.924428900898E-1);
#2147=CARTESIAN_POINT('',(8.295E0,2.5E-1,-4.2E0));
#2148=LINE('',#2147,#2146);
#2149=DIRECTION('',(-1.E0,0.E0,0.E0));
#2150=VECTOR('',#2149,1.900000000005E-1);
#2151=CARTESIAN_POINT('',(8.295E0,1.067991655295E0,-8.826308710422E-1));
#2152=LINE('',#2151,#2150);
#2153=DIRECTION('',(2.112960195579E-12,-1.E0,0.E0));
#2154=VECTOR('',#2153,1.126532421092E-1);
#2155=CARTESIAN_POINT('',(8.105E0,1.732653242109E0,-4.09E0));
#2156=LINE('',#2155,#2154);
#2157=DIRECTION('',(2.191801993921E-12,1.E0,0.E0));
#2158=VECTOR('',#2157,1.126532421092E-1);
#2159=CARTESIAN_POINT('',(8.295E0,1.62E0,-4.09E0));
#2160=LINE('',#2159,#2158);
#2161=DIRECTION('',(1.E0,0.E0,0.E0));
#2162=VECTOR('',#2161,1.900000000005E-1);
#2163=CARTESIAN_POINT('',(8.105E0,1.832516195584E0,-4.184766404376E0));
#2164=LINE('',#2163,#2162);
#2165=DIRECTION('',(-1.E0,0.E0,0.E0));
#2166=VECTOR('',#2165,1.900000000005E-1);
#2167=CARTESIAN_POINT('',(8.295E0,1.732653242109E0,-4.09E0));
#2168=LINE('',#2167,#2166);
#2169=DIRECTION('',(-1.E0,0.E0,0.E0));
#2170=VECTOR('',#2169,1.900000000005E-1);
#2171=CARTESIAN_POINT('',(8.295E0,1.87E0,-4.9E0));
#2172=LINE('',#2171,#2170);
#2173=DIRECTION('',(0.E0,1.E0,8.437694987149E-14));
#2174=VECTOR('',#2173,2.000000000001E-1);
#2175=CARTESIAN_POINT('',(8.105E0,1.67E0,-4.9E0));
#2176=LINE('',#2175,#2174);
#2177=DIRECTION('',(-1.E0,0.E0,0.E0));
#2178=VECTOR('',#2177,1.900000000005E-1);
#2179=CARTESIAN_POINT('',(8.295E0,1.67E0,-4.9E0));
#2180=LINE('',#2179,#2178);
#2181=DIRECTION('',(0.E0,-1.E0,-8.437694987149E-14));
#2182=VECTOR('',#2181,2.000000000001E-1);
#2183=CARTESIAN_POINT('',(8.295E0,1.87E0,-4.9E0));
#2184=LINE('',#2183,#2182);
#2185=DIRECTION('',(1.E0,0.E0,0.E0));
#2186=VECTOR('',#2185,1.900000000005E-1);
#2187=CARTESIAN_POINT('',(8.105E0,1.648762607162E0,-4.494766404376E0));
#2188=LINE('',#2187,#2186);
#2189=DIRECTION('',(-1.E0,0.E0,0.E0));
#2190=VECTOR('',#2189,1.900000000005E-1);
#2191=CARTESIAN_POINT('',(8.295E0,1.548899653687E0,-4.4E0));
#2192=LINE('',#2191,#2190);
#2193=DIRECTION('',(-1.E0,0.E0,0.E0));
#2194=VECTOR('',#2193,1.900000000005E-1);
#2195=CARTESIAN_POINT('',(8.295E0,7.E-1,-4.4E0));
#2196=LINE('',#2195,#2194);
#2197=DIRECTION('',(0.E0,-1.E0,1.851898273301E-13));
#2198=VECTOR('',#2197,8.488996536872E-1);
#2199=CARTESIAN_POINT('',(8.295E0,1.548899653687E0,-4.4E0));
#2200=LINE('',#2199,#2198);
#2201=DIRECTION('',(0.E0,1.E0,-1.851898273301E-13));
#2202=VECTOR('',#2201,8.488996536872E-1);
#2203=CARTESIAN_POINT('',(8.105E0,7.E-1,-4.4E0));
#2204=LINE('',#2203,#2202);
#2205=DIRECTION('',(1.E0,0.E0,0.E0));
#2206=VECTOR('',#2205,2.1E-1);
#2207=CARTESIAN_POINT('',(8.095E0,1.62E0,-3.5E0));
#2208=LINE('',#2207,#2206);
#2209=DIRECTION('',(-1.E0,0.E0,0.E0));
#2210=VECTOR('',#2209,2.1E-1);
#2211=CARTESIAN_POINT('',(8.305E0,1.82E0,-3.5E0));
#2212=LINE('',#2211,#2210);
#2213=DIRECTION('',(0.E0,0.E0,-1.E0));
#2214=VECTOR('',#2213,6.999999999999E-1);
#2215=CARTESIAN_POINT('',(8.095E0,1.62E0,-3.5E0));
#2216=LINE('',#2215,#2214);
#2217=DIRECTION('',(0.E0,-1.E0,-1.598721155460E-13));
#2218=VECTOR('',#2217,2.E-1);
#2219=CARTESIAN_POINT('',(8.095E0,1.82E0,-3.5E0));
#2220=LINE('',#2219,#2218);
#2221=DIRECTION('',(0.E0,0.E0,1.E0));
#2222=VECTOR('',#2221,7.E-1);
#2223=CARTESIAN_POINT('',(8.095E0,1.82E0,-4.2E0));
#2224=LINE('',#2223,#2222);
#2225=DIRECTION('',(0.E0,1.E0,-9.769962616701E-14));
#2226=VECTOR('',#2225,2.E-1);
#2227=CARTESIAN_POINT('',(8.095E0,1.62E0,-4.2E0));
#2228=LINE('',#2227,#2226);
#2229=DIRECTION('',(0.E0,0.E0,-1.E0));
#2230=VECTOR('',#2229,6.999999999999E-1);
#2231=CARTESIAN_POINT('',(7.805E0,1.62E0,-3.5E0));
#2232=LINE('',#2231,#2230);
#2233=DIRECTION('',(0.E0,1.E0,-9.769962616701E-14));
#2234=VECTOR('',#2233,2.E-1);
#2235=CARTESIAN_POINT('',(7.805E0,1.62E0,-4.2E0));
#2236=LINE('',#2235,#2234);
#2237=DIRECTION('',(0.E0,0.E0,1.E0));
#2238=VECTOR('',#2237,7.E-1);
#2239=CARTESIAN_POINT('',(7.805E0,1.82E0,-4.2E0));
#2240=LINE('',#2239,#2238);
#2241=DIRECTION('',(0.E0,-1.E0,-1.598721155460E-13));
#2242=VECTOR('',#2241,2.E-1);
#2243=CARTESIAN_POINT('',(7.805E0,1.82E0,-3.5E0));
#2244=LINE('',#2243,#2242);
#2245=DIRECTION('',(0.E0,0.E0,1.E0));
#2246=VECTOR('',#2245,1.1E-1);
#2247=CARTESIAN_POINT('',(7.605E0,1.62E0,-4.2E0));
#2248=LINE('',#2247,#2246);
#2249=DIRECTION('',(1.E0,0.E0,0.E0));
#2250=VECTOR('',#2249,1.9E-1);
#2251=CARTESIAN_POINT('',(7.605E0,1.62E0,-4.09E0));
#2252=LINE('',#2251,#2250);
#2253=DIRECTION('',(0.E0,0.E0,1.E0));
#2254=VECTOR('',#2253,1.1E-1);
#2255=CARTESIAN_POINT('',(7.795E0,1.62E0,-4.2E0));
#2256=LINE('',#2255,#2254);
#2257=DIRECTION('',(-1.E0,6.661338147751E-14,-1.953992523340E-12));
#2258=VECTOR('',#2257,1.E-2);
#2259=CARTESIAN_POINT('',(7.805E0,1.62E0,-4.2E0));
#2260=LINE('',#2259,#2258);
#2261=DIRECTION('',(-1.E0,-6.661338147750E-14,1.953992523340E-12));
#2262=VECTOR('',#2261,1.E-2);
#2263=CARTESIAN_POINT('',(7.605E0,1.62E0,-4.2E0));
#2264=LINE('',#2263,#2262);
#2265=CARTESIAN_POINT('',(7.605E0,1.349243459677E0,-9.893449050845E-1));
#2266=DIRECTION('',(1.E0,0.E0,0.E0));
#2267=DIRECTION('',(0.E0,-4.878746331671E-1,8.729137083996E-1));
#2268=AXIS2_PLACEMENT_3D('',#2265,#2266,#2267);
#2270=DIRECTION('',(0.E0,-4.226182617383E-1,-9.063077870378E-1));
#2271=VECTOR('',#2270,2.214638864091E-2);
#2272=CARTESIAN_POINT('',(7.605E0,1.077351123566E0,-8.625594265622E-1));
#2273=LINE('',#2272,#2271);
#2274=DIRECTION('',(1.388084224950E-13,5.303311836799E-2,-9.985927540074E-1));
#2275=VECTOR('',#2274,1.759612716774E0);
#2276=CARTESIAN_POINT('',(7.605E0,1.067991655295E0,-8.826308710422E-1));
#2277=LINE('',#2276,#2275);
#2278=DIRECTION('',(-4.959947038183E-13,9.138115486203E-1,-4.061384660534E-1));
#2279=VECTOR('',#2278,4.924428900898E-1);
#2280=CARTESIAN_POINT('',(7.605E0,2.5E-1,-4.2E0));
#2281=LINE('',#2280,#2279);
#2282=CARTESIAN_POINT('',(7.605E0,1.548899653687E0,-4.5E0));
#2283=DIRECTION('',(-1.E0,0.E0,0.E0));
#2284=DIRECTION('',(0.E0,0.E0,1.E0));
#2285=AXIS2_PLACEMENT_3D('',#2282,#2283,#2284);
#2287=DIRECTION('',(0.E0,5.233595624304E-2,-9.986295347546E-1));
#2288=VECTOR('',#2287,4.057897163273E-1);
#2289=CARTESIAN_POINT('',(7.605E0,1.648762607162E0,-4.494766404376E0));
#2290=LINE('',#2289,#2288);
#2291=DIRECTION('',(0.E0,-5.233595624329E-2,9.986295347546E-1));
#2292=VECTOR('',#2291,7.162151435867E-1);
#2293=CARTESIAN_POINT('',(7.605E0,1.87E0,-4.9E0));
#2294=LINE('',#2293,#2292);
#2295=CARTESIAN_POINT('',(7.605E0,1.732653242109E0,-4.19E0));
#2296=DIRECTION('',(1.E0,0.E0,0.E0));
#2297=DIRECTION('',(0.E0,9.986295347546E-1,5.233595624288E-2));
#2298=AXIS2_PLACEMENT_3D('',#2295,#2296,#2297);
#2300=DIRECTION('',(-1.E0,0.E0,0.E0));
#2301=VECTOR('',#2300,1.900000000005E-1);
#2302=CARTESIAN_POINT('',(7.795E0,1.077351123566E0,-8.625594265622E-1));
#2303=LINE('',#2302,#2301);
#2304=DIRECTION('',(-1.428464856949E-13,5.303311836799E-2,-9.985927540074E-1));
#2305=VECTOR('',#2304,1.759612716774E0);
#2306=CARTESIAN_POINT('',(7.795E0,1.067991655295E0,-8.826308710422E-1));
#2307=LINE('',#2306,#2305);
#2308=DIRECTION('',(3.609439853563E-13,-4.226182617383E-1,-9.063077870378E-1));
#2309=VECTOR('',#2308,2.214638864091E-2);
#2310=CARTESIAN_POINT('',(7.795E0,1.077351123566E0,-8.625594265622E-1));
#2311=LINE('',#2310,#2309);
#2312=CARTESIAN_POINT('',(7.795E0,1.349243459677E0,-9.893449050845E-1));
#2313=DIRECTION('',(1.E0,0.E0,0.E0));
#2314=DIRECTION('',(0.E0,-4.878746331671E-1,8.729137083996E-1));
#2315=AXIS2_PLACEMENT_3D('',#2312,#2313,#2314);
#2317=CARTESIAN_POINT('',(7.795E0,1.732653242109E0,-4.19E0));
#2318=DIRECTION('',(1.E0,0.E0,0.E0));
#2319=DIRECTION('',(0.E0,9.986295347546E-1,5.233595624288E-2));
#2320=AXIS2_PLACEMENT_3D('',#2317,#2318,#2319);
#2322=DIRECTION('',(0.E0,-5.233595624329E-2,9.986295347546E-1));
#2323=VECTOR('',#2322,7.162151435867E-1);
#2324=CARTESIAN_POINT('',(7.795E0,1.87E0,-4.9E0));
#2325=LINE('',#2324,#2323);
#2326=DIRECTION('',(1.969888702368E-14,5.233595624304E-2,-9.986295347546E-1));
#2327=VECTOR('',#2326,4.057897163273E-1);
#2328=CARTESIAN_POINT('',(7.795E0,1.648762607162E0,-4.494766404376E0));
#2329=LINE('',#2328,#2327);
#2330=CARTESIAN_POINT('',(7.795E0,1.548899653687E0,-4.5E0));
#2331=DIRECTION('',(-1.E0,0.E0,0.E0));
#2332=DIRECTION('',(0.E0,0.E0,1.E0));
#2333=AXIS2_PLACEMENT_3D('',#2330,#2331,#2332);
#2335=DIRECTION('',(5.122272577615E-13,9.138115486203E-1,-4.061384660534E-1));
#2336=VECTOR('',#2335,4.924428900898E-1);
#2337=CARTESIAN_POINT('',(7.795E0,2.5E-1,-4.2E0));
#2338=LINE('',#2337,#2336);
#2339=DIRECTION('',(-1.E0,0.E0,0.E0));
#2340=VECTOR('',#2339,1.900000000005E-1);
#2341=CARTESIAN_POINT('',(7.795E0,1.067991655295E0,-8.826308710422E-1));
#2342=LINE('',#2341,#2340);
#2343=DIRECTION('',(2.120844375413E-12,-1.E0,0.E0));
#2344=VECTOR('',#2343,1.126532421092E-1);
#2345=CARTESIAN_POINT('',(7.605E0,1.732653242109E0,-4.09E0));
#2346=LINE('',#2345,#2344);
#2347=DIRECTION('',(2.191801993921E-12,1.E0,0.E0));
#2348=VECTOR('',#2347,1.126532421092E-1);
#2349=CARTESIAN_POINT('',(7.795E0,1.62E0,-4.09E0));
#2350=LINE('',#2349,#2348);
#2351=DIRECTION('',(1.E0,0.E0,0.E0));
#2352=VECTOR('',#2351,1.900000000005E-1);
#2353=CARTESIAN_POINT('',(7.605E0,1.832516195584E0,-4.184766404376E0));
#2354=LINE('',#2353,#2352);
#2355=DIRECTION('',(-1.E0,0.E0,0.E0));
#2356=VECTOR('',#2355,1.900000000005E-1);
#2357=CARTESIAN_POINT('',(7.795E0,1.732653242109E0,-4.09E0));
#2358=LINE('',#2357,#2356);
#2359=DIRECTION('',(-1.E0,0.E0,0.E0));
#2360=VECTOR('',#2359,1.900000000005E-1);
#2361=CARTESIAN_POINT('',(7.795E0,1.87E0,-4.9E0));
#2362=LINE('',#2361,#2360);
#2363=DIRECTION('',(0.E0,1.E0,8.437694987149E-14));
#2364=VECTOR('',#2363,2.000000000001E-1);
#2365=CARTESIAN_POINT('',(7.605E0,1.67E0,-4.9E0));
#2366=LINE('',#2365,#2364);
#2367=DIRECTION('',(-1.E0,0.E0,0.E0));
#2368=VECTOR('',#2367,1.900000000005E-1);
#2369=CARTESIAN_POINT('',(7.795E0,1.67E0,-4.9E0));
#2370=LINE('',#2369,#2368);
#2371=DIRECTION('',(0.E0,-1.E0,-8.437694987149E-14));
#2372=VECTOR('',#2371,2.000000000001E-1);
#2373=CARTESIAN_POINT('',(7.795E0,1.87E0,-4.9E0));
#2374=LINE('',#2373,#2372);
#2375=DIRECTION('',(1.E0,0.E0,0.E0));
#2376=VECTOR('',#2375,1.900000000005E-1);
#2377=CARTESIAN_POINT('',(7.605E0,1.648762607162E0,-4.494766404376E0));
#2378=LINE('',#2377,#2376);
#2379=DIRECTION('',(-1.E0,0.E0,0.E0));
#2380=VECTOR('',#2379,1.900000000005E-1);
#2381=CARTESIAN_POINT('',(7.795E0,1.548899653687E0,-4.4E0));
#2382=LINE('',#2381,#2380);
#2383=DIRECTION('',(-1.E0,0.E0,0.E0));
#2384=VECTOR('',#2383,1.900000000005E-1);
#2385=CARTESIAN_POINT('',(7.795E0,7.E-1,-4.4E0));
#2386=LINE('',#2385,#2384);
#2387=DIRECTION('',(0.E0,-1.E0,1.851898273301E-13));
#2388=VECTOR('',#2387,8.488996536872E-1);
#2389=CARTESIAN_POINT('',(7.795E0,1.548899653687E0,-4.4E0));
#2390=LINE('',#2389,#2388);
#2391=DIRECTION('',(0.E0,1.E0,-1.851898273301E-13));
#2392=VECTOR('',#2391,8.488996536872E-1);
#2393=CARTESIAN_POINT('',(7.605E0,7.E-1,-4.4E0));
#2394=LINE('',#2393,#2392);
#2395=DIRECTION('',(1.E0,0.E0,0.E0));
#2396=VECTOR('',#2395,2.1E-1);
#2397=CARTESIAN_POINT('',(7.595E0,1.62E0,-3.5E0));
#2398=LINE('',#2397,#2396);
#2399=DIRECTION('',(-1.E0,0.E0,0.E0));
#2400=VECTOR('',#2399,2.1E-1);
#2401=CARTESIAN_POINT('',(7.805E0,1.82E0,-3.5E0));
#2402=LINE('',#2401,#2400);
#2403=DIRECTION('',(0.E0,0.E0,-1.E0));
#2404=VECTOR('',#2403,6.999999999999E-1);
#2405=CARTESIAN_POINT('',(7.595E0,1.62E0,-3.5E0));
#2406=LINE('',#2405,#2404);
#2407=DIRECTION('',(0.E0,-1.E0,-1.598721155460E-13));
#2408=VECTOR('',#2407,2.E-1);
#2409=CARTESIAN_POINT('',(7.595E0,1.82E0,-3.5E0));
#2410=LINE('',#2409,#2408);
#2411=DIRECTION('',(0.E0,0.E0,1.E0));
#2412=VECTOR('',#2411,7.E-1);
#2413=CARTESIAN_POINT('',(7.595E0,1.82E0,-4.2E0));
#2414=LINE('',#2413,#2412);
#2415=DIRECTION('',(0.E0,1.E0,-9.769962616701E-14));
#2416=VECTOR('',#2415,2.E-1);
#2417=CARTESIAN_POINT('',(7.595E0,1.62E0,-4.2E0));
#2418=LINE('',#2417,#2416);
#2419=DIRECTION('',(0.E0,0.E0,-1.E0));
#2420=VECTOR('',#2419,6.999999999999E-1);
#2421=CARTESIAN_POINT('',(7.305E0,1.62E0,-3.5E0));
#2422=LINE('',#2421,#2420);
#2423=DIRECTION('',(0.E0,1.E0,-9.769962616701E-14));
#2424=VECTOR('',#2423,2.E-1);
#2425=CARTESIAN_POINT('',(7.305E0,1.62E0,-4.2E0));
#2426=LINE('',#2425,#2424);
#2427=DIRECTION('',(0.E0,0.E0,1.E0));
#2428=VECTOR('',#2427,7.E-1);
#2429=CARTESIAN_POINT('',(7.305E0,1.82E0,-4.2E0));
#2430=LINE('',#2429,#2428);
#2431=DIRECTION('',(0.E0,-1.E0,-1.598721155460E-13));
#2432=VECTOR('',#2431,2.E-1);
#2433=CARTESIAN_POINT('',(7.305E0,1.82E0,-3.5E0));
#2434=LINE('',#2433,#2432);
#2435=DIRECTION('',(0.E0,0.E0,1.E0));
#2436=VECTOR('',#2435,1.1E-1);
#2437=CARTESIAN_POINT('',(7.105E0,1.62E0,-4.2E0));
#2438=LINE('',#2437,#2436);
#2439=DIRECTION('',(1.E0,0.E0,0.E0));
#2440=VECTOR('',#2439,1.9E-1);
#2441=CARTESIAN_POINT('',(7.105E0,1.62E0,-4.09E0));
#2442=LINE('',#2441,#2440);
#2443=DIRECTION('',(0.E0,0.E0,1.E0));
#2444=VECTOR('',#2443,1.1E-1);
#2445=CARTESIAN_POINT('',(7.295E0,1.62E0,-4.2E0));
#2446=LINE('',#2445,#2444);
#2447=DIRECTION('',(-1.E0,6.661338147751E-14,-1.953992523340E-12));
#2448=VECTOR('',#2447,1.E-2);
#2449=CARTESIAN_POINT('',(7.305E0,1.62E0,-4.2E0));
#2450=LINE('',#2449,#2448);
#2451=DIRECTION('',(-1.E0,-6.661338147750E-14,1.953992523340E-12));
#2452=VECTOR('',#2451,1.E-2);
#2453=CARTESIAN_POINT('',(7.105E0,1.62E0,-4.2E0));
#2454=LINE('',#2453,#2452);
#2455=CARTESIAN_POINT('',(7.105E0,1.349243459677E0,-9.893449050845E-1));
#2456=DIRECTION('',(1.E0,0.E0,0.E0));
#2457=DIRECTION('',(0.E0,-4.878746331671E-1,8.729137083996E-1));
#2458=AXIS2_PLACEMENT_3D('',#2455,#2456,#2457);
#2460=DIRECTION('',(0.E0,-4.226182617383E-1,-9.063077870378E-1));
#2461=VECTOR('',#2460,2.214638864091E-2);
#2462=CARTESIAN_POINT('',(7.105E0,1.077351123566E0,-8.625594265622E-1));
#2463=LINE('',#2462,#2461);
#2464=DIRECTION('',(1.388084224950E-13,5.303311836799E-2,-9.985927540074E-1));
#2465=VECTOR('',#2464,1.759612716774E0);
#2466=CARTESIAN_POINT('',(7.105E0,1.067991655295E0,-8.826308710422E-1));
#2467=LINE('',#2466,#2465);
#2468=DIRECTION('',(-4.959947038183E-13,9.138115486203E-1,-4.061384660534E-1));
#2469=VECTOR('',#2468,4.924428900898E-1);
#2470=CARTESIAN_POINT('',(7.105E0,2.5E-1,-4.2E0));
#2471=LINE('',#2470,#2469);
#2472=CARTESIAN_POINT('',(7.105E0,1.548899653687E0,-4.5E0));
#2473=DIRECTION('',(-1.E0,0.E0,0.E0));
#2474=DIRECTION('',(0.E0,0.E0,1.E0));
#2475=AXIS2_PLACEMENT_3D('',#2472,#2473,#2474);
#2477=DIRECTION('',(0.E0,5.233595624304E-2,-9.986295347546E-1));
#2478=VECTOR('',#2477,4.057897163273E-1);
#2479=CARTESIAN_POINT('',(7.105E0,1.648762607162E0,-4.494766404376E0));
#2480=LINE('',#2479,#2478);
#2481=DIRECTION('',(0.E0,-5.233595624329E-2,9.986295347546E-1));
#2482=VECTOR('',#2481,7.162151435867E-1);
#2483=CARTESIAN_POINT('',(7.105E0,1.87E0,-4.9E0));
#2484=LINE('',#2483,#2482);
#2485=CARTESIAN_POINT('',(7.105E0,1.732653242109E0,-4.19E0));
#2486=DIRECTION('',(1.E0,0.E0,0.E0));
#2487=DIRECTION('',(0.E0,9.986295347546E-1,5.233595624288E-2));
#2488=AXIS2_PLACEMENT_3D('',#2485,#2486,#2487);
#2490=DIRECTION('',(-1.E0,0.E0,0.E0));
#2491=VECTOR('',#2490,1.900000000005E-1);
#2492=CARTESIAN_POINT('',(7.295E0,1.077351123566E0,-8.625594265622E-1));
#2493=LINE('',#2492,#2491);
#2494=DIRECTION('',(-1.428464856949E-13,5.303311836799E-2,-9.985927540074E-1));
#2495=VECTOR('',#2494,1.759612716774E0);
#2496=CARTESIAN_POINT('',(7.295E0,1.067991655295E0,-8.826308710422E-1));
#2497=LINE('',#2496,#2495);
#2498=DIRECTION('',(3.609439853563E-13,-4.226182617383E-1,-9.063077870378E-1));
#2499=VECTOR('',#2498,2.214638864091E-2);
#2500=CARTESIAN_POINT('',(7.295E0,1.077351123566E0,-8.625594265622E-1));
#2501=LINE('',#2500,#2499);
#2502=CARTESIAN_POINT('',(7.295E0,1.349243459677E0,-9.893449050845E-1));
#2503=DIRECTION('',(1.E0,0.E0,0.E0));
#2504=DIRECTION('',(0.E0,-4.878746331671E-1,8.729137083996E-1));
#2505=AXIS2_PLACEMENT_3D('',#2502,#2503,#2504);
#2507=CARTESIAN_POINT('',(7.295E0,1.732653242109E0,-4.19E0));
#2508=DIRECTION('',(1.E0,0.E0,0.E0));
#2509=DIRECTION('',(0.E0,9.986295347546E-1,5.233595624288E-2));
#2510=AXIS2_PLACEMENT_3D('',#2507,#2508,#2509);
#2512=DIRECTION('',(0.E0,-5.233595624329E-2,9.986295347546E-1));
#2513=VECTOR('',#2512,7.162151435867E-1);
#2514=CARTESIAN_POINT('',(7.295E0,1.87E0,-4.9E0));
#2515=LINE('',#2514,#2513);
#2516=DIRECTION('',(1.969888702368E-14,5.233595624304E-2,-9.986295347546E-1));
#2517=VECTOR('',#2516,4.057897163273E-1);
#2518=CARTESIAN_POINT('',(7.295E0,1.648762607162E0,-4.494766404376E0));
#2519=LINE('',#2518,#2517);
#2520=CARTESIAN_POINT('',(7.295E0,1.548899653687E0,-4.5E0));
#2521=DIRECTION('',(-1.E0,0.E0,0.E0));
#2522=DIRECTION('',(0.E0,0.E0,1.E0));
#2523=AXIS2_PLACEMENT_3D('',#2520,#2521,#2522);
#2525=DIRECTION('',(5.122272577615E-13,9.138115486203E-1,-4.061384660534E-1));
#2526=VECTOR('',#2525,4.924428900898E-1);
#2527=CARTESIAN_POINT('',(7.295E0,2.5E-1,-4.2E0));
#2528=LINE('',#2527,#2526);
#2529=DIRECTION('',(-1.E0,0.E0,0.E0));
#2530=VECTOR('',#2529,1.900000000005E-1);
#2531=CARTESIAN_POINT('',(7.295E0,1.067991655295E0,-8.826308710422E-1));
#2532=LINE('',#2531,#2530);
#2533=DIRECTION('',(2.120844375413E-12,-1.E0,0.E0));
#2534=VECTOR('',#2533,1.126532421092E-1);
#2535=CARTESIAN_POINT('',(7.105E0,1.732653242109E0,-4.09E0));
#2536=LINE('',#2535,#2534);
#2537=DIRECTION('',(2.191801993921E-12,1.E0,0.E0));
#2538=VECTOR('',#2537,1.126532421092E-1);
#2539=CARTESIAN_POINT('',(7.295E0,1.62E0,-4.09E0));
#2540=LINE('',#2539,#2538);
#2541=DIRECTION('',(1.E0,0.E0,0.E0));
#2542=VECTOR('',#2541,1.900000000005E-1);
#2543=CARTESIAN_POINT('',(7.105E0,1.832516195584E0,-4.184766404376E0));
#2544=LINE('',#2543,#2542);
#2545=DIRECTION('',(-1.E0,0.E0,0.E0));
#2546=VECTOR('',#2545,1.900000000005E-1);
#2547=CARTESIAN_POINT('',(7.295E0,1.732653242109E0,-4.09E0));
#2548=LINE('',#2547,#2546);
#2549=DIRECTION('',(-1.E0,0.E0,0.E0));
#2550=VECTOR('',#2549,1.900000000005E-1);
#2551=CARTESIAN_POINT('',(7.295E0,1.87E0,-4.9E0));
#2552=LINE('',#2551,#2550);
#2553=DIRECTION('',(0.E0,1.E0,8.437694987149E-14));
#2554=VECTOR('',#2553,2.000000000001E-1);
#2555=CARTESIAN_POINT('',(7.105E0,1.67E0,-4.9E0));
#2556=LINE('',#2555,#2554);
#2557=DIRECTION('',(-1.E0,0.E0,0.E0));
#2558=VECTOR('',#2557,1.900000000005E-1);
#2559=CARTESIAN_POINT('',(7.295E0,1.67E0,-4.9E0));
#2560=LINE('',#2559,#2558);
#2561=DIRECTION('',(0.E0,-1.E0,-8.437694987149E-14));
#2562=VECTOR('',#2561,2.000000000001E-1);
#2563=CARTESIAN_POINT('',(7.295E0,1.87E0,-4.9E0));
#2564=LINE('',#2563,#2562);
#2565=DIRECTION('',(1.E0,0.E0,0.E0));
#2566=VECTOR('',#2565,1.900000000005E-1);
#2567=CARTESIAN_POINT('',(7.105E0,1.648762607162E0,-4.494766404376E0));
#2568=LINE('',#2567,#2566);
#2569=DIRECTION('',(-1.E0,0.E0,0.E0));
#2570=VECTOR('',#2569,1.900000000005E-1);
#2571=CARTESIAN_POINT('',(7.295E0,1.548899653687E0,-4.4E0));
#2572=LINE('',#2571,#2570);
#2573=DIRECTION('',(-1.E0,0.E0,0.E0));
#2574=VECTOR('',#2573,1.900000000005E-1);
#2575=CARTESIAN_POINT('',(7.295E0,7.E-1,-4.4E0));
#2576=LINE('',#2575,#2574);
#2577=DIRECTION('',(0.E0,-1.E0,1.851898273301E-13));
#2578=VECTOR('',#2577,8.488996536872E-1);
#2579=CARTESIAN_POINT('',(7.295E0,1.548899653687E0,-4.4E0));
#2580=LINE('',#2579,#2578);
#2581=DIRECTION('',(0.E0,1.E0,-1.851898273301E-13));
#2582=VECTOR('',#2581,8.488996536872E-1);
#2583=CARTESIAN_POINT('',(7.105E0,7.E-1,-4.4E0));
#2584=LINE('',#2583,#2582);
#2585=DIRECTION('',(1.E0,0.E0,0.E0));
#2586=VECTOR('',#2585,2.1E-1);
#2587=CARTESIAN_POINT('',(7.095E0,1.62E0,-3.5E0));
#2588=LINE('',#2587,#2586);
#2589=DIRECTION('',(-1.E0,0.E0,0.E0));
#2590=VECTOR('',#2589,2.1E-1);
#2591=CARTESIAN_POINT('',(7.305E0,1.82E0,-3.5E0));
#2592=LINE('',#2591,#2590);
#2593=DIRECTION('',(0.E0,0.E0,-1.E0));
#2594=VECTOR('',#2593,6.999999999999E-1);
#2595=CARTESIAN_POINT('',(7.095E0,1.62E0,-3.5E0));
#2596=LINE('',#2595,#2594);
#2597=DIRECTION('',(0.E0,-1.E0,-1.598721155460E-13));
#2598=VECTOR('',#2597,2.E-1);
#2599=CARTESIAN_POINT('',(7.095E0,1.82E0,-3.5E0));
#2600=LINE('',#2599,#2598);
#2601=DIRECTION('',(0.E0,0.E0,1.E0));
#2602=VECTOR('',#2601,7.E-1);
#2603=CARTESIAN_POINT('',(7.095E0,1.82E0,-4.2E0));
#2604=LINE('',#2603,#2602);
#2605=DIRECTION('',(0.E0,1.E0,-9.769962616701E-14));
#2606=VECTOR('',#2605,2.E-1);
#2607=CARTESIAN_POINT('',(7.095E0,1.62E0,-4.2E0));
#2608=LINE('',#2607,#2606);
#2609=DIRECTION('',(0.E0,0.E0,-1.E0));
#2610=VECTOR('',#2609,6.999999999999E-1);
#2611=CARTESIAN_POINT('',(6.805E0,1.62E0,-3.5E0));
#2612=LINE('',#2611,#2610);
#2613=DIRECTION('',(0.E0,1.E0,-9.769962616701E-14));
#2614=VECTOR('',#2613,2.E-1);
#2615=CARTESIAN_POINT('',(6.805E0,1.62E0,-4.2E0));
#2616=LINE('',#2615,#2614);
#2617=DIRECTION('',(0.E0,0.E0,1.E0));
#2618=VECTOR('',#2617,7.E-1);
#2619=CARTESIAN_POINT('',(6.805E0,1.82E0,-4.2E0));
#2620=LINE('',#2619,#2618);
#2621=DIRECTION('',(0.E0,-1.E0,-1.598721155460E-13));
#2622=VECTOR('',#2621,2.E-1);
#2623=CARTESIAN_POINT('',(6.805E0,1.82E0,-3.5E0));
#2624=LINE('',#2623,#2622);
#2625=DIRECTION('',(0.E0,0.E0,1.E0));
#2626=VECTOR('',#2625,1.1E-1);
#2627=CARTESIAN_POINT('',(6.605E0,1.62E0,-4.2E0));
#2628=LINE('',#2627,#2626);
#2629=DIRECTION('',(1.E0,0.E0,0.E0));
#2630=VECTOR('',#2629,1.9E-1);
#2631=CARTESIAN_POINT('',(6.605E0,1.62E0,-4.09E0));
#2632=LINE('',#2631,#2630);
#2633=DIRECTION('',(0.E0,0.E0,1.E0));
#2634=VECTOR('',#2633,1.1E-1);
#2635=CARTESIAN_POINT('',(6.795E0,1.62E0,-4.2E0));
#2636=LINE('',#2635,#2634);
#2637=DIRECTION('',(-1.E0,6.661338147751E-14,-1.953992523340E-12));
#2638=VECTOR('',#2637,1.E-2);
#2639=CARTESIAN_POINT('',(6.805E0,1.62E0,-4.2E0));
#2640=LINE('',#2639,#2638);
#2641=DIRECTION('',(-1.E0,-6.661338147750E-14,1.953992523340E-12));
#2642=VECTOR('',#2641,1.E-2);
#2643=CARTESIAN_POINT('',(6.605E0,1.62E0,-4.2E0));
#2644=LINE('',#2643,#2642);
#2645=CARTESIAN_POINT('',(6.605E0,1.349243459677E0,-9.893449050845E-1));
#2646=DIRECTION('',(1.E0,0.E0,0.E0));
#2647=DIRECTION('',(0.E0,-4.878746331671E-1,8.729137083996E-1));
#2648=AXIS2_PLACEMENT_3D('',#2645,#2646,#2647);
#2650=DIRECTION('',(0.E0,-4.226182617383E-1,-9.063077870378E-1));
#2651=VECTOR('',#2650,2.214638864091E-2);
#2652=CARTESIAN_POINT('',(6.605E0,1.077351123566E0,-8.625594265622E-1));
#2653=LINE('',#2652,#2651);
#2654=DIRECTION('',(1.388084224950E-13,5.303311836799E-2,-9.985927540074E-1));
#2655=VECTOR('',#2654,1.759612716774E0);
#2656=CARTESIAN_POINT('',(6.605E0,1.067991655295E0,-8.826308710422E-1));
#2657=LINE('',#2656,#2655);
#2658=DIRECTION('',(-4.959947038183E-13,9.138115486203E-1,-4.061384660534E-1));
#2659=VECTOR('',#2658,4.924428900898E-1);
#2660=CARTESIAN_POINT('',(6.605E0,2.5E-1,-4.2E0));
#2661=LINE('',#2660,#2659);
#2662=CARTESIAN_POINT('',(6.605E0,1.548899653687E0,-4.5E0));
#2663=DIRECTION('',(-1.E0,0.E0,0.E0));
#2664=DIRECTION('',(0.E0,0.E0,1.E0));
#2665=AXIS2_PLACEMENT_3D('',#2662,#2663,#2664);
#2667=DIRECTION('',(0.E0,5.233595624304E-2,-9.986295347546E-1));
#2668=VECTOR('',#2667,4.057897163273E-1);
#2669=CARTESIAN_POINT('',(6.605E0,1.648762607162E0,-4.494766404376E0));
#2670=LINE('',#2669,#2668);
#2671=DIRECTION('',(0.E0,-5.233595624329E-2,9.986295347546E-1));
#2672=VECTOR('',#2671,7.162151435867E-1);
#2673=CARTESIAN_POINT('',(6.605E0,1.87E0,-4.9E0));
#2674=LINE('',#2673,#2672);
#2675=CARTESIAN_POINT('',(6.605E0,1.732653242109E0,-4.19E0));
#2676=DIRECTION('',(1.E0,0.E0,0.E0));
#2677=DIRECTION('',(0.E0,9.986295347546E-1,5.233595624288E-2));
#2678=AXIS2_PLACEMENT_3D('',#2675,#2676,#2677);
#2680=DIRECTION('',(-1.E0,0.E0,0.E0));
#2681=VECTOR('',#2680,1.900000000005E-1);
#2682=CARTESIAN_POINT('',(6.795E0,1.077351123566E0,-8.625594265622E-1));
#2683=LINE('',#2682,#2681);
#2684=DIRECTION('',(-1.428464856949E-13,5.303311836799E-2,-9.985927540074E-1));
#2685=VECTOR('',#2684,1.759612716774E0);
#2686=CARTESIAN_POINT('',(6.795E0,1.067991655295E0,-8.826308710422E-1));
#2687=LINE('',#2686,#2685);
#2688=DIRECTION('',(3.609439853563E-13,-4.226182617383E-1,-9.063077870378E-1));
#2689=VECTOR('',#2688,2.214638864091E-2);
#2690=CARTESIAN_POINT('',(6.795E0,1.077351123566E0,-8.625594265622E-1));
#2691=LINE('',#2690,#2689);
#2692=CARTESIAN_POINT('',(6.795E0,1.349243459677E0,-9.893449050845E-1));
#2693=DIRECTION('',(1.E0,0.E0,0.E0));
#2694=DIRECTION('',(0.E0,-4.878746331671E-1,8.729137083996E-1));
#2695=AXIS2_PLACEMENT_3D('',#2692,#2693,#2694);
#2697=CARTESIAN_POINT('',(6.795E0,1.732653242109E0,-4.19E0));
#2698=DIRECTION('',(1.E0,0.E0,0.E0));
#2699=DIRECTION('',(0.E0,9.986295347546E-1,5.233595624288E-2));
#2700=AXIS2_PLACEMENT_3D('',#2697,#2698,#2699);
#2702=DIRECTION('',(0.E0,-5.233595624329E-2,9.986295347546E-1));
#2703=VECTOR('',#2702,7.162151435867E-1);
#2704=CARTESIAN_POINT('',(6.795E0,1.87E0,-4.9E0));
#2705=LINE('',#2704,#2703);
#2706=DIRECTION('',(1.969888702368E-14,5.233595624304E-2,-9.986295347546E-1));
#2707=VECTOR('',#2706,4.057897163273E-1);
#2708=CARTESIAN_POINT('',(6.795E0,1.648762607162E0,-4.494766404376E0));
#2709=LINE('',#2708,#2707);
#2710=CARTESIAN_POINT('',(6.795E0,1.548899653687E0,-4.5E0));
#2711=DIRECTION('',(-1.E0,0.E0,0.E0));
#2712=DIRECTION('',(0.E0,0.E0,1.E0));
#2713=AXIS2_PLACEMENT_3D('',#2710,#2711,#2712);
#2715=DIRECTION('',(5.122272577615E-13,9.138115486203E-1,-4.061384660534E-1));
#2716=VECTOR('',#2715,4.924428900898E-1);
#2717=CARTESIAN_POINT('',(6.795E0,2.5E-1,-4.2E0));
#2718=LINE('',#2717,#2716);
#2719=DIRECTION('',(-1.E0,0.E0,0.E0));
#2720=VECTOR('',#2719,1.900000000005E-1);
#2721=CARTESIAN_POINT('',(6.795E0,1.067991655295E0,-8.826308710422E-1));
#2722=LINE('',#2721,#2720);
#2723=DIRECTION('',(2.120844375413E-12,-1.E0,0.E0));
#2724=VECTOR('',#2723,1.126532421092E-1);
#2725=CARTESIAN_POINT('',(6.605E0,1.732653242109E0,-4.09E0));
#2726=LINE('',#2725,#2724);
#2727=DIRECTION('',(2.191801993921E-12,1.E0,0.E0));
#2728=VECTOR('',#2727,1.126532421092E-1);
#2729=CARTESIAN_POINT('',(6.795E0,1.62E0,-4.09E0));
#2730=LINE('',#2729,#2728);
#2731=DIRECTION('',(1.E0,0.E0,0.E0));
#2732=VECTOR('',#2731,1.900000000005E-1);
#2733=CARTESIAN_POINT('',(6.605E0,1.832516195584E0,-4.184766404376E0));
#2734=LINE('',#2733,#2732);
#2735=DIRECTION('',(-1.E0,0.E0,0.E0));
#2736=VECTOR('',#2735,1.900000000005E-1);
#2737=CARTESIAN_POINT('',(6.795E0,1.732653242109E0,-4.09E0));
#2738=LINE('',#2737,#2736);
#2739=DIRECTION('',(-1.E0,0.E0,0.E0));
#2740=VECTOR('',#2739,1.900000000005E-1);
#2741=CARTESIAN_POINT('',(6.795E0,1.87E0,-4.9E0));
#2742=LINE('',#2741,#2740);
#2743=DIRECTION('',(0.E0,1.E0,8.437694987149E-14));
#2744=VECTOR('',#2743,2.000000000001E-1);
#2745=CARTESIAN_POINT('',(6.605E0,1.67E0,-4.9E0));
#2746=LINE('',#2745,#2744);
#2747=DIRECTION('',(-1.E0,0.E0,0.E0));
#2748=VECTOR('',#2747,1.900000000005E-1);
#2749=CARTESIAN_POINT('',(6.795E0,1.67E0,-4.9E0));
#2750=LINE('',#2749,#2748);
#2751=DIRECTION('',(0.E0,-1.E0,-8.437694987149E-14));
#2752=VECTOR('',#2751,2.000000000001E-1);
#2753=CARTESIAN_POINT('',(6.795E0,1.87E0,-4.9E0));
#2754=LINE('',#2753,#2752);
#2755=DIRECTION('',(1.E0,0.E0,0.E0));
#2756=VECTOR('',#2755,1.900000000005E-1);
#2757=CARTESIAN_POINT('',(6.605E0,1.648762607162E0,-4.494766404376E0));
#2758=LINE('',#2757,#2756);
#2759=DIRECTION('',(-1.E0,0.E0,0.E0));
#2760=VECTOR('',#2759,1.900000000005E-1);
#2761=CARTESIAN_POINT('',(6.795E0,1.548899653687E0,-4.4E0));
#2762=LINE('',#2761,#2760);
#2763=DIRECTION('',(-1.E0,0.E0,0.E0));
#2764=VECTOR('',#2763,1.900000000005E-1);
#2765=CARTESIAN_POINT('',(6.795E0,7.E-1,-4.4E0));
#2766=LINE('',#2765,#2764);
#2767=DIRECTION('',(0.E0,-1.E0,1.851898273301E-13));
#2768=VECTOR('',#2767,8.488996536872E-1);
#2769=CARTESIAN_POINT('',(6.795E0,1.548899653687E0,-4.4E0));
#2770=LINE('',#2769,#2768);
#2771=DIRECTION('',(0.E0,1.E0,-1.851898273301E-13));
#2772=VECTOR('',#2771,8.488996536872E-1);
#2773=CARTESIAN_POINT('',(6.605E0,7.E-1,-4.4E0));
#2774=LINE('',#2773,#2772);
#2775=DIRECTION('',(1.E0,0.E0,0.E0));
#2776=VECTOR('',#2775,2.1E-1);
#2777=CARTESIAN_POINT('',(6.595E0,1.62E0,-3.5E0));
#2778=LINE('',#2777,#2776);
#2779=DIRECTION('',(-1.E0,0.E0,0.E0));
#2780=VECTOR('',#2779,2.1E-1);
#2781=CARTESIAN_POINT('',(6.805E0,1.82E0,-3.5E0));
#2782=LINE('',#2781,#2780);
#2783=DIRECTION('',(0.E0,0.E0,-1.E0));
#2784=VECTOR('',#2783,6.999999999999E-1);
#2785=CARTESIAN_POINT('',(6.595E0,1.62E0,-3.5E0));
#2786=LINE('',#2785,#2784);
#2787=DIRECTION('',(0.E0,-1.E0,-1.598721155460E-13));
#2788=VECTOR('',#2787,2.E-1);
#2789=CARTESIAN_POINT('',(6.595E0,1.82E0,-3.5E0));
#2790=LINE('',#2789,#2788);
#2791=DIRECTION('',(0.E0,0.E0,1.E0));
#2792=VECTOR('',#2791,7.E-1);
#2793=CARTESIAN_POINT('',(6.595E0,1.82E0,-4.2E0));
#2794=LINE('',#2793,#2792);
#2795=DIRECTION('',(0.E0,1.E0,-9.769962616701E-14));
#2796=VECTOR('',#2795,2.E-1);
#2797=CARTESIAN_POINT('',(6.595E0,1.62E0,-4.2E0));
#2798=LINE('',#2797,#2796);
#2799=DIRECTION('',(0.E0,0.E0,-1.E0));
#2800=VECTOR('',#2799,6.999999999999E-1);
#2801=CARTESIAN_POINT('',(6.305E0,1.62E0,-3.5E0));
#2802=LINE('',#2801,#2800);
#2803=DIRECTION('',(0.E0,1.E0,-9.769962616701E-14));
#2804=VECTOR('',#2803,2.E-1);
#2805=CARTESIAN_POINT('',(6.305E0,1.62E0,-4.2E0));
#2806=LINE('',#2805,#2804);
#2807=DIRECTION('',(0.E0,0.E0,1.E0));
#2808=VECTOR('',#2807,7.E-1);
#2809=CARTESIAN_POINT('',(6.305E0,1.82E0,-4.2E0));
#2810=LINE('',#2809,#2808);
#2811=DIRECTION('',(0.E0,-1.E0,-1.598721155460E-13));
#2812=VECTOR('',#2811,2.E-1);
#2813=CARTESIAN_POINT('',(6.305E0,1.82E0,-3.5E0));
#2814=LINE('',#2813,#2812);
#2815=DIRECTION('',(0.E0,0.E0,1.E0));
#2816=VECTOR('',#2815,1.1E-1);
#2817=CARTESIAN_POINT('',(6.105E0,1.62E0,-4.2E0));
#2818=LINE('',#2817,#2816);
#2819=DIRECTION('',(1.E0,0.E0,0.E0));
#2820=VECTOR('',#2819,1.9E-1);
#2821=CARTESIAN_POINT('',(6.105E0,1.62E0,-4.09E0));
#2822=LINE('',#2821,#2820);
#2823=DIRECTION('',(0.E0,0.E0,1.E0));
#2824=VECTOR('',#2823,1.1E-1);
#2825=CARTESIAN_POINT('',(6.295E0,1.62E0,-4.2E0));
#2826=LINE('',#2825,#2824);
#2827=DIRECTION('',(-1.E0,6.661338147751E-14,-1.953992523340E-12));
#2828=VECTOR('',#2827,1.E-2);
#2829=CARTESIAN_POINT('',(6.305E0,1.62E0,-4.2E0));
#2830=LINE('',#2829,#2828);
#2831=DIRECTION('',(-1.E0,-6.661338147750E-14,1.953992523340E-12));
#2832=VECTOR('',#2831,1.E-2);
#2833=CARTESIAN_POINT('',(6.105E0,1.62E0,-4.2E0));
#2834=LINE('',#2833,#2832);
#2835=CARTESIAN_POINT('',(6.105E0,1.349243459677E0,-9.893449050845E-1));
#2836=DIRECTION('',(1.E0,0.E0,0.E0));
#2837=DIRECTION('',(0.E0,-4.878746331671E-1,8.729137083996E-1));
#2838=AXIS2_PLACEMENT_3D('',#2835,#2836,#2837);
#2840=DIRECTION('',(0.E0,-4.226182617383E-1,-9.063077870378E-1));
#2841=VECTOR('',#2840,2.214638864091E-2);
#2842=CARTESIAN_POINT('',(6.105E0,1.077351123566E0,-8.625594265622E-1));
#2843=LINE('',#2842,#2841);
#2844=DIRECTION('',(1.372941487951E-13,5.303311836799E-2,-9.985927540074E-1));
#2845=VECTOR('',#2844,1.759612716774E0);
#2846=CARTESIAN_POINT('',(6.105E0,1.067991655295E0,-8.826308710422E-1));
#2847=LINE('',#2846,#2845);
#2848=DIRECTION('',(-4.905838525039E-13,9.138115486203E-1,-4.061384660534E-1));
#2849=VECTOR('',#2848,4.924428900898E-1);
#2850=CARTESIAN_POINT('',(6.105E0,2.5E-1,-4.2E0));
#2851=LINE('',#2850,#2849);
#2852=CARTESIAN_POINT('',(6.105E0,1.548899653687E0,-4.5E0));
#2853=DIRECTION('',(-1.E0,0.E0,0.E0));
#2854=DIRECTION('',(0.E0,0.E0,1.E0));
#2855=AXIS2_PLACEMENT_3D('',#2852,#2853,#2854);
#2857=DIRECTION('',(0.E0,5.233595624304E-2,-9.986295347546E-1));
#2858=VECTOR('',#2857,4.057897163273E-1);
#2859=CARTESIAN_POINT('',(6.105E0,1.648762607162E0,-4.494766404376E0));
#2860=LINE('',#2859,#2858);
#2861=DIRECTION('',(0.E0,-5.233595624329E-2,9.986295347546E-1));
#2862=VECTOR('',#2861,7.162151435867E-1);
#2863=CARTESIAN_POINT('',(6.105E0,1.87E0,-4.9E0));
#2864=LINE('',#2863,#2862);
#2865=CARTESIAN_POINT('',(6.105E0,1.732653242109E0,-4.19E0));
#2866=DIRECTION('',(1.E0,0.E0,0.E0));
#2867=DIRECTION('',(0.E0,9.986295347546E-1,5.233595624288E-2));
#2868=AXIS2_PLACEMENT_3D('',#2865,#2866,#2867);
#2870=DIRECTION('',(-1.E0,0.E0,0.E0));
#2871=VECTOR('',#2870,1.900000000005E-1);
#2872=CARTESIAN_POINT('',(6.295E0,1.077351123566E0,-8.625594265622E-1));
#2873=LINE('',#2872,#2871);
#2874=DIRECTION('',(-1.433512435949E-13,5.303311836799E-2,-9.985927540074E-1));
#2875=VECTOR('',#2874,1.759612716774E0);
#2876=CARTESIAN_POINT('',(6.295E0,1.067991655295E0,-8.826308710422E-1));
#2877=LINE('',#2876,#2875);
#2878=DIRECTION('',(4.010488726182E-13,-4.226182617383E-1,-9.063077870378E-1));
#2879=VECTOR('',#2878,2.214638864091E-2);
#2880=CARTESIAN_POINT('',(6.295E0,1.077351123566E0,-8.625594265622E-1));
#2881=LINE('',#2880,#2879);
#2882=CARTESIAN_POINT('',(6.295E0,1.349243459677E0,-9.893449050845E-1));
#2883=DIRECTION('',(1.E0,0.E0,0.E0));
#2884=DIRECTION('',(0.E0,-4.878746331671E-1,8.729137083996E-1));
#2885=AXIS2_PLACEMENT_3D('',#2882,#2883,#2884);
#2887=CARTESIAN_POINT('',(6.295E0,1.732653242109E0,-4.19E0));
#2888=DIRECTION('',(1.E0,0.E0,0.E0));
#2889=DIRECTION('',(0.E0,9.986295347546E-1,5.233595624288E-2));
#2890=AXIS2_PLACEMENT_3D('',#2887,#2888,#2889);
#2892=DIRECTION('',(0.E0,-5.233595624329E-2,9.986295347546E-1));
#2893=VECTOR('',#2892,7.162151435867E-1);
#2894=CARTESIAN_POINT('',(6.295E0,1.87E0,-4.9E0));
#2895=LINE('',#2894,#2893);
#2896=DIRECTION('',(2.188765224853E-14,5.233595624304E-2,-9.986295347546E-1));
#2897=VECTOR('',#2896,4.057897163273E-1);
#2898=CARTESIAN_POINT('',(6.295E0,1.648762607162E0,-4.494766404376E0));
#2899=LINE('',#2898,#2897);
#2900=CARTESIAN_POINT('',(6.295E0,1.548899653687E0,-4.5E0));
#2901=DIRECTION('',(-1.E0,0.E0,0.E0));
#2902=DIRECTION('',(0.E0,0.E0,1.E0));
#2903=AXIS2_PLACEMENT_3D('',#2900,#2901,#2902);
#2905=DIRECTION('',(5.122272577615E-13,9.138115486203E-1,-4.061384660534E-1));
#2906=VECTOR('',#2905,4.924428900898E-1);
#2907=CARTESIAN_POINT('',(6.295E0,2.5E-1,-4.2E0));
#2908=LINE('',#2907,#2906);
#2909=DIRECTION('',(-1.E0,0.E0,0.E0));
#2910=VECTOR('',#2909,1.900000000005E-1);
#2911=CARTESIAN_POINT('',(6.295E0,1.067991655295E0,-8.826308710422E-1));
#2912=LINE('',#2911,#2910);
#2913=DIRECTION('',(2.128728555247E-12,-1.E0,0.E0));
#2914=VECTOR('',#2913,1.126532421092E-1);
#2915=CARTESIAN_POINT('',(6.105E0,1.732653242109E0,-4.09E0));
#2916=LINE('',#2915,#2914);
#2917=DIRECTION('',(2.176033634253E-12,1.E0,0.E0));
#2918=VECTOR('',#2917,1.126532421092E-1);
#2919=CARTESIAN_POINT('',(6.295E0,1.62E0,-4.09E0));
#2920=LINE('',#2919,#2918);
#2921=DIRECTION('',(1.E0,0.E0,0.E0));
#2922=VECTOR('',#2921,1.900000000005E-1);
#2923=CARTESIAN_POINT('',(6.105E0,1.832516195584E0,-4.184766404376E0));
#2924=LINE('',#2923,#2922);
#2925=DIRECTION('',(-1.E0,0.E0,0.E0));
#2926=VECTOR('',#2925,1.900000000005E-1);
#2927=CARTESIAN_POINT('',(6.295E0,1.732653242109E0,-4.09E0));
#2928=LINE('',#2927,#2926);
#2929=DIRECTION('',(-1.E0,0.E0,0.E0));
#2930=VECTOR('',#2929,1.900000000005E-1);
#2931=CARTESIAN_POINT('',(6.295E0,1.87E0,-4.9E0));
#2932=LINE('',#2931,#2930);
#2933=DIRECTION('',(0.E0,1.E0,8.437694987149E-14));
#2934=VECTOR('',#2933,2.000000000001E-1);
#2935=CARTESIAN_POINT('',(6.105E0,1.67E0,-4.9E0));
#2936=LINE('',#2935,#2934);
#2937=DIRECTION('',(-1.E0,0.E0,0.E0));
#2938=VECTOR('',#2937,1.900000000005E-1);
#2939=CARTESIAN_POINT('',(6.295E0,1.67E0,-4.9E0));
#2940=LINE('',#2939,#2938);
#2941=DIRECTION('',(0.E0,-1.E0,-8.437694987149E-14));
#2942=VECTOR('',#2941,2.000000000001E-1);
#2943=CARTESIAN_POINT('',(6.295E0,1.87E0,-4.9E0));
#2944=LINE('',#2943,#2942);
#2945=DIRECTION('',(1.E0,0.E0,0.E0));
#2946=VECTOR('',#2945,1.900000000005E-1);
#2947=CARTESIAN_POINT('',(6.105E0,1.648762607162E0,-4.494766404376E0));
#2948=LINE('',#2947,#2946);
#2949=DIRECTION('',(-1.E0,0.E0,0.E0));
#2950=VECTOR('',#2949,1.900000000005E-1);
#2951=CARTESIAN_POINT('',(6.295E0,1.548899653687E0,-4.4E0));
#2952=LINE('',#2951,#2950);
#2953=DIRECTION('',(-1.E0,0.E0,0.E0));
#2954=VECTOR('',#2953,1.900000000005E-1);
#2955=CARTESIAN_POINT('',(6.295E0,7.E-1,-4.4E0));
#2956=LINE('',#2955,#2954);
#2957=DIRECTION('',(1.046270210905E-14,-1.E0,1.851898273301E-13));
#2958=VECTOR('',#2957,8.488996536872E-1);
#2959=CARTESIAN_POINT('',(6.295E0,1.548899653687E0,-4.4E0));
#2960=LINE('',#2959,#2958);
#2961=DIRECTION('',(0.E0,1.E0,-1.851898273301E-13));
#2962=VECTOR('',#2961,8.488996536872E-1);
#2963=CARTESIAN_POINT('',(6.105E0,7.E-1,-4.4E0));
#2964=LINE('',#2963,#2962);
#2965=DIRECTION('',(1.E0,0.E0,0.E0));
#2966=VECTOR('',#2965,2.1E-1);
#2967=CARTESIAN_POINT('',(6.095E0,1.62E0,-3.5E0));
#2968=LINE('',#2967,#2966);
#2969=DIRECTION('',(-1.E0,0.E0,0.E0));
#2970=VECTOR('',#2969,2.1E-1);
#2971=CARTESIAN_POINT('',(6.305E0,1.82E0,-3.5E0));
#2972=LINE('',#2971,#2970);
#2973=DIRECTION('',(0.E0,0.E0,-1.E0));
#2974=VECTOR('',#2973,6.999999999999E-1);
#2975=CARTESIAN_POINT('',(6.095E0,1.62E0,-3.5E0));
#2976=LINE('',#2975,#2974);
#2977=DIRECTION('',(0.E0,-1.E0,-1.598721155460E-13));
#2978=VECTOR('',#2977,2.E-1);
#2979=CARTESIAN_POINT('',(6.095E0,1.82E0,-3.5E0));
#2980=LINE('',#2979,#2978);
#2981=DIRECTION('',(0.E0,0.E0,1.E0));
#2982=VECTOR('',#2981,7.E-1);
#2983=CARTESIAN_POINT('',(6.095E0,1.82E0,-4.2E0));
#2984=LINE('',#2983,#2982);
#2985=DIRECTION('',(0.E0,1.E0,-9.769962616701E-14));
#2986=VECTOR('',#2985,2.E-1);
#2987=CARTESIAN_POINT('',(6.095E0,1.62E0,-4.2E0));
#2988=LINE('',#2987,#2986);
#2989=DIRECTION('',(0.E0,0.E0,-1.E0));
#2990=VECTOR('',#2989,6.999999999999E-1);
#2991=CARTESIAN_POINT('',(5.805E0,1.62E0,-3.5E0));
#2992=LINE('',#2991,#2990);
#2993=DIRECTION('',(0.E0,1.E0,-9.769962616701E-14));
#2994=VECTOR('',#2993,2.E-1);
#2995=CARTESIAN_POINT('',(5.805E0,1.62E0,-4.2E0));
#2996=LINE('',#2995,#2994);
#2997=DIRECTION('',(0.E0,0.E0,1.E0));
#2998=VECTOR('',#2997,7.E-1);
#2999=CARTESIAN_POINT('',(5.805E0,1.82E0,-4.2E0));
#3000=LINE('',#2999,#2998);
#3001=DIRECTION('',(0.E0,-1.E0,-1.598721155460E-13));
#3002=VECTOR('',#3001,2.E-1);
#3003=CARTESIAN_POINT('',(5.805E0,1.82E0,-3.5E0));
#3004=LINE('',#3003,#3002);
#3005=DIRECTION('',(0.E0,0.E0,1.E0));
#3006=VECTOR('',#3005,1.1E-1);
#3007=CARTESIAN_POINT('',(5.605E0,1.62E0,-4.2E0));
#3008=LINE('',#3007,#3006);
#3009=DIRECTION('',(1.E0,0.E0,0.E0));
#3010=VECTOR('',#3009,1.9E-1);
#3011=CARTESIAN_POINT('',(5.605E0,1.62E0,-4.09E0));
#3012=LINE('',#3011,#3010);
#3013=DIRECTION('',(0.E0,0.E0,1.E0));
#3014=VECTOR('',#3013,1.1E-1);
#3015=CARTESIAN_POINT('',(5.795E0,1.62E0,-4.2E0));
#3016=LINE('',#3015,#3014);
#3017=DIRECTION('',(-1.E0,6.661338147751E-14,-1.953992523340E-12));
#3018=VECTOR('',#3017,1.E-2);
#3019=CARTESIAN_POINT('',(5.805E0,1.62E0,-4.2E0));
#3020=LINE('',#3019,#3018);
#3021=DIRECTION('',(-1.E0,-6.661338147750E-14,1.953992523340E-12));
#3022=VECTOR('',#3021,1.E-2);
#3023=CARTESIAN_POINT('',(5.605E0,1.62E0,-4.2E0));
#3024=LINE('',#3023,#3022);
#3025=CARTESIAN_POINT('',(5.605E0,1.349243459677E0,-9.893449050845E-1));
#3026=DIRECTION('',(1.E0,0.E0,0.E0));
#3027=DIRECTION('',(0.E0,-4.878746331671E-1,8.729137083996E-1));
#3028=AXIS2_PLACEMENT_3D('',#3025,#3026,#3027);
#3030=DIRECTION('',(0.E0,-4.226182617383E-1,-9.063077870378E-1));
#3031=VECTOR('',#3030,2.214638864091E-2);
#3032=CARTESIAN_POINT('',(5.605E0,1.077351123566E0,-8.625594265622E-1));
#3033=LINE('',#3032,#3031);
#3034=DIRECTION('',(1.372941487951E-13,5.303311836799E-2,-9.985927540074E-1));
#3035=VECTOR('',#3034,1.759612716774E0);
#3036=CARTESIAN_POINT('',(5.605E0,1.067991655295E0,-8.826308710422E-1));
#3037=LINE('',#3036,#3035);
#3038=DIRECTION('',(-4.905838525039E-13,9.138115486203E-1,-4.061384660534E-1));
#3039=VECTOR('',#3038,4.924428900898E-1);
#3040=CARTESIAN_POINT('',(5.605E0,2.5E-1,-4.2E0));
#3041=LINE('',#3040,#3039);
#3042=CARTESIAN_POINT('',(5.605E0,1.548899653687E0,-4.5E0));
#3043=DIRECTION('',(-1.E0,0.E0,0.E0));
#3044=DIRECTION('',(0.E0,0.E0,1.E0));
#3045=AXIS2_PLACEMENT_3D('',#3042,#3043,#3044);
#3047=DIRECTION('',(0.E0,5.233595624304E-2,-9.986295347546E-1));
#3048=VECTOR('',#3047,4.057897163273E-1);
#3049=CARTESIAN_POINT('',(5.605E0,1.648762607162E0,-4.494766404376E0));
#3050=LINE('',#3049,#3048);
#3051=DIRECTION('',(0.E0,-5.233595624329E-2,9.986295347546E-1));
#3052=VECTOR('',#3051,7.162151435867E-1);
#3053=CARTESIAN_POINT('',(5.605E0,1.87E0,-4.9E0));
#3054=LINE('',#3053,#3052);
#3055=CARTESIAN_POINT('',(5.605E0,1.732653242109E0,-4.19E0));
#3056=DIRECTION('',(1.E0,0.E0,0.E0));
#3057=DIRECTION('',(0.E0,9.986295347546E-1,5.233595624288E-2));
#3058=AXIS2_PLACEMENT_3D('',#3055,#3056,#3057);
#3060=DIRECTION('',(-1.E0,0.E0,0.E0));
#3061=VECTOR('',#3060,1.900000000005E-1);
#3062=CARTESIAN_POINT('',(5.795E0,1.077351123566E0,-8.625594265622E-1));
#3063=LINE('',#3062,#3061);
#3064=DIRECTION('',(-1.433512435949E-13,5.303311836799E-2,-9.985927540074E-1));
#3065=VECTOR('',#3064,1.759612716774E0);
#3066=CARTESIAN_POINT('',(5.795E0,1.067991655295E0,-8.826308710422E-1));
#3067=LINE('',#3066,#3065);
#3068=DIRECTION('',(4.010488726182E-13,-4.226182617383E-1,-9.063077870378E-1));
#3069=VECTOR('',#3068,2.214638864091E-2);
#3070=CARTESIAN_POINT('',(5.795E0,1.077351123566E0,-8.625594265622E-1));
#3071=LINE('',#3070,#3069);
#3072=CARTESIAN_POINT('',(5.795E0,1.349243459677E0,-9.893449050845E-1));
#3073=DIRECTION('',(1.E0,0.E0,0.E0));
#3074=DIRECTION('',(0.E0,-4.878746331671E-1,8.729137083996E-1));
#3075=AXIS2_PLACEMENT_3D('',#3072,#3073,#3074);
#3077=CARTESIAN_POINT('',(5.795E0,1.732653242109E0,-4.19E0));
#3078=DIRECTION('',(1.E0,0.E0,0.E0));
#3079=DIRECTION('',(0.E0,9.986295347546E-1,5.233595624288E-2));
#3080=AXIS2_PLACEMENT_3D('',#3077,#3078,#3079);
#3082=DIRECTION('',(0.E0,-5.233595624329E-2,9.986295347546E-1));
#3083=VECTOR('',#3082,7.162151435867E-1);
#3084=CARTESIAN_POINT('',(5.795E0,1.87E0,-4.9E0));
#3085=LINE('',#3084,#3083);
#3086=DIRECTION('',(2.188765224853E-14,5.233595624304E-2,-9.986295347546E-1));
#3087=VECTOR('',#3086,4.057897163273E-1);
#3088=CARTESIAN_POINT('',(5.795E0,1.648762607162E0,-4.494766404376E0));
#3089=LINE('',#3088,#3087);
#3090=CARTESIAN_POINT('',(5.795E0,1.548899653687E0,-4.5E0));
#3091=DIRECTION('',(-1.E0,0.E0,0.E0));
#3092=DIRECTION('',(0.E0,0.E0,1.E0));
#3093=AXIS2_PLACEMENT_3D('',#3090,#3091,#3092);
#3095=DIRECTION('',(5.122272577615E-13,9.138115486203E-1,-4.061384660534E-1));
#3096=VECTOR('',#3095,4.924428900898E-1);
#3097=CARTESIAN_POINT('',(5.795E0,2.5E-1,-4.2E0));
#3098=LINE('',#3097,#3096);
#3099=DIRECTION('',(-1.E0,0.E0,0.E0));
#3100=VECTOR('',#3099,1.900000000005E-1);
#3101=CARTESIAN_POINT('',(5.795E0,1.067991655295E0,-8.826308710422E-1));
#3102=LINE('',#3101,#3100);
#3103=DIRECTION('',(2.128728555247E-12,-1.E0,0.E0));
#3104=VECTOR('',#3103,1.126532421092E-1);
#3105=CARTESIAN_POINT('',(5.605E0,1.732653242109E0,-4.09E0));
#3106=LINE('',#3105,#3104);
#3107=DIRECTION('',(2.176033634253E-12,1.E0,0.E0));
#3108=VECTOR('',#3107,1.126532421092E-1);
#3109=CARTESIAN_POINT('',(5.795E0,1.62E0,-4.09E0));
#3110=LINE('',#3109,#3108);
#3111=DIRECTION('',(1.E0,0.E0,0.E0));
#3112=VECTOR('',#3111,1.900000000005E-1);
#3113=CARTESIAN_POINT('',(5.605E0,1.832516195584E0,-4.184766404376E0));
#3114=LINE('',#3113,#3112);
#3115=DIRECTION('',(-1.E0,0.E0,0.E0));
#3116=VECTOR('',#3115,1.900000000005E-1);
#3117=CARTESIAN_POINT('',(5.795E0,1.732653242109E0,-4.09E0));
#3118=LINE('',#3117,#3116);
#3119=DIRECTION('',(-1.E0,0.E0,0.E0));
#3120=VECTOR('',#3119,1.900000000005E-1);
#3121=CARTESIAN_POINT('',(5.795E0,1.87E0,-4.9E0));
#3122=LINE('',#3121,#3120);
#3123=DIRECTION('',(0.E0,1.E0,8.437694987149E-14));
#3124=VECTOR('',#3123,2.000000000001E-1);
#3125=CARTESIAN_POINT('',(5.605E0,1.67E0,-4.9E0));
#3126=LINE('',#3125,#3124);
#3127=DIRECTION('',(-1.E0,0.E0,0.E0));
#3128=VECTOR('',#3127,1.900000000005E-1);
#3129=CARTESIAN_POINT('',(5.795E0,1.67E0,-4.9E0));
#3130=LINE('',#3129,#3128);
#3131=DIRECTION('',(0.E0,-1.E0,-8.437694987149E-14));
#3132=VECTOR('',#3131,2.000000000001E-1);
#3133=CARTESIAN_POINT('',(5.795E0,1.87E0,-4.9E0));
#3134=LINE('',#3133,#3132);
#3135=DIRECTION('',(1.E0,0.E0,0.E0));
#3136=VECTOR('',#3135,1.900000000005E-1);
#3137=CARTESIAN_POINT('',(5.605E0,1.648762607162E0,-4.494766404376E0));
#3138=LINE('',#3137,#3136);
#3139=DIRECTION('',(-1.E0,0.E0,0.E0));
#3140=VECTOR('',#3139,1.900000000005E-1);
#3141=CARTESIAN_POINT('',(5.795E0,1.548899653687E0,-4.4E0));
#3142=LINE('',#3141,#3140);
#3143=DIRECTION('',(-1.E0,0.E0,0.E0));
#3144=VECTOR('',#3143,1.900000000005E-1);
#3145=CARTESIAN_POINT('',(5.795E0,7.E-1,-4.4E0));
#3146=LINE('',#3145,#3144);
#3147=DIRECTION('',(1.046270210905E-14,-1.E0,1.851898273301E-13));
#3148=VECTOR('',#3147,8.488996536872E-1);
#3149=CARTESIAN_POINT('',(5.795E0,1.548899653687E0,-4.4E0));
#3150=LINE('',#3149,#3148);
#3151=DIRECTION('',(0.E0,1.E0,-1.851898273301E-13));
#3152=VECTOR('',#3151,8.488996536872E-1);
#3153=CARTESIAN_POINT('',(5.605E0,7.E-1,-4.4E0));
#3154=LINE('',#3153,#3152);
#3155=DIRECTION('',(1.E0,0.E0,0.E0));
#3156=VECTOR('',#3155,2.1E-1);
#3157=CARTESIAN_POINT('',(5.595E0,1.62E0,-3.5E0));
#3158=LINE('',#3157,#3156);
#3159=DIRECTION('',(-1.E0,0.E0,0.E0));
#3160=VECTOR('',#3159,2.1E-1);
#3161=CARTESIAN_POINT('',(5.805E0,1.82E0,-3.5E0));
#3162=LINE('',#3161,#3160);
#3163=DIRECTION('',(0.E0,0.E0,-1.E0));
#3164=VECTOR('',#3163,6.999999999999E-1);
#3165=CARTESIAN_POINT('',(5.595E0,1.62E0,-3.5E0));
#3166=LINE('',#3165,#3164);
#3167=DIRECTION('',(0.E0,-1.E0,-1.598721155460E-13));
#3168=VECTOR('',#3167,2.E-1);
#3169=CARTESIAN_POINT('',(5.595E0,1.82E0,-3.5E0));
#3170=LINE('',#3169,#3168);
#3171=DIRECTION('',(0.E0,0.E0,1.E0));
#3172=VECTOR('',#3171,7.E-1);
#3173=CARTESIAN_POINT('',(5.595E0,1.82E0,-4.2E0));
#3174=LINE('',#3173,#3172);
#3175=DIRECTION('',(0.E0,1.E0,-9.769962616701E-14));
#3176=VECTOR('',#3175,2.E-1);
#3177=CARTESIAN_POINT('',(5.595E0,1.62E0,-4.2E0));
#3178=LINE('',#3177,#3176);
#3179=DIRECTION('',(0.E0,0.E0,-1.E0));
#3180=VECTOR('',#3179,6.999999999999E-1);
#3181=CARTESIAN_POINT('',(5.305E0,1.62E0,-3.5E0));
#3182=LINE('',#3181,#3180);
#3183=DIRECTION('',(0.E0,1.E0,-9.769962616701E-14));
#3184=VECTOR('',#3183,2.E-1);
#3185=CARTESIAN_POINT('',(5.305E0,1.62E0,-4.2E0));
#3186=LINE('',#3185,#3184);
#3187=DIRECTION('',(0.E0,0.E0,1.E0));
#3188=VECTOR('',#3187,7.E-1);
#3189=CARTESIAN_POINT('',(5.305E0,1.82E0,-4.2E0));
#3190=LINE('',#3189,#3188);
#3191=DIRECTION('',(0.E0,-1.E0,-1.598721155460E-13));
#3192=VECTOR('',#3191,2.E-1);
#3193=CARTESIAN_POINT('',(5.305E0,1.82E0,-3.5E0));
#3194=LINE('',#3193,#3192);
#3195=DIRECTION('',(0.E0,0.E0,1.E0));
#3196=VECTOR('',#3195,1.1E-1);
#3197=CARTESIAN_POINT('',(5.105E0,1.62E0,-4.2E0));
#3198=LINE('',#3197,#3196);
#3199=DIRECTION('',(1.E0,0.E0,0.E0));
#3200=VECTOR('',#3199,1.9E-1);
#3201=CARTESIAN_POINT('',(5.105E0,1.62E0,-4.09E0));
#3202=LINE('',#3201,#3200);
#3203=DIRECTION('',(0.E0,0.E0,1.E0));
#3204=VECTOR('',#3203,1.1E-1);
#3205=CARTESIAN_POINT('',(5.295E0,1.62E0,-4.2E0));
#3206=LINE('',#3205,#3204);
#3207=DIRECTION('',(-1.E0,6.661338147751E-14,-1.953992523340E-12));
#3208=VECTOR('',#3207,1.E-2);
#3209=CARTESIAN_POINT('',(5.305E0,1.62E0,-4.2E0));
#3210=LINE('',#3209,#3208);
#3211=DIRECTION('',(-1.E0,-6.661338147750E-14,1.953992523340E-12));
#3212=VECTOR('',#3211,1.E-2);
#3213=CARTESIAN_POINT('',(5.105E0,1.62E0,-4.2E0));
#3214=LINE('',#3213,#3212);
#3215=CARTESIAN_POINT('',(5.105E0,1.349243459677E0,-9.893449050845E-1));
#3216=DIRECTION('',(1.E0,0.E0,0.E0));
#3217=DIRECTION('',(0.E0,-4.878746331671E-1,8.729137083996E-1));
#3218=AXIS2_PLACEMENT_3D('',#3215,#3216,#3217);
#3220=DIRECTION('',(0.E0,-4.226182617383E-1,-9.063077870378E-1));
#3221=VECTOR('',#3220,2.214638864091E-2);
#3222=CARTESIAN_POINT('',(5.105E0,1.077351123566E0,-8.625594265622E-1));
#3223=LINE('',#3222,#3221);
#3224=DIRECTION('',(1.372941487951E-13,5.303311836799E-2,-9.985927540074E-1));
#3225=VECTOR('',#3224,1.759612716774E0);
#3226=CARTESIAN_POINT('',(5.105E0,1.067991655295E0,-8.826308710422E-1));
#3227=LINE('',#3226,#3225);
#3228=DIRECTION('',(-4.905838525039E-13,9.138115486203E-1,-4.061384660534E-1));
#3229=VECTOR('',#3228,4.924428900898E-1);
#3230=CARTESIAN_POINT('',(5.105E0,2.5E-1,-4.2E0));
#3231=LINE('',#3230,#3229);
#3232=CARTESIAN_POINT('',(5.105E0,1.548899653687E0,-4.5E0));
#3233=DIRECTION('',(-1.E0,0.E0,0.E0));
#3234=DIRECTION('',(0.E0,0.E0,1.E0));
#3235=AXIS2_PLACEMENT_3D('',#3232,#3233,#3234);
#3237=DIRECTION('',(0.E0,5.233595624304E-2,-9.986295347546E-1));
#3238=VECTOR('',#3237,4.057897163273E-1);
#3239=CARTESIAN_POINT('',(5.105E0,1.648762607162E0,-4.494766404376E0));
#3240=LINE('',#3239,#3238);
#3241=DIRECTION('',(0.E0,-5.233595624329E-2,9.986295347546E-1));
#3242=VECTOR('',#3241,7.162151435867E-1);
#3243=CARTESIAN_POINT('',(5.105E0,1.87E0,-4.9E0));
#3244=LINE('',#3243,#3242);
#3245=CARTESIAN_POINT('',(5.105E0,1.732653242109E0,-4.19E0));
#3246=DIRECTION('',(1.E0,0.E0,0.E0));
#3247=DIRECTION('',(0.E0,9.986295347546E-1,5.233595624288E-2));
#3248=AXIS2_PLACEMENT_3D('',#3245,#3246,#3247);
#3250=DIRECTION('',(-1.E0,0.E0,0.E0));
#3251=VECTOR('',#3250,1.900000000005E-1);
#3252=CARTESIAN_POINT('',(5.295E0,1.077351123566E0,-8.625594265622E-1));
#3253=LINE('',#3252,#3251);
#3254=DIRECTION('',(-1.433512435949E-13,5.303311836799E-2,-9.985927540074E-1));
#3255=VECTOR('',#3254,1.759612716774E0);
#3256=CARTESIAN_POINT('',(5.295E0,1.067991655295E0,-8.826308710422E-1));
#3257=LINE('',#3256,#3255);
#3258=DIRECTION('',(4.010488726182E-13,-4.226182617383E-1,-9.063077870378E-1));
#3259=VECTOR('',#3258,2.214638864091E-2);
#3260=CARTESIAN_POINT('',(5.295E0,1.077351123566E0,-8.625594265622E-1));
#3261=LINE('',#3260,#3259);
#3262=CARTESIAN_POINT('',(5.295E0,1.349243459677E0,-9.893449050845E-1));
#3263=DIRECTION('',(1.E0,0.E0,0.E0));
#3264=DIRECTION('',(0.E0,-4.878746331671E-1,8.729137083996E-1));
#3265=AXIS2_PLACEMENT_3D('',#3262,#3263,#3264);
#3267=CARTESIAN_POINT('',(5.295E0,1.732653242109E0,-4.19E0));
#3268=DIRECTION('',(1.E0,0.E0,0.E0));
#3269=DIRECTION('',(0.E0,9.986295347546E-1,5.233595624288E-2));
#3270=AXIS2_PLACEMENT_3D('',#3267,#3268,#3269);
#3272=DIRECTION('',(0.E0,-5.233595624329E-2,9.986295347546E-1));
#3273=VECTOR('',#3272,7.162151435867E-1);
#3274=CARTESIAN_POINT('',(5.295E0,1.87E0,-4.9E0));
#3275=LINE('',#3274,#3273);
#3276=DIRECTION('',(2.188765224853E-14,5.233595624304E-2,-9.986295347546E-1));
#3277=VECTOR('',#3276,4.057897163273E-1);
#3278=CARTESIAN_POINT('',(5.295E0,1.648762607162E0,-4.494766404376E0));
#3279=LINE('',#3278,#3277);
#3280=CARTESIAN_POINT('',(5.295E0,1.548899653687E0,-4.5E0));
#3281=DIRECTION('',(-1.E0,0.E0,0.E0));
#3282=DIRECTION('',(0.E0,0.E0,1.E0));
#3283=AXIS2_PLACEMENT_3D('',#3280,#3281,#3282);
#3285=DIRECTION('',(5.122272577615E-13,9.138115486203E-1,-4.061384660534E-1));
#3286=VECTOR('',#3285,4.924428900898E-1);
#3287=CARTESIAN_POINT('',(5.295E0,2.5E-1,-4.2E0));
#3288=LINE('',#3287,#3286);
#3289=DIRECTION('',(-1.E0,0.E0,0.E0));
#3290=VECTOR('',#3289,1.900000000005E-1);
#3291=CARTESIAN_POINT('',(5.295E0,1.067991655295E0,-8.826308710422E-1));
#3292=LINE('',#3291,#3290);
#3293=DIRECTION('',(2.128728555247E-12,-1.E0,0.E0));
#3294=VECTOR('',#3293,1.126532421092E-1);
#3295=CARTESIAN_POINT('',(5.105E0,1.732653242109E0,-4.09E0));
#3296=LINE('',#3295,#3294);
#3297=DIRECTION('',(2.183917814087E-12,1.E0,0.E0));
#3298=VECTOR('',#3297,1.126532421092E-1);
#3299=CARTESIAN_POINT('',(5.295E0,1.62E0,-4.09E0));
#3300=LINE('',#3299,#3298);
#3301=DIRECTION('',(1.E0,0.E0,0.E0));
#3302=VECTOR('',#3301,1.900000000005E-1);
#3303=CARTESIAN_POINT('',(5.105E0,1.832516195584E0,-4.184766404376E0));
#3304=LINE('',#3303,#3302);
#3305=DIRECTION('',(-1.E0,0.E0,0.E0));
#3306=VECTOR('',#3305,1.900000000005E-1);
#3307=CARTESIAN_POINT('',(5.295E0,1.732653242109E0,-4.09E0));
#3308=LINE('',#3307,#3306);
#3309=DIRECTION('',(-1.E0,0.E0,0.E0));
#3310=VECTOR('',#3309,1.900000000005E-1);
#3311=CARTESIAN_POINT('',(5.295E0,1.87E0,-4.9E0));
#3312=LINE('',#3311,#3310);
#3313=DIRECTION('',(0.E0,1.E0,8.437694987149E-14));
#3314=VECTOR('',#3313,2.000000000001E-1);
#3315=CARTESIAN_POINT('',(5.105E0,1.67E0,-4.9E0));
#3316=LINE('',#3315,#3314);
#3317=DIRECTION('',(-1.E0,0.E0,0.E0));
#3318=VECTOR('',#3317,1.900000000005E-1);
#3319=CARTESIAN_POINT('',(5.295E0,1.67E0,-4.9E0));
#3320=LINE('',#3319,#3318);
#3321=DIRECTION('',(0.E0,-1.E0,-8.437694987149E-14));
#3322=VECTOR('',#3321,2.000000000001E-1);
#3323=CARTESIAN_POINT('',(5.295E0,1.87E0,-4.9E0));
#3324=LINE('',#3323,#3322);
#3325=DIRECTION('',(1.E0,0.E0,0.E0));
#3326=VECTOR('',#3325,1.900000000005E-1);
#3327=CARTESIAN_POINT('',(5.105E0,1.648762607162E0,-4.494766404376E0));
#3328=LINE('',#3327,#3326);
#3329=DIRECTION('',(-1.E0,0.E0,0.E0));
#3330=VECTOR('',#3329,1.900000000005E-1);
#3331=CARTESIAN_POINT('',(5.295E0,1.548899653687E0,-4.4E0));
#3332=LINE('',#3331,#3330);
#3333=DIRECTION('',(-1.E0,0.E0,0.E0));
#3334=VECTOR('',#3333,1.900000000005E-1);
#3335=CARTESIAN_POINT('',(5.295E0,7.E-1,-4.4E0));
#3336=LINE('',#3335,#3334);
#3337=DIRECTION('',(1.046270210905E-14,-1.E0,1.851898273301E-13));
#3338=VECTOR('',#3337,8.488996536872E-1);
#3339=CARTESIAN_POINT('',(5.295E0,1.548899653687E0,-4.4E0));
#3340=LINE('',#3339,#3338);
#3341=DIRECTION('',(0.E0,1.E0,-1.851898273301E-13));
#3342=VECTOR('',#3341,8.488996536872E-1);
#3343=CARTESIAN_POINT('',(5.105E0,7.E-1,-4.4E0));
#3344=LINE('',#3343,#3342);
#3345=DIRECTION('',(1.E0,0.E0,0.E0));
#3346=VECTOR('',#3345,2.1E-1);
#3347=CARTESIAN_POINT('',(5.095E0,1.62E0,-3.5E0));
#3348=LINE('',#3347,#3346);
#3349=DIRECTION('',(-1.E0,0.E0,0.E0));
#3350=VECTOR('',#3349,2.1E-1);
#3351=CARTESIAN_POINT('',(5.305E0,1.82E0,-3.5E0));
#3352=LINE('',#3351,#3350);
#3353=DIRECTION('',(0.E0,0.E0,-1.E0));
#3354=VECTOR('',#3353,6.999999999999E-1);
#3355=CARTESIAN_POINT('',(5.095E0,1.62E0,-3.5E0));
#3356=LINE('',#3355,#3354);
#3357=DIRECTION('',(0.E0,-1.E0,-1.598721155460E-13));
#3358=VECTOR('',#3357,2.E-1);
#3359=CARTESIAN_POINT('',(5.095E0,1.82E0,-3.5E0));
#3360=LINE('',#3359,#3358);
#3361=DIRECTION('',(0.E0,0.E0,1.E0));
#3362=VECTOR('',#3361,7.E-1);
#3363=CARTESIAN_POINT('',(5.095E0,1.82E0,-4.2E0));
#3364=LINE('',#3363,#3362);
#3365=DIRECTION('',(0.E0,1.E0,-9.769962616701E-14));
#3366=VECTOR('',#3365,2.E-1);
#3367=CARTESIAN_POINT('',(5.095E0,1.62E0,-4.2E0));
#3368=LINE('',#3367,#3366);
#3369=DIRECTION('',(0.E0,0.E0,-1.E0));
#3370=VECTOR('',#3369,6.999999999999E-1);
#3371=CARTESIAN_POINT('',(4.805E0,1.62E0,-3.5E0));
#3372=LINE('',#3371,#3370);
#3373=DIRECTION('',(0.E0,1.E0,-9.769962616701E-14));
#3374=VECTOR('',#3373,2.E-1);
#3375=CARTESIAN_POINT('',(4.805E0,1.62E0,-4.2E0));
#3376=LINE('',#3375,#3374);
#3377=DIRECTION('',(0.E0,0.E0,1.E0));
#3378=VECTOR('',#3377,7.E-1);
#3379=CARTESIAN_POINT('',(4.805E0,1.82E0,-4.2E0));
#3380=LINE('',#3379,#3378);
#3381=DIRECTION('',(0.E0,-1.E0,-1.598721155460E-13));
#3382=VECTOR('',#3381,2.E-1);
#3383=CARTESIAN_POINT('',(4.805E0,1.82E0,-3.5E0));
#3384=LINE('',#3383,#3382);
#3385=DIRECTION('',(0.E0,0.E0,1.E0));
#3386=VECTOR('',#3385,1.1E-1);
#3387=CARTESIAN_POINT('',(4.605E0,1.62E0,-4.2E0));
#3388=LINE('',#3387,#3386);
#3389=DIRECTION('',(1.E0,0.E0,0.E0));
#3390=VECTOR('',#3389,1.9E-1);
#3391=CARTESIAN_POINT('',(4.605E0,1.62E0,-4.09E0));
#3392=LINE('',#3391,#3390);
#3393=DIRECTION('',(0.E0,0.E0,1.E0));
#3394=VECTOR('',#3393,1.1E-1);
#3395=CARTESIAN_POINT('',(4.795E0,1.62E0,-4.2E0));
#3396=LINE('',#3395,#3394);
#3397=DIRECTION('',(-1.E0,6.661338147751E-14,-1.953992523340E-12));
#3398=VECTOR('',#3397,1.E-2);
#3399=CARTESIAN_POINT('',(4.805E0,1.62E0,-4.2E0));
#3400=LINE('',#3399,#3398);
#3401=DIRECTION('',(-1.E0,-6.661338147750E-14,1.953992523340E-12));
#3402=VECTOR('',#3401,1.E-2);
#3403=CARTESIAN_POINT('',(4.605E0,1.62E0,-4.2E0));
#3404=LINE('',#3403,#3402);
#3405=CARTESIAN_POINT('',(4.605E0,1.349243459677E0,-9.893449050845E-1));
#3406=DIRECTION('',(1.E0,0.E0,0.E0));
#3407=DIRECTION('',(0.E0,-4.878746331671E-1,8.729137083996E-1));
#3408=AXIS2_PLACEMENT_3D('',#3405,#3406,#3407);
#3410=DIRECTION('',(4.010488726182E-14,-4.226182617383E-1,-9.063077870378E-1));
#3411=VECTOR('',#3410,2.214638864091E-2);
#3412=CARTESIAN_POINT('',(4.605E0,1.077351123566E0,-8.625594265622E-1));
#3413=LINE('',#3412,#3411);
#3414=DIRECTION('',(1.372941487951E-13,5.303311836799E-2,-9.985927540074E-1));
#3415=VECTOR('',#3414,1.759612716774E0);
#3416=CARTESIAN_POINT('',(4.605E0,1.067991655295E0,-8.826308710422E-1));
#3417=LINE('',#3416,#3415);
#3418=DIRECTION('',(-4.905838525039E-13,9.138115486203E-1,-4.061384660534E-1));
#3419=VECTOR('',#3418,4.924428900898E-1);
#3420=CARTESIAN_POINT('',(4.605E0,2.5E-1,-4.2E0));
#3421=LINE('',#3420,#3419);
#3422=CARTESIAN_POINT('',(4.605E0,1.548899653687E0,-4.5E0));
#3423=DIRECTION('',(-1.E0,0.E0,0.E0));
#3424=DIRECTION('',(0.E0,0.E0,1.E0));
#3425=AXIS2_PLACEMENT_3D('',#3422,#3423,#3424);
#3427=DIRECTION('',(0.E0,5.233595624304E-2,-9.986295347546E-1));
#3428=VECTOR('',#3427,4.057897163273E-1);
#3429=CARTESIAN_POINT('',(4.605E0,1.648762607162E0,-4.494766404376E0));
#3430=LINE('',#3429,#3428);
#3431=DIRECTION('',(0.E0,-5.233595624329E-2,9.986295347546E-1));
#3432=VECTOR('',#3431,7.162151435867E-1);
#3433=CARTESIAN_POINT('',(4.605E0,1.87E0,-4.9E0));
#3434=LINE('',#3433,#3432);
#3435=CARTESIAN_POINT('',(4.605E0,1.732653242109E0,-4.19E0));
#3436=DIRECTION('',(1.E0,0.E0,0.E0));
#3437=DIRECTION('',(0.E0,9.986295347546E-1,5.233595624288E-2));
#3438=AXIS2_PLACEMENT_3D('',#3435,#3436,#3437);
#3440=DIRECTION('',(-1.E0,0.E0,0.E0));
#3441=VECTOR('',#3440,1.900000000005E-1);
#3442=CARTESIAN_POINT('',(4.795E0,1.077351123566E0,-8.625594265622E-1));
#3443=LINE('',#3442,#3441);
#3444=DIRECTION('',(-1.433512435949E-13,5.303311836799E-2,-9.985927540074E-1));
#3445=VECTOR('',#3444,1.759612716774E0);
#3446=CARTESIAN_POINT('',(4.795E0,1.067991655295E0,-8.826308710422E-1));
#3447=LINE('',#3446,#3445);
#3448=DIRECTION('',(4.010488726182E-13,-4.226182617383E-1,-9.063077870378E-1));
#3449=VECTOR('',#3448,2.214638864091E-2);
#3450=CARTESIAN_POINT('',(4.795E0,1.077351123566E0,-8.625594265622E-1));
#3451=LINE('',#3450,#3449);
#3452=CARTESIAN_POINT('',(4.795E0,1.349243459677E0,-9.893449050845E-1));
#3453=DIRECTION('',(1.E0,0.E0,0.E0));
#3454=DIRECTION('',(0.E0,-4.878746331671E-1,8.729137083996E-1));
#3455=AXIS2_PLACEMENT_3D('',#3452,#3453,#3454);
#3457=CARTESIAN_POINT('',(4.795E0,1.732653242109E0,-4.19E0));
#3458=DIRECTION('',(1.E0,0.E0,0.E0));
#3459=DIRECTION('',(0.E0,9.986295347546E-1,5.233595624288E-2));
#3460=AXIS2_PLACEMENT_3D('',#3457,#3458,#3459);
#3462=DIRECTION('',(0.E0,-5.233595624329E-2,9.986295347546E-1));
#3463=VECTOR('',#3462,7.162151435867E-1);
#3464=CARTESIAN_POINT('',(4.795E0,1.87E0,-4.9E0));
#3465=LINE('',#3464,#3463);
#3466=DIRECTION('',(2.188765224853E-14,5.233595624304E-2,-9.986295347546E-1));
#3467=VECTOR('',#3466,4.057897163273E-1);
#3468=CARTESIAN_POINT('',(4.795E0,1.648762607162E0,-4.494766404376E0));
#3469=LINE('',#3468,#3467);
#3470=CARTESIAN_POINT('',(4.795E0,1.548899653687E0,-4.5E0));
#3471=DIRECTION('',(-1.E0,0.E0,0.E0));
#3472=DIRECTION('',(0.E0,0.E0,1.E0));
#3473=AXIS2_PLACEMENT_3D('',#3470,#3471,#3472);
#3475=DIRECTION('',(5.122272577615E-13,9.138115486203E-1,-4.061384660534E-1));
#3476=VECTOR('',#3475,4.924428900898E-1);
#3477=CARTESIAN_POINT('',(4.795E0,2.5E-1,-4.2E0));
#3478=LINE('',#3477,#3476);
#3479=DIRECTION('',(-1.E0,0.E0,0.E0));
#3480=VECTOR('',#3479,1.900000000005E-1);
#3481=CARTESIAN_POINT('',(4.795E0,1.067991655295E0,-8.826308710422E-1));
#3482=LINE('',#3481,#3480);
#3483=DIRECTION('',(2.128728555247E-12,-1.E0,0.E0));
#3484=VECTOR('',#3483,1.126532421092E-1);
#3485=CARTESIAN_POINT('',(4.605E0,1.732653242109E0,-4.09E0));
#3486=LINE('',#3485,#3484);
#3487=DIRECTION('',(2.183917814087E-12,1.E0,0.E0));
#3488=VECTOR('',#3487,1.126532421092E-1);
#3489=CARTESIAN_POINT('',(4.795E0,1.62E0,-4.09E0));
#3490=LINE('',#3489,#3488);
#3491=DIRECTION('',(1.E0,0.E0,0.E0));
#3492=VECTOR('',#3491,1.900000000005E-1);
#3493=CARTESIAN_POINT('',(4.605E0,1.832516195584E0,-4.184766404376E0));
#3494=LINE('',#3493,#3492);
#3495=DIRECTION('',(-1.E0,0.E0,0.E0));
#3496=VECTOR('',#3495,1.900000000005E-1);
#3497=CARTESIAN_POINT('',(4.795E0,1.732653242109E0,-4.09E0));
#3498=LINE('',#3497,#3496);
#3499=DIRECTION('',(-1.E0,0.E0,0.E0));
#3500=VECTOR('',#3499,1.900000000005E-1);
#3501=CARTESIAN_POINT('',(4.795E0,1.87E0,-4.9E0));
#3502=LINE('',#3501,#3500);
#3503=DIRECTION('',(0.E0,1.E0,8.437694987149E-14));
#3504=VECTOR('',#3503,2.000000000001E-1);
#3505=CARTESIAN_POINT('',(4.605E0,1.67E0,-4.9E0));
#3506=LINE('',#3505,#3504);
#3507=DIRECTION('',(-1.E0,0.E0,0.E0));
#3508=VECTOR('',#3507,1.900000000005E-1);
#3509=CARTESIAN_POINT('',(4.795E0,1.67E0,-4.9E0));
#3510=LINE('',#3509,#3508);
#3511=DIRECTION('',(0.E0,-1.E0,-8.437694987149E-14));
#3512=VECTOR('',#3511,2.000000000001E-1);
#3513=CARTESIAN_POINT('',(4.795E0,1.87E0,-4.9E0));
#3514=LINE('',#3513,#3512);
#3515=DIRECTION('',(1.E0,0.E0,0.E0));
#3516=VECTOR('',#3515,1.900000000005E-1);
#3517=CARTESIAN_POINT('',(4.605E0,1.648762607162E0,-4.494766404376E0));
#3518=LINE('',#3517,#3516);
#3519=DIRECTION('',(-1.E0,0.E0,0.E0));
#3520=VECTOR('',#3519,1.900000000005E-1);
#3521=CARTESIAN_POINT('',(4.795E0,1.548899653687E0,-4.4E0));
#3522=LINE('',#3521,#3520);
#3523=DIRECTION('',(-1.E0,0.E0,0.E0));
#3524=VECTOR('',#3523,1.900000000005E-1);
#3525=CARTESIAN_POINT('',(4.795E0,7.E-1,-4.4E0));
#3526=LINE('',#3525,#3524);
#3527=DIRECTION('',(1.046270210905E-14,-1.E0,1.851898273301E-13));
#3528=VECTOR('',#3527,8.488996536872E-1);
#3529=CARTESIAN_POINT('',(4.795E0,1.548899653687E0,-4.4E0));
#3530=LINE('',#3529,#3528);
#3531=DIRECTION('',(0.E0,1.E0,-1.851898273301E-13));
#3532=VECTOR('',#3531,8.488996536872E-1);
#3533=CARTESIAN_POINT('',(4.605E0,7.E-1,-4.4E0));
#3534=LINE('',#3533,#3532);
#3535=DIRECTION('',(1.E0,0.E0,0.E0));
#3536=VECTOR('',#3535,2.1E-1);
#3537=CARTESIAN_POINT('',(4.595E0,1.62E0,-3.5E0));
#3538=LINE('',#3537,#3536);
#3539=DIRECTION('',(-1.E0,0.E0,0.E0));
#3540=VECTOR('',#3539,2.1E-1);
#3541=CARTESIAN_POINT('',(4.805E0,1.82E0,-3.5E0));
#3542=LINE('',#3541,#3540);
#3543=DIRECTION('',(0.E0,0.E0,-1.E0));
#3544=VECTOR('',#3543,6.999999999999E-1);
#3545=CARTESIAN_POINT('',(4.595E0,1.62E0,-3.5E0));
#3546=LINE('',#3545,#3544);
#3547=DIRECTION('',(0.E0,-1.E0,-1.598721155460E-13));
#3548=VECTOR('',#3547,2.E-1);
#3549=CARTESIAN_POINT('',(4.595E0,1.82E0,-3.5E0));
#3550=LINE('',#3549,#3548);
#3551=DIRECTION('',(0.E0,0.E0,1.E0));
#3552=VECTOR('',#3551,7.E-1);
#3553=CARTESIAN_POINT('',(4.595E0,1.82E0,-4.2E0));
#3554=LINE('',#3553,#3552);
#3555=DIRECTION('',(0.E0,1.E0,-9.769962616701E-14));
#3556=VECTOR('',#3555,2.E-1);
#3557=CARTESIAN_POINT('',(4.595E0,1.62E0,-4.2E0));
#3558=LINE('',#3557,#3556);
#3559=DIRECTION('',(0.E0,0.E0,-1.E0));
#3560=VECTOR('',#3559,6.999999999999E-1);
#3561=CARTESIAN_POINT('',(4.305E0,1.62E0,-3.5E0));
#3562=LINE('',#3561,#3560);
#3563=DIRECTION('',(0.E0,1.E0,-9.769962616701E-14));
#3564=VECTOR('',#3563,2.E-1);
#3565=CARTESIAN_POINT('',(4.305E0,1.62E0,-4.2E0));
#3566=LINE('',#3565,#3564);
#3567=DIRECTION('',(0.E0,0.E0,1.E0));
#3568=VECTOR('',#3567,7.E-1);
#3569=CARTESIAN_POINT('',(4.305E0,1.82E0,-4.2E0));
#3570=LINE('',#3569,#3568);
#3571=DIRECTION('',(0.E0,-1.E0,-1.598721155460E-13));
#3572=VECTOR('',#3571,2.E-1);
#3573=CARTESIAN_POINT('',(4.305E0,1.82E0,-3.5E0));
#3574=LINE('',#3573,#3572);
#3575=DIRECTION('',(0.E0,0.E0,1.E0));
#3576=VECTOR('',#3575,1.1E-1);
#3577=CARTESIAN_POINT('',(4.105E0,1.62E0,-4.2E0));
#3578=LINE('',#3577,#3576);
#3579=DIRECTION('',(1.E0,0.E0,0.E0));
#3580=VECTOR('',#3579,1.9E-1);
#3581=CARTESIAN_POINT('',(4.105E0,1.62E0,-4.09E0));
#3582=LINE('',#3581,#3580);
#3583=DIRECTION('',(0.E0,0.E0,1.E0));
#3584=VECTOR('',#3583,1.1E-1);
#3585=CARTESIAN_POINT('',(4.295E0,1.62E0,-4.2E0));
#3586=LINE('',#3585,#3584);
#3587=DIRECTION('',(-1.E0,6.661338147751E-14,-1.953992523340E-12));
#3588=VECTOR('',#3587,1.E-2);
#3589=CARTESIAN_POINT('',(4.305E0,1.62E0,-4.2E0));
#3590=LINE('',#3589,#3588);
#3591=DIRECTION('',(-1.E0,-6.661338147750E-14,1.953992523340E-12));
#3592=VECTOR('',#3591,1.E-2);
#3593=CARTESIAN_POINT('',(4.105E0,1.62E0,-4.2E0));
#3594=LINE('',#3593,#3592);
#3595=CARTESIAN_POINT('',(4.105E0,1.349243459677E0,-9.893449050845E-1));
#3596=DIRECTION('',(1.E0,0.E0,0.E0));
#3597=DIRECTION('',(0.E0,-4.878746331671E-1,8.729137083996E-1));
#3598=AXIS2_PLACEMENT_3D('',#3595,#3596,#3597);
#3600=DIRECTION('',(0.E0,-4.226182617383E-1,-9.063077870378E-1));
#3601=VECTOR('',#3600,2.214638864091E-2);
#3602=CARTESIAN_POINT('',(4.105E0,1.077351123566E0,-8.625594265622E-1));
#3603=LINE('',#3602,#3601);
#3604=DIRECTION('',(1.372941487951E-13,5.303311836799E-2,-9.985927540074E-1));
#3605=VECTOR('',#3604,1.759612716774E0);
#3606=CARTESIAN_POINT('',(4.105E0,1.067991655295E0,-8.826308710422E-1));
#3607=LINE('',#3606,#3605);
#3608=DIRECTION('',(-4.905838525039E-13,9.138115486203E-1,-4.061384660534E-1));
#3609=VECTOR('',#3608,4.924428900898E-1);
#3610=CARTESIAN_POINT('',(4.105E0,2.5E-1,-4.2E0));
#3611=LINE('',#3610,#3609);
#3612=CARTESIAN_POINT('',(4.105E0,1.548899653687E0,-4.5E0));
#3613=DIRECTION('',(-1.E0,0.E0,0.E0));
#3614=DIRECTION('',(0.E0,0.E0,1.E0));
#3615=AXIS2_PLACEMENT_3D('',#3612,#3613,#3614);
#3617=DIRECTION('',(0.E0,5.233595624304E-2,-9.986295347546E-1));
#3618=VECTOR('',#3617,4.057897163273E-1);
#3619=CARTESIAN_POINT('',(4.105E0,1.648762607162E0,-4.494766404376E0));
#3620=LINE('',#3619,#3618);
#3621=DIRECTION('',(0.E0,-5.233595624329E-2,9.986295347546E-1));
#3622=VECTOR('',#3621,7.162151435867E-1);
#3623=CARTESIAN_POINT('',(4.105E0,1.87E0,-4.9E0));
#3624=LINE('',#3623,#3622);
#3625=CARTESIAN_POINT('',(4.105E0,1.732653242109E0,-4.19E0));
#3626=DIRECTION('',(1.E0,0.E0,0.E0));
#3627=DIRECTION('',(0.E0,9.986295347546E-1,5.233595624288E-2));
#3628=AXIS2_PLACEMENT_3D('',#3625,#3626,#3627);
#3630=DIRECTION('',(-1.E0,0.E0,0.E0));
#3631=VECTOR('',#3630,1.900000000005E-1);
#3632=CARTESIAN_POINT('',(4.295E0,1.077351123566E0,-8.625594265622E-1));
#3633=LINE('',#3632,#3631);
#3634=DIRECTION('',(-1.433512435949E-13,5.303311836799E-2,-9.985927540074E-1));
#3635=VECTOR('',#3634,1.759612716774E0);
#3636=CARTESIAN_POINT('',(4.295E0,1.067991655295E0,-8.826308710422E-1));
#3637=LINE('',#3636,#3635);
#3638=DIRECTION('',(4.010488726182E-13,-4.226182617383E-1,-9.063077870378E-1));
#3639=VECTOR('',#3638,2.214638864091E-2);
#3640=CARTESIAN_POINT('',(4.295E0,1.077351123566E0,-8.625594265622E-1));
#3641=LINE('',#3640,#3639);
#3642=CARTESIAN_POINT('',(4.295E0,1.349243459677E0,-9.893449050845E-1));
#3643=DIRECTION('',(1.E0,0.E0,0.E0));
#3644=DIRECTION('',(0.E0,-4.878746331671E-1,8.729137083996E-1));
#3645=AXIS2_PLACEMENT_3D('',#3642,#3643,#3644);
#3647=CARTESIAN_POINT('',(4.295E0,1.732653242109E0,-4.19E0));
#3648=DIRECTION('',(1.E0,0.E0,0.E0));
#3649=DIRECTION('',(0.E0,9.986295347546E-1,5.233595624288E-2));
#3650=AXIS2_PLACEMENT_3D('',#3647,#3648,#3649);
#3652=DIRECTION('',(0.E0,-5.233595624329E-2,9.986295347546E-1));
#3653=VECTOR('',#3652,7.162151435867E-1);
#3654=CARTESIAN_POINT('',(4.295E0,1.87E0,-4.9E0));
#3655=LINE('',#3654,#3653);
#3656=DIRECTION('',(2.188765224853E-14,5.233595624304E-2,-9.986295347546E-1));
#3657=VECTOR('',#3656,4.057897163273E-1);
#3658=CARTESIAN_POINT('',(4.295E0,1.648762607162E0,-4.494766404376E0));
#3659=LINE('',#3658,#3657);
#3660=CARTESIAN_POINT('',(4.295E0,1.548899653687E0,-4.5E0));
#3661=DIRECTION('',(-1.E0,0.E0,0.E0));
#3662=DIRECTION('',(0.E0,0.E0,1.E0));
#3663=AXIS2_PLACEMENT_3D('',#3660,#3661,#3662);
#3665=DIRECTION('',(5.122272577615E-13,9.138115486203E-1,-4.061384660534E-1));
#3666=VECTOR('',#3665,4.924428900898E-1);
#3667=CARTESIAN_POINT('',(4.295E0,2.5E-1,-4.2E0));
#3668=LINE('',#3667,#3666);
#3669=DIRECTION('',(-1.E0,0.E0,0.E0));
#3670=VECTOR('',#3669,1.900000000005E-1);
#3671=CARTESIAN_POINT('',(4.295E0,1.067991655295E0,-8.826308710422E-1));
#3672=LINE('',#3671,#3670);
#3673=DIRECTION('',(2.128728555247E-12,-1.E0,0.E0));
#3674=VECTOR('',#3673,1.126532421092E-1);
#3675=CARTESIAN_POINT('',(4.105E0,1.732653242109E0,-4.09E0));
#3676=LINE('',#3675,#3674);
#3677=DIRECTION('',(2.183917814087E-12,1.E0,0.E0));
#3678=VECTOR('',#3677,1.126532421092E-1);
#3679=CARTESIAN_POINT('',(4.295E0,1.62E0,-4.09E0));
#3680=LINE('',#3679,#3678);
#3681=DIRECTION('',(1.E0,0.E0,0.E0));
#3682=VECTOR('',#3681,1.900000000005E-1);
#3683=CARTESIAN_POINT('',(4.105E0,1.832516195584E0,-4.184766404376E0));
#3684=LINE('',#3683,#3682);
#3685=DIRECTION('',(-1.E0,0.E0,0.E0));
#3686=VECTOR('',#3685,1.900000000005E-1);
#3687=CARTESIAN_POINT('',(4.295E0,1.732653242109E0,-4.09E0));
#3688=LINE('',#3687,#3686);
#3689=DIRECTION('',(-1.E0,0.E0,0.E0));
#3690=VECTOR('',#3689,1.900000000005E-1);
#3691=CARTESIAN_POINT('',(4.295E0,1.87E0,-4.9E0));
#3692=LINE('',#3691,#3690);
#3693=DIRECTION('',(0.E0,1.E0,8.437694987149E-14));
#3694=VECTOR('',#3693,2.000000000001E-1);
#3695=CARTESIAN_POINT('',(4.105E0,1.67E0,-4.9E0));
#3696=LINE('',#3695,#3694);
#3697=DIRECTION('',(-1.E0,0.E0,0.E0));
#3698=VECTOR('',#3697,1.900000000005E-1);
#3699=CARTESIAN_POINT('',(4.295E0,1.67E0,-4.9E0));
#3700=LINE('',#3699,#3698);
#3701=DIRECTION('',(0.E0,-1.E0,-8.437694987149E-14));
#3702=VECTOR('',#3701,2.000000000001E-1);
#3703=CARTESIAN_POINT('',(4.295E0,1.87E0,-4.9E0));
#3704=LINE('',#3703,#3702);
#3705=DIRECTION('',(1.E0,0.E0,0.E0));
#3706=VECTOR('',#3705,1.900000000005E-1);
#3707=CARTESIAN_POINT('',(4.105E0,1.648762607162E0,-4.494766404376E0));
#3708=LINE('',#3707,#3706);
#3709=DIRECTION('',(-1.E0,0.E0,0.E0));
#3710=VECTOR('',#3709,1.900000000005E-1);
#3711=CARTESIAN_POINT('',(4.295E0,1.548899653687E0,-4.4E0));
#3712=LINE('',#3711,#3710);
#3713=DIRECTION('',(-1.E0,0.E0,0.E0));
#3714=VECTOR('',#3713,1.900000000005E-1);
#3715=CARTESIAN_POINT('',(4.295E0,7.E-1,-4.4E0));
#3716=LINE('',#3715,#3714);
#3717=DIRECTION('',(1.046270210905E-14,-1.E0,1.851898273301E-13));
#3718=VECTOR('',#3717,8.488996536872E-1);
#3719=CARTESIAN_POINT('',(4.295E0,1.548899653687E0,-4.4E0));
#3720=LINE('',#3719,#3718);
#3721=DIRECTION('',(0.E0,1.E0,-1.851898273301E-13));
#3722=VECTOR('',#3721,8.488996536872E-1);
#3723=CARTESIAN_POINT('',(4.105E0,7.E-1,-4.4E0));
#3724=LINE('',#3723,#3722);
#3725=DIRECTION('',(1.E0,0.E0,0.E0));
#3726=VECTOR('',#3725,2.1E-1);
#3727=CARTESIAN_POINT('',(4.095E0,1.62E0,-3.5E0));
#3728=LINE('',#3727,#3726);
#3729=DIRECTION('',(-1.E0,0.E0,0.E0));
#3730=VECTOR('',#3729,2.1E-1);
#3731=CARTESIAN_POINT('',(4.305E0,1.82E0,-3.5E0));
#3732=LINE('',#3731,#3730);
#3733=DIRECTION('',(0.E0,0.E0,-1.E0));
#3734=VECTOR('',#3733,6.999999999999E-1);
#3735=CARTESIAN_POINT('',(4.095E0,1.62E0,-3.5E0));
#3736=LINE('',#3735,#3734);
#3737=DIRECTION('',(0.E0,-1.E0,-1.598721155460E-13));
#3738=VECTOR('',#3737,2.E-1);
#3739=CARTESIAN_POINT('',(4.095E0,1.82E0,-3.5E0));
#3740=LINE('',#3739,#3738);
#3741=DIRECTION('',(0.E0,0.E0,1.E0));
#3742=VECTOR('',#3741,7.E-1);
#3743=CARTESIAN_POINT('',(4.095E0,1.82E0,-4.2E0));
#3744=LINE('',#3743,#3742);
#3745=DIRECTION('',(0.E0,1.E0,-9.769962616701E-14));
#3746=VECTOR('',#3745,2.E-1);
#3747=CARTESIAN_POINT('',(4.095E0,1.62E0,-4.2E0));
#3748=LINE('',#3747,#3746);
#3749=DIRECTION('',(0.E0,0.E0,-1.E0));
#3750=VECTOR('',#3749,6.999999999999E-1);
#3751=CARTESIAN_POINT('',(3.805E0,1.62E0,-3.5E0));
#3752=LINE('',#3751,#3750);
#3753=DIRECTION('',(0.E0,1.E0,-9.769962616701E-14));
#3754=VECTOR('',#3753,2.E-1);
#3755=CARTESIAN_POINT('',(3.805E0,1.62E0,-4.2E0));
#3756=LINE('',#3755,#3754);
#3757=DIRECTION('',(0.E0,0.E0,1.E0));
#3758=VECTOR('',#3757,7.E-1);
#3759=CARTESIAN_POINT('',(3.805E0,1.82E0,-4.2E0));
#3760=LINE('',#3759,#3758);
#3761=DIRECTION('',(0.E0,-1.E0,-1.598721155460E-13));
#3762=VECTOR('',#3761,2.E-1);
#3763=CARTESIAN_POINT('',(3.805E0,1.82E0,-3.5E0));
#3764=LINE('',#3763,#3762);
#3765=DIRECTION('',(0.E0,0.E0,1.E0));
#3766=VECTOR('',#3765,1.1E-1);
#3767=CARTESIAN_POINT('',(3.605E0,1.62E0,-4.2E0));
#3768=LINE('',#3767,#3766);
#3769=DIRECTION('',(1.E0,0.E0,0.E0));
#3770=VECTOR('',#3769,1.9E-1);
#3771=CARTESIAN_POINT('',(3.605E0,1.62E0,-4.09E0));
#3772=LINE('',#3771,#3770);
#3773=DIRECTION('',(0.E0,0.E0,1.E0));
#3774=VECTOR('',#3773,1.1E-1);
#3775=CARTESIAN_POINT('',(3.795E0,1.62E0,-4.2E0));
#3776=LINE('',#3775,#3774);
#3777=DIRECTION('',(-1.E0,2.220446049250E-14,-1.953992523340E-12));
#3778=VECTOR('',#3777,9.999999999999E-3);
#3779=CARTESIAN_POINT('',(3.805E0,1.62E0,-4.2E0));
#3780=LINE('',#3779,#3778);
#3781=DIRECTION('',(-1.E0,-6.661338147751E-14,1.953992523340E-12));
#3782=VECTOR('',#3781,1.E-2);
#3783=CARTESIAN_POINT('',(3.605E0,1.62E0,-4.2E0));
#3784=LINE('',#3783,#3782);
#3785=CARTESIAN_POINT('',(3.605E0,1.349243459677E0,-9.893449050845E-1));
#3786=DIRECTION('',(1.E0,0.E0,0.E0));
#3787=DIRECTION('',(0.E0,-4.878746331671E-1,8.729137083996E-1));
#3788=AXIS2_PLACEMENT_3D('',#3785,#3786,#3787);
#3790=DIRECTION('',(0.E0,-4.226182617383E-1,-9.063077870378E-1));
#3791=VECTOR('',#3790,2.214638864091E-2);
#3792=CARTESIAN_POINT('',(3.605E0,1.077351123566E0,-8.625594265622E-1));
#3793=LINE('',#3792,#3791);
#3794=DIRECTION('',(1.367893908951E-13,5.303311836799E-2,-9.985927540074E-1));
#3795=VECTOR('',#3794,1.759612716774E0);
#3796=CARTESIAN_POINT('',(3.605E0,1.067991655295E0,-8.826308710422E-1));
#3797=LINE('',#3796,#3795);
#3798=DIRECTION('',(-4.887802353992E-13,9.138115486203E-1,-4.061384660534E-1));
#3799=VECTOR('',#3798,4.924428900898E-1);
#3800=CARTESIAN_POINT('',(3.605E0,2.5E-1,-4.2E0));
#3801=LINE('',#3800,#3799);
#3802=CARTESIAN_POINT('',(3.605E0,1.548899653687E0,-4.5E0));
#3803=DIRECTION('',(-1.E0,0.E0,0.E0));
#3804=DIRECTION('',(0.E0,0.E0,1.E0));
#3805=AXIS2_PLACEMENT_3D('',#3802,#3803,#3804);
#3807=DIRECTION('',(0.E0,5.233595624304E-2,-9.986295347546E-1));
#3808=VECTOR('',#3807,4.057897163273E-1);
#3809=CARTESIAN_POINT('',(3.605E0,1.648762607162E0,-4.494766404376E0));
#3810=LINE('',#3809,#3808);
#3811=DIRECTION('',(0.E0,-5.233595624329E-2,9.986295347546E-1));
#3812=VECTOR('',#3811,7.162151435867E-1);
#3813=CARTESIAN_POINT('',(3.605E0,1.87E0,-4.9E0));
#3814=LINE('',#3813,#3812);
#3815=CARTESIAN_POINT('',(3.605E0,1.732653242109E0,-4.19E0));
#3816=DIRECTION('',(1.E0,0.E0,0.E0));
#3817=DIRECTION('',(0.E0,9.986295347546E-1,5.233595624288E-2));
#3818=AXIS2_PLACEMENT_3D('',#3815,#3816,#3817);
#3820=DIRECTION('',(-1.E0,0.E0,0.E0));
#3821=VECTOR('',#3820,1.900000000005E-1);
#3822=CARTESIAN_POINT('',(3.795E0,1.077351123566E0,-8.625594265622E-1));
#3823=LINE('',#3822,#3821);
#3824=DIRECTION('',(-1.430988646449E-13,5.303311836799E-2,-9.985927540074E-1));
#3825=VECTOR('',#3824,1.759612716774E0);
#3826=CARTESIAN_POINT('',(3.795E0,1.067991655295E0,-8.826308710422E-1));
#3827=LINE('',#3826,#3825);
#3828=DIRECTION('',(3.809964289873E-13,-4.226182617383E-1,-9.063077870378E-1));
#3829=VECTOR('',#3828,2.214638864091E-2);
#3830=CARTESIAN_POINT('',(3.795E0,1.077351123566E0,-8.625594265622E-1));
#3831=LINE('',#3830,#3829);
#3832=CARTESIAN_POINT('',(3.795E0,1.349243459677E0,-9.893449050845E-1));
#3833=DIRECTION('',(1.E0,0.E0,0.E0));
#3834=DIRECTION('',(0.E0,-4.878746331671E-1,8.729137083996E-1));
#3835=AXIS2_PLACEMENT_3D('',#3832,#3833,#3834);
#3837=CARTESIAN_POINT('',(3.795E0,1.732653242109E0,-4.19E0));
#3838=DIRECTION('',(1.E0,0.E0,0.E0));
#3839=DIRECTION('',(0.E0,9.986295347546E-1,5.233595624288E-2));
#3840=AXIS2_PLACEMENT_3D('',#3837,#3838,#3839);
#3842=DIRECTION('',(0.E0,-5.233595624329E-2,9.986295347546E-1));
#3843=VECTOR('',#3842,7.162151435867E-1);
#3844=CARTESIAN_POINT('',(3.795E0,1.87E0,-4.9E0));
#3845=LINE('',#3844,#3843);
#3846=DIRECTION('',(2.188765224853E-14,5.233595624304E-2,-9.986295347546E-1));
#3847=VECTOR('',#3846,4.057897163273E-1);
#3848=CARTESIAN_POINT('',(3.795E0,1.648762607162E0,-4.494766404376E0));
#3849=LINE('',#3848,#3847);
#3850=CARTESIAN_POINT('',(3.795E0,1.548899653687E0,-4.5E0));
#3851=DIRECTION('',(-1.E0,0.E0,0.E0));
#3852=DIRECTION('',(0.E0,0.E0,1.E0));
#3853=AXIS2_PLACEMENT_3D('',#3850,#3851,#3852);
#3855=DIRECTION('',(5.122272577615E-13,9.138115486203E-1,-4.061384660534E-1));
#3856=VECTOR('',#3855,4.924428900898E-1);
#3857=CARTESIAN_POINT('',(3.795E0,2.5E-1,-4.2E0));
#3858=LINE('',#3857,#3856);
#3859=DIRECTION('',(-1.E0,0.E0,0.E0));
#3860=VECTOR('',#3859,1.900000000005E-1);
#3861=CARTESIAN_POINT('',(3.795E0,1.067991655295E0,-8.826308710422E-1));
#3862=LINE('',#3861,#3860);
#3863=DIRECTION('',(2.116902285496E-12,-1.E0,0.E0));
#3864=VECTOR('',#3863,1.126532421092E-1);
#3865=CARTESIAN_POINT('',(3.605E0,1.732653242109E0,-4.09E0));
#3866=LINE('',#3865,#3864);
#3867=DIRECTION('',(2.187859904004E-12,1.E0,0.E0));
#3868=VECTOR('',#3867,1.126532421092E-1);
#3869=CARTESIAN_POINT('',(3.795E0,1.62E0,-4.09E0));
#3870=LINE('',#3869,#3868);
#3871=DIRECTION('',(1.E0,0.E0,0.E0));
#3872=VECTOR('',#3871,1.900000000005E-1);
#3873=CARTESIAN_POINT('',(3.605E0,1.832516195584E0,-4.184766404376E0));
#3874=LINE('',#3873,#3872);
#3875=DIRECTION('',(-1.E0,0.E0,0.E0));
#3876=VECTOR('',#3875,1.900000000005E-1);
#3877=CARTESIAN_POINT('',(3.795E0,1.732653242109E0,-4.09E0));
#3878=LINE('',#3877,#3876);
#3879=DIRECTION('',(-1.E0,0.E0,0.E0));
#3880=VECTOR('',#3879,1.900000000005E-1);
#3881=CARTESIAN_POINT('',(3.795E0,1.87E0,-4.9E0));
#3882=LINE('',#3881,#3880);
#3883=DIRECTION('',(0.E0,1.E0,8.437694987149E-14));
#3884=VECTOR('',#3883,2.000000000001E-1);
#3885=CARTESIAN_POINT('',(3.605E0,1.67E0,-4.9E0));
#3886=LINE('',#3885,#3884);
#3887=DIRECTION('',(-1.E0,0.E0,0.E0));
#3888=VECTOR('',#3887,1.900000000005E-1);
#3889=CARTESIAN_POINT('',(3.795E0,1.67E0,-4.9E0));
#3890=LINE('',#3889,#3888);
#3891=DIRECTION('',(0.E0,-1.E0,-8.437694987149E-14));
#3892=VECTOR('',#3891,2.000000000001E-1);
#3893=CARTESIAN_POINT('',(3.795E0,1.87E0,-4.9E0));
#3894=LINE('',#3893,#3892);
#3895=DIRECTION('',(1.E0,0.E0,0.E0));
#3896=VECTOR('',#3895,1.900000000005E-1);
#3897=CARTESIAN_POINT('',(3.605E0,1.648762607162E0,-4.494766404376E0));
#3898=LINE('',#3897,#3896);
#3899=DIRECTION('',(-1.E0,0.E0,0.E0));
#3900=VECTOR('',#3899,1.900000000005E-1);
#3901=CARTESIAN_POINT('',(3.795E0,1.548899653687E0,-4.4E0));
#3902=LINE('',#3901,#3900);
#3903=DIRECTION('',(-1.E0,0.E0,0.E0));
#3904=VECTOR('',#3903,1.900000000005E-1);
#3905=CARTESIAN_POINT('',(3.795E0,7.E-1,-4.4E0));
#3906=LINE('',#3905,#3904);
#3907=DIRECTION('',(0.E0,-1.E0,1.851898273301E-13));
#3908=VECTOR('',#3907,8.488996536872E-1);
#3909=CARTESIAN_POINT('',(3.795E0,1.548899653687E0,-4.4E0));
#3910=LINE('',#3909,#3908);
#3911=DIRECTION('',(0.E0,1.E0,-1.851898273301E-13));
#3912=VECTOR('',#3911,8.488996536872E-1);
#3913=CARTESIAN_POINT('',(3.605E0,7.E-1,-4.4E0));
#3914=LINE('',#3913,#3912);
#3915=DIRECTION('',(1.E0,0.E0,0.E0));
#3916=VECTOR('',#3915,2.1E-1);
#3917=CARTESIAN_POINT('',(3.595E0,1.62E0,-3.5E0));
#3918=LINE('',#3917,#3916);
#3919=DIRECTION('',(-1.E0,0.E0,0.E0));
#3920=VECTOR('',#3919,2.1E-1);
#3921=CARTESIAN_POINT('',(3.805E0,1.82E0,-3.5E0));
#3922=LINE('',#3921,#3920);
#3923=DIRECTION('',(0.E0,0.E0,-1.E0));
#3924=VECTOR('',#3923,6.999999999999E-1);
#3925=CARTESIAN_POINT('',(3.595E0,1.62E0,-3.5E0));
#3926=LINE('',#3925,#3924);
#3927=DIRECTION('',(0.E0,-1.E0,-1.598721155460E-13));
#3928=VECTOR('',#3927,2.E-1);
#3929=CARTESIAN_POINT('',(3.595E0,1.82E0,-3.5E0));
#3930=LINE('',#3929,#3928);
#3931=DIRECTION('',(0.E0,0.E0,1.E0));
#3932=VECTOR('',#3931,7.E-1);
#3933=CARTESIAN_POINT('',(3.595E0,1.82E0,-4.2E0));
#3934=LINE('',#3933,#3932);
#3935=DIRECTION('',(0.E0,1.E0,-9.769962616701E-14));
#3936=VECTOR('',#3935,2.E-1);
#3937=CARTESIAN_POINT('',(3.595E0,1.62E0,-4.2E0));
#3938=LINE('',#3937,#3936);
#3939=DIRECTION('',(0.E0,0.E0,-1.E0));
#3940=VECTOR('',#3939,6.999999999999E-1);
#3941=CARTESIAN_POINT('',(3.305E0,1.62E0,-3.5E0));
#3942=LINE('',#3941,#3940);
#3943=DIRECTION('',(0.E0,1.E0,-9.769962616701E-14));
#3944=VECTOR('',#3943,2.E-1);
#3945=CARTESIAN_POINT('',(3.305E0,1.62E0,-4.2E0));
#3946=LINE('',#3945,#3944);
#3947=DIRECTION('',(0.E0,0.E0,1.E0));
#3948=VECTOR('',#3947,7.E-1);
#3949=CARTESIAN_POINT('',(3.305E0,1.82E0,-4.2E0));
#3950=LINE('',#3949,#3948);
#3951=DIRECTION('',(0.E0,-1.E0,-1.598721155460E-13));
#3952=VECTOR('',#3951,2.E-1);
#3953=CARTESIAN_POINT('',(3.305E0,1.82E0,-3.5E0));
#3954=LINE('',#3953,#3952);
#3955=DIRECTION('',(0.E0,0.E0,1.E0));
#3956=VECTOR('',#3955,1.1E-1);
#3957=CARTESIAN_POINT('',(3.105E0,1.62E0,-4.2E0));
#3958=LINE('',#3957,#3956);
#3959=DIRECTION('',(1.E0,0.E0,0.E0));
#3960=VECTOR('',#3959,1.9E-1);
#3961=CARTESIAN_POINT('',(3.105E0,1.62E0,-4.09E0));
#3962=LINE('',#3961,#3960);
#3963=DIRECTION('',(0.E0,0.E0,1.E0));
#3964=VECTOR('',#3963,1.1E-1);
#3965=CARTESIAN_POINT('',(3.295E0,1.62E0,-4.2E0));
#3966=LINE('',#3965,#3964);
#3967=DIRECTION('',(-1.E0,6.661338147751E-14,-1.953992523340E-12));
#3968=VECTOR('',#3967,9.999999999999E-3);
#3969=CARTESIAN_POINT('',(3.305E0,1.62E0,-4.2E0));
#3970=LINE('',#3969,#3968);
#3971=DIRECTION('',(-1.E0,-6.661338147751E-14,1.953992523340E-12));
#3972=VECTOR('',#3971,1.E-2);
#3973=CARTESIAN_POINT('',(3.105E0,1.62E0,-4.2E0));
#3974=LINE('',#3973,#3972);
#3975=CARTESIAN_POINT('',(3.105E0,1.349243459677E0,-9.893449050845E-1));
#3976=DIRECTION('',(1.E0,0.E0,0.E0));
#3977=DIRECTION('',(0.E0,-4.878746331671E-1,8.729137083996E-1));
#3978=AXIS2_PLACEMENT_3D('',#3975,#3976,#3977);
#3980=DIRECTION('',(0.E0,-4.226182617383E-1,-9.063077870378E-1));
#3981=VECTOR('',#3980,2.214638864091E-2);
#3982=CARTESIAN_POINT('',(3.105E0,1.077351123566E0,-8.625594265622E-1));
#3983=LINE('',#3982,#3981);
#3984=DIRECTION('',(1.367893908951E-13,5.303311836799E-2,-9.985927540074E-1));
#3985=VECTOR('',#3984,1.759612716774E0);
#3986=CARTESIAN_POINT('',(3.105E0,1.067991655295E0,-8.826308710422E-1));
#3987=LINE('',#3986,#3985);
#3988=DIRECTION('',(-4.887802353992E-13,9.138115486203E-1,-4.061384660534E-1));
#3989=VECTOR('',#3988,4.924428900898E-1);
#3990=CARTESIAN_POINT('',(3.105E0,2.5E-1,-4.2E0));
#3991=LINE('',#3990,#3989);
#3992=CARTESIAN_POINT('',(3.105E0,1.548899653687E0,-4.5E0));
#3993=DIRECTION('',(-1.E0,0.E0,0.E0));
#3994=DIRECTION('',(0.E0,0.E0,1.E0));
#3995=AXIS2_PLACEMENT_3D('',#3992,#3993,#3994);
#3997=DIRECTION('',(0.E0,5.233595624304E-2,-9.986295347546E-1));
#3998=VECTOR('',#3997,4.057897163273E-1);
#3999=CARTESIAN_POINT('',(3.105E0,1.648762607162E0,-4.494766404376E0));
#4000=LINE('',#3999,#3998);
#4001=DIRECTION('',(0.E0,-5.233595624329E-2,9.986295347546E-1));
#4002=VECTOR('',#4001,7.162151435867E-1);
#4003=CARTESIAN_POINT('',(3.105E0,1.87E0,-4.9E0));
#4004=LINE('',#4003,#4002);
#4005=CARTESIAN_POINT('',(3.105E0,1.732653242109E0,-4.19E0));
#4006=DIRECTION('',(1.E0,0.E0,0.E0));
#4007=DIRECTION('',(0.E0,9.986295347546E-1,5.233595624288E-2));
#4008=AXIS2_PLACEMENT_3D('',#4005,#4006,#4007);
#4010=DIRECTION('',(-1.E0,0.E0,0.E0));
#4011=VECTOR('',#4010,1.900000000005E-1);
#4012=CARTESIAN_POINT('',(3.295E0,1.077351123566E0,-8.625594265622E-1));
#4013=LINE('',#4012,#4011);
#4014=DIRECTION('',(-1.430988646449E-13,5.303311836799E-2,-9.985927540074E-1));
#4015=VECTOR('',#4014,1.759612716774E0);
#4016=CARTESIAN_POINT('',(3.295E0,1.067991655295E0,-8.826308710422E-1));
#4017=LINE('',#4016,#4015);
#4018=DIRECTION('',(3.809964289873E-13,-4.226182617383E-1,-9.063077870378E-1));
#4019=VECTOR('',#4018,2.214638864091E-2);
#4020=CARTESIAN_POINT('',(3.295E0,1.077351123566E0,-8.625594265622E-1));
#4021=LINE('',#4020,#4019);
#4022=CARTESIAN_POINT('',(3.295E0,1.349243459677E0,-9.893449050845E-1));
#4023=DIRECTION('',(1.E0,0.E0,0.E0));
#4024=DIRECTION('',(0.E0,-4.878746331671E-1,8.729137083996E-1));
#4025=AXIS2_PLACEMENT_3D('',#4022,#4023,#4024);
#4027=CARTESIAN_POINT('',(3.295E0,1.732653242109E0,-4.19E0));
#4028=DIRECTION('',(1.E0,0.E0,0.E0));
#4029=DIRECTION('',(0.E0,9.986295347546E-1,5.233595624288E-2));
#4030=AXIS2_PLACEMENT_3D('',#4027,#4028,#4029);
#4032=DIRECTION('',(0.E0,-5.233595624329E-2,9.986295347546E-1));
#4033=VECTOR('',#4032,7.162151435867E-1);
#4034=CARTESIAN_POINT('',(3.295E0,1.87E0,-4.9E0));
#4035=LINE('',#4034,#4033);
#4036=DIRECTION('',(2.188765224853E-14,5.233595624304E-2,-9.986295347546E-1));
#4037=VECTOR('',#4036,4.057897163273E-1);
#4038=CARTESIAN_POINT('',(3.295E0,1.648762607162E0,-4.494766404376E0));
#4039=LINE('',#4038,#4037);
#4040=CARTESIAN_POINT('',(3.295E0,1.548899653687E0,-4.5E0));
#4041=DIRECTION('',(-1.E0,0.E0,0.E0));
#4042=DIRECTION('',(0.E0,0.E0,1.E0));
#4043=AXIS2_PLACEMENT_3D('',#4040,#4041,#4042);
#4045=DIRECTION('',(5.122272577615E-13,9.138115486203E-1,-4.061384660534E-1));
#4046=VECTOR('',#4045,4.924428900898E-1);
#4047=CARTESIAN_POINT('',(3.295E0,2.5E-1,-4.2E0));
#4048=LINE('',#4047,#4046);
#4049=DIRECTION('',(-1.E0,0.E0,0.E0));
#4050=VECTOR('',#4049,1.900000000005E-1);
#4051=CARTESIAN_POINT('',(3.295E0,1.067991655295E0,-8.826308710422E-1));
#4052=LINE('',#4051,#4050);
#4053=DIRECTION('',(2.116902285496E-12,-1.E0,0.E0));
#4054=VECTOR('',#4053,1.126532421092E-1);
#4055=CARTESIAN_POINT('',(3.105E0,1.732653242109E0,-4.09E0));
#4056=LINE('',#4055,#4054);
#4057=DIRECTION('',(2.187859904004E-12,1.E0,0.E0));
#4058=VECTOR('',#4057,1.126532421092E-1);
#4059=CARTESIAN_POINT('',(3.295E0,1.62E0,-4.09E0));
#4060=LINE('',#4059,#4058);
#4061=DIRECTION('',(1.E0,0.E0,0.E0));
#4062=VECTOR('',#4061,1.900000000005E-1);
#4063=CARTESIAN_POINT('',(3.105E0,1.832516195584E0,-4.184766404376E0));
#4064=LINE('',#4063,#4062);
#4065=DIRECTION('',(-1.E0,0.E0,0.E0));
#4066=VECTOR('',#4065,1.900000000005E-1);
#4067=CARTESIAN_POINT('',(3.295E0,1.732653242109E0,-4.09E0));
#4068=LINE('',#4067,#4066);
#4069=DIRECTION('',(-1.E0,0.E0,0.E0));
#4070=VECTOR('',#4069,1.900000000005E-1);
#4071=CARTESIAN_POINT('',(3.295E0,1.87E0,-4.9E0));
#4072=LINE('',#4071,#4070);
#4073=DIRECTION('',(0.E0,1.E0,8.437694987149E-14));
#4074=VECTOR('',#4073,2.000000000001E-1);
#4075=CARTESIAN_POINT('',(3.105E0,1.67E0,-4.9E0));
#4076=LINE('',#4075,#4074);
#4077=DIRECTION('',(-1.E0,0.E0,0.E0));
#4078=VECTOR('',#4077,1.900000000005E-1);
#4079=CARTESIAN_POINT('',(3.295E0,1.67E0,-4.9E0));
#4080=LINE('',#4079,#4078);
#4081=DIRECTION('',(0.E0,-1.E0,-8.437694987149E-14));
#4082=VECTOR('',#4081,2.000000000001E-1);
#4083=CARTESIAN_POINT('',(3.295E0,1.87E0,-4.9E0));
#4084=LINE('',#4083,#4082);
#4085=DIRECTION('',(1.E0,0.E0,0.E0));
#4086=VECTOR('',#4085,1.900000000005E-1);
#4087=CARTESIAN_POINT('',(3.105E0,1.648762607162E0,-4.494766404376E0));
#4088=LINE('',#4087,#4086);
#4089=DIRECTION('',(-1.E0,0.E0,0.E0));
#4090=VECTOR('',#4089,1.900000000005E-1);
#4091=CARTESIAN_POINT('',(3.295E0,1.548899653687E0,-4.4E0));
#4092=LINE('',#4091,#4090);
#4093=DIRECTION('',(-1.E0,0.E0,0.E0));
#4094=VECTOR('',#4093,1.900000000005E-1);
#4095=CARTESIAN_POINT('',(3.295E0,7.E-1,-4.4E0));
#4096=LINE('',#4095,#4094);
#4097=DIRECTION('',(0.E0,-1.E0,1.851898273301E-13));
#4098=VECTOR('',#4097,8.488996536872E-1);
#4099=CARTESIAN_POINT('',(3.295E0,1.548899653687E0,-4.4E0));
#4100=LINE('',#4099,#4098);
#4101=DIRECTION('',(0.E0,1.E0,-1.851898273301E-13));
#4102=VECTOR('',#4101,8.488996536872E-1);
#4103=CARTESIAN_POINT('',(3.105E0,7.E-1,-4.4E0));
#4104=LINE('',#4103,#4102);
#4105=DIRECTION('',(1.E0,0.E0,0.E0));
#4106=VECTOR('',#4105,2.1E-1);
#4107=CARTESIAN_POINT('',(3.095E0,1.62E0,-3.5E0));
#4108=LINE('',#4107,#4106);
#4109=DIRECTION('',(-1.E0,0.E0,0.E0));
#4110=VECTOR('',#4109,2.1E-1);
#4111=CARTESIAN_POINT('',(3.305E0,1.82E0,-3.5E0));
#4112=LINE('',#4111,#4110);
#4113=DIRECTION('',(0.E0,0.E0,-1.E0));
#4114=VECTOR('',#4113,6.999999999999E-1);
#4115=CARTESIAN_POINT('',(3.095E0,1.62E0,-3.5E0));
#4116=LINE('',#4115,#4114);
#4117=DIRECTION('',(0.E0,-1.E0,-1.598721155460E-13));
#4118=VECTOR('',#4117,2.E-1);
#4119=CARTESIAN_POINT('',(3.095E0,1.82E0,-3.5E0));
#4120=LINE('',#4119,#4118);
#4121=DIRECTION('',(0.E0,0.E0,1.E0));
#4122=VECTOR('',#4121,7.E-1);
#4123=CARTESIAN_POINT('',(3.095E0,1.82E0,-4.2E0));
#4124=LINE('',#4123,#4122);
#4125=DIRECTION('',(0.E0,1.E0,-9.769962616701E-14));
#4126=VECTOR('',#4125,2.E-1);
#4127=CARTESIAN_POINT('',(3.095E0,1.62E0,-4.2E0));
#4128=LINE('',#4127,#4126);
#4129=DIRECTION('',(0.E0,0.E0,-1.E0));
#4130=VECTOR('',#4129,6.999999999999E-1);
#4131=CARTESIAN_POINT('',(2.805E0,1.62E0,-3.5E0));
#4132=LINE('',#4131,#4130);
#4133=DIRECTION('',(0.E0,1.E0,-9.769962616701E-14));
#4134=VECTOR('',#4133,2.E-1);
#4135=CARTESIAN_POINT('',(2.805E0,1.62E0,-4.2E0));
#4136=LINE('',#4135,#4134);
#4137=DIRECTION('',(0.E0,0.E0,1.E0));
#4138=VECTOR('',#4137,7.E-1);
#4139=CARTESIAN_POINT('',(2.805E0,1.82E0,-4.2E0));
#4140=LINE('',#4139,#4138);
#4141=DIRECTION('',(0.E0,-1.E0,-1.598721155460E-13));
#4142=VECTOR('',#4141,2.E-1);
#4143=CARTESIAN_POINT('',(2.805E0,1.82E0,-3.5E0));
#4144=LINE('',#4143,#4142);
#4145=DIRECTION('',(0.E0,0.E0,1.E0));
#4146=VECTOR('',#4145,1.1E-1);
#4147=CARTESIAN_POINT('',(2.605E0,1.62E0,-4.2E0));
#4148=LINE('',#4147,#4146);
#4149=DIRECTION('',(1.E0,0.E0,0.E0));
#4150=VECTOR('',#4149,1.9E-1);
#4151=CARTESIAN_POINT('',(2.605E0,1.62E0,-4.09E0));
#4152=LINE('',#4151,#4150);
#4153=DIRECTION('',(0.E0,0.E0,1.E0));
#4154=VECTOR('',#4153,1.1E-1);
#4155=CARTESIAN_POINT('',(2.795E0,1.62E0,-4.2E0));
#4156=LINE('',#4155,#4154);
#4157=DIRECTION('',(-1.E0,6.661338147752E-14,-1.953992523340E-12));
#4158=VECTOR('',#4157,9.999999999999E-3);
#4159=CARTESIAN_POINT('',(2.805E0,1.62E0,-4.2E0));
#4160=LINE('',#4159,#4158);
#4161=DIRECTION('',(-1.E0,-6.661338147751E-14,1.953992523340E-12));
#4162=VECTOR('',#4161,1.E-2);
#4163=CARTESIAN_POINT('',(2.605E0,1.62E0,-4.2E0));
#4164=LINE('',#4163,#4162);
#4165=CARTESIAN_POINT('',(2.605E0,1.349243459677E0,-9.893449050845E-1));
#4166=DIRECTION('',(1.E0,0.E0,0.E0));
#4167=DIRECTION('',(0.E0,-4.878746331671E-1,8.729137083996E-1));
#4168=AXIS2_PLACEMENT_3D('',#4165,#4166,#4167);
#4170=DIRECTION('',(0.E0,-4.226182617383E-1,-9.063077870378E-1));
#4171=VECTOR('',#4170,2.214638864091E-2);
#4172=CARTESIAN_POINT('',(2.605E0,1.077351123566E0,-8.625594265622E-1));
#4173=LINE('',#4172,#4171);
#4174=DIRECTION('',(1.370417698451E-13,5.303311836799E-2,-9.985927540074E-1));
#4175=VECTOR('',#4174,1.759612716774E0);
#4176=CARTESIAN_POINT('',(2.605E0,1.067991655295E0,-8.826308710422E-1));
#4177=LINE('',#4176,#4175);
#4178=DIRECTION('',(-4.896820439515E-13,9.138115486203E-1,-4.061384660534E-1));
#4179=VECTOR('',#4178,4.924428900898E-1);
#4180=CARTESIAN_POINT('',(2.605E0,2.5E-1,-4.2E0));
#4181=LINE('',#4180,#4179);
#4182=CARTESIAN_POINT('',(2.605E0,1.548899653687E0,-4.5E0));
#4183=DIRECTION('',(-1.E0,0.E0,0.E0));
#4184=DIRECTION('',(0.E0,0.E0,1.E0));
#4185=AXIS2_PLACEMENT_3D('',#4182,#4183,#4184);
#4187=DIRECTION('',(0.E0,5.233595624304E-2,-9.986295347546E-1));
#4188=VECTOR('',#4187,4.057897163273E-1);
#4189=CARTESIAN_POINT('',(2.605E0,1.648762607162E0,-4.494766404376E0));
#4190=LINE('',#4189,#4188);
#4191=DIRECTION('',(0.E0,-5.233595624329E-2,9.986295347546E-1));
#4192=VECTOR('',#4191,7.162151435867E-1);
#4193=CARTESIAN_POINT('',(2.605E0,1.87E0,-4.9E0));
#4194=LINE('',#4193,#4192);
#4195=CARTESIAN_POINT('',(2.605E0,1.732653242109E0,-4.19E0));
#4196=DIRECTION('',(1.E0,0.E0,0.E0));
#4197=DIRECTION('',(0.E0,9.986295347546E-1,5.233595624288E-2));
#4198=AXIS2_PLACEMENT_3D('',#4195,#4196,#4197);
#4200=DIRECTION('',(-1.E0,0.E0,0.E0));
#4201=VECTOR('',#4200,1.900000000005E-1);
#4202=CARTESIAN_POINT('',(2.795E0,1.077351123566E0,-8.625594265622E-1));
#4203=LINE('',#4202,#4201);
#4204=DIRECTION('',(-1.433512435949E-13,5.303311836799E-2,-9.985927540074E-1));
#4205=VECTOR('',#4204,1.759612716774E0);
#4206=CARTESIAN_POINT('',(2.795E0,1.067991655295E0,-8.826308710422E-1));
#4207=LINE('',#4206,#4205);
#4208=DIRECTION('',(3.809964289873E-13,-4.226182617383E-1,-9.063077870378E-1));
#4209=VECTOR('',#4208,2.214638864091E-2);
#4210=CARTESIAN_POINT('',(2.795E0,1.077351123566E0,-8.625594265622E-1));
#4211=LINE('',#4210,#4209);
#4212=CARTESIAN_POINT('',(2.795E0,1.349243459677E0,-9.893449050845E-1));
#4213=DIRECTION('',(1.E0,0.E0,0.E0));
#4214=DIRECTION('',(0.E0,-4.878746331671E-1,8.729137083996E-1));
#4215=AXIS2_PLACEMENT_3D('',#4212,#4213,#4214);
#4217=CARTESIAN_POINT('',(2.795E0,1.732653242109E0,-4.19E0));
#4218=DIRECTION('',(1.E0,0.E0,0.E0));
#4219=DIRECTION('',(0.E0,9.986295347546E-1,5.233595624288E-2));
#4220=AXIS2_PLACEMENT_3D('',#4217,#4218,#4219);
#4222=DIRECTION('',(0.E0,-5.233595624329E-2,9.986295347546E-1));
#4223=VECTOR('',#4222,7.162151435867E-1);
#4224=CARTESIAN_POINT('',(2.795E0,1.87E0,-4.9E0));
#4225=LINE('',#4224,#4223);
#4226=DIRECTION('',(2.079326963610E-14,5.233595624304E-2,-9.986295347546E-1));
#4227=VECTOR('',#4226,4.057897163273E-1);
#4228=CARTESIAN_POINT('',(2.795E0,1.648762607162E0,-4.494766404376E0));
#4229=LINE('',#4228,#4227);
#4230=CARTESIAN_POINT('',(2.795E0,1.548899653687E0,-4.5E0));
#4231=DIRECTION('',(-1.E0,0.E0,0.E0));
#4232=DIRECTION('',(0.E0,0.E0,1.E0));
#4233=AXIS2_PLACEMENT_3D('',#4230,#4231,#4232);
#4235=DIRECTION('',(5.131290663139E-13,9.138115486203E-1,-4.061384660534E-1));
#4236=VECTOR('',#4235,4.924428900898E-1);
#4237=CARTESIAN_POINT('',(2.795E0,2.5E-1,-4.2E0));
#4238=LINE('',#4237,#4236);
#4239=DIRECTION('',(-1.E0,0.E0,0.E0));
#4240=VECTOR('',#4239,1.900000000005E-1);
#4241=CARTESIAN_POINT('',(2.795E0,1.067991655295E0,-8.826308710422E-1));
#4242=LINE('',#4241,#4240);
#4243=DIRECTION('',(2.120844375413E-12,-1.E0,0.E0));
#4244=VECTOR('',#4243,1.126532421092E-1);
#4245=CARTESIAN_POINT('',(2.605E0,1.732653242109E0,-4.09E0));
#4246=LINE('',#4245,#4244);
#4247=DIRECTION('',(2.191801993921E-12,1.E0,0.E0));
#4248=VECTOR('',#4247,1.126532421092E-1);
#4249=CARTESIAN_POINT('',(2.795E0,1.62E0,-4.09E0));
#4250=LINE('',#4249,#4248);
#4251=DIRECTION('',(1.E0,0.E0,0.E0));
#4252=VECTOR('',#4251,1.900000000005E-1);
#4253=CARTESIAN_POINT('',(2.605E0,1.832516195584E0,-4.184766404376E0));
#4254=LINE('',#4253,#4252);
#4255=DIRECTION('',(-1.E0,0.E0,0.E0));
#4256=VECTOR('',#4255,1.900000000005E-1);
#4257=CARTESIAN_POINT('',(2.795E0,1.732653242109E0,-4.09E0));
#4258=LINE('',#4257,#4256);
#4259=DIRECTION('',(-1.E0,0.E0,0.E0));
#4260=VECTOR('',#4259,1.900000000005E-1);
#4261=CARTESIAN_POINT('',(2.795E0,1.87E0,-4.9E0));
#4262=LINE('',#4261,#4260);
#4263=DIRECTION('',(0.E0,1.E0,8.437694987149E-14));
#4264=VECTOR('',#4263,2.000000000001E-1);
#4265=CARTESIAN_POINT('',(2.605E0,1.67E0,-4.9E0));
#4266=LINE('',#4265,#4264);
#4267=DIRECTION('',(-1.E0,0.E0,0.E0));
#4268=VECTOR('',#4267,1.900000000005E-1);
#4269=CARTESIAN_POINT('',(2.795E0,1.67E0,-4.9E0));
#4270=LINE('',#4269,#4268);
#4271=DIRECTION('',(0.E0,-1.E0,-8.437694987149E-14));
#4272=VECTOR('',#4271,2.000000000001E-1);
#4273=CARTESIAN_POINT('',(2.795E0,1.87E0,-4.9E0));
#4274=LINE('',#4273,#4272);
#4275=DIRECTION('',(1.E0,0.E0,0.E0));
#4276=VECTOR('',#4275,1.900000000005E-1);
#4277=CARTESIAN_POINT('',(2.605E0,1.648762607162E0,-4.494766404376E0));
#4278=LINE('',#4277,#4276);
#4279=DIRECTION('',(-1.E0,0.E0,0.E0));
#4280=VECTOR('',#4279,1.900000000005E-1);
#4281=CARTESIAN_POINT('',(2.795E0,1.548899653687E0,-4.4E0));
#4282=LINE('',#4281,#4280);
#4283=DIRECTION('',(-1.E0,0.E0,0.E0));
#4284=VECTOR('',#4283,1.900000000005E-1);
#4285=CARTESIAN_POINT('',(2.795E0,7.E-1,-4.4E0));
#4286=LINE('',#4285,#4284);
#4287=DIRECTION('',(0.E0,-1.E0,1.851898273301E-13));
#4288=VECTOR('',#4287,8.488996536872E-1);
#4289=CARTESIAN_POINT('',(2.795E0,1.548899653687E0,-4.4E0));
#4290=LINE('',#4289,#4288);
#4291=DIRECTION('',(0.E0,1.E0,-1.851898273301E-13));
#4292=VECTOR('',#4291,8.488996536872E-1);
#4293=CARTESIAN_POINT('',(2.605E0,7.E-1,-4.4E0));
#4294=LINE('',#4293,#4292);
#4295=DIRECTION('',(1.E0,0.E0,0.E0));
#4296=VECTOR('',#4295,2.1E-1);
#4297=CARTESIAN_POINT('',(2.595E0,1.62E0,-3.5E0));
#4298=LINE('',#4297,#4296);
#4299=DIRECTION('',(-1.E0,0.E0,0.E0));
#4300=VECTOR('',#4299,2.1E-1);
#4301=CARTESIAN_POINT('',(2.805E0,1.82E0,-3.5E0));
#4302=LINE('',#4301,#4300);
#4303=DIRECTION('',(0.E0,0.E0,-1.E0));
#4304=VECTOR('',#4303,6.999999999999E-1);
#4305=CARTESIAN_POINT('',(2.595E0,1.62E0,-3.5E0));
#4306=LINE('',#4305,#4304);
#4307=DIRECTION('',(0.E0,-1.E0,-1.598721155460E-13));
#4308=VECTOR('',#4307,2.E-1);
#4309=CARTESIAN_POINT('',(2.595E0,1.82E0,-3.5E0));
#4310=LINE('',#4309,#4308);
#4311=DIRECTION('',(0.E0,0.E0,1.E0));
#4312=VECTOR('',#4311,7.E-1);
#4313=CARTESIAN_POINT('',(2.595E0,1.82E0,-4.2E0));
#4314=LINE('',#4313,#4312);
#4315=DIRECTION('',(0.E0,1.E0,-9.769962616701E-14));
#4316=VECTOR('',#4315,2.E-1);
#4317=CARTESIAN_POINT('',(2.595E0,1.62E0,-4.2E0));
#4318=LINE('',#4317,#4316);
#4319=DIRECTION('',(-1.055600051814E-11,1.E0,3.552713678800E-14));
#4320=VECTOR('',#4319,5.E-2);
#4321=CARTESIAN_POINT('',(1.885567382480E0,1.82E0,-4.19E0));
#4322=LINE('',#4321,#4320);
#4323=DIRECTION('',(-1.E0,3.302421786480E-14,0.E0));
#4324=VECTOR('',#4323,1.835567382480E0);
#4325=CARTESIAN_POINT('',(1.885567382479E0,1.87E0,-4.19E0));
#4326=LINE('',#4325,#4324);
#4327=DIRECTION('',(1.E0,4.371471548758E-14,0.E0));
#4328=VECTOR('',#4327,1.635567382480E0);
#4329=CARTESIAN_POINT('',(4.999999999980E-2,1.67E0,-4.19E0));
#4330=LINE('',#4329,#4328);
#4331=DIRECTION('',(1.E0,0.E0,0.E0));
#4332=VECTOR('',#4331,8.944326175203E-1);
#4333=CARTESIAN_POINT('',(9.355673824797E-1,5.E-2,-4.19E0));
#4334=LINE('',#4333,#4332);
#4335=DIRECTION('',(-4.019007349138E-12,1.E0,0.E0));
#4336=VECTOR('',#4335,5.000000000006E-2);
#4337=CARTESIAN_POINT('',(1.885567382480E0,1.82E0,-2.29E0));
#4338=LINE('',#4337,#4336);
#4339=DIRECTION('',(-1.717924048631E-13,-3.202116934182E-14,-1.E0));
#4340=VECTOR('',#4339,1.9E0);
#4341=CARTESIAN_POINT('',(1.885567382480E0,1.87E0,-2.29E0));
#4342=LINE('',#4341,#4340);
#4343=DIRECTION('',(-1.E0,5.423390350381E-14,0.E0));
#4344=VECTOR('',#4343,1.13E0);
#4345=CARTESIAN_POINT('',(1.885567382480E0,1.87E0,-2.29E0));
#4346=LINE('',#4345,#4344);
#4347=DIRECTION('',(-1.739543771142E-2,0.E0,-9.998486879257E-1));
#4348=VECTOR('',#4347,3.200484271911E-1);
#4349=CARTESIAN_POINT('',(-6.444326175203E-1,1.87E0,-3.18E0));
#4350=LINE('',#4349,#4348);
#4351=DIRECTION('',(0.E0,0.E0,-1.E0));
#4352=VECTOR('',#4351,7.1E-1);
#4353=CARTESIAN_POINT('',(7.555673824797E-1,1.67E0,-2.29E0));
#4354=LINE('',#4353,#4352);
#4355=DIRECTION('',(0.E0,1.E0,0.E0));
#4356=VECTOR('',#4355,2.000000000003E-1);
#4357=CARTESIAN_POINT('',(7.555673824797E-1,1.67E0,-3.E0));
#4358=LINE('',#4357,#4356);
#4359=DIRECTION('',(0.E0,0.E0,1.E0));
#4360=VECTOR('',#4359,7.1E-1);
#4361=CARTESIAN_POINT('',(7.555673824797E-1,1.87E0,-3.E0));
#4362=LINE('',#4361,#4360);
#4363=DIRECTION('',(0.E0,-1.E0,0.E0));
#4364=VECTOR('',#4363,2.000000000003E-1);
#4365=CARTESIAN_POINT('',(7.555673824797E-1,1.87E0,-2.29E0));
#4366=LINE('',#4365,#4364);
#4367=DIRECTION('',(-1.E0,0.E0,5.075305255429E-14));
#4368=VECTOR('',#4367,1.4E0);
#4369=CARTESIAN_POINT('',(7.555673824797E-1,1.67E0,-3.E0));
#4370=LINE('',#4369,#4368);
#4371=DIRECTION('',(0.E0,1.E0,0.E0));
#4372=VECTOR('',#4371,2.000000000003E-1);
#4373=CARTESIAN_POINT('',(-6.444326175203E-1,1.67E0,-3.E0));
#4374=LINE('',#4373,#4372);
#4375=DIRECTION('',(1.E0,0.E0,-5.075305255429E-14));
#4376=VECTOR('',#4375,1.4E0);
#4377=CARTESIAN_POINT('',(-6.444326175203E-1,1.87E0,-3.E0));
#4378=LINE('',#4377,#4376);
#4379=DIRECTION('',(0.E0,1.E0,0.E0));
#4380=VECTOR('',#4379,2.000000000003E-1);
#4381=CARTESIAN_POINT('',(-6.444326175203E-1,1.67E0,-3.18E0));
#4382=LINE('',#4381,#4380);
#4383=DIRECTION('',(6.969733432362E-14,-5.674473236967E-14,1.E0));
#4384=VECTOR('',#4383,1.800000000002E-1);
#4385=CARTESIAN_POINT('',(-6.444326175203E-1,1.87E0,-3.18E0));
#4386=LINE('',#4385,#4384);
#4387=DIRECTION('',(-6.969733432362E-14,5.797831350814E-14,-1.E0));
#4388=VECTOR('',#4387,1.800000000002E-1);
#4389=CARTESIAN_POINT('',(-6.444326175203E-1,1.67E0,-3.E0));
#4390=LINE('',#4389,#4388);
#4391=DIRECTION('',(0.E0,-1.E0,0.E0));
#4392=VECTOR('',#4391,2.000000000003E-1);
#4393=CARTESIAN_POINT('',(-6.500000000002E-1,1.87E0,-3.5E0));
#4394=LINE('',#4393,#4392);
#4395=DIRECTION('',(-7.216449660055E-14,-5.551115123120E-14,-1.E0));
#4396=VECTOR('',#4395,1.800000000002E-1);
#4397=CARTESIAN_POINT('',(-6.500000000002E-1,1.67E0,-3.5E0));
#4398=LINE('',#4397,#4396);
#4399=DIRECTION('',(0.E0,1.E0,0.E0));
#4400=VECTOR('',#4399,2.000000000003E-1);
#4401=CARTESIAN_POINT('',(-6.500000000002E-1,1.67E0,-3.68E0));
#4402=LINE('',#4401,#4400);
#4403=DIRECTION('',(7.278128716979E-14,5.674473236967E-14,1.E0));
#4404=VECTOR('',#4403,1.800000000002E-1);
#4405=CARTESIAN_POINT('',(-6.500000000002E-1,1.87E0,-3.68E0));
#4406=LINE('',#4405,#4404);
#4407=DIRECTION('',(1.E0,0.E0,8.628018934230E-14));
#4408=VECTOR('',#4407,7.E-1);
#4409=CARTESIAN_POINT('',(-6.500000000002E-1,1.67E0,-3.68E0));
#4410=LINE('',#4409,#4408);
#4411=DIRECTION('',(0.E0,1.E0,0.E0));
#4412=VECTOR('',#4411,2.000000000003E-1);
#4413=CARTESIAN_POINT('',(4.999999999980E-2,1.67E0,-3.68E0));
#4414=LINE('',#4413,#4412);
#4415=DIRECTION('',(-1.E0,0.E0,-8.628018934230E-14));
#4416=VECTOR('',#4415,7.E-1);
#4417=CARTESIAN_POINT('',(4.999999999980E-2,1.87E0,-3.68E0));
#4418=LINE('',#4417,#4416);
#4419=DIRECTION('',(0.E0,1.397574866293E-13,-1.E0));
#4420=VECTOR('',#4419,5.1E-1);
#4421=CARTESIAN_POINT('',(4.999999999980E-2,1.67E0,-3.68E0));
#4422=LINE('',#4421,#4420);
#4423=DIRECTION('',(0.E0,1.E0,0.E0));
#4424=VECTOR('',#4423,2.000000000001E-1);
#4425=CARTESIAN_POINT('',(4.999999999980E-2,1.67E0,-4.19E0));
#4426=LINE('',#4425,#4424);
#4427=DIRECTION('',(0.E0,1.192945524499E-13,1.E0));
#4428=VECTOR('',#4427,5.1E-1);
#4429=CARTESIAN_POINT('',(4.999999999980E-2,1.87E0,-4.19E0));
#4430=LINE('',#4429,#4428);
#4431=DIRECTION('',(6.250555628640E-12,-1.E0,-1.110223024625E-14));
#4432=VECTOR('',#4431,8.E-2);
#4433=CARTESIAN_POINT('',(1.685567382479E0,1.67E0,-4.19E0));
#4434=LINE('',#4433,#4432);
#4435=DIRECTION('',(-3.981999914989E-13,0.E0,-1.E0));
#4436=VECTOR('',#4435,6.E-1);
#4437=CARTESIAN_POINT('',(1.685567382480E0,1.67E0,-3.59E0));
#4438=LINE('',#4437,#4436);
#4439=DIRECTION('',(-3.264055692398E-12,1.E0,0.E0));
#4440=VECTOR('',#4439,8.E-2);
#4441=CARTESIAN_POINT('',(1.685567382480E0,1.59E0,-3.59E0));
#4442=LINE('',#4441,#4440);
#4443=DIRECTION('',(3.330669073875E-14,-1.E0,0.E0));
#4444=VECTOR('',#4443,8.E-2);
#4445=CARTESIAN_POINT('',(9.355673824798E-1,1.3E-1,-2.29E0));
#4446=LINE('',#4445,#4444);
#4447=DIRECTION('',(-6.754830612983E-14,0.E0,-1.E0));
#4448=VECTOR('',#4447,1.9E0);
#4449=CARTESIAN_POINT('',(9.355673824798E-1,5.E-2,-2.29E0));
#4450=LINE('',#4449,#4448);
#4451=DIRECTION('',(1.570965579845E-12,1.E0,-2.220446049250E-14));
#4452=VECTOR('',#4451,8.E-2);
#4453=CARTESIAN_POINT('',(9.355673824797E-1,5.E-2,-4.19E0));
#4454=LINE('',#4453,#4452);
#4455=DIRECTION('',(1.E0,0.E0,0.E0));
#4456=VECTOR('',#4455,8.944326175202E-1);
#4457=CARTESIAN_POINT('',(9.355673824798E-1,5.E-2,-2.29E0));
#4458=LINE('',#4457,#4456);
#4459=DIRECTION('',(0.E0,1.E0,2.318758859533E-13));
#4460=VECTOR('',#4459,6.171739130433E-1);
#4461=CARTESIAN_POINT('',(9.7E0,1.202826086957E0,-7.300000000001E-1));
#4462=LINE('',#4461,#4460);
#4463=DIRECTION('',(0.E0,-2.173399540839E-2,-9.997637888239E-1));
#4464=VECTOR('',#4463,3.300779681049E-1);
#4465=CARTESIAN_POINT('',(9.7E0,1.21E0,-4.000000000002E-1));
#4466=LINE('',#4465,#4464);
#4467=DIRECTION('',(0.E0,-2.585450879264E-14,1.E0));
#4468=VECTOR('',#4467,7.3E-1);
#4469=CARTESIAN_POINT('',(9.7E0,1.82E0,-7.3E-1));
#4470=LINE('',#4469,#4468);
#4471=DIRECTION('',(-1.E0,0.E0,0.E0));
#4472=VECTOR('',#4471,8.E0);
#4473=CARTESIAN_POINT('',(9.7E0,1.21E0,-4.000000000002E-1));
#4474=LINE('',#4473,#4472);
#4475=DIRECTION('',(0.E0,9.270362255615E-14,1.E0));
#4476=VECTOR('',#4475,4.000000000002E-1);
#4477=CARTESIAN_POINT('',(1.7E0,1.21E0,-4.000000000003E-1));
#4478=LINE('',#4477,#4476);
#4479=DIRECTION('',(0.E0,-9.270362255615E-14,-1.E0));
#4480=VECTOR('',#4479,4.000000000002E-1);
#4481=CARTESIAN_POINT('',(9.7E0,1.21E0,-1.330417257842E-14));
#4482=LINE('',#4481,#4480);
#4483=DIRECTION('',(0.E0,1.E0,2.184045294344E-14));
#4484=VECTOR('',#4483,6.100000000001E-1);
#4485=CARTESIAN_POINT('',(9.7E0,1.21E0,-1.330417257842E-14));
#4486=LINE('',#4485,#4484);
#4487=DIRECTION('',(1.E0,0.E0,0.E0));
#4488=VECTOR('',#4487,8.E0);
#4489=CARTESIAN_POINT('',(1.7E0,1.21E0,-2.668236002516E-14));
#4490=LINE('',#4489,#4488);
#4491=DIRECTION('',(0.E0,-1.E0,-2.184045294344E-14));
#4492=VECTOR('',#4491,6.100000000001E-1);
#4493=CARTESIAN_POINT('',(1.7E0,1.82E0,-1.335968372966E-14));
#4494=LINE('',#4493,#4492);
#4495=DIRECTION('',(-1.E0,0.E0,0.E0));
#4496=VECTOR('',#4495,8.E0);
#4497=CARTESIAN_POINT('',(9.7E0,1.82E0,0.E0));
#4498=LINE('',#4497,#4496);
#4499=CARTESIAN_POINT('',(1.685567382480E0,1.67E0,-3.59E0));
#4500=CARTESIAN_POINT('',(1.685567382479E0,1.67E0,-4.19E0));
#4501=VERTEX_POINT('',#4499);
#4502=VERTEX_POINT('',#4500);
#4503=CARTESIAN_POINT('',(4.999999999980E-2,1.67E0,-4.19E0));
#4504=VERTEX_POINT('',#4503);
#4505=CARTESIAN_POINT('',(4.999999999980E-2,1.67E0,-3.68E0));
#4506=VERTEX_POINT('',#4505);
#4507=CARTESIAN_POINT('',(-6.500000000002E-1,1.67E0,-3.68E0));
#4508=VERTEX_POINT('',#4507);
#4509=CARTESIAN_POINT('',(-6.500000000002E-1,1.67E0,-3.5E0));
#4510=VERTEX_POINT('',#4509);
#4511=CARTESIAN_POINT('',(-6.444326175203E-1,1.67E0,-3.18E0));
#4512=VERTEX_POINT('',#4511);
#4513=CARTESIAN_POINT('',(-6.444326175203E-1,1.67E0,-3.E0));
#4514=VERTEX_POINT('',#4513);
#4515=CARTESIAN_POINT('',(7.555673824797E-1,1.67E0,-3.E0));
#4516=VERTEX_POINT('',#4515);
#4517=CARTESIAN_POINT('',(7.555673824797E-1,1.67E0,-2.29E0));
#4518=VERTEX_POINT('',#4517);
#4519=CARTESIAN_POINT('',(1.885567382480E0,1.87E0,-2.29E0));
#4520=CARTESIAN_POINT('',(7.555673824797E-1,1.87E0,-2.29E0));
#4521=VERTEX_POINT('',#4519);
#4522=VERTEX_POINT('',#4520);
#4523=CARTESIAN_POINT('',(1.885567382479E0,1.87E0,-4.19E0));
#4524=VERTEX_POINT('',#4523);
#4525=CARTESIAN_POINT('',(4.999999999980E-2,1.87E0,-4.19E0));
#4526=VERTEX_POINT('',#4525);
#4527=CARTESIAN_POINT('',(4.999999999980E-2,1.87E0,-3.68E0));
#4528=VERTEX_POINT('',#4527);
#4529=CARTESIAN_POINT('',(-6.500000000002E-1,1.87E0,-3.68E0));
#4530=VERTEX_POINT('',#4529);
#4531=CARTESIAN_POINT('',(-6.500000000002E-1,1.87E0,-3.5E0));
#4532=VERTEX_POINT('',#4531);
#4533=CARTESIAN_POINT('',(-6.444326175203E-1,1.87E0,-3.18E0));
#4534=VERTEX_POINT('',#4533);
#4535=CARTESIAN_POINT('',(-6.444326175203E-1,1.87E0,-3.E0));
#4536=VERTEX_POINT('',#4535);
#4537=CARTESIAN_POINT('',(7.555673824797E-1,1.87E0,-3.E0));
#4538=VERTEX_POINT('',#4537);
#4539=CARTESIAN_POINT('',(9.355673824798E-1,5.E-2,-2.29E0));
#4540=CARTESIAN_POINT('',(9.355673824797E-1,5.E-2,-4.19E0));
#4541=VERTEX_POINT('',#4539);
#4542=VERTEX_POINT('',#4540);
#4543=CARTESIAN_POINT('',(9.714432617520E0,1.67E0,-3.59E0));
#4544=CARTESIAN_POINT('',(9.714432617521E0,1.67E0,-4.19E0));
#4545=VERTEX_POINT('',#4543);
#4546=VERTEX_POINT('',#4544);
#4547=CARTESIAN_POINT('',(1.135E1,1.67E0,-4.19E0));
#4548=VERTEX_POINT('',#4547);
#4549=CARTESIAN_POINT('',(1.135E1,1.67E0,-3.68E0));
#4550=VERTEX_POINT('',#4549);
#4551=CARTESIAN_POINT('',(1.205E1,1.67E0,-3.68E0));
#4552=VERTEX_POINT('',#4551);
#4553=CARTESIAN_POINT('',(1.205E1,1.67E0,-3.5E0));
#4554=VERTEX_POINT('',#4553);
#4555=CARTESIAN_POINT('',(1.204443261752E1,1.67E0,-3.18E0));
#4556=VERTEX_POINT('',#4555);
#4557=CARTESIAN_POINT('',(1.204443261752E1,1.67E0,-3.E0));
#4558=VERTEX_POINT('',#4557);
#4559=CARTESIAN_POINT('',(1.064443261752E1,1.67E0,-3.E0));
#4560=VERTEX_POINT('',#4559);
#4561=CARTESIAN_POINT('',(1.064443261752E1,1.67E0,-2.29E0));
#4562=VERTEX_POINT('',#4561);
#4563=CARTESIAN_POINT('',(1.135E1,1.87E0,-4.19E0));
#4564=VERTEX_POINT('',#4563);
#4565=CARTESIAN_POINT('',(9.514432617521E0,1.87E0,-4.19E0));
#4566=VERTEX_POINT('',#4565);
#4567=CARTESIAN_POINT('',(1.135E1,1.87E0,-3.68E0));
#4568=VERTEX_POINT('',#4567);
#4569=CARTESIAN_POINT('',(1.205E1,1.87E0,-3.68E0));
#4570=VERTEX_POINT('',#4569);
#4571=CARTESIAN_POINT('',(1.205E1,1.87E0,-3.5E0));
#4572=VERTEX_POINT('',#4571);
#4573=CARTESIAN_POINT('',(1.204443261752E1,1.87E0,-3.18E0));
#4574=VERTEX_POINT('',#4573);
#4575=CARTESIAN_POINT('',(1.204443261752E1,1.87E0,-3.E0));
#4576=VERTEX_POINT('',#4575);
#4577=CARTESIAN_POINT('',(1.064443261752E1,1.87E0,-3.E0));
#4578=VERTEX_POINT('',#4577);
#4579=CARTESIAN_POINT('',(1.064443261752E1,1.87E0,-2.29E0));
#4580=VERTEX_POINT('',#4579);
#4581=CARTESIAN_POINT('',(9.514432617520E0,1.87E0,-2.29E0));
#4582=VERTEX_POINT('',#4581);
#4583=CARTESIAN_POINT('',(1.046443261752E1,5.E-2,-2.29E0));
#4584=CARTESIAN_POINT('',(9.664432617520E0,5.E-2,-2.29E0));
#4585=VERTEX_POINT('',#4583);
#4586=VERTEX_POINT('',#4584);
#4587=CARTESIAN_POINT('',(1.046443261752E1,5.E-2,-4.19E0));
#4588=VERTEX_POINT('',#4587);
#4589=CARTESIAN_POINT('',(2.105E0,1.077351123566E0,-8.625594265622E-1));
#4590=CARTESIAN_POINT('',(2.105E0,1.067991655295E0,-8.826308710422E-1));
#4591=VERTEX_POINT('',#4589);
#4592=VERTEX_POINT('',#4590);
#4593=CARTESIAN_POINT('',(2.105E0,1.832516195584E0,-4.184766404376E0));
#4594=CARTESIAN_POINT('',(2.105E0,1.732653242109E0,-4.09E0));
#4595=VERTEX_POINT('',#4593);
#4596=VERTEX_POINT('',#4594);
#4597=CARTESIAN_POINT('',(2.105E0,1.87E0,-4.9E0));
#4598=VERTEX_POINT('',#4597);
#4599=CARTESIAN_POINT('',(2.105E0,1.67E0,-4.9E0));
#4600=VERTEX_POINT('',#4599);
#4601=CARTESIAN_POINT('',(2.105E0,1.648762607162E0,-4.494766404376E0));
#4602=VERTEX_POINT('',#4601);
#4603=CARTESIAN_POINT('',(2.105E0,1.548899653687E0,-4.4E0));
#4604=VERTEX_POINT('',#4603);
#4605=CARTESIAN_POINT('',(2.105E0,7.E-1,-4.4E0));
#4606=VERTEX_POINT('',#4605);
#4607=CARTESIAN_POINT('',(2.295E0,7.E-1,-4.4E0));
#4608=VERTEX_POINT('',#4607);
#4609=CARTESIAN_POINT('',(2.295E0,1.548899653687E0,-4.4E0));
#4610=VERTEX_POINT('',#4609);
#4611=CARTESIAN_POINT('',(2.295E0,1.077351123566E0,-8.625594265622E-1));
#4612=CARTESIAN_POINT('',(2.295E0,1.067991655295E0,-8.826308710422E-1));
#4613=VERTEX_POINT('',#4611);
#4614=VERTEX_POINT('',#4612);
#4615=CARTESIAN_POINT('',(2.295E0,1.832516195584E0,-4.184766404376E0));
#4616=CARTESIAN_POINT('',(2.295E0,1.732653242109E0,-4.09E0));
#4617=VERTEX_POINT('',#4615);
#4618=VERTEX_POINT('',#4616);
#4619=CARTESIAN_POINT('',(2.295E0,1.87E0,-4.9E0));
#4620=VERTEX_POINT('',#4619);
#4621=CARTESIAN_POINT('',(2.295E0,1.67E0,-4.9E0));
#4622=VERTEX_POINT('',#4621);
#4623=CARTESIAN_POINT('',(2.295E0,1.648762607162E0,-4.494766404376E0));
#4624=VERTEX_POINT('',#4623);
#4625=CARTESIAN_POINT('',(2.605E0,1.077351123566E0,-8.625594265622E-1));
#4626=CARTESIAN_POINT('',(2.605E0,1.067991655295E0,-8.826308710422E-1));
#4627=VERTEX_POINT('',#4625);
#4628=VERTEX_POINT('',#4626);
#4629=CARTESIAN_POINT('',(2.605E0,1.832516195584E0,-4.184766404376E0));
#4630=CARTESIAN_POINT('',(2.605E0,1.732653242109E0,-4.09E0));
#4631=VERTEX_POINT('',#4629);
#4632=VERTEX_POINT('',#4630);
#4633=CARTESIAN_POINT('',(2.605E0,1.87E0,-4.9E0));
#4634=VERTEX_POINT('',#4633);
#4635=CARTESIAN_POINT('',(2.605E0,1.67E0,-4.9E0));
#4636=VERTEX_POINT('',#4635);
#4637=CARTESIAN_POINT('',(2.605E0,1.648762607162E0,-4.494766404376E0));
#4638=VERTEX_POINT('',#4637);
#4639=CARTESIAN_POINT('',(2.605E0,1.548899653687E0,-4.4E0));
#4640=VERTEX_POINT('',#4639);
#4641=CARTESIAN_POINT('',(2.605E0,7.E-1,-4.4E0));
#4642=VERTEX_POINT('',#4641);
#4643=CARTESIAN_POINT('',(2.795E0,7.E-1,-4.4E0));
#4644=VERTEX_POINT('',#4643);
#4645=CARTESIAN_POINT('',(2.795E0,1.548899653687E0,-4.4E0));
#4646=VERTEX_POINT('',#4645);
#4647=CARTESIAN_POINT('',(2.795E0,1.077351123566E0,-8.625594265622E-1));
#4648=CARTESIAN_POINT('',(2.795E0,1.067991655295E0,-8.826308710422E-1));
#4649=VERTEX_POINT('',#4647);
#4650=VERTEX_POINT('',#4648);
#4651=CARTESIAN_POINT('',(2.795E0,1.832516195584E0,-4.184766404376E0));
#4652=CARTESIAN_POINT('',(2.795E0,1.732653242109E0,-4.09E0));
#4653=VERTEX_POINT('',#4651);
#4654=VERTEX_POINT('',#4652);
#4655=CARTESIAN_POINT('',(2.795E0,1.87E0,-4.9E0));
#4656=VERTEX_POINT('',#4655);
#4657=CARTESIAN_POINT('',(2.795E0,1.67E0,-4.9E0));
#4658=VERTEX_POINT('',#4657);
#4659=CARTESIAN_POINT('',(2.795E0,1.648762607162E0,-4.494766404376E0));
#4660=VERTEX_POINT('',#4659);
#4661=CARTESIAN_POINT('',(3.105E0,1.077351123566E0,-8.625594265622E-1));
#4662=CARTESIAN_POINT('',(3.105E0,1.067991655295E0,-8.826308710422E-1));
#4663=VERTEX_POINT('',#4661);
#4664=VERTEX_POINT('',#4662);
#4665=CARTESIAN_POINT('',(3.105E0,1.832516195584E0,-4.184766404376E0));
#4666=CARTESIAN_POINT('',(3.105E0,1.732653242109E0,-4.09E0));
#4667=VERTEX_POINT('',#4665);
#4668=VERTEX_POINT('',#4666);
#4669=CARTESIAN_POINT('',(3.105E0,1.87E0,-4.9E0));
#4670=VERTEX_POINT('',#4669);
#4671=CARTESIAN_POINT('',(3.105E0,1.67E0,-4.9E0));
#4672=VERTEX_POINT('',#4671);
#4673=CARTESIAN_POINT('',(3.105E0,1.648762607162E0,-4.494766404376E0));
#4674=VERTEX_POINT('',#4673);
#4675=CARTESIAN_POINT('',(3.105E0,1.548899653687E0,-4.4E0));
#4676=VERTEX_POINT('',#4675);
#4677=CARTESIAN_POINT('',(3.105E0,7.E-1,-4.4E0));
#4678=VERTEX_POINT('',#4677);
#4679=CARTESIAN_POINT('',(3.295E0,7.E-1,-4.4E0));
#4680=VERTEX_POINT('',#4679);
#4681=CARTESIAN_POINT('',(3.295E0,1.548899653687E0,-4.4E0));
#4682=VERTEX_POINT('',#4681);
#4683=CARTESIAN_POINT('',(3.295E0,1.077351123566E0,-8.625594265622E-1));
#4684=CARTESIAN_POINT('',(3.295E0,1.067991655295E0,-8.826308710422E-1));
#4685=VERTEX_POINT('',#4683);
#4686=VERTEX_POINT('',#4684);
#4687=CARTESIAN_POINT('',(3.295E0,1.832516195584E0,-4.184766404376E0));
#4688=CARTESIAN_POINT('',(3.295E0,1.732653242109E0,-4.09E0));
#4689=VERTEX_POINT('',#4687);
#4690=VERTEX_POINT('',#4688);
#4691=CARTESIAN_POINT('',(3.295E0,1.87E0,-4.9E0));
#4692=VERTEX_POINT('',#4691);
#4693=CARTESIAN_POINT('',(3.295E0,1.67E0,-4.9E0));
#4694=VERTEX_POINT('',#4693);
#4695=CARTESIAN_POINT('',(3.295E0,1.648762607162E0,-4.494766404376E0));
#4696=VERTEX_POINT('',#4695);
#4697=CARTESIAN_POINT('',(3.605E0,1.077351123566E0,-8.625594265622E-1));
#4698=CARTESIAN_POINT('',(3.605E0,1.067991655295E0,-8.826308710422E-1));
#4699=VERTEX_POINT('',#4697);
#4700=VERTEX_POINT('',#4698);
#4701=CARTESIAN_POINT('',(3.605E0,1.832516195584E0,-4.184766404376E0));
#4702=CARTESIAN_POINT('',(3.605E0,1.732653242109E0,-4.09E0));
#4703=VERTEX_POINT('',#4701);
#4704=VERTEX_POINT('',#4702);
#4705=CARTESIAN_POINT('',(3.605E0,1.87E0,-4.9E0));
#4706=VERTEX_POINT('',#4705);
#4707=CARTESIAN_POINT('',(3.605E0,1.67E0,-4.9E0));
#4708=VERTEX_POINT('',#4707);
#4709=CARTESIAN_POINT('',(3.605E0,1.648762607162E0,-4.494766404376E0));
#4710=VERTEX_POINT('',#4709);
#4711=CARTESIAN_POINT('',(3.605E0,1.548899653687E0,-4.4E0));
#4712=VERTEX_POINT('',#4711);
#4713=CARTESIAN_POINT('',(3.605E0,7.E-1,-4.4E0));
#4714=VERTEX_POINT('',#4713);
#4715=CARTESIAN_POINT('',(3.795E0,7.E-1,-4.4E0));
#4716=VERTEX_POINT('',#4715);
#4717=CARTESIAN_POINT('',(3.795E0,1.548899653687E0,-4.4E0));
#4718=VERTEX_POINT('',#4717);
#4719=CARTESIAN_POINT('',(3.795E0,1.077351123566E0,-8.625594265622E-1));
#4720=CARTESIAN_POINT('',(3.795E0,1.067991655295E0,-8.826308710422E-1));
#4721=VERTEX_POINT('',#4719);
#4722=VERTEX_POINT('',#4720);
#4723=CARTESIAN_POINT('',(3.795E0,1.832516195584E0,-4.184766404376E0));
#4724=CARTESIAN_POINT('',(3.795E0,1.732653242109E0,-4.09E0));
#4725=VERTEX_POINT('',#4723);
#4726=VERTEX_POINT('',#4724);
#4727=CARTESIAN_POINT('',(3.795E0,1.87E0,-4.9E0));
#4728=VERTEX_POINT('',#4727);
#4729=CARTESIAN_POINT('',(3.795E0,1.67E0,-4.9E0));
#4730=VERTEX_POINT('',#4729);
#4731=CARTESIAN_POINT('',(3.795E0,1.648762607162E0,-4.494766404376E0));
#4732=VERTEX_POINT('',#4731);
#4733=CARTESIAN_POINT('',(4.105E0,1.077351123566E0,-8.625594265622E-1));
#4734=CARTESIAN_POINT('',(4.105E0,1.067991655295E0,-8.826308710422E-1));
#4735=VERTEX_POINT('',#4733);
#4736=VERTEX_POINT('',#4734);
#4737=CARTESIAN_POINT('',(4.105E0,1.832516195584E0,-4.184766404376E0));
#4738=CARTESIAN_POINT('',(4.105E0,1.732653242109E0,-4.09E0));
#4739=VERTEX_POINT('',#4737);
#4740=VERTEX_POINT('',#4738);
#4741=CARTESIAN_POINT('',(4.105E0,1.87E0,-4.9E0));
#4742=VERTEX_POINT('',#4741);
#4743=CARTESIAN_POINT('',(4.105E0,1.67E0,-4.9E0));
#4744=VERTEX_POINT('',#4743);
#4745=CARTESIAN_POINT('',(4.105E0,1.648762607162E0,-4.494766404376E0));
#4746=VERTEX_POINT('',#4745);
#4747=CARTESIAN_POINT('',(4.105E0,1.548899653687E0,-4.4E0));
#4748=VERTEX_POINT('',#4747);
#4749=CARTESIAN_POINT('',(4.105E0,7.E-1,-4.4E0));
#4750=VERTEX_POINT('',#4749);
#4751=CARTESIAN_POINT('',(4.295E0,7.E-1,-4.4E0));
#4752=VERTEX_POINT('',#4751);
#4753=CARTESIAN_POINT('',(4.295E0,1.548899653687E0,-4.4E0));
#4754=VERTEX_POINT('',#4753);
#4755=CARTESIAN_POINT('',(4.295E0,1.077351123566E0,-8.625594265622E-1));
#4756=CARTESIAN_POINT('',(4.295E0,1.067991655295E0,-8.826308710422E-1));
#4757=VERTEX_POINT('',#4755);
#4758=VERTEX_POINT('',#4756);
#4759=CARTESIAN_POINT('',(4.295E0,1.832516195584E0,-4.184766404376E0));
#4760=CARTESIAN_POINT('',(4.295E0,1.732653242109E0,-4.09E0));
#4761=VERTEX_POINT('',#4759);
#4762=VERTEX_POINT('',#4760);
#4763=CARTESIAN_POINT('',(4.295E0,1.87E0,-4.9E0));
#4764=VERTEX_POINT('',#4763);
#4765=CARTESIAN_POINT('',(4.295E0,1.67E0,-4.9E0));
#4766=VERTEX_POINT('',#4765);
#4767=CARTESIAN_POINT('',(4.295E0,1.648762607162E0,-4.494766404376E0));
#4768=VERTEX_POINT('',#4767);
#4769=CARTESIAN_POINT('',(8.605E0,1.077351123566E0,-8.625594265622E-1));
#4770=CARTESIAN_POINT('',(8.605E0,1.067991655295E0,-8.826308710422E-1));
#4771=VERTEX_POINT('',#4769);
#4772=VERTEX_POINT('',#4770);
#4773=CARTESIAN_POINT('',(8.605E0,1.832516195584E0,-4.184766404376E0));
#4774=CARTESIAN_POINT('',(8.605E0,1.732653242109E0,-4.09E0));
#4775=VERTEX_POINT('',#4773);
#4776=VERTEX_POINT('',#4774);
#4777=CARTESIAN_POINT('',(8.605E0,1.87E0,-4.9E0));
#4778=VERTEX_POINT('',#4777);
#4779=CARTESIAN_POINT('',(8.605E0,1.67E0,-4.9E0));
#4780=VERTEX_POINT('',#4779);
#4781=CARTESIAN_POINT('',(8.605E0,1.648762607162E0,-4.494766404376E0));
#4782=VERTEX_POINT('',#4781);
#4783=CARTESIAN_POINT('',(8.605E0,1.548899653687E0,-4.4E0));
#4784=VERTEX_POINT('',#4783);
#4785=CARTESIAN_POINT('',(8.605E0,7.E-1,-4.4E0));
#4786=VERTEX_POINT('',#4785);
#4787=CARTESIAN_POINT('',(8.795E0,7.E-1,-4.4E0));
#4788=VERTEX_POINT('',#4787);
#4789=CARTESIAN_POINT('',(8.795E0,1.548899653687E0,-4.4E0));
#4790=VERTEX_POINT('',#4789);
#4791=CARTESIAN_POINT('',(8.795E0,1.077351123566E0,-8.625594265622E-1));
#4792=CARTESIAN_POINT('',(8.795E0,1.067991655295E0,-8.826308710422E-1));
#4793=VERTEX_POINT('',#4791);
#4794=VERTEX_POINT('',#4792);
#4795=CARTESIAN_POINT('',(8.795E0,1.832516195584E0,-4.184766404376E0));
#4796=CARTESIAN_POINT('',(8.795E0,1.732653242109E0,-4.09E0));
#4797=VERTEX_POINT('',#4795);
#4798=VERTEX_POINT('',#4796);
#4799=CARTESIAN_POINT('',(8.795E0,1.87E0,-4.9E0));
#4800=VERTEX_POINT('',#4799);
#4801=CARTESIAN_POINT('',(8.795E0,1.67E0,-4.9E0));
#4802=VERTEX_POINT('',#4801);
#4803=CARTESIAN_POINT('',(8.795E0,1.648762607162E0,-4.494766404376E0));
#4804=VERTEX_POINT('',#4803);
#4805=CARTESIAN_POINT('',(9.105E0,1.077351123566E0,-8.625594265622E-1));
#4806=CARTESIAN_POINT('',(9.105E0,1.067991655295E0,-8.826308710422E-1));
#4807=VERTEX_POINT('',#4805);
#4808=VERTEX_POINT('',#4806);
#4809=CARTESIAN_POINT('',(9.105E0,1.832516195584E0,-4.184766404376E0));
#4810=CARTESIAN_POINT('',(9.105E0,1.732653242109E0,-4.09E0));
#4811=VERTEX_POINT('',#4809);
#4812=VERTEX_POINT('',#4810);
#4813=CARTESIAN_POINT('',(9.105E0,1.87E0,-4.9E0));
#4814=VERTEX_POINT('',#4813);
#4815=CARTESIAN_POINT('',(9.105E0,1.67E0,-4.9E0));
#4816=VERTEX_POINT('',#4815);
#4817=CARTESIAN_POINT('',(9.105E0,1.648762607162E0,-4.494766404376E0));
#4818=VERTEX_POINT('',#4817);
#4819=CARTESIAN_POINT('',(9.105E0,1.548899653687E0,-4.4E0));
#4820=VERTEX_POINT('',#4819);
#4821=CARTESIAN_POINT('',(9.105E0,7.E-1,-4.4E0));
#4822=VERTEX_POINT('',#4821);
#4823=CARTESIAN_POINT('',(9.295E0,7.E-1,-4.4E0));
#4824=VERTEX_POINT('',#4823);
#4825=CARTESIAN_POINT('',(9.295E0,1.548899653687E0,-4.4E0));
#4826=VERTEX_POINT('',#4825);
#4827=CARTESIAN_POINT('',(9.295E0,1.077351123566E0,-8.625594265622E-1));
#4828=CARTESIAN_POINT('',(9.295E0,1.067991655295E0,-8.826308710422E-1));
#4829=VERTEX_POINT('',#4827);
#4830=VERTEX_POINT('',#4828);
#4831=CARTESIAN_POINT('',(9.295E0,1.832516195584E0,-4.184766404376E0));
#4832=CARTESIAN_POINT('',(9.295E0,1.732653242109E0,-4.09E0));
#4833=VERTEX_POINT('',#4831);
#4834=VERTEX_POINT('',#4832);
#4835=CARTESIAN_POINT('',(9.295E0,1.87E0,-4.9E0));
#4836=VERTEX_POINT('',#4835);
#4837=CARTESIAN_POINT('',(9.295E0,1.67E0,-4.9E0));
#4838=VERTEX_POINT('',#4837);
#4839=CARTESIAN_POINT('',(9.295E0,1.648762607162E0,-4.494766404376E0));
#4840=VERTEX_POINT('',#4839);
#4841=CARTESIAN_POINT('',(8.105E0,1.077351123566E0,-8.625594265622E-1));
#4842=CARTESIAN_POINT('',(8.105E0,1.067991655295E0,-8.826308710422E-1));
#4843=VERTEX_POINT('',#4841);
#4844=VERTEX_POINT('',#4842);
#4845=CARTESIAN_POINT('',(8.105E0,1.832516195584E0,-4.184766404376E0));
#4846=CARTESIAN_POINT('',(8.105E0,1.732653242109E0,-4.09E0));
#4847=VERTEX_POINT('',#4845);
#4848=VERTEX_POINT('',#4846);
#4849=CARTESIAN_POINT('',(8.105E0,1.87E0,-4.9E0));
#4850=VERTEX_POINT('',#4849);
#4851=CARTESIAN_POINT('',(8.105E0,1.67E0,-4.9E0));
#4852=VERTEX_POINT('',#4851);
#4853=CARTESIAN_POINT('',(8.105E0,1.648762607162E0,-4.494766404376E0));
#4854=VERTEX_POINT('',#4853);
#4855=CARTESIAN_POINT('',(8.105E0,1.548899653687E0,-4.4E0));
#4856=VERTEX_POINT('',#4855);
#4857=CARTESIAN_POINT('',(8.105E0,7.E-1,-4.4E0));
#4858=VERTEX_POINT('',#4857);
#4859=CARTESIAN_POINT('',(8.295E0,7.E-1,-4.4E0));
#4860=VERTEX_POINT('',#4859);
#4861=CARTESIAN_POINT('',(8.295E0,1.548899653687E0,-4.4E0));
#4862=VERTEX_POINT('',#4861);
#4863=CARTESIAN_POINT('',(8.295E0,1.077351123566E0,-8.625594265622E-1));
#4864=CARTESIAN_POINT('',(8.295E0,1.067991655295E0,-8.826308710422E-1));
#4865=VERTEX_POINT('',#4863);
#4866=VERTEX_POINT('',#4864);
#4867=CARTESIAN_POINT('',(8.295E0,1.832516195584E0,-4.184766404376E0));
#4868=CARTESIAN_POINT('',(8.295E0,1.732653242109E0,-4.09E0));
#4869=VERTEX_POINT('',#4867);
#4870=VERTEX_POINT('',#4868);
#4871=CARTESIAN_POINT('',(8.295E0,1.87E0,-4.9E0));
#4872=VERTEX_POINT('',#4871);
#4873=CARTESIAN_POINT('',(8.295E0,1.67E0,-4.9E0));
#4874=VERTEX_POINT('',#4873);
#4875=CARTESIAN_POINT('',(8.295E0,1.648762607162E0,-4.494766404376E0));
#4876=VERTEX_POINT('',#4875);
#4877=CARTESIAN_POINT('',(4.605E0,1.077351123566E0,-8.625594265622E-1));
#4878=CARTESIAN_POINT('',(4.605E0,1.067991655295E0,-8.826308710422E-1));
#4879=VERTEX_POINT('',#4877);
#4880=VERTEX_POINT('',#4878);
#4881=CARTESIAN_POINT('',(4.605E0,1.832516195584E0,-4.184766404376E0));
#4882=CARTESIAN_POINT('',(4.605E0,1.732653242109E0,-4.09E0));
#4883=VERTEX_POINT('',#4881);
#4884=VERTEX_POINT('',#4882);
#4885=CARTESIAN_POINT('',(4.605E0,1.87E0,-4.9E0));
#4886=VERTEX_POINT('',#4885);
#4887=CARTESIAN_POINT('',(4.605E0,1.67E0,-4.9E0));
#4888=VERTEX_POINT('',#4887);
#4889=CARTESIAN_POINT('',(4.605E0,1.648762607162E0,-4.494766404376E0));
#4890=VERTEX_POINT('',#4889);
#4891=CARTESIAN_POINT('',(4.605E0,1.548899653687E0,-4.4E0));
#4892=VERTEX_POINT('',#4891);
#4893=CARTESIAN_POINT('',(4.605E0,7.E-1,-4.4E0));
#4894=VERTEX_POINT('',#4893);
#4895=CARTESIAN_POINT('',(4.795E0,7.E-1,-4.4E0));
#4896=VERTEX_POINT('',#4895);
#4897=CARTESIAN_POINT('',(4.795E0,1.548899653687E0,-4.4E0));
#4898=VERTEX_POINT('',#4897);
#4899=CARTESIAN_POINT('',(4.795E0,1.077351123566E0,-8.625594265622E-1));
#4900=CARTESIAN_POINT('',(4.795E0,1.067991655295E0,-8.826308710422E-1));
#4901=VERTEX_POINT('',#4899);
#4902=VERTEX_POINT('',#4900);
#4903=CARTESIAN_POINT('',(4.795E0,1.832516195584E0,-4.184766404376E0));
#4904=CARTESIAN_POINT('',(4.795E0,1.732653242109E0,-4.09E0));
#4905=VERTEX_POINT('',#4903);
#4906=VERTEX_POINT('',#4904);
#4907=CARTESIAN_POINT('',(4.795E0,1.87E0,-4.9E0));
#4908=VERTEX_POINT('',#4907);
#4909=CARTESIAN_POINT('',(4.795E0,1.67E0,-4.9E0));
#4910=VERTEX_POINT('',#4909);
#4911=CARTESIAN_POINT('',(4.795E0,1.648762607162E0,-4.494766404376E0));
#4912=VERTEX_POINT('',#4911);
#4913=CARTESIAN_POINT('',(5.105E0,1.077351123566E0,-8.625594265622E-1));
#4914=CARTESIAN_POINT('',(5.105E0,1.067991655295E0,-8.826308710422E-1));
#4915=VERTEX_POINT('',#4913);
#4916=VERTEX_POINT('',#4914);
#4917=CARTESIAN_POINT('',(5.105E0,1.832516195584E0,-4.184766404376E0));
#4918=CARTESIAN_POINT('',(5.105E0,1.732653242109E0,-4.09E0));
#4919=VERTEX_POINT('',#4917);
#4920=VERTEX_POINT('',#4918);
#4921=CARTESIAN_POINT('',(5.105E0,1.87E0,-4.9E0));
#4922=VERTEX_POINT('',#4921);
#4923=CARTESIAN_POINT('',(5.105E0,1.67E0,-4.9E0));
#4924=VERTEX_POINT('',#4923);
#4925=CARTESIAN_POINT('',(5.105E0,1.648762607162E0,-4.494766404376E0));
#4926=VERTEX_POINT('',#4925);
#4927=CARTESIAN_POINT('',(5.105E0,1.548899653687E0,-4.4E0));
#4928=VERTEX_POINT('',#4927);
#4929=CARTESIAN_POINT('',(5.105E0,7.E-1,-4.4E0));
#4930=VERTEX_POINT('',#4929);
#4931=CARTESIAN_POINT('',(5.295E0,7.E-1,-4.4E0));
#4932=VERTEX_POINT('',#4931);
#4933=CARTESIAN_POINT('',(5.295E0,1.548899653687E0,-4.4E0));
#4934=VERTEX_POINT('',#4933);
#4935=CARTESIAN_POINT('',(5.295E0,1.077351123566E0,-8.625594265622E-1));
#4936=CARTESIAN_POINT('',(5.295E0,1.067991655295E0,-8.826308710422E-1));
#4937=VERTEX_POINT('',#4935);
#4938=VERTEX_POINT('',#4936);
#4939=CARTESIAN_POINT('',(5.295E0,1.832516195584E0,-4.184766404376E0));
#4940=CARTESIAN_POINT('',(5.295E0,1.732653242109E0,-4.09E0));
#4941=VERTEX_POINT('',#4939);
#4942=VERTEX_POINT('',#4940);
#4943=CARTESIAN_POINT('',(5.295E0,1.87E0,-4.9E0));
#4944=VERTEX_POINT('',#4943);
#4945=CARTESIAN_POINT('',(5.295E0,1.67E0,-4.9E0));
#4946=VERTEX_POINT('',#4945);
#4947=CARTESIAN_POINT('',(5.295E0,1.648762607162E0,-4.494766404376E0));
#4948=VERTEX_POINT('',#4947);
#4949=CARTESIAN_POINT('',(5.605E0,1.077351123566E0,-8.625594265622E-1));
#4950=CARTESIAN_POINT('',(5.605E0,1.067991655295E0,-8.826308710422E-1));
#4951=VERTEX_POINT('',#4949);
#4952=VERTEX_POINT('',#4950);
#4953=CARTESIAN_POINT('',(5.605E0,1.832516195584E0,-4.184766404376E0));
#4954=CARTESIAN_POINT('',(5.605E0,1.732653242109E0,-4.09E0));
#4955=VERTEX_POINT('',#4953);
#4956=VERTEX_POINT('',#4954);
#4957=CARTESIAN_POINT('',(5.605E0,1.87E0,-4.9E0));
#4958=VERTEX_POINT('',#4957);
#4959=CARTESIAN_POINT('',(5.605E0,1.67E0,-4.9E0));
#4960=VERTEX_POINT('',#4959);
#4961=CARTESIAN_POINT('',(5.605E0,1.648762607162E0,-4.494766404376E0));
#4962=VERTEX_POINT('',#4961);
#4963=CARTESIAN_POINT('',(5.605E0,1.548899653687E0,-4.4E0));
#4964=VERTEX_POINT('',#4963);
#4965=CARTESIAN_POINT('',(5.605E0,7.E-1,-4.4E0));
#4966=VERTEX_POINT('',#4965);
#4967=CARTESIAN_POINT('',(5.795E0,7.E-1,-4.4E0));
#4968=VERTEX_POINT('',#4967);
#4969=CARTESIAN_POINT('',(5.795E0,1.548899653687E0,-4.4E0));
#4970=VERTEX_POINT('',#4969);
#4971=CARTESIAN_POINT('',(5.795E0,1.077351123566E0,-8.625594265622E-1));
#4972=CARTESIAN_POINT('',(5.795E0,1.067991655295E0,-8.826308710422E-1));
#4973=VERTEX_POINT('',#4971);
#4974=VERTEX_POINT('',#4972);
#4975=CARTESIAN_POINT('',(5.795E0,1.832516195584E0,-4.184766404376E0));
#4976=CARTESIAN_POINT('',(5.795E0,1.732653242109E0,-4.09E0));
#4977=VERTEX_POINT('',#4975);
#4978=VERTEX_POINT('',#4976);
#4979=CARTESIAN_POINT('',(5.795E0,1.87E0,-4.9E0));
#4980=VERTEX_POINT('',#4979);
#4981=CARTESIAN_POINT('',(5.795E0,1.67E0,-4.9E0));
#4982=VERTEX_POINT('',#4981);
#4983=CARTESIAN_POINT('',(5.795E0,1.648762607162E0,-4.494766404376E0));
#4984=VERTEX_POINT('',#4983);
#4985=CARTESIAN_POINT('',(6.105E0,1.077351123566E0,-8.625594265622E-1));
#4986=CARTESIAN_POINT('',(6.105E0,1.067991655295E0,-8.826308710422E-1));
#4987=VERTEX_POINT('',#4985);
#4988=VERTEX_POINT('',#4986);
#4989=CARTESIAN_POINT('',(6.105E0,1.832516195584E0,-4.184766404376E0));
#4990=CARTESIAN_POINT('',(6.105E0,1.732653242109E0,-4.09E0));
#4991=VERTEX_POINT('',#4989);
#4992=VERTEX_POINT('',#4990);
#4993=CARTESIAN_POINT('',(6.105E0,1.87E0,-4.9E0));
#4994=VERTEX_POINT('',#4993);
#4995=CARTESIAN_POINT('',(6.105E0,1.67E0,-4.9E0));
#4996=VERTEX_POINT('',#4995);
#4997=CARTESIAN_POINT('',(6.105E0,1.648762607162E0,-4.494766404376E0));
#4998=VERTEX_POINT('',#4997);
#4999=CARTESIAN_POINT('',(6.105E0,1.548899653687E0,-4.4E0));
#5000=VERTEX_POINT('',#4999);
#5001=CARTESIAN_POINT('',(6.105E0,7.E-1,-4.4E0));
#5002=VERTEX_POINT('',#5001);
#5003=CARTESIAN_POINT('',(6.295E0,7.E-1,-4.4E0));
#5004=VERTEX_POINT('',#5003);
#5005=CARTESIAN_POINT('',(6.295E0,1.548899653687E0,-4.4E0));
#5006=VERTEX_POINT('',#5005);
#5007=CARTESIAN_POINT('',(6.295E0,1.077351123566E0,-8.625594265622E-1));
#5008=CARTESIAN_POINT('',(6.295E0,1.067991655295E0,-8.826308710422E-1));
#5009=VERTEX_POINT('',#5007);
#5010=VERTEX_POINT('',#5008);
#5011=CARTESIAN_POINT('',(6.295E0,1.832516195584E0,-4.184766404376E0));
#5012=CARTESIAN_POINT('',(6.295E0,1.732653242109E0,-4.09E0));
#5013=VERTEX_POINT('',#5011);
#5014=VERTEX_POINT('',#5012);
#5015=CARTESIAN_POINT('',(6.295E0,1.87E0,-4.9E0));
#5016=VERTEX_POINT('',#5015);
#5017=CARTESIAN_POINT('',(6.295E0,1.67E0,-4.9E0));
#5018=VERTEX_POINT('',#5017);
#5019=CARTESIAN_POINT('',(6.295E0,1.648762607162E0,-4.494766404376E0));
#5020=VERTEX_POINT('',#5019);
#5021=CARTESIAN_POINT('',(6.605E0,1.077351123566E0,-8.625594265622E-1));
#5022=CARTESIAN_POINT('',(6.605E0,1.067991655295E0,-8.826308710422E-1));
#5023=VERTEX_POINT('',#5021);
#5024=VERTEX_POINT('',#5022);
#5025=CARTESIAN_POINT('',(6.605E0,1.832516195584E0,-4.184766404376E0));
#5026=CARTESIAN_POINT('',(6.605E0,1.732653242109E0,-4.09E0));
#5027=VERTEX_POINT('',#5025);
#5028=VERTEX_POINT('',#5026);
#5029=CARTESIAN_POINT('',(6.605E0,1.87E0,-4.9E0));
#5030=VERTEX_POINT('',#5029);
#5031=CARTESIAN_POINT('',(6.605E0,1.67E0,-4.9E0));
#5032=VERTEX_POINT('',#5031);
#5033=CARTESIAN_POINT('',(6.605E0,1.648762607162E0,-4.494766404376E0));
#5034=VERTEX_POINT('',#5033);
#5035=CARTESIAN_POINT('',(6.605E0,1.548899653687E0,-4.4E0));
#5036=VERTEX_POINT('',#5035);
#5037=CARTESIAN_POINT('',(6.605E0,7.E-1,-4.4E0));
#5038=VERTEX_POINT('',#5037);
#5039=CARTESIAN_POINT('',(6.795E0,7.E-1,-4.4E0));
#5040=VERTEX_POINT('',#5039);
#5041=CARTESIAN_POINT('',(6.795E0,1.548899653687E0,-4.4E0));
#5042=VERTEX_POINT('',#5041);
#5043=CARTESIAN_POINT('',(6.795E0,1.077351123566E0,-8.625594265622E-1));
#5044=CARTESIAN_POINT('',(6.795E0,1.067991655295E0,-8.826308710422E-1));
#5045=VERTEX_POINT('',#5043);
#5046=VERTEX_POINT('',#5044);
#5047=CARTESIAN_POINT('',(6.795E0,1.832516195584E0,-4.184766404376E0));
#5048=CARTESIAN_POINT('',(6.795E0,1.732653242109E0,-4.09E0));
#5049=VERTEX_POINT('',#5047);
#5050=VERTEX_POINT('',#5048);
#5051=CARTESIAN_POINT('',(6.795E0,1.87E0,-4.9E0));
#5052=VERTEX_POINT('',#5051);
#5053=CARTESIAN_POINT('',(6.795E0,1.67E0,-4.9E0));
#5054=VERTEX_POINT('',#5053);
#5055=CARTESIAN_POINT('',(6.795E0,1.648762607162E0,-4.494766404376E0));
#5056=VERTEX_POINT('',#5055);
#5057=CARTESIAN_POINT('',(7.105E0,1.077351123566E0,-8.625594265622E-1));
#5058=CARTESIAN_POINT('',(7.105E0,1.067991655295E0,-8.826308710422E-1));
#5059=VERTEX_POINT('',#5057);
#5060=VERTEX_POINT('',#5058);
#5061=CARTESIAN_POINT('',(7.105E0,1.832516195584E0,-4.184766404376E0));
#5062=CARTESIAN_POINT('',(7.105E0,1.732653242109E0,-4.09E0));
#5063=VERTEX_POINT('',#5061);
#5064=VERTEX_POINT('',#5062);
#5065=CARTESIAN_POINT('',(7.105E0,1.87E0,-4.9E0));
#5066=VERTEX_POINT('',#5065);
#5067=CARTESIAN_POINT('',(7.105E0,1.67E0,-4.9E0));
#5068=VERTEX_POINT('',#5067);
#5069=CARTESIAN_POINT('',(7.105E0,1.648762607162E0,-4.494766404376E0));
#5070=VERTEX_POINT('',#5069);
#5071=CARTESIAN_POINT('',(7.105E0,1.548899653687E0,-4.4E0));
#5072=VERTEX_POINT('',#5071);
#5073=CARTESIAN_POINT('',(7.105E0,7.E-1,-4.4E0));
#5074=VERTEX_POINT('',#5073);
#5075=CARTESIAN_POINT('',(7.295E0,7.E-1,-4.4E0));
#5076=VERTEX_POINT('',#5075);
#5077=CARTESIAN_POINT('',(7.295E0,1.548899653687E0,-4.4E0));
#5078=VERTEX_POINT('',#5077);
#5079=CARTESIAN_POINT('',(7.295E0,1.077351123566E0,-8.625594265622E-1));
#5080=CARTESIAN_POINT('',(7.295E0,1.067991655295E0,-8.826308710422E-1));
#5081=VERTEX_POINT('',#5079);
#5082=VERTEX_POINT('',#5080);
#5083=CARTESIAN_POINT('',(7.295E0,1.832516195584E0,-4.184766404376E0));
#5084=CARTESIAN_POINT('',(7.295E0,1.732653242109E0,-4.09E0));
#5085=VERTEX_POINT('',#5083);
#5086=VERTEX_POINT('',#5084);
#5087=CARTESIAN_POINT('',(7.295E0,1.87E0,-4.9E0));
#5088=VERTEX_POINT('',#5087);
#5089=CARTESIAN_POINT('',(7.295E0,1.67E0,-4.9E0));
#5090=VERTEX_POINT('',#5089);
#5091=CARTESIAN_POINT('',(7.295E0,1.648762607162E0,-4.494766404376E0));
#5092=VERTEX_POINT('',#5091);
#5093=CARTESIAN_POINT('',(7.605E0,1.077351123566E0,-8.625594265622E-1));
#5094=CARTESIAN_POINT('',(7.605E0,1.067991655295E0,-8.826308710422E-1));
#5095=VERTEX_POINT('',#5093);
#5096=VERTEX_POINT('',#5094);
#5097=CARTESIAN_POINT('',(7.605E0,1.832516195584E0,-4.184766404376E0));
#5098=CARTESIAN_POINT('',(7.605E0,1.732653242109E0,-4.09E0));
#5099=VERTEX_POINT('',#5097);
#5100=VERTEX_POINT('',#5098);
#5101=CARTESIAN_POINT('',(7.605E0,1.87E0,-4.9E0));
#5102=VERTEX_POINT('',#5101);
#5103=CARTESIAN_POINT('',(7.605E0,1.67E0,-4.9E0));
#5104=VERTEX_POINT('',#5103);
#5105=CARTESIAN_POINT('',(7.605E0,1.648762607162E0,-4.494766404376E0));
#5106=VERTEX_POINT('',#5105);
#5107=CARTESIAN_POINT('',(7.605E0,1.548899653687E0,-4.4E0));
#5108=VERTEX_POINT('',#5107);
#5109=CARTESIAN_POINT('',(7.605E0,7.E-1,-4.4E0));
#5110=VERTEX_POINT('',#5109);
#5111=CARTESIAN_POINT('',(7.795E0,7.E-1,-4.4E0));
#5112=VERTEX_POINT('',#5111);
#5113=CARTESIAN_POINT('',(7.795E0,1.548899653687E0,-4.4E0));
#5114=VERTEX_POINT('',#5113);
#5115=CARTESIAN_POINT('',(7.795E0,1.077351123566E0,-8.625594265622E-1));
#5116=CARTESIAN_POINT('',(7.795E0,1.067991655295E0,-8.826308710422E-1));
#5117=VERTEX_POINT('',#5115);
#5118=VERTEX_POINT('',#5116);
#5119=CARTESIAN_POINT('',(7.795E0,1.832516195584E0,-4.184766404376E0));
#5120=CARTESIAN_POINT('',(7.795E0,1.732653242109E0,-4.09E0));
#5121=VERTEX_POINT('',#5119);
#5122=VERTEX_POINT('',#5120);
#5123=CARTESIAN_POINT('',(7.795E0,1.87E0,-4.9E0));
#5124=VERTEX_POINT('',#5123);
#5125=CARTESIAN_POINT('',(7.795E0,1.67E0,-4.9E0));
#5126=VERTEX_POINT('',#5125);
#5127=CARTESIAN_POINT('',(7.795E0,1.648762607162E0,-4.494766404376E0));
#5128=VERTEX_POINT('',#5127);
#5129=CARTESIAN_POINT('',(1.6E0,1.71E0,0.E0));
#5130=CARTESIAN_POINT('',(1.6E0,1.71E0,-7.E-1));
#5131=VERTEX_POINT('',#5129);
#5132=VERTEX_POINT('',#5130);
#5133=CARTESIAN_POINT('',(-3.E-1,1.71E0,-7.E-1));
#5134=VERTEX_POINT('',#5133);
#5135=CARTESIAN_POINT('',(-3.E-1,1.71E0,-1.4E0));
#5136=VERTEX_POINT('',#5135);
#5137=CARTESIAN_POINT('',(-8.E-1,1.71E0,-1.4E0));
#5138=VERTEX_POINT('',#5137);
#5139=CARTESIAN_POINT('',(-8.E-1,1.71E0,1.084317820717E-14));
#5140=VERTEX_POINT('',#5139);
#5141=CARTESIAN_POINT('',(9.8E0,1.71E0,-7.E-1));
#5142=CARTESIAN_POINT('',(9.8E0,1.71E0,1.088018564133E-14));
#5143=VERTEX_POINT('',#5141);
#5144=VERTEX_POINT('',#5142);
#5145=CARTESIAN_POINT('',(1.22E1,1.71E0,1.088018564133E-14));
#5146=VERTEX_POINT('',#5145);
#5147=CARTESIAN_POINT('',(1.22E1,1.71E0,-1.4E0));
#5148=VERTEX_POINT('',#5147);
#5149=CARTESIAN_POINT('',(1.17E1,1.71E0,-1.4E0));
#5150=VERTEX_POINT('',#5149);
#5151=CARTESIAN_POINT('',(1.17E1,1.71E0,-7.E-1));
#5152=VERTEX_POINT('',#5151);
#5153=CARTESIAN_POINT('',(1.6E0,8.2E-1,0.E0));
#5154=VERTEX_POINT('',#5153);
#5155=CARTESIAN_POINT('',(1.6E0,8.2E-1,-7.E-1));
#5156=VERTEX_POINT('',#5155);
#5157=CARTESIAN_POINT('',(-3.E-1,1.1E-1,-7.E-1));
#5158=VERTEX_POINT('',#5157);
#5159=CARTESIAN_POINT('',(1.6E0,1.1E-1,-7.E-1));
#5160=VERTEX_POINT('',#5159);
#5161=CARTESIAN_POINT('',(1.6E0,5.3E-1,-7.E-1));
#5162=VERTEX_POINT('',#5161);
#5163=CARTESIAN_POINT('',(9.E-1,5.3E-1,-7.E-1));
#5164=VERTEX_POINT('',#5163);
#5165=CARTESIAN_POINT('',(9.E-1,1.32E0,-7.E-1));
#5166=VERTEX_POINT('',#5165);
#5167=CARTESIAN_POINT('',(1.48E0,1.32E0,-7.E-1));
#5168=VERTEX_POINT('',#5167);
#5169=CARTESIAN_POINT('',(1.48E0,8.2E-1,-7.E-1));
#5170=VERTEX_POINT('',#5169);
#5171=CARTESIAN_POINT('',(9.8E0,1.1E-1,-7.E-1));
#5172=CARTESIAN_POINT('',(1.17E1,1.1E-1,-7.E-1));
#5173=VERTEX_POINT('',#5171);
#5174=VERTEX_POINT('',#5172);
#5175=CARTESIAN_POINT('',(9.8E0,8.2E-1,-7.E-1));
#5176=VERTEX_POINT('',#5175);
#5177=CARTESIAN_POINT('',(9.92E0,8.2E-1,-7.E-1));
#5178=VERTEX_POINT('',#5177);
#5179=CARTESIAN_POINT('',(9.92E0,1.32E0,-7.E-1));
#5180=VERTEX_POINT('',#5179);
#5181=CARTESIAN_POINT('',(1.05E1,1.32E0,-7.E-1));
#5182=VERTEX_POINT('',#5181);
#5183=CARTESIAN_POINT('',(1.05E1,5.3E-1,-7.E-1));
#5184=VERTEX_POINT('',#5183);
#5185=CARTESIAN_POINT('',(9.8E0,5.3E-1,-7.E-1));
#5186=VERTEX_POINT('',#5185);
#5187=CARTESIAN_POINT('',(-3.E-1,1.1E-1,-1.4E0));
#5188=VERTEX_POINT('',#5187);
#5189=CARTESIAN_POINT('',(-8.E-1,1.1E-1,-1.4E0));
#5190=VERTEX_POINT('',#5189);
#5191=CARTESIAN_POINT('',(-8.E-1,1.1E-1,1.084317820717E-14));
#5192=VERTEX_POINT('',#5191);
#5193=CARTESIAN_POINT('',(1.22E1,1.1E-1,1.088018564133E-14));
#5194=VERTEX_POINT('',#5193);
#5195=CARTESIAN_POINT('',(9.8E0,8.2E-1,1.093569679256E-14));
#5196=VERTEX_POINT('',#5195);
#5197=CARTESIAN_POINT('',(1.22E1,1.1E-1,-1.4E0));
#5198=VERTEX_POINT('',#5197);
#5199=CARTESIAN_POINT('',(1.17E1,1.1E-1,-1.4E0));
#5200=VERTEX_POINT('',#5199);
#5201=CARTESIAN_POINT('',(0.E0,0.E0,-7.3E-1));
#5202=CARTESIAN_POINT('',(1.7E0,0.E0,-7.3E-1));
#5203=VERTEX_POINT('',#5201);
#5204=VERTEX_POINT('',#5202);
#5205=CARTESIAN_POINT('',(0.E0,0.E0,-2.05E0));
#5206=VERTEX_POINT('',#5205);
#5207=CARTESIAN_POINT('',(1.83E0,0.E0,-2.05E0));
#5208=VERTEX_POINT('',#5207);
#5209=CARTESIAN_POINT('',(1.83E0,0.E0,-4.2E0));
#5210=VERTEX_POINT('',#5209);
#5211=CARTESIAN_POINT('',(9.57E0,0.E0,-4.2E0));
#5212=VERTEX_POINT('',#5211);
#5213=CARTESIAN_POINT('',(9.57E0,0.E0,-2.05E0));
#5214=VERTEX_POINT('',#5213);
#5215=CARTESIAN_POINT('',(1.14E1,0.E0,-2.05E0));
#5216=VERTEX_POINT('',#5215);
#5217=CARTESIAN_POINT('',(1.14E1,0.E0,-7.3E-1));
#5218=VERTEX_POINT('',#5217);
#5219=CARTESIAN_POINT('',(9.7E0,0.E0,-7.3E-1));
#5220=VERTEX_POINT('',#5219);
#5221=CARTESIAN_POINT('',(9.7E0,0.E0,-9.E-1));
#5222=VERTEX_POINT('',#5221);
#5223=CARTESIAN_POINT('',(1.7E0,0.E0,-9.E-1));
#5224=VERTEX_POINT('',#5223);
#5225=CARTESIAN_POINT('',(9.7E0,1.202826086957E0,-7.300000000001E-1));
#5226=CARTESIAN_POINT('',(9.7E0,1.82E0,-7.3E-1));
#5227=VERTEX_POINT('',#5225);
#5228=VERTEX_POINT('',#5226);
#5229=CARTESIAN_POINT('',(1.14E1,1.82E0,-7.3E-1));
#5230=VERTEX_POINT('',#5229);
#5231=CARTESIAN_POINT('',(0.E0,1.82E0,-7.3E-1));
#5232=CARTESIAN_POINT('',(1.7E0,1.82E0,-7.3E-1));
#5233=VERTEX_POINT('',#5231);
#5234=VERTEX_POINT('',#5232);
#5235=CARTESIAN_POINT('',(1.7E0,1.202826086957E0,-7.300000000002E-1));
#5236=VERTEX_POINT('',#5235);
#5237=CARTESIAN_POINT('',(9.7E0,1.199130434783E0,-9.E-1));
#5238=VERTEX_POINT('',#5237);
#5239=CARTESIAN_POINT('',(1.7E0,1.199130434783E0,-9.000000000001E-1));
#5240=VERTEX_POINT('',#5239);
#5241=CARTESIAN_POINT('',(9.7E0,1.21E0,-4.000000000002E-1));
#5242=VERTEX_POINT('',#5241);
#5243=CARTESIAN_POINT('',(1.7E0,1.21E0,-4.000000000003E-1));
#5244=VERTEX_POINT('',#5243);
#5245=CARTESIAN_POINT('',(1.65E0,1.199130434783E0,-9.E-1));
#5246=VERTEX_POINT('',#5245);
#5247=CARTESIAN_POINT('',(1.65E0,1.16E0,-2.7E0));
#5248=VERTEX_POINT('',#5247);
#5249=CARTESIAN_POINT('',(9.75E0,1.16E0,-2.7E0));
#5250=VERTEX_POINT('',#5249);
#5251=CARTESIAN_POINT('',(9.75E0,1.199130434783E0,-9.E-1));
#5252=VERTEX_POINT('',#5251);
#5253=CARTESIAN_POINT('',(9.75E0,6.7E-1,-2.7E0));
#5254=CARTESIAN_POINT('',(1.65E0,6.7E-1,-2.7E0));
#5255=VERTEX_POINT('',#5253);
#5256=VERTEX_POINT('',#5254);
#5257=CARTESIAN_POINT('',(1.7E0,1.82E0,-1.332267629550E-14));
#5258=VERTEX_POINT('',#5257);
#5259=CARTESIAN_POINT('',(1.7E0,1.21E0,-2.668236002516E-14));
#5260=VERTEX_POINT('',#5259);
#5261=CARTESIAN_POINT('',(0.E0,1.82E0,-2.05E0));
#5262=VERTEX_POINT('',#5261);
#5263=CARTESIAN_POINT('',(1.83E0,1.82E0,-2.05E0));
#5264=VERTEX_POINT('',#5263);
#5265=CARTESIAN_POINT('',(1.83E0,1.82E0,-4.2E0));
#5266=CARTESIAN_POINT('',(2.095E0,1.82E0,-4.2E0));
#5267=VERTEX_POINT('',#5265);
#5268=VERTEX_POINT('',#5266);
#5269=CARTESIAN_POINT('',(2.095E0,1.82E0,-3.5E0));
#5270=VERTEX_POINT('',#5269);
#5271=CARTESIAN_POINT('',(2.305E0,1.82E0,-3.5E0));
#5272=VERTEX_POINT('',#5271);
#5273=CARTESIAN_POINT('',(2.305E0,1.82E0,-4.2E0));
#5274=VERTEX_POINT('',#5273);
#5275=CARTESIAN_POINT('',(2.595E0,1.82E0,-4.2E0));
#5276=VERTEX_POINT('',#5275);
#5277=CARTESIAN_POINT('',(2.595E0,1.82E0,-3.5E0));
#5278=VERTEX_POINT('',#5277);
#5279=CARTESIAN_POINT('',(2.805E0,1.82E0,-3.5E0));
#5280=VERTEX_POINT('',#5279);
#5281=CARTESIAN_POINT('',(2.805E0,1.82E0,-4.2E0));
#5282=VERTEX_POINT('',#5281);
#5283=CARTESIAN_POINT('',(3.095E0,1.82E0,-4.2E0));
#5284=VERTEX_POINT('',#5283);
#5285=CARTESIAN_POINT('',(3.095E0,1.82E0,-3.5E0));
#5286=VERTEX_POINT('',#5285);
#5287=CARTESIAN_POINT('',(3.305E0,1.82E0,-3.5E0));
#5288=VERTEX_POINT('',#5287);
#5289=CARTESIAN_POINT('',(3.305E0,1.82E0,-4.2E0));
#5290=VERTEX_POINT('',#5289);
#5291=CARTESIAN_POINT('',(3.595E0,1.82E0,-4.2E0));
#5292=VERTEX_POINT('',#5291);
#5293=CARTESIAN_POINT('',(3.595E0,1.82E0,-3.5E0));
#5294=VERTEX_POINT('',#5293);
#5295=CARTESIAN_POINT('',(3.805E0,1.82E0,-3.5E0));
#5296=VERTEX_POINT('',#5295);
#5297=CARTESIAN_POINT('',(3.805E0,1.82E0,-4.2E0));
#5298=VERTEX_POINT('',#5297);
#5299=CARTESIAN_POINT('',(4.095E0,1.82E0,-4.2E0));
#5300=VERTEX_POINT('',#5299);
#5301=CARTESIAN_POINT('',(4.095E0,1.82E0,-3.5E0));
#5302=VERTEX_POINT('',#5301);
#5303=CARTESIAN_POINT('',(4.305E0,1.82E0,-3.5E0));
#5304=VERTEX_POINT('',#5303);
#5305=CARTESIAN_POINT('',(4.305E0,1.82E0,-4.2E0));
#5306=VERTEX_POINT('',#5305);
#5307=CARTESIAN_POINT('',(4.595E0,1.82E0,-4.2E0));
#5308=VERTEX_POINT('',#5307);
#5309=CARTESIAN_POINT('',(4.595E0,1.82E0,-3.5E0));
#5310=VERTEX_POINT('',#5309);
#5311=CARTESIAN_POINT('',(4.805E0,1.82E0,-3.5E0));
#5312=VERTEX_POINT('',#5311);
#5313=CARTESIAN_POINT('',(4.805E0,1.82E0,-4.2E0));
#5314=VERTEX_POINT('',#5313);
#5315=CARTESIAN_POINT('',(5.095E0,1.82E0,-4.2E0));
#5316=VERTEX_POINT('',#5315);
#5317=CARTESIAN_POINT('',(5.095E0,1.82E0,-3.5E0));
#5318=VERTEX_POINT('',#5317);
#5319=CARTESIAN_POINT('',(5.305E0,1.82E0,-3.5E0));
#5320=VERTEX_POINT('',#5319);
#5321=CARTESIAN_POINT('',(5.305E0,1.82E0,-4.2E0));
#5322=VERTEX_POINT('',#5321);
#5323=CARTESIAN_POINT('',(5.595E0,1.82E0,-4.2E0));
#5324=VERTEX_POINT('',#5323);
#5325=CARTESIAN_POINT('',(5.595E0,1.82E0,-3.5E0));
#5326=VERTEX_POINT('',#5325);
#5327=CARTESIAN_POINT('',(5.805E0,1.82E0,-3.5E0));
#5328=VERTEX_POINT('',#5327);
#5329=CARTESIAN_POINT('',(5.805E0,1.82E0,-4.2E0));
#5330=VERTEX_POINT('',#5329);
#5331=CARTESIAN_POINT('',(6.095E0,1.82E0,-4.2E0));
#5332=VERTEX_POINT('',#5331);
#5333=CARTESIAN_POINT('',(6.095E0,1.82E0,-3.5E0));
#5334=VERTEX_POINT('',#5333);
#5335=CARTESIAN_POINT('',(6.305E0,1.82E0,-3.5E0));
#5336=VERTEX_POINT('',#5335);
#5337=CARTESIAN_POINT('',(6.305E0,1.82E0,-4.2E0));
#5338=VERTEX_POINT('',#5337);
#5339=CARTESIAN_POINT('',(6.595E0,1.82E0,-4.2E0));
#5340=VERTEX_POINT('',#5339);
#5341=CARTESIAN_POINT('',(6.595E0,1.82E0,-3.5E0));
#5342=VERTEX_POINT('',#5341);
#5343=CARTESIAN_POINT('',(6.805E0,1.82E0,-3.5E0));
#5344=VERTEX_POINT('',#5343);
#5345=CARTESIAN_POINT('',(6.805E0,1.82E0,-4.2E0));
#5346=VERTEX_POINT('',#5345);
#5347=CARTESIAN_POINT('',(7.095E0,1.82E0,-4.2E0));
#5348=VERTEX_POINT('',#5347);
#5349=CARTESIAN_POINT('',(7.095E0,1.82E0,-3.5E0));
#5350=VERTEX_POINT('',#5349);
#5351=CARTESIAN_POINT('',(7.305E0,1.82E0,-3.5E0));
#5352=VERTEX_POINT('',#5351);
#5353=CARTESIAN_POINT('',(7.305E0,1.82E0,-4.2E0));
#5354=VERTEX_POINT('',#5353);
#5355=CARTESIAN_POINT('',(7.595E0,1.82E0,-4.2E0));
#5356=VERTEX_POINT('',#5355);
#5357=CARTESIAN_POINT('',(7.595E0,1.82E0,-3.5E0));
#5358=VERTEX_POINT('',#5357);
#5359=CARTESIAN_POINT('',(7.805E0,1.82E0,-3.5E0));
#5360=VERTEX_POINT('',#5359);
#5361=CARTESIAN_POINT('',(7.805E0,1.82E0,-4.2E0));
#5362=VERTEX_POINT('',#5361);
#5363=CARTESIAN_POINT('',(8.095E0,1.82E0,-4.2E0));
#5364=VERTEX_POINT('',#5363);
#5365=CARTESIAN_POINT('',(8.095E0,1.82E0,-3.5E0));
#5366=VERTEX_POINT('',#5365);
#5367=CARTESIAN_POINT('',(8.305E0,1.82E0,-3.5E0));
#5368=VERTEX_POINT('',#5367);
#5369=CARTESIAN_POINT('',(8.305E0,1.82E0,-4.2E0));
#5370=VERTEX_POINT('',#5369);
#5371=CARTESIAN_POINT('',(8.595E0,1.82E0,-4.2E0));
#5372=VERTEX_POINT('',#5371);
#5373=CARTESIAN_POINT('',(8.595E0,1.82E0,-3.5E0));
#5374=VERTEX_POINT('',#5373);
#5375=CARTESIAN_POINT('',(8.805E0,1.82E0,-3.5E0));
#5376=VERTEX_POINT('',#5375);
#5377=CARTESIAN_POINT('',(8.805E0,1.82E0,-4.2E0));
#5378=VERTEX_POINT('',#5377);
#5379=CARTESIAN_POINT('',(9.095E0,1.82E0,-4.2E0));
#5380=VERTEX_POINT('',#5379);
#5381=CARTESIAN_POINT('',(9.095E0,1.82E0,-3.5E0));
#5382=VERTEX_POINT('',#5381);
#5383=CARTESIAN_POINT('',(9.305E0,1.82E0,-3.5E0));
#5384=VERTEX_POINT('',#5383);
#5385=CARTESIAN_POINT('',(9.305E0,1.82E0,-4.2E0));
#5386=VERTEX_POINT('',#5385);
#5387=CARTESIAN_POINT('',(9.57E0,1.82E0,-4.2E0));
#5388=VERTEX_POINT('',#5387);
#5389=CARTESIAN_POINT('',(9.57E0,1.82E0,-2.05E0));
#5390=CARTESIAN_POINT('',(1.14E1,1.82E0,-2.05E0));
#5391=VERTEX_POINT('',#5389);
#5392=VERTEX_POINT('',#5390);
#5393=CARTESIAN_POINT('',(9.7E0,1.82E0,0.E0));
#5394=VERTEX_POINT('',#5393);
#5395=CARTESIAN_POINT('',(0.E0,1.3E-1,-2.05E0));
#5396=VERTEX_POINT('',#5395);
#5397=CARTESIAN_POINT('',(0.E0,1.3E-1,-4.2E0));
#5398=VERTEX_POINT('',#5397);
#5399=CARTESIAN_POINT('',(0.E0,1.59E0,-4.2E0));
#5400=VERTEX_POINT('',#5399);
#5401=CARTESIAN_POINT('',(0.E0,1.59E0,-2.05E0));
#5402=VERTEX_POINT('',#5401);
#5403=CARTESIAN_POINT('',(1.83E0,1.3E-1,-2.05E0));
#5404=VERTEX_POINT('',#5403);
#5405=CARTESIAN_POINT('',(1.14E1,1.3E-1,-4.2E0));
#5406=CARTESIAN_POINT('',(9.57E0,1.3E-1,-4.2E0));
#5407=VERTEX_POINT('',#5405);
#5408=VERTEX_POINT('',#5406);
#5409=CARTESIAN_POINT('',(1.14E1,1.3E-1,-2.05E0));
#5410=CARTESIAN_POINT('',(9.57E0,1.3E-1,-2.05E0));
#5411=VERTEX_POINT('',#5409);
#5412=VERTEX_POINT('',#5410);
#5413=CARTESIAN_POINT('',(1.83E0,1.3E-1,-4.2E0));
#5414=VERTEX_POINT('',#5413);
#5415=CARTESIAN_POINT('',(1.14E1,1.59E0,-4.2E0));
#5416=VERTEX_POINT('',#5415);
#5417=CARTESIAN_POINT('',(9.57E0,1.59E0,-4.2E0));
#5418=VERTEX_POINT('',#5417);
#5419=CARTESIAN_POINT('',(9.305E0,1.62E0,-4.2E0));
#5420=VERTEX_POINT('',#5419);
#5421=CARTESIAN_POINT('',(9.095E0,1.62E0,-4.2E0));
#5422=VERTEX_POINT('',#5421);
#5423=CARTESIAN_POINT('',(8.805E0,1.62E0,-4.2E0));
#5424=VERTEX_POINT('',#5423);
#5425=CARTESIAN_POINT('',(8.595E0,1.62E0,-4.2E0));
#5426=VERTEX_POINT('',#5425);
#5427=CARTESIAN_POINT('',(8.305E0,1.62E0,-4.2E0));
#5428=VERTEX_POINT('',#5427);
#5429=CARTESIAN_POINT('',(8.095E0,1.62E0,-4.2E0));
#5430=VERTEX_POINT('',#5429);
#5431=CARTESIAN_POINT('',(7.805E0,1.62E0,-4.2E0));
#5432=VERTEX_POINT('',#5431);
#5433=CARTESIAN_POINT('',(7.595E0,1.62E0,-4.2E0));
#5434=VERTEX_POINT('',#5433);
#5435=CARTESIAN_POINT('',(7.305E0,1.62E0,-4.2E0));
#5436=VERTEX_POINT('',#5435);
#5437=CARTESIAN_POINT('',(7.095E0,1.62E0,-4.2E0));
#5438=VERTEX_POINT('',#5437);
#5439=CARTESIAN_POINT('',(6.805E0,1.62E0,-4.2E0));
#5440=VERTEX_POINT('',#5439);
#5441=CARTESIAN_POINT('',(6.595E0,1.62E0,-4.2E0));
#5442=VERTEX_POINT('',#5441);
#5443=CARTESIAN_POINT('',(6.305E0,1.62E0,-4.2E0));
#5444=VERTEX_POINT('',#5443);
#5445=CARTESIAN_POINT('',(6.095E0,1.62E0,-4.2E0));
#5446=VERTEX_POINT('',#5445);
#5447=CARTESIAN_POINT('',(5.805E0,1.62E0,-4.2E0));
#5448=VERTEX_POINT('',#5447);
#5449=CARTESIAN_POINT('',(5.595E0,1.62E0,-4.2E0));
#5450=VERTEX_POINT('',#5449);
#5451=CARTESIAN_POINT('',(5.305E0,1.62E0,-4.2E0));
#5452=VERTEX_POINT('',#5451);
#5453=CARTESIAN_POINT('',(5.095E0,1.62E0,-4.2E0));
#5454=VERTEX_POINT('',#5453);
#5455=CARTESIAN_POINT('',(4.805E0,1.62E0,-4.2E0));
#5456=VERTEX_POINT('',#5455);
#5457=CARTESIAN_POINT('',(4.595E0,1.62E0,-4.2E0));
#5458=VERTEX_POINT('',#5457);
#5459=CARTESIAN_POINT('',(4.305E0,1.62E0,-4.2E0));
#5460=VERTEX_POINT('',#5459);
#5461=CARTESIAN_POINT('',(4.095E0,1.62E0,-4.2E0));
#5462=VERTEX_POINT('',#5461);
#5463=CARTESIAN_POINT('',(3.805E0,1.62E0,-4.2E0));
#5464=VERTEX_POINT('',#5463);
#5465=CARTESIAN_POINT('',(3.595E0,1.62E0,-4.2E0));
#5466=VERTEX_POINT('',#5465);
#5467=CARTESIAN_POINT('',(3.305E0,1.62E0,-4.2E0));
#5468=VERTEX_POINT('',#5467);
#5469=CARTESIAN_POINT('',(3.095E0,1.62E0,-4.2E0));
#5470=VERTEX_POINT('',#5469);
#5471=CARTESIAN_POINT('',(2.805E0,1.62E0,-4.2E0));
#5472=VERTEX_POINT('',#5471);
#5473=CARTESIAN_POINT('',(2.595E0,1.62E0,-4.2E0));
#5474=VERTEX_POINT('',#5473);
#5475=CARTESIAN_POINT('',(2.305E0,1.62E0,-4.2E0));
#5476=VERTEX_POINT('',#5475);
#5477=CARTESIAN_POINT('',(2.095E0,1.62E0,-4.2E0));
#5478=VERTEX_POINT('',#5477);
#5479=CARTESIAN_POINT('',(1.83E0,1.59E0,-4.2E0));
#5480=VERTEX_POINT('',#5479);
#5481=CARTESIAN_POINT('',(1.14E1,1.59E0,-2.05E0));
#5482=VERTEX_POINT('',#5481);
#5483=CARTESIAN_POINT('',(9.57E0,1.59E0,-2.05E0));
#5484=VERTEX_POINT('',#5483);
#5485=CARTESIAN_POINT('',(9.305E0,1.62E0,-3.5E0));
#5486=VERTEX_POINT('',#5485);
#5487=CARTESIAN_POINT('',(9.095E0,1.62E0,-3.5E0));
#5488=VERTEX_POINT('',#5487);
#5489=CARTESIAN_POINT('',(2.095E0,1.62E0,-3.5E0));
#5490=CARTESIAN_POINT('',(2.305E0,1.62E0,-3.5E0));
#5491=VERTEX_POINT('',#5489);
#5492=VERTEX_POINT('',#5490);
#5493=CARTESIAN_POINT('',(8.595E0,1.62E0,-3.5E0));
#5494=VERTEX_POINT('',#5493);
#5495=CARTESIAN_POINT('',(8.805E0,1.62E0,-3.5E0));
#5496=VERTEX_POINT('',#5495);
#5497=CARTESIAN_POINT('',(2.595E0,1.62E0,-3.5E0));
#5498=CARTESIAN_POINT('',(2.805E0,1.62E0,-3.5E0));
#5499=VERTEX_POINT('',#5497);
#5500=VERTEX_POINT('',#5498);
#5501=CARTESIAN_POINT('',(3.095E0,1.62E0,-3.5E0));
#5502=CARTESIAN_POINT('',(3.305E0,1.62E0,-3.5E0));
#5503=VERTEX_POINT('',#5501);
#5504=VERTEX_POINT('',#5502);
#5505=CARTESIAN_POINT('',(3.595E0,1.62E0,-3.5E0));
#5506=CARTESIAN_POINT('',(3.805E0,1.62E0,-3.5E0));
#5507=VERTEX_POINT('',#5505);
#5508=VERTEX_POINT('',#5506);
#5509=CARTESIAN_POINT('',(4.095E0,1.62E0,-3.5E0));
#5510=CARTESIAN_POINT('',(4.305E0,1.62E0,-3.5E0));
#5511=VERTEX_POINT('',#5509);
#5512=VERTEX_POINT('',#5510);
#5513=CARTESIAN_POINT('',(4.595E0,1.62E0,-3.5E0));
#5514=CARTESIAN_POINT('',(4.805E0,1.62E0,-3.5E0));
#5515=VERTEX_POINT('',#5513);
#5516=VERTEX_POINT('',#5514);
#5517=CARTESIAN_POINT('',(5.095E0,1.62E0,-3.5E0));
#5518=CARTESIAN_POINT('',(5.305E0,1.62E0,-3.5E0));
#5519=VERTEX_POINT('',#5517);
#5520=VERTEX_POINT('',#5518);
#5521=CARTESIAN_POINT('',(5.595E0,1.62E0,-3.5E0));
#5522=CARTESIAN_POINT('',(5.805E0,1.62E0,-3.5E0));
#5523=VERTEX_POINT('',#5521);
#5524=VERTEX_POINT('',#5522);
#5525=CARTESIAN_POINT('',(6.095E0,1.62E0,-3.5E0));
#5526=CARTESIAN_POINT('',(6.305E0,1.62E0,-3.5E0));
#5527=VERTEX_POINT('',#5525);
#5528=VERTEX_POINT('',#5526);
#5529=CARTESIAN_POINT('',(6.595E0,1.62E0,-3.5E0));
#5530=CARTESIAN_POINT('',(6.805E0,1.62E0,-3.5E0));
#5531=VERTEX_POINT('',#5529);
#5532=VERTEX_POINT('',#5530);
#5533=CARTESIAN_POINT('',(8.095E0,1.62E0,-3.5E0));
#5534=VERTEX_POINT('',#5533);
#5535=CARTESIAN_POINT('',(8.305E0,1.62E0,-3.5E0));
#5536=VERTEX_POINT('',#5535);
#5537=CARTESIAN_POINT('',(7.595E0,1.62E0,-3.5E0));
#5538=VERTEX_POINT('',#5537);
#5539=CARTESIAN_POINT('',(7.805E0,1.62E0,-3.5E0));
#5540=VERTEX_POINT('',#5539);
#5541=CARTESIAN_POINT('',(7.095E0,1.62E0,-3.5E0));
#5542=VERTEX_POINT('',#5541);
#5543=CARTESIAN_POINT('',(7.305E0,1.62E0,-3.5E0));
#5544=VERTEX_POINT('',#5543);
#5545=CARTESIAN_POINT('',(1.83E0,1.59E0,-2.05E0));
#5546=VERTEX_POINT('',#5545);
#5547=CARTESIAN_POINT('',(9.7E0,1.21E0,-1.330417257842E-14));
#5548=VERTEX_POINT('',#5547);
#5549=CARTESIAN_POINT('',(9.7E0,1.1E-1,-7.3E-1));
#5550=CARTESIAN_POINT('',(9.8E0,1.1E-1,-7.3E-1));
#5551=VERTEX_POINT('',#5549);
#5552=VERTEX_POINT('',#5550);
#5553=CARTESIAN_POINT('',(9.7E0,8.2E-1,-7.3E-1));
#5554=CARTESIAN_POINT('',(9.92E0,8.2E-1,-7.3E-1));
#5555=VERTEX_POINT('',#5553);
#5556=VERTEX_POINT('',#5554);
#5557=CARTESIAN_POINT('',(9.92E0,1.32E0,-7.3E-1));
#5558=VERTEX_POINT('',#5557);
#5559=CARTESIAN_POINT('',(1.05E1,1.32E0,-7.3E-1));
#5560=CARTESIAN_POINT('',(1.05E1,5.3E-1,-7.3E-1));
#5561=VERTEX_POINT('',#5559);
#5562=VERTEX_POINT('',#5560);
#5563=CARTESIAN_POINT('',(9.8E0,5.3E-1,-7.3E-1));
#5564=VERTEX_POINT('',#5563);
#5565=CARTESIAN_POINT('',(1.6E0,1.1E-1,-7.3E-1));
#5566=CARTESIAN_POINT('',(1.7E0,1.1E-1,-7.3E-1));
#5567=VERTEX_POINT('',#5565);
#5568=VERTEX_POINT('',#5566);
#5569=CARTESIAN_POINT('',(1.7E0,8.2E-1,-7.3E-1));
#5570=CARTESIAN_POINT('',(1.48E0,8.2E-1,-7.3E-1));
#5571=VERTEX_POINT('',#5569);
#5572=VERTEX_POINT('',#5570);
#5573=CARTESIAN_POINT('',(1.6E0,5.3E-1,-7.3E-1));
#5574=CARTESIAN_POINT('',(9.E-1,5.3E-1,-7.3E-1));
#5575=VERTEX_POINT('',#5573);
#5576=VERTEX_POINT('',#5574);
#5577=CARTESIAN_POINT('',(9.E-1,1.32E0,-7.3E-1));
#5578=VERTEX_POINT('',#5577);
#5579=CARTESIAN_POINT('',(1.48E0,1.32E0,-7.3E-1));
#5580=VERTEX_POINT('',#5579);
#5581=CARTESIAN_POINT('',(9.7E0,1.1E-1,-9.E-1));
#5582=VERTEX_POINT('',#5581);
#5583=CARTESIAN_POINT('',(9.7E0,8.2E-1,-9.E-1));
#5584=VERTEX_POINT('',#5583);
#5585=CARTESIAN_POINT('',(1.7E0,1.1E-1,-9.E-1));
#5586=VERTEX_POINT('',#5585);
#5587=CARTESIAN_POINT('',(1.7E0,8.2E-1,-9.E-1));
#5588=VERTEX_POINT('',#5587);
#5589=CARTESIAN_POINT('',(9.75E0,8.2E-1,-9.E-1));
#5590=VERTEX_POINT('',#5589);
#5591=CARTESIAN_POINT('',(1.65E0,6.7E-1,-2.35E0));
#5592=CARTESIAN_POINT('',(9.75E0,6.7E-1,-2.35E0));
#5593=VERTEX_POINT('',#5591);
#5594=VERTEX_POINT('',#5592);
#5595=CARTESIAN_POINT('',(1.65E0,8.2E-1,-9.E-1));
#5596=VERTEX_POINT('',#5595);
#5597=CARTESIAN_POINT('',(1.65E0,8.2E-1,-2.35E0));
#5598=VERTEX_POINT('',#5597);
#5599=CARTESIAN_POINT('',(9.75E0,8.2E-1,-2.35E0));
#5600=VERTEX_POINT('',#5599);
#5601=CARTESIAN_POINT('',(9.105E0,1.161309404785E0,-2.639767379872E0));
#5602=CARTESIAN_POINT('',(9.105E0,1.202881069727E0,-7.274707925646E-1));
#5603=VERTEX_POINT('',#5601);
#5604=VERTEX_POINT('',#5602);
#5605=CARTESIAN_POINT('',(9.295E0,1.202881069727E0,-7.274707925646E-1));
#5606=VERTEX_POINT('',#5605);
#5607=CARTESIAN_POINT('',(9.295E0,1.161309404785E0,-2.639767379872E0));
#5608=VERTEX_POINT('',#5607);
#5609=CARTESIAN_POINT('',(9.105E0,1.62E0,-4.2E0));
#5610=CARTESIAN_POINT('',(9.105E0,2.5E-1,-4.2E0));
#5611=VERTEX_POINT('',#5609);
#5612=VERTEX_POINT('',#5610);
#5613=CARTESIAN_POINT('',(9.295E0,2.5E-1,-4.2E0));
#5614=VERTEX_POINT('',#5613);
#5615=CARTESIAN_POINT('',(9.295E0,1.62E0,-4.2E0));
#5616=VERTEX_POINT('',#5615);
#5617=CARTESIAN_POINT('',(9.105E0,1.62E0,-4.09E0));
#5618=VERTEX_POINT('',#5617);
#5619=CARTESIAN_POINT('',(9.295E0,1.62E0,-4.09E0));
#5620=VERTEX_POINT('',#5619);
#5621=CARTESIAN_POINT('',(8.605E0,1.161309404785E0,-2.639767379872E0));
#5622=CARTESIAN_POINT('',(8.605E0,1.202881069727E0,-7.274707925646E-1));
#5623=VERTEX_POINT('',#5621);
#5624=VERTEX_POINT('',#5622);
#5625=CARTESIAN_POINT('',(8.795E0,1.202881069727E0,-7.274707925646E-1));
#5626=VERTEX_POINT('',#5625);
#5627=CARTESIAN_POINT('',(8.795E0,1.161309404785E0,-2.639767379872E0));
#5628=VERTEX_POINT('',#5627);
#5629=CARTESIAN_POINT('',(8.605E0,1.62E0,-4.2E0));
#5630=CARTESIAN_POINT('',(8.605E0,2.5E-1,-4.2E0));
#5631=VERTEX_POINT('',#5629);
#5632=VERTEX_POINT('',#5630);
#5633=CARTESIAN_POINT('',(8.795E0,2.5E-1,-4.2E0));
#5634=VERTEX_POINT('',#5633);
#5635=CARTESIAN_POINT('',(8.795E0,1.62E0,-4.2E0));
#5636=VERTEX_POINT('',#5635);
#5637=CARTESIAN_POINT('',(8.605E0,1.62E0,-4.09E0));
#5638=VERTEX_POINT('',#5637);
#5639=CARTESIAN_POINT('',(8.795E0,1.62E0,-4.09E0));
#5640=VERTEX_POINT('',#5639);
#5641=CARTESIAN_POINT('',(8.105E0,1.161309404785E0,-2.639767379872E0));
#5642=CARTESIAN_POINT('',(8.105E0,1.202881069727E0,-7.274707925646E-1));
#5643=VERTEX_POINT('',#5641);
#5644=VERTEX_POINT('',#5642);
#5645=CARTESIAN_POINT('',(8.295E0,1.202881069727E0,-7.274707925646E-1));
#5646=VERTEX_POINT('',#5645);
#5647=CARTESIAN_POINT('',(8.295E0,1.161309404785E0,-2.639767379872E0));
#5648=VERTEX_POINT('',#5647);
#5649=CARTESIAN_POINT('',(8.105E0,1.62E0,-4.2E0));
#5650=CARTESIAN_POINT('',(8.105E0,2.5E-1,-4.2E0));
#5651=VERTEX_POINT('',#5649);
#5652=VERTEX_POINT('',#5650);
#5653=CARTESIAN_POINT('',(8.295E0,2.5E-1,-4.2E0));
#5654=VERTEX_POINT('',#5653);
#5655=CARTESIAN_POINT('',(8.295E0,1.62E0,-4.2E0));
#5656=VERTEX_POINT('',#5655);
#5657=CARTESIAN_POINT('',(8.105E0,1.62E0,-4.09E0));
#5658=VERTEX_POINT('',#5657);
#5659=CARTESIAN_POINT('',(8.295E0,1.62E0,-4.09E0));
#5660=VERTEX_POINT('',#5659);
#5661=CARTESIAN_POINT('',(7.605E0,1.161309404785E0,-2.639767379872E0));
#5662=CARTESIAN_POINT('',(7.605E0,1.202881069727E0,-7.274707925646E-1));
#5663=VERTEX_POINT('',#5661);
#5664=VERTEX_POINT('',#5662);
#5665=CARTESIAN_POINT('',(7.795E0,1.202881069727E0,-7.274707925646E-1));
#5666=VERTEX_POINT('',#5665);
#5667=CARTESIAN_POINT('',(7.795E0,1.161309404785E0,-2.639767379872E0));
#5668=VERTEX_POINT('',#5667);
#5669=CARTESIAN_POINT('',(7.605E0,1.62E0,-4.2E0));
#5670=CARTESIAN_POINT('',(7.605E0,2.5E-1,-4.2E0));
#5671=VERTEX_POINT('',#5669);
#5672=VERTEX_POINT('',#5670);
#5673=CARTESIAN_POINT('',(7.795E0,2.5E-1,-4.2E0));
#5674=VERTEX_POINT('',#5673);
#5675=CARTESIAN_POINT('',(7.795E0,1.62E0,-4.2E0));
#5676=VERTEX_POINT('',#5675);
#5677=CARTESIAN_POINT('',(7.605E0,1.62E0,-4.09E0));
#5678=VERTEX_POINT('',#5677);
#5679=CARTESIAN_POINT('',(7.795E0,1.62E0,-4.09E0));
#5680=VERTEX_POINT('',#5679);
#5681=CARTESIAN_POINT('',(7.105E0,1.161309404785E0,-2.639767379872E0));
#5682=CARTESIAN_POINT('',(7.105E0,1.202881069727E0,-7.274707925646E-1));
#5683=VERTEX_POINT('',#5681);
#5684=VERTEX_POINT('',#5682);
#5685=CARTESIAN_POINT('',(7.295E0,1.202881069727E0,-7.274707925646E-1));
#5686=VERTEX_POINT('',#5685);
#5687=CARTESIAN_POINT('',(7.295E0,1.161309404785E0,-2.639767379872E0));
#5688=VERTEX_POINT('',#5687);
#5689=CARTESIAN_POINT('',(7.105E0,1.62E0,-4.2E0));
#5690=CARTESIAN_POINT('',(7.105E0,2.5E-1,-4.2E0));
#5691=VERTEX_POINT('',#5689);
#5692=VERTEX_POINT('',#5690);
#5693=CARTESIAN_POINT('',(7.295E0,2.5E-1,-4.2E0));
#5694=VERTEX_POINT('',#5693);
#5695=CARTESIAN_POINT('',(7.295E0,1.62E0,-4.2E0));
#5696=VERTEX_POINT('',#5695);
#5697=CARTESIAN_POINT('',(7.105E0,1.62E0,-4.09E0));
#5698=VERTEX_POINT('',#5697);
#5699=CARTESIAN_POINT('',(7.295E0,1.62E0,-4.09E0));
#5700=VERTEX_POINT('',#5699);
#5701=CARTESIAN_POINT('',(6.605E0,1.161309404785E0,-2.639767379872E0));
#5702=CARTESIAN_POINT('',(6.605E0,1.202881069727E0,-7.274707925646E-1));
#5703=VERTEX_POINT('',#5701);
#5704=VERTEX_POINT('',#5702);
#5705=CARTESIAN_POINT('',(6.795E0,1.202881069727E0,-7.274707925646E-1));
#5706=VERTEX_POINT('',#5705);
#5707=CARTESIAN_POINT('',(6.795E0,1.161309404785E0,-2.639767379872E0));
#5708=VERTEX_POINT('',#5707);
#5709=CARTESIAN_POINT('',(6.605E0,1.62E0,-4.2E0));
#5710=CARTESIAN_POINT('',(6.605E0,2.5E-1,-4.2E0));
#5711=VERTEX_POINT('',#5709);
#5712=VERTEX_POINT('',#5710);
#5713=CARTESIAN_POINT('',(6.795E0,2.5E-1,-4.2E0));
#5714=VERTEX_POINT('',#5713);
#5715=CARTESIAN_POINT('',(6.795E0,1.62E0,-4.2E0));
#5716=VERTEX_POINT('',#5715);
#5717=CARTESIAN_POINT('',(6.605E0,1.62E0,-4.09E0));
#5718=VERTEX_POINT('',#5717);
#5719=CARTESIAN_POINT('',(6.795E0,1.62E0,-4.09E0));
#5720=VERTEX_POINT('',#5719);
#5721=CARTESIAN_POINT('',(6.105E0,1.161309404785E0,-2.639767379872E0));
#5722=CARTESIAN_POINT('',(6.105E0,1.202881069727E0,-7.274707925646E-1));
#5723=VERTEX_POINT('',#5721);
#5724=VERTEX_POINT('',#5722);
#5725=CARTESIAN_POINT('',(6.295E0,1.202881069727E0,-7.274707925646E-1));
#5726=VERTEX_POINT('',#5725);
#5727=CARTESIAN_POINT('',(6.295E0,1.161309404785E0,-2.639767379872E0));
#5728=VERTEX_POINT('',#5727);
#5729=CARTESIAN_POINT('',(6.105E0,1.62E0,-4.2E0));
#5730=CARTESIAN_POINT('',(6.105E0,2.5E-1,-4.2E0));
#5731=VERTEX_POINT('',#5729);
#5732=VERTEX_POINT('',#5730);
#5733=CARTESIAN_POINT('',(6.295E0,2.5E-1,-4.2E0));
#5734=VERTEX_POINT('',#5733);
#5735=CARTESIAN_POINT('',(6.295E0,1.62E0,-4.2E0));
#5736=VERTEX_POINT('',#5735);
#5737=CARTESIAN_POINT('',(6.105E0,1.62E0,-4.09E0));
#5738=VERTEX_POINT('',#5737);
#5739=CARTESIAN_POINT('',(6.295E0,1.62E0,-4.09E0));
#5740=VERTEX_POINT('',#5739);
#5741=CARTESIAN_POINT('',(5.605E0,1.161309404785E0,-2.639767379872E0));
#5742=CARTESIAN_POINT('',(5.605E0,1.202881069727E0,-7.274707925646E-1));
#5743=VERTEX_POINT('',#5741);
#5744=VERTEX_POINT('',#5742);
#5745=CARTESIAN_POINT('',(5.795E0,1.202881069727E0,-7.274707925646E-1));
#5746=VERTEX_POINT('',#5745);
#5747=CARTESIAN_POINT('',(5.795E0,1.161309404785E0,-2.639767379872E0));
#5748=VERTEX_POINT('',#5747);
#5749=CARTESIAN_POINT('',(5.605E0,1.62E0,-4.2E0));
#5750=CARTESIAN_POINT('',(5.605E0,2.5E-1,-4.2E0));
#5751=VERTEX_POINT('',#5749);
#5752=VERTEX_POINT('',#5750);
#5753=CARTESIAN_POINT('',(5.795E0,2.5E-1,-4.2E0));
#5754=VERTEX_POINT('',#5753);
#5755=CARTESIAN_POINT('',(5.795E0,1.62E0,-4.2E0));
#5756=VERTEX_POINT('',#5755);
#5757=CARTESIAN_POINT('',(5.605E0,1.62E0,-4.09E0));
#5758=VERTEX_POINT('',#5757);
#5759=CARTESIAN_POINT('',(5.795E0,1.62E0,-4.09E0));
#5760=VERTEX_POINT('',#5759);
#5761=CARTESIAN_POINT('',(5.105E0,1.161309404785E0,-2.639767379872E0));
#5762=CARTESIAN_POINT('',(5.105E0,1.202881069727E0,-7.274707925646E-1));
#5763=VERTEX_POINT('',#5761);
#5764=VERTEX_POINT('',#5762);
#5765=CARTESIAN_POINT('',(5.295E0,1.202881069727E0,-7.274707925646E-1));
#5766=VERTEX_POINT('',#5765);
#5767=CARTESIAN_POINT('',(5.295E0,1.161309404785E0,-2.639767379872E0));
#5768=VERTEX_POINT('',#5767);
#5769=CARTESIAN_POINT('',(5.105E0,1.62E0,-4.2E0));
#5770=CARTESIAN_POINT('',(5.105E0,2.5E-1,-4.2E0));
#5771=VERTEX_POINT('',#5769);
#5772=VERTEX_POINT('',#5770);
#5773=CARTESIAN_POINT('',(5.295E0,2.5E-1,-4.2E0));
#5774=VERTEX_POINT('',#5773);
#5775=CARTESIAN_POINT('',(5.295E0,1.62E0,-4.2E0));
#5776=VERTEX_POINT('',#5775);
#5777=CARTESIAN_POINT('',(5.105E0,1.62E0,-4.09E0));
#5778=VERTEX_POINT('',#5777);
#5779=CARTESIAN_POINT('',(5.295E0,1.62E0,-4.09E0));
#5780=VERTEX_POINT('',#5779);
#5781=CARTESIAN_POINT('',(4.605E0,1.161309404785E0,-2.639767379872E0));
#5782=CARTESIAN_POINT('',(4.605E0,1.202881069727E0,-7.274707925646E-1));
#5783=VERTEX_POINT('',#5781);
#5784=VERTEX_POINT('',#5782);
#5785=CARTESIAN_POINT('',(4.795E0,1.202881069727E0,-7.274707925646E-1));
#5786=VERTEX_POINT('',#5785);
#5787=CARTESIAN_POINT('',(4.795E0,1.161309404785E0,-2.639767379872E0));
#5788=VERTEX_POINT('',#5787);
#5789=CARTESIAN_POINT('',(4.605E0,1.62E0,-4.2E0));
#5790=CARTESIAN_POINT('',(4.605E0,2.5E-1,-4.2E0));
#5791=VERTEX_POINT('',#5789);
#5792=VERTEX_POINT('',#5790);
#5793=CARTESIAN_POINT('',(4.795E0,2.5E-1,-4.2E0));
#5794=VERTEX_POINT('',#5793);
#5795=CARTESIAN_POINT('',(4.795E0,1.62E0,-4.2E0));
#5796=VERTEX_POINT('',#5795);
#5797=CARTESIAN_POINT('',(4.605E0,1.62E0,-4.09E0));
#5798=VERTEX_POINT('',#5797);
#5799=CARTESIAN_POINT('',(4.795E0,1.62E0,-4.09E0));
#5800=VERTEX_POINT('',#5799);
#5801=CARTESIAN_POINT('',(4.105E0,1.161309404785E0,-2.639767379872E0));
#5802=CARTESIAN_POINT('',(4.105E0,1.202881069727E0,-7.274707925646E-1));
#5803=VERTEX_POINT('',#5801);
#5804=VERTEX_POINT('',#5802);
#5805=CARTESIAN_POINT('',(4.295E0,1.202881069727E0,-7.274707925646E-1));
#5806=VERTEX_POINT('',#5805);
#5807=CARTESIAN_POINT('',(4.295E0,1.161309404785E0,-2.639767379872E0));
#5808=VERTEX_POINT('',#5807);
#5809=CARTESIAN_POINT('',(4.105E0,1.62E0,-4.2E0));
#5810=CARTESIAN_POINT('',(4.105E0,2.5E-1,-4.2E0));
#5811=VERTEX_POINT('',#5809);
#5812=VERTEX_POINT('',#5810);
#5813=CARTESIAN_POINT('',(4.295E0,2.5E-1,-4.2E0));
#5814=VERTEX_POINT('',#5813);
#5815=CARTESIAN_POINT('',(4.295E0,1.62E0,-4.2E0));
#5816=VERTEX_POINT('',#5815);
#5817=CARTESIAN_POINT('',(4.105E0,1.62E0,-4.09E0));
#5818=VERTEX_POINT('',#5817);
#5819=CARTESIAN_POINT('',(4.295E0,1.62E0,-4.09E0));
#5820=VERTEX_POINT('',#5819);
#5821=CARTESIAN_POINT('',(3.605E0,1.161309404785E0,-2.639767379872E0));
#5822=CARTESIAN_POINT('',(3.605E0,1.202881069727E0,-7.274707925646E-1));
#5823=VERTEX_POINT('',#5821);
#5824=VERTEX_POINT('',#5822);
#5825=CARTESIAN_POINT('',(3.795E0,1.202881069727E0,-7.274707925646E-1));
#5826=VERTEX_POINT('',#5825);
#5827=CARTESIAN_POINT('',(3.795E0,1.161309404785E0,-2.639767379872E0));
#5828=VERTEX_POINT('',#5827);
#5829=CARTESIAN_POINT('',(3.605E0,1.62E0,-4.2E0));
#5830=CARTESIAN_POINT('',(3.605E0,2.5E-1,-4.2E0));
#5831=VERTEX_POINT('',#5829);
#5832=VERTEX_POINT('',#5830);
#5833=CARTESIAN_POINT('',(3.795E0,2.5E-1,-4.2E0));
#5834=VERTEX_POINT('',#5833);
#5835=CARTESIAN_POINT('',(3.795E0,1.62E0,-4.2E0));
#5836=VERTEX_POINT('',#5835);
#5837=CARTESIAN_POINT('',(3.605E0,1.62E0,-4.09E0));
#5838=VERTEX_POINT('',#5837);
#5839=CARTESIAN_POINT('',(3.795E0,1.62E0,-4.09E0));
#5840=VERTEX_POINT('',#5839);
#5841=CARTESIAN_POINT('',(3.105E0,1.161309404785E0,-2.639767379872E0));
#5842=CARTESIAN_POINT('',(3.105E0,1.202881069727E0,-7.274707925646E-1));
#5843=VERTEX_POINT('',#5841);
#5844=VERTEX_POINT('',#5842);
#5845=CARTESIAN_POINT('',(3.295E0,1.202881069727E0,-7.274707925646E-1));
#5846=VERTEX_POINT('',#5845);
#5847=CARTESIAN_POINT('',(3.295E0,1.161309404785E0,-2.639767379872E0));
#5848=VERTEX_POINT('',#5847);
#5849=CARTESIAN_POINT('',(3.105E0,1.62E0,-4.2E0));
#5850=CARTESIAN_POINT('',(3.105E0,2.5E-1,-4.2E0));
#5851=VERTEX_POINT('',#5849);
#5852=VERTEX_POINT('',#5850);
#5853=CARTESIAN_POINT('',(3.295E0,2.5E-1,-4.2E0));
#5854=VERTEX_POINT('',#5853);
#5855=CARTESIAN_POINT('',(3.295E0,1.62E0,-4.2E0));
#5856=VERTEX_POINT('',#5855);
#5857=CARTESIAN_POINT('',(3.105E0,1.62E0,-4.09E0));
#5858=VERTEX_POINT('',#5857);
#5859=CARTESIAN_POINT('',(3.295E0,1.62E0,-4.09E0));
#5860=VERTEX_POINT('',#5859);
#5861=CARTESIAN_POINT('',(2.605E0,1.161309404785E0,-2.639767379872E0));
#5862=CARTESIAN_POINT('',(2.605E0,1.202881069727E0,-7.274707925646E-1));
#5863=VERTEX_POINT('',#5861);
#5864=VERTEX_POINT('',#5862);
#5865=CARTESIAN_POINT('',(2.795E0,1.202881069727E0,-7.274707925646E-1));
#5866=VERTEX_POINT('',#5865);
#5867=CARTESIAN_POINT('',(2.795E0,1.161309404785E0,-2.639767379872E0));
#5868=VERTEX_POINT('',#5867);
#5869=CARTESIAN_POINT('',(2.605E0,1.62E0,-4.2E0));
#5870=CARTESIAN_POINT('',(2.605E0,2.5E-1,-4.2E0));
#5871=VERTEX_POINT('',#5869);
#5872=VERTEX_POINT('',#5870);
#5873=CARTESIAN_POINT('',(2.795E0,2.5E-1,-4.2E0));
#5874=VERTEX_POINT('',#5873);
#5875=CARTESIAN_POINT('',(2.795E0,1.62E0,-4.2E0));
#5876=VERTEX_POINT('',#5875);
#5877=CARTESIAN_POINT('',(2.605E0,1.62E0,-4.09E0));
#5878=VERTEX_POINT('',#5877);
#5879=CARTESIAN_POINT('',(2.795E0,1.62E0,-4.09E0));
#5880=VERTEX_POINT('',#5879);
#5881=CARTESIAN_POINT('',(2.105E0,1.161309404785E0,-2.639767379872E0));
#5882=CARTESIAN_POINT('',(2.105E0,1.202881069727E0,-7.274707925646E-1));
#5883=VERTEX_POINT('',#5881);
#5884=VERTEX_POINT('',#5882);
#5885=CARTESIAN_POINT('',(2.295E0,1.202881069727E0,-7.274707925646E-1));
#5886=VERTEX_POINT('',#5885);
#5887=CARTESIAN_POINT('',(2.295E0,1.161309404785E0,-2.639767379872E0));
#5888=VERTEX_POINT('',#5887);
#5889=CARTESIAN_POINT('',(2.105E0,1.62E0,-4.2E0));
#5890=CARTESIAN_POINT('',(2.105E0,2.5E-1,-4.2E0));
#5891=VERTEX_POINT('',#5889);
#5892=VERTEX_POINT('',#5890);
#5893=CARTESIAN_POINT('',(2.295E0,2.5E-1,-4.2E0));
#5894=VERTEX_POINT('',#5893);
#5895=CARTESIAN_POINT('',(2.295E0,1.62E0,-4.2E0));
#5896=VERTEX_POINT('',#5895);
#5897=CARTESIAN_POINT('',(2.105E0,1.62E0,-4.09E0));
#5898=VERTEX_POINT('',#5897);
#5899=CARTESIAN_POINT('',(2.295E0,1.62E0,-4.09E0));
#5900=VERTEX_POINT('',#5899);
#5901=CARTESIAN_POINT('',(9.514432617520E0,1.82E0,-4.19E0));
#5902=CARTESIAN_POINT('',(9.514432617520E0,1.82E0,-2.29E0));
#5903=VERTEX_POINT('',#5901);
#5904=VERTEX_POINT('',#5902);
#5905=CARTESIAN_POINT('',(9.57E0,1.82E0,-2.29E0));
#5906=VERTEX_POINT('',#5905);
#5907=CARTESIAN_POINT('',(9.57E0,1.82E0,-4.19E0));
#5908=VERTEX_POINT('',#5907);
#5909=CARTESIAN_POINT('',(9.57E0,1.3E-1,-4.19E0));
#5910=CARTESIAN_POINT('',(1.046443261752E1,1.3E-1,-4.19E0));
#5911=VERTEX_POINT('',#5909);
#5912=VERTEX_POINT('',#5910);
#5913=CARTESIAN_POINT('',(1.046443261752E1,1.3E-1,-2.29E0));
#5914=CARTESIAN_POINT('',(9.664432617519E0,1.3E-1,-2.29E0));
#5915=VERTEX_POINT('',#5913);
#5916=VERTEX_POINT('',#5914);
#5917=CARTESIAN_POINT('',(9.57E0,1.3E-1,-2.283947729567E0));
#5918=VERTEX_POINT('',#5917);
#5919=CARTESIAN_POINT('',(9.57E0,5.E-2,-4.19E0));
#5920=VERTEX_POINT('',#5919);
#5921=CARTESIAN_POINT('',(9.57E0,5.E-2,-2.283947729567E0));
#5922=VERTEX_POINT('',#5921);
#5923=CARTESIAN_POINT('',(9.714432617520E0,1.59E0,-4.19E0));
#5924=CARTESIAN_POINT('',(9.714432617520E0,1.59E0,-3.59E0));
#5925=VERTEX_POINT('',#5923);
#5926=VERTEX_POINT('',#5924);
#5927=CARTESIAN_POINT('',(9.57E0,1.59E0,-3.59E0));
#5928=VERTEX_POINT('',#5927);
#5929=CARTESIAN_POINT('',(9.57E0,1.59E0,-4.19E0));
#5930=VERTEX_POINT('',#5929);
#5931=CARTESIAN_POINT('',(9.57E0,1.67E0,-3.59E0));
#5932=CARTESIAN_POINT('',(9.57E0,1.67E0,-2.29E0));
#5933=VERTEX_POINT('',#5931);
#5934=VERTEX_POINT('',#5932);
#5935=CARTESIAN_POINT('',(1.885567382480E0,1.82E0,-2.29E0));
#5936=CARTESIAN_POINT('',(1.83E0,1.82E0,-2.29E0));
#5937=VERTEX_POINT('',#5935);
#5938=VERTEX_POINT('',#5936);
#5939=CARTESIAN_POINT('',(1.885567382480E0,1.82E0,-4.19E0));
#5940=VERTEX_POINT('',#5939);
#5941=CARTESIAN_POINT('',(1.83E0,1.82E0,-4.19E0));
#5942=VERTEX_POINT('',#5941);
#5943=CARTESIAN_POINT('',(1.83E0,1.3E-1,-2.29E0));
#5944=CARTESIAN_POINT('',(9.355673824798E-1,1.3E-1,-2.29E0));
#5945=VERTEX_POINT('',#5943);
#5946=VERTEX_POINT('',#5944);
#5947=CARTESIAN_POINT('',(1.83E0,1.3E-1,-4.19E0));
#5948=CARTESIAN_POINT('',(9.355673824798E-1,1.3E-1,-4.19E0));
#5949=VERTEX_POINT('',#5947);
#5950=VERTEX_POINT('',#5948);
#5951=CARTESIAN_POINT('',(1.83E0,5.E-2,-2.29E0));
#5952=VERTEX_POINT('',#5951);
#5953=CARTESIAN_POINT('',(1.83E0,5.E-2,-4.19E0));
#5954=VERTEX_POINT('',#5953);
#5955=CARTESIAN_POINT('',(1.83E0,1.67E0,-2.29E0));
#5956=CARTESIAN_POINT('',(1.83E0,1.67E0,-3.59E0));
#5957=VERTEX_POINT('',#5955);
#5958=VERTEX_POINT('',#5956);
#5959=CARTESIAN_POINT('',(1.83E0,1.59E0,-3.59E0));
#5960=VERTEX_POINT('',#5959);
#5961=CARTESIAN_POINT('',(1.83E0,1.59E0,-4.19E0));
#5962=VERTEX_POINT('',#5961);
#5963=CARTESIAN_POINT('',(1.685567382480E0,1.59E0,-3.59E0));
#5964=VERTEX_POINT('',#5963);
#5965=CARTESIAN_POINT('',(1.685567382480E0,1.59E0,-4.19E0));
#5966=VERTEX_POINT('',#5965);
#5967=CARTESIAN_POINT('',(5.7E0,0.E0,-2.465E0));
#5968=DIRECTION('',(0.E0,1.E0,0.E0));
#5969=DIRECTION('',(1.E0,0.E0,0.E0));
#5970=AXIS2_PLACEMENT_3D('',#5967,#5968,#5969);
#5971=PLANE('',#5970);
#5973=ORIENTED_EDGE('',*,*,#5972,.T.);
#5975=ORIENTED_EDGE('',*,*,#5974,.T.);
#5977=ORIENTED_EDGE('',*,*,#5976,.F.);
#5979=ORIENTED_EDGE('',*,*,#5978,.T.);
#5981=ORIENTED_EDGE('',*,*,#5980,.T.);
#5983=ORIENTED_EDGE('',*,*,#5982,.T.);
#5985=ORIENTED_EDGE('',*,*,#5984,.F.);
#5987=ORIENTED_EDGE('',*,*,#5986,.F.);
#5989=ORIENTED_EDGE('',*,*,#5988,.T.);
#5991=ORIENTED_EDGE('',*,*,#5990,.T.);
#5993=ORIENTED_EDGE('',*,*,#5992,.T.);
#5995=ORIENTED_EDGE('',*,*,#5994,.T.);
#5996=EDGE_LOOP('',(#5973,#5975,#5977,#5979,#5981,#5983,#5985,#5987,#5989,#5991,
#5993,#5995));
#5997=FACE_OUTER_BOUND('',#5996,.F.);
#5998=ADVANCED_FACE('',(#5997),#5971,.F.);
#5999=CARTESIAN_POINT('',(8.5E-1,9.1E-1,-7.3E-1));
#6000=DIRECTION('',(0.E0,0.E0,1.E0));
#6001=DIRECTION('',(1.E0,0.E0,0.E0));
#6002=AXIS2_PLACEMENT_3D('',#5999,#6000,#6001);
#6003=PLANE('',#6002);
#6005=ORIENTED_EDGE('',*,*,#6004,.T.);
#6007=ORIENTED_EDGE('',*,*,#6006,.T.);
#6008=ORIENTED_EDGE('',*,*,#5972,.F.);
#6010=ORIENTED_EDGE('',*,*,#6009,.T.);
#6012=ORIENTED_EDGE('',*,*,#6011,.T.);
#6014=ORIENTED_EDGE('',*,*,#6013,.T.);
#6016=ORIENTED_EDGE('',*,*,#6015,.T.);
#6018=ORIENTED_EDGE('',*,*,#6017,.T.);
#6020=ORIENTED_EDGE('',*,*,#6019,.F.);
#6022=ORIENTED_EDGE('',*,*,#6021,.F.);
#6024=ORIENTED_EDGE('',*,*,#6023,.F.);
#6026=ORIENTED_EDGE('',*,*,#6025,.F.);
#6028=ORIENTED_EDGE('',*,*,#6027,.F.);
#6029=EDGE_LOOP('',(#6005,#6007,#6008,#6010,#6012,#6014,#6016,#6018,#6020,#6022,
#6024,#6026,#6028));
#6030=FACE_OUTER_BOUND('',#6029,.F.);
#6031=ADVANCED_FACE('',(#6030),#6003,.T.);
#6032=CARTESIAN_POINT('',(5.7E0,1.1E-1,-7.E-1));
#6033=DIRECTION('',(0.E0,1.E0,0.E0));
#6034=DIRECTION('',(-1.E0,0.E0,0.E0));
#6035=AXIS2_PLACEMENT_3D('',#6032,#6033,#6034);
#6036=PLANE('',#6035);
#6038=ORIENTED_EDGE('',*,*,#6037,.F.);
#6040=ORIENTED_EDGE('',*,*,#6039,.T.);
#6042=ORIENTED_EDGE('',*,*,#6041,.T.);
#6044=ORIENTED_EDGE('',*,*,#6043,.T.);
#6045=ORIENTED_EDGE('',*,*,#6004,.F.);
#6047=ORIENTED_EDGE('',*,*,#6046,.T.);
#6049=ORIENTED_EDGE('',*,*,#6048,.F.);
#6051=ORIENTED_EDGE('',*,*,#6050,.F.);
#6053=ORIENTED_EDGE('',*,*,#6052,.F.);
#6055=ORIENTED_EDGE('',*,*,#6054,.F.);
#6057=ORIENTED_EDGE('',*,*,#6056,.F.);
#6059=ORIENTED_EDGE('',*,*,#6058,.F.);
#6061=ORIENTED_EDGE('',*,*,#6060,.F.);
#6063=ORIENTED_EDGE('',*,*,#6062,.F.);
#6065=ORIENTED_EDGE('',*,*,#6064,.F.);
#6067=ORIENTED_EDGE('',*,*,#6066,.T.);
#6068=EDGE_LOOP('',(#6038,#6040,#6042,#6044,#6045,#6047,#6049,#6051,#6053,#6055,
#6057,#6059,#6061,#6063,#6065,#6067));
#6069=FACE_OUTER_BOUND('',#6068,.F.);
#6070=ADVANCED_FACE('',(#6069),#6036,.F.);
#6071=CARTESIAN_POINT('',(1.055E1,9.1E-1,-7.3E-1));
#6072=DIRECTION('',(0.E0,0.E0,1.E0));
#6073=DIRECTION('',(1.E0,0.E0,0.E0));
#6074=AXIS2_PLACEMENT_3D('',#6071,#6072,#6073);
#6075=PLANE('',#6074);
#6076=ORIENTED_EDGE('',*,*,#6037,.T.);
#6078=ORIENTED_EDGE('',*,*,#6077,.T.);
#6080=ORIENTED_EDGE('',*,*,#6079,.T.);
#6082=ORIENTED_EDGE('',*,*,#6081,.F.);
#6084=ORIENTED_EDGE('',*,*,#6083,.F.);
#6086=ORIENTED_EDGE('',*,*,#6085,.F.);
#6088=ORIENTED_EDGE('',*,*,#6087,.F.);
#6090=ORIENTED_EDGE('',*,*,#6089,.T.);
#6092=ORIENTED_EDGE('',*,*,#6091,.T.);
#6094=ORIENTED_EDGE('',*,*,#6093,.T.);
#6096=ORIENTED_EDGE('',*,*,#6095,.T.);
#6097=ORIENTED_EDGE('',*,*,#5980,.F.);
#6099=ORIENTED_EDGE('',*,*,#6098,.T.);
#6100=EDGE_LOOP('',(#6076,#6078,#6080,#6082,#6084,#6086,#6088,#6090,#6092,#6094,
#6096,#6097,#6099));
#6101=FACE_OUTER_BOUND('',#6100,.F.);
#6102=ADVANCED_FACE('',(#6101),#6075,.T.);
#6103=CARTESIAN_POINT('',(9.8E0,3.2E-1,-8.E-1));
#6104=DIRECTION('',(1.E0,0.E0,0.E0));
#6105=DIRECTION('',(0.E0,0.E0,-1.E0));
#6106=AXIS2_PLACEMENT_3D('',#6103,#6104,#6105);
#6107=PLANE('',#6106);
#6108=ORIENTED_EDGE('',*,*,#6077,.F.);
#6109=ORIENTED_EDGE('',*,*,#6066,.F.);
#6111=ORIENTED_EDGE('',*,*,#6110,.F.);
#6113=ORIENTED_EDGE('',*,*,#6112,.F.);
#6114=EDGE_LOOP('',(#6108,#6109,#6111,#6113));
#6115=FACE_OUTER_BOUND('',#6114,.F.);
#6116=ADVANCED_FACE('',(#6115),#6107,.T.);
#6117=CARTESIAN_POINT('',(1.075E1,9.1E-1,-7.E-1));
#6118=DIRECTION('',(0.E0,0.E0,1.E0));
#6119=DIRECTION('',(1.E0,0.E0,0.E0));
#6120=AXIS2_PLACEMENT_3D('',#6117,#6118,#6119);
#6121=PLANE('',#6120);
#6122=ORIENTED_EDGE('',*,*,#6064,.T.);
#6124=ORIENTED_EDGE('',*,*,#6123,.T.);
#6126=ORIENTED_EDGE('',*,*,#6125,.F.);
#6128=ORIENTED_EDGE('',*,*,#6127,.F.);
#6130=ORIENTED_EDGE('',*,*,#6129,.T.);
#6132=ORIENTED_EDGE('',*,*,#6131,.F.);
#6134=ORIENTED_EDGE('',*,*,#6133,.F.);
#6136=ORIENTED_EDGE('',*,*,#6135,.T.);
#6138=ORIENTED_EDGE('',*,*,#6137,.F.);
#6139=ORIENTED_EDGE('',*,*,#6110,.T.);
#6140=EDGE_LOOP('',(#6122,#6124,#6126,#6128,#6130,#6132,#6134,#6136,#6138,
#6139));
#6141=FACE_OUTER_BOUND('',#6140,.F.);
#6142=ADVANCED_FACE('',(#6141),#6121,.F.);
#6143=CARTESIAN_POINT('',(1.17E1,9.1E-1,-1.05E0));
#6144=DIRECTION('',(1.E0,0.E0,0.E0));
#6145=DIRECTION('',(0.E0,0.E0,-1.E0));
#6146=AXIS2_PLACEMENT_3D('',#6143,#6144,#6145);
#6147=PLANE('',#6146);
#6148=ORIENTED_EDGE('',*,*,#6123,.F.);
#6149=ORIENTED_EDGE('',*,*,#6062,.T.);
#6151=ORIENTED_EDGE('',*,*,#6150,.F.);
#6153=ORIENTED_EDGE('',*,*,#6152,.F.);
#6154=EDGE_LOOP('',(#6148,#6149,#6151,#6153));
#6155=FACE_OUTER_BOUND('',#6154,.F.);
#6156=ADVANCED_FACE('',(#6155),#6147,.F.);
#6157=CARTESIAN_POINT('',(1.195E1,9.1E-1,-1.4E0));
#6158=DIRECTION('',(0.E0,0.E0,1.E0));
#6159=DIRECTION('',(1.E0,0.E0,0.E0));
#6160=AXIS2_PLACEMENT_3D('',#6157,#6158,#6159);
#6161=PLANE('',#6160);
#6162=ORIENTED_EDGE('',*,*,#6150,.T.);
#6163=ORIENTED_EDGE('',*,*,#6060,.T.);
#6165=ORIENTED_EDGE('',*,*,#6164,.F.);
#6167=ORIENTED_EDGE('',*,*,#6166,.F.);
#6168=EDGE_LOOP('',(#6162,#6163,#6165,#6167));
#6169=FACE_OUTER_BOUND('',#6168,.F.);
#6170=ADVANCED_FACE('',(#6169),#6161,.F.);
#6171=CARTESIAN_POINT('',(1.22E1,9.1E-1,-7.E-1));
#6172=DIRECTION('',(1.E0,0.E0,0.E0));
#6173=DIRECTION('',(0.E0,0.E0,1.E0));
#6174=AXIS2_PLACEMENT_3D('',#6171,#6172,#6173);
#6175=PLANE('',#6174);
#6176=ORIENTED_EDGE('',*,*,#6164,.T.);
#6177=ORIENTED_EDGE('',*,*,#6058,.T.);
#6179=ORIENTED_EDGE('',*,*,#6178,.F.);
#6181=ORIENTED_EDGE('',*,*,#6180,.F.);
#6182=EDGE_LOOP('',(#6176,#6177,#6179,#6181));
#6183=FACE_OUTER_BOUND('',#6182,.F.);
#6184=ADVANCED_FACE('',(#6183),#6175,.T.);
#6185=CARTESIAN_POINT('',(5.7E0,9.1E-1,1.310063169058E-14));
#6186=DIRECTION('',(0.E0,0.E0,1.E0));
#6187=DIRECTION('',(-1.E0,0.E0,0.E0));
#6188=AXIS2_PLACEMENT_3D('',#6185,#6186,#6187);
#6189=PLANE('',#6188);
#6190=ORIENTED_EDGE('',*,*,#6178,.T.);
#6191=ORIENTED_EDGE('',*,*,#6056,.T.);
#6193=ORIENTED_EDGE('',*,*,#6192,.F.);
#6195=ORIENTED_EDGE('',*,*,#6194,.F.);
#6197=ORIENTED_EDGE('',*,*,#6196,.F.);
#6199=ORIENTED_EDGE('',*,*,#6198,.T.);
#6201=ORIENTED_EDGE('',*,*,#6200,.F.);
#6203=ORIENTED_EDGE('',*,*,#6202,.F.);
#6204=EDGE_LOOP('',(#6190,#6191,#6193,#6195,#6197,#6199,#6201,#6203));
#6205=FACE_OUTER_BOUND('',#6204,.F.);
#6206=ADVANCED_FACE('',(#6205),#6189,.T.);
#6207=CARTESIAN_POINT('',(-8.E-1,9.1E-1,-7.E-1));
#6208=DIRECTION('',(1.E0,0.E0,0.E0));
#6209=DIRECTION('',(0.E0,0.E0,-1.E0));
#6210=AXIS2_PLACEMENT_3D('',#6207,#6208,#6209);
#6211=PLANE('',#6210);
#6212=ORIENTED_EDGE('',*,*,#6192,.T.);
#6213=ORIENTED_EDGE('',*,*,#6054,.T.);
#6215=ORIENTED_EDGE('',*,*,#6214,.F.);
#6217=ORIENTED_EDGE('',*,*,#6216,.F.);
#6218=EDGE_LOOP('',(#6212,#6213,#6215,#6217));
#6219=FACE_OUTER_BOUND('',#6218,.F.);
#6220=ADVANCED_FACE('',(#6219),#6211,.F.);
#6221=CARTESIAN_POINT('',(-5.5E-1,9.1E-1,-1.4E0));
#6222=DIRECTION('',(0.E0,0.E0,1.E0));
#6223=DIRECTION('',(1.E0,0.E0,0.E0));
#6224=AXIS2_PLACEMENT_3D('',#6221,#6222,#6223);
#6225=PLANE('',#6224);
#6226=ORIENTED_EDGE('',*,*,#6214,.T.);
#6227=ORIENTED_EDGE('',*,*,#6052,.T.);
#6229=ORIENTED_EDGE('',*,*,#6228,.F.);
#6231=ORIENTED_EDGE('',*,*,#6230,.F.);
#6232=EDGE_LOOP('',(#6226,#6227,#6229,#6231));
#6233=FACE_OUTER_BOUND('',#6232,.F.);
#6234=ADVANCED_FACE('',(#6233),#6225,.F.);
#6235=CARTESIAN_POINT('',(-3.E-1,9.1E-1,-1.05E0));
#6236=DIRECTION('',(1.E0,0.E0,0.E0));
#6237=DIRECTION('',(0.E0,0.E0,1.E0));
#6238=AXIS2_PLACEMENT_3D('',#6235,#6236,#6237);
#6239=PLANE('',#6238);
#6240=ORIENTED_EDGE('',*,*,#6228,.T.);
#6241=ORIENTED_EDGE('',*,*,#6050,.T.);
#6243=ORIENTED_EDGE('',*,*,#6242,.F.);
#6245=ORIENTED_EDGE('',*,*,#6244,.F.);
#6246=EDGE_LOOP('',(#6240,#6241,#6243,#6245));
#6247=FACE_OUTER_BOUND('',#6246,.F.);
#6248=ADVANCED_FACE('',(#6247),#6239,.T.);
#6249=CARTESIAN_POINT('',(6.5E-1,9.1E-1,-7.E-1));
#6250=DIRECTION('',(0.E0,0.E0,1.E0));
#6251=DIRECTION('',(1.E0,0.E0,0.E0));
#6252=AXIS2_PLACEMENT_3D('',#6249,#6250,#6251);
#6253=PLANE('',#6252);
#6254=ORIENTED_EDGE('',*,*,#6242,.T.);
#6255=ORIENTED_EDGE('',*,*,#6048,.T.);
#6257=ORIENTED_EDGE('',*,*,#6256,.T.);
#6259=ORIENTED_EDGE('',*,*,#6258,.F.);
#6261=ORIENTED_EDGE('',*,*,#6260,.T.);
#6263=ORIENTED_EDGE('',*,*,#6262,.F.);
#6265=ORIENTED_EDGE('',*,*,#6264,.F.);
#6267=ORIENTED_EDGE('',*,*,#6266,.T.);
#6269=ORIENTED_EDGE('',*,*,#6268,.F.);
#6271=ORIENTED_EDGE('',*,*,#6270,.F.);
#6272=EDGE_LOOP('',(#6254,#6255,#6257,#6259,#6261,#6263,#6265,#6267,#6269,
#6271));
#6273=FACE_OUTER_BOUND('',#6272,.F.);
#6274=ADVANCED_FACE('',(#6273),#6253,.F.);
#6275=CARTESIAN_POINT('',(1.6E0,3.2E-1,-8.E-1));
#6276=DIRECTION('',(1.E0,0.E0,0.E0));
#6277=DIRECTION('',(0.E0,0.E0,-1.E0));
#6278=AXIS2_PLACEMENT_3D('',#6275,#6276,#6277);
#6279=PLANE('',#6278);
#6280=ORIENTED_EDGE('',*,*,#6027,.T.);
#6282=ORIENTED_EDGE('',*,*,#6281,.F.);
#6283=ORIENTED_EDGE('',*,*,#6256,.F.);
#6284=ORIENTED_EDGE('',*,*,#6046,.F.);
#6285=EDGE_LOOP('',(#6280,#6282,#6283,#6284));
#6286=FACE_OUTER_BOUND('',#6285,.F.);
#6287=ADVANCED_FACE('',(#6286),#6279,.F.);
#6288=CARTESIAN_POINT('',(5.7E0,5.3E-1,-2.025E0));
#6289=DIRECTION('',(0.E0,1.E0,0.E0));
#6290=DIRECTION('',(0.E0,0.E0,-1.E0));
#6291=AXIS2_PLACEMENT_3D('',#6288,#6289,#6290);
#6292=PLANE('',#6291);
#6293=ORIENTED_EDGE('',*,*,#6079,.F.);
#6294=ORIENTED_EDGE('',*,*,#6112,.T.);
#6295=ORIENTED_EDGE('',*,*,#6137,.T.);
#6297=ORIENTED_EDGE('',*,*,#6296,.T.);
#6298=EDGE_LOOP('',(#6293,#6294,#6295,#6297));
#6299=FACE_OUTER_BOUND('',#6298,.F.);
#6300=ADVANCED_FACE('',(#6299),#6292,.F.);
#6301=CARTESIAN_POINT('',(5.7E0,5.3E-1,-2.025E0));
#6302=DIRECTION('',(0.E0,1.E0,0.E0));
#6303=DIRECTION('',(0.E0,0.E0,-1.E0));
#6304=AXIS2_PLACEMENT_3D('',#6301,#6302,#6303);
#6305=PLANE('',#6304);
#6306=ORIENTED_EDGE('',*,*,#6025,.T.);
#6308=ORIENTED_EDGE('',*,*,#6307,.T.);
#6309=ORIENTED_EDGE('',*,*,#6258,.T.);
#6310=ORIENTED_EDGE('',*,*,#6281,.T.);
#6311=EDGE_LOOP('',(#6306,#6308,#6309,#6310));
#6312=FACE_OUTER_BOUND('',#6311,.F.);
#6313=ADVANCED_FACE('',(#6312),#6305,.F.);
#6314=CARTESIAN_POINT('',(1.05E1,9.25E-1,-2.025E0));
#6315=DIRECTION('',(1.E0,0.E0,0.E0));
#6316=DIRECTION('',(0.E0,0.E0,1.E0));
#6317=AXIS2_PLACEMENT_3D('',#6314,#6315,#6316);
#6318=PLANE('',#6317);
#6319=ORIENTED_EDGE('',*,*,#6081,.T.);
#6320=ORIENTED_EDGE('',*,*,#6296,.F.);
#6321=ORIENTED_EDGE('',*,*,#6135,.F.);
#6323=ORIENTED_EDGE('',*,*,#6322,.F.);
#6324=EDGE_LOOP('',(#6319,#6320,#6321,#6323));
#6325=FACE_OUTER_BOUND('',#6324,.F.);
#6326=ADVANCED_FACE('',(#6325),#6318,.T.);
#6327=CARTESIAN_POINT('',(1.021E1,1.32E0,-2.025E0));
#6328=DIRECTION('',(0.E0,1.E0,0.E0));
#6329=DIRECTION('',(0.E0,0.E0,1.E0));
#6330=AXIS2_PLACEMENT_3D('',#6327,#6328,#6329);
#6331=PLANE('',#6330);
#6332=ORIENTED_EDGE('',*,*,#6083,.T.);
#6333=ORIENTED_EDGE('',*,*,#6322,.T.);
#6334=ORIENTED_EDGE('',*,*,#6133,.T.);
#6336=ORIENTED_EDGE('',*,*,#6335,.T.);
#6337=EDGE_LOOP('',(#6332,#6333,#6334,#6336));
#6338=FACE_OUTER_BOUND('',#6337,.F.);
#6339=ADVANCED_FACE('',(#6338),#6331,.T.);
#6340=CARTESIAN_POINT('',(9.92E0,9.25E-1,-2.025E0));
#6341=DIRECTION('',(1.E0,0.E0,0.E0));
#6342=DIRECTION('',(0.E0,0.E0,-1.E0));
#6343=AXIS2_PLACEMENT_3D('',#6340,#6341,#6342);
#6344=PLANE('',#6343);
#6345=ORIENTED_EDGE('',*,*,#6085,.T.);
#6346=ORIENTED_EDGE('',*,*,#6335,.F.);
#6347=ORIENTED_EDGE('',*,*,#6131,.T.);
#6349=ORIENTED_EDGE('',*,*,#6348,.T.);
#6350=EDGE_LOOP('',(#6345,#6346,#6347,#6349));
#6351=FACE_OUTER_BOUND('',#6350,.F.);
#6352=ADVANCED_FACE('',(#6351),#6344,.F.);
#6353=CARTESIAN_POINT('',(5.7E0,8.2E-1,-1.175E0));
#6354=DIRECTION('',(0.E0,1.E0,0.E0));
#6355=DIRECTION('',(-1.E0,0.E0,0.E0));
#6356=AXIS2_PLACEMENT_3D('',#6353,#6354,#6355);
#6357=PLANE('',#6356);
#6358=ORIENTED_EDGE('',*,*,#6087,.T.);
#6359=ORIENTED_EDGE('',*,*,#6348,.F.);
#6360=ORIENTED_EDGE('',*,*,#6129,.F.);
#6362=ORIENTED_EDGE('',*,*,#6361,.F.);
#6363=ORIENTED_EDGE('',*,*,#6198,.F.);
#6365=ORIENTED_EDGE('',*,*,#6364,.F.);
#6366=ORIENTED_EDGE('',*,*,#6266,.F.);
#6368=ORIENTED_EDGE('',*,*,#6367,.F.);
#6369=ORIENTED_EDGE('',*,*,#6017,.F.);
#6371=ORIENTED_EDGE('',*,*,#6370,.F.);
#6373=ORIENTED_EDGE('',*,*,#6372,.F.);
#6375=ORIENTED_EDGE('',*,*,#6374,.T.);
#6377=ORIENTED_EDGE('',*,*,#6376,.F.);
#6379=ORIENTED_EDGE('',*,*,#6378,.F.);
#6381=ORIENTED_EDGE('',*,*,#6380,.F.);
#6383=ORIENTED_EDGE('',*,*,#6382,.F.);
#6384=EDGE_LOOP('',(#6358,#6359,#6360,#6362,#6363,#6365,#6366,#6368,#6369,#6371,
#6373,#6375,#6377,#6379,#6381,#6383));
#6385=FACE_OUTER_BOUND('',#6384,.F.);
#6386=ADVANCED_FACE('',(#6385),#6357,.T.);
#6387=CARTESIAN_POINT('',(9.8E0,1.265E0,-3.5E-1));
#6388=DIRECTION('',(1.E0,0.E0,0.E0));
#6389=DIRECTION('',(0.E0,0.E0,-1.E0));
#6390=AXIS2_PLACEMENT_3D('',#6387,#6388,#6389);
#6391=PLANE('',#6390);
#6393=ORIENTED_EDGE('',*,*,#6392,.T.);
#6394=ORIENTED_EDGE('',*,*,#6200,.T.);
#6395=ORIENTED_EDGE('',*,*,#6361,.T.);
#6396=ORIENTED_EDGE('',*,*,#6127,.T.);
#6397=EDGE_LOOP('',(#6393,#6394,#6395,#6396));
#6398=FACE_OUTER_BOUND('',#6397,.F.);
#6399=ADVANCED_FACE('',(#6398),#6391,.F.);
#6400=CARTESIAN_POINT('',(1.1E1,1.71E0,-7.E-1));
#6401=DIRECTION('',(0.E0,1.E0,0.E0));
#6402=DIRECTION('',(-1.E0,0.E0,0.E0));
#6403=AXIS2_PLACEMENT_3D('',#6400,#6401,#6402);
#6404=PLANE('',#6403);
#6405=ORIENTED_EDGE('',*,*,#6392,.F.);
#6406=ORIENTED_EDGE('',*,*,#6125,.T.);
#6407=ORIENTED_EDGE('',*,*,#6152,.T.);
#6408=ORIENTED_EDGE('',*,*,#6166,.T.);
#6409=ORIENTED_EDGE('',*,*,#6180,.T.);
#6410=ORIENTED_EDGE('',*,*,#6202,.T.);
#6411=EDGE_LOOP('',(#6405,#6406,#6407,#6408,#6409,#6410));
#6412=FACE_OUTER_BOUND('',#6411,.F.);
#6413=ADVANCED_FACE('',(#6412),#6404,.T.);
#6414=CARTESIAN_POINT('',(1.6E0,1.265E0,-3.5E-1));
#6415=DIRECTION('',(1.E0,0.E0,0.E0));
#6416=DIRECTION('',(0.E0,0.E0,1.E0));
#6417=AXIS2_PLACEMENT_3D('',#6414,#6415,#6416);
#6418=PLANE('',#6417);
#6420=ORIENTED_EDGE('',*,*,#6419,.T.);
#6421=ORIENTED_EDGE('',*,*,#6268,.T.);
#6422=ORIENTED_EDGE('',*,*,#6364,.T.);
#6423=ORIENTED_EDGE('',*,*,#6196,.T.);
#6424=EDGE_LOOP('',(#6420,#6421,#6422,#6423));
#6425=FACE_OUTER_BOUND('',#6424,.F.);
#6426=ADVANCED_FACE('',(#6425),#6418,.T.);
#6427=CARTESIAN_POINT('',(4.E-1,1.71E0,-7.E-1));
#6428=DIRECTION('',(0.E0,1.E0,0.E0));
#6429=DIRECTION('',(-1.E0,0.E0,0.E0));
#6430=AXIS2_PLACEMENT_3D('',#6427,#6428,#6429);
#6431=PLANE('',#6430);
#6432=ORIENTED_EDGE('',*,*,#6419,.F.);
#6433=ORIENTED_EDGE('',*,*,#6194,.T.);
#6434=ORIENTED_EDGE('',*,*,#6216,.T.);
#6435=ORIENTED_EDGE('',*,*,#6230,.T.);
#6436=ORIENTED_EDGE('',*,*,#6244,.T.);
#6437=ORIENTED_EDGE('',*,*,#6270,.T.);
#6438=EDGE_LOOP('',(#6432,#6433,#6434,#6435,#6436,#6437));
#6439=FACE_OUTER_BOUND('',#6438,.F.);
#6440=ADVANCED_FACE('',(#6439),#6431,.T.);
#6441=CARTESIAN_POINT('',(1.48E0,9.25E-1,-2.025E0));
#6442=DIRECTION('',(1.E0,0.E0,0.E0));
#6443=DIRECTION('',(0.E0,0.E0,1.E0));
#6444=AXIS2_PLACEMENT_3D('',#6441,#6442,#6443);
#6445=PLANE('',#6444);
#6446=ORIENTED_EDGE('',*,*,#6019,.T.);
#6447=ORIENTED_EDGE('',*,*,#6367,.T.);
#6448=ORIENTED_EDGE('',*,*,#6264,.T.);
#6450=ORIENTED_EDGE('',*,*,#6449,.F.);
#6451=EDGE_LOOP('',(#6446,#6447,#6448,#6450));
#6452=FACE_OUTER_BOUND('',#6451,.F.);
#6453=ADVANCED_FACE('',(#6452),#6445,.T.);
#6454=CARTESIAN_POINT('',(1.19E0,1.32E0,-2.025E0));
#6455=DIRECTION('',(0.E0,1.E0,0.E0));
#6456=DIRECTION('',(0.E0,0.E0,1.E0));
#6457=AXIS2_PLACEMENT_3D('',#6454,#6455,#6456);
#6458=PLANE('',#6457);
#6459=ORIENTED_EDGE('',*,*,#6021,.T.);
#6460=ORIENTED_EDGE('',*,*,#6449,.T.);
#6461=ORIENTED_EDGE('',*,*,#6262,.T.);
#6463=ORIENTED_EDGE('',*,*,#6462,.T.);
#6464=EDGE_LOOP('',(#6459,#6460,#6461,#6463));
#6465=FACE_OUTER_BOUND('',#6464,.F.);
#6466=ADVANCED_FACE('',(#6465),#6458,.T.);
#6467=CARTESIAN_POINT('',(9.E-1,9.25E-1,-2.025E0));
#6468=DIRECTION('',(1.E0,0.E0,0.E0));
#6469=DIRECTION('',(0.E0,0.E0,-1.E0));
#6470=AXIS2_PLACEMENT_3D('',#6467,#6468,#6469);
#6471=PLANE('',#6470);
#6472=ORIENTED_EDGE('',*,*,#6023,.T.);
#6473=ORIENTED_EDGE('',*,*,#6462,.F.);
#6474=ORIENTED_EDGE('',*,*,#6260,.F.);
#6475=ORIENTED_EDGE('',*,*,#6307,.F.);
#6476=EDGE_LOOP('',(#6472,#6473,#6474,#6475));
#6477=FACE_OUTER_BOUND('',#6476,.F.);
#6478=ADVANCED_FACE('',(#6477),#6471,.F.);
#6479=CARTESIAN_POINT('',(1.7E0,6.014130434785E-1,-8.15E-1));
#6480=DIRECTION('',(1.E0,0.E0,0.E0));
#6481=DIRECTION('',(0.E0,0.E0,1.E0));
#6482=AXIS2_PLACEMENT_3D('',#6479,#6480,#6481);
#6483=PLANE('',#6482);
#6484=ORIENTED_EDGE('',*,*,#6043,.F.);
#6486=ORIENTED_EDGE('',*,*,#6485,.F.);
#6487=ORIENTED_EDGE('',*,*,#5974,.F.);
#6488=ORIENTED_EDGE('',*,*,#6006,.F.);
#6489=EDGE_LOOP('',(#6484,#6486,#6487,#6488));
#6490=FACE_OUTER_BOUND('',#6489,.F.);
#6491=ADVANCED_FACE('',(#6490),#6483,.T.);
#6492=CARTESIAN_POINT('',(1.7E0,6.014130434785E-1,-8.15E-1));
#6493=DIRECTION('',(1.E0,0.E0,0.E0));
#6494=DIRECTION('',(0.E0,0.E0,1.E0));
#6495=AXIS2_PLACEMENT_3D('',#6492,#6493,#6494);
#6496=PLANE('',#6495);
#6497=ORIENTED_EDGE('',*,*,#6370,.T.);
#6498=ORIENTED_EDGE('',*,*,#6015,.F.);
#6500=ORIENTED_EDGE('',*,*,#6499,.F.);
#6502=ORIENTED_EDGE('',*,*,#6501,.T.);
#6503=EDGE_LOOP('',(#6497,#6498,#6500,#6502));
#6504=FACE_OUTER_BOUND('',#6503,.F.);
#6505=ADVANCED_FACE('',(#6504),#6496,.T.);
#6506=CARTESIAN_POINT('',(5.7E0,3.35E-1,-9.E-1));
#6507=DIRECTION('',(0.E0,0.E0,1.E0));
#6508=DIRECTION('',(0.E0,1.E0,0.E0));
#6509=AXIS2_PLACEMENT_3D('',#6506,#6507,#6508);
#6510=PLANE('',#6509);
#6511=ORIENTED_EDGE('',*,*,#6041,.F.);
#6513=ORIENTED_EDGE('',*,*,#6512,.T.);
#6514=ORIENTED_EDGE('',*,*,#5976,.T.);
#6515=ORIENTED_EDGE('',*,*,#6485,.T.);
#6516=EDGE_LOOP('',(#6511,#6513,#6514,#6515));
#6517=FACE_OUTER_BOUND('',#6516,.F.);
#6518=ADVANCED_FACE('',(#6517),#6510,.T.);
#6519=CARTESIAN_POINT('',(9.7E0,6.014130434785E-1,-8.15E-1));
#6520=DIRECTION('',(1.E0,0.E0,0.E0));
#6521=DIRECTION('',(0.E0,0.E0,-1.E0));
#6522=AXIS2_PLACEMENT_3D('',#6519,#6520,#6521);
#6523=PLANE('',#6522);
#6524=ORIENTED_EDGE('',*,*,#6039,.F.);
#6525=ORIENTED_EDGE('',*,*,#6098,.F.);
#6526=ORIENTED_EDGE('',*,*,#5978,.F.);
#6527=ORIENTED_EDGE('',*,*,#6512,.F.);
#6528=EDGE_LOOP('',(#6524,#6525,#6526,#6527));
#6529=FACE_OUTER_BOUND('',#6528,.F.);
#6530=ADVANCED_FACE('',(#6529),#6523,.F.);
#6531=CARTESIAN_POINT('',(9.7E0,6.014130434785E-1,-8.15E-1));
#6532=DIRECTION('',(1.E0,0.E0,0.E0));
#6533=DIRECTION('',(0.E0,0.E0,-1.E0));
#6534=AXIS2_PLACEMENT_3D('',#6531,#6532,#6533);
#6535=PLANE('',#6534);
#6536=ORIENTED_EDGE('',*,*,#6382,.T.);
#6538=ORIENTED_EDGE('',*,*,#6537,.T.);
#6540=ORIENTED_EDGE('',*,*,#6539,.F.);
#6541=ORIENTED_EDGE('',*,*,#6089,.F.);
#6542=EDGE_LOOP('',(#6536,#6538,#6540,#6541));
#6543=FACE_OUTER_BOUND('',#6542,.F.);
#6544=ADVANCED_FACE('',(#6543),#6535,.F.);
#6545=CARTESIAN_POINT('',(9.725E0,9.345652173915E-1,-9.E-1));
#6546=DIRECTION('',(0.E0,0.E0,1.E0));
#6547=DIRECTION('',(1.E0,0.E0,0.E0));
#6548=AXIS2_PLACEMENT_3D('',#6545,#6546,#6547);
#6549=PLANE('',#6548);
#6550=ORIENTED_EDGE('',*,*,#6380,.T.);
#6552=ORIENTED_EDGE('',*,*,#6551,.F.);
#6554=ORIENTED_EDGE('',*,*,#6553,.F.);
#6555=ORIENTED_EDGE('',*,*,#6537,.F.);
#6556=EDGE_LOOP('',(#6550,#6552,#6554,#6555));
#6557=FACE_OUTER_BOUND('',#6556,.F.);
#6558=ADVANCED_FACE('',(#6557),#6549,.F.);
#6559=CARTESIAN_POINT('',(9.75E0,9.345652173915E-1,-1.8E0));
#6560=DIRECTION('',(1.E0,0.E0,0.E0));
#6561=DIRECTION('',(0.E0,0.E0,-1.E0));
#6562=AXIS2_PLACEMENT_3D('',#6559,#6560,#6561);
#6563=PLANE('',#6562);
#6564=ORIENTED_EDGE('',*,*,#6378,.T.);
#6566=ORIENTED_EDGE('',*,*,#6565,.F.);
#6568=ORIENTED_EDGE('',*,*,#6567,.T.);
#6570=ORIENTED_EDGE('',*,*,#6569,.T.);
#6572=ORIENTED_EDGE('',*,*,#6571,.T.);
#6573=ORIENTED_EDGE('',*,*,#6551,.T.);
#6574=EDGE_LOOP('',(#6564,#6566,#6568,#6570,#6572,#6573));
#6575=FACE_OUTER_BOUND('',#6574,.F.);
#6576=ADVANCED_FACE('',(#6575),#6563,.F.);
#6577=CARTESIAN_POINT('',(5.7E0,6.75E-1,-2.35E0));
#6578=DIRECTION('',(0.E0,0.E0,1.E0));
#6579=DIRECTION('',(0.E0,1.E0,0.E0));
#6580=AXIS2_PLACEMENT_3D('',#6577,#6578,#6579);
#6581=PLANE('',#6580);
#6583=ORIENTED_EDGE('',*,*,#6582,.T.);
#6584=ORIENTED_EDGE('',*,*,#6565,.T.);
#6585=ORIENTED_EDGE('',*,*,#6376,.T.);
#6587=ORIENTED_EDGE('',*,*,#6586,.F.);
#6588=EDGE_LOOP('',(#6583,#6584,#6585,#6587));
#6589=FACE_OUTER_BOUND('',#6588,.F.);
#6590=ADVANCED_FACE('',(#6589),#6581,.F.);
#6591=CARTESIAN_POINT('',(5.7E0,6.7E-1,-1.8E0));
#6592=DIRECTION('',(0.E0,1.E0,0.E0));
#6593=DIRECTION('',(0.E0,0.E0,1.E0));
#6594=AXIS2_PLACEMENT_3D('',#6591,#6592,#6593);
#6595=PLANE('',#6594);
#6596=ORIENTED_EDGE('',*,*,#6582,.F.);
#6598=ORIENTED_EDGE('',*,*,#6597,.F.);
#6600=ORIENTED_EDGE('',*,*,#6599,.F.);
#6601=ORIENTED_EDGE('',*,*,#6567,.F.);
#6602=EDGE_LOOP('',(#6596,#6598,#6600,#6601));
#6603=FACE_OUTER_BOUND('',#6602,.F.);
#6604=ADVANCED_FACE('',(#6603),#6595,.T.);
#6605=CARTESIAN_POINT('',(1.65E0,9.345652173915E-1,-1.8E0));
#6606=DIRECTION('',(1.E0,0.E0,0.E0));
#6607=DIRECTION('',(0.E0,0.E0,1.E0));
#6608=AXIS2_PLACEMENT_3D('',#6605,#6606,#6607);
#6609=PLANE('',#6608);
#6610=ORIENTED_EDGE('',*,*,#6374,.F.);
#6612=ORIENTED_EDGE('',*,*,#6611,.T.);
#6614=ORIENTED_EDGE('',*,*,#6613,.T.);
#6616=ORIENTED_EDGE('',*,*,#6615,.F.);
#6617=ORIENTED_EDGE('',*,*,#6597,.T.);
#6618=ORIENTED_EDGE('',*,*,#6586,.T.);
#6619=EDGE_LOOP('',(#6610,#6612,#6614,#6616,#6617,#6618));
#6620=FACE_OUTER_BOUND('',#6619,.F.);
#6621=ADVANCED_FACE('',(#6620),#6609,.T.);
#6622=CARTESIAN_POINT('',(1.675E0,9.345652173915E-1,-9.E-1));
#6623=DIRECTION('',(0.E0,0.E0,1.E0));
#6624=DIRECTION('',(1.E0,0.E0,0.E0));
#6625=AXIS2_PLACEMENT_3D('',#6622,#6623,#6624);
#6626=PLANE('',#6625);
#6627=ORIENTED_EDGE('',*,*,#6372,.T.);
#6628=ORIENTED_EDGE('',*,*,#6501,.F.);
#6630=ORIENTED_EDGE('',*,*,#6629,.F.);
#6631=ORIENTED_EDGE('',*,*,#6611,.F.);
#6632=EDGE_LOOP('',(#6627,#6628,#6630,#6631));
#6633=FACE_OUTER_BOUND('',#6632,.F.);
#6634=ADVANCED_FACE('',(#6633),#6626,.F.);
#6635=CARTESIAN_POINT('',(5.7E0,1.185E0,-1.55E0));
#6636=DIRECTION('',(0.E0,9.997637888239E-1,-2.173399540922E-2));
#6637=DIRECTION('',(0.E0,2.173399540922E-2,9.997637888239E-1));
#6638=AXIS2_PLACEMENT_3D('',#6635,#6636,#6637);
#6639=PLANE('',#6638);
#6640=ORIENTED_EDGE('',*,*,#6539,.T.);
#6641=ORIENTED_EDGE('',*,*,#6553,.T.);
#6642=ORIENTED_EDGE('',*,*,#6571,.F.);
#6644=ORIENTED_EDGE('',*,*,#6643,.F.);
#6645=ORIENTED_EDGE('',*,*,#6613,.F.);
#6646=ORIENTED_EDGE('',*,*,#6629,.T.);
#6647=ORIENTED_EDGE('',*,*,#6499,.T.);
#6649=ORIENTED_EDGE('',*,*,#6648,.T.);
#6651=ORIENTED_EDGE('',*,*,#6650,.F.);
#6653=ORIENTED_EDGE('',*,*,#6652,.T.);
#6654=EDGE_LOOP('',(#6640,#6641,#6642,#6644,#6645,#6646,#6647,#6649,#6651,
#6653));
#6655=FACE_OUTER_BOUND('',#6654,.F.);
#6657=ORIENTED_EDGE('',*,*,#6656,.F.);
#6659=ORIENTED_EDGE('',*,*,#6658,.F.);
#6661=ORIENTED_EDGE('',*,*,#6660,.T.);
#6663=ORIENTED_EDGE('',*,*,#6662,.F.);
#6664=EDGE_LOOP('',(#6657,#6659,#6661,#6663));
#6665=FACE_BOUND('',#6664,.F.);
#6667=ORIENTED_EDGE('',*,*,#6666,.F.);
#6669=ORIENTED_EDGE('',*,*,#6668,.F.);
#6671=ORIENTED_EDGE('',*,*,#6670,.T.);
#6673=ORIENTED_EDGE('',*,*,#6672,.F.);
#6674=EDGE_LOOP('',(#6667,#6669,#6671,#6673));
#6675=FACE_BOUND('',#6674,.F.);
#6677=ORIENTED_EDGE('',*,*,#6676,.F.);
#6679=ORIENTED_EDGE('',*,*,#6678,.F.);
#6681=ORIENTED_EDGE('',*,*,#6680,.T.);
#6683=ORIENTED_EDGE('',*,*,#6682,.F.);
#6684=EDGE_LOOP('',(#6677,#6679,#6681,#6683));
#6685=FACE_BOUND('',#6684,.F.);
#6687=ORIENTED_EDGE('',*,*,#6686,.F.);
#6689=ORIENTED_EDGE('',*,*,#6688,.F.);
#6691=ORIENTED_EDGE('',*,*,#6690,.T.);
#6693=ORIENTED_EDGE('',*,*,#6692,.F.);
#6694=EDGE_LOOP('',(#6687,#6689,#6691,#6693));
#6695=FACE_BOUND('',#6694,.F.);
#6697=ORIENTED_EDGE('',*,*,#6696,.F.);
#6699=ORIENTED_EDGE('',*,*,#6698,.F.);
#6701=ORIENTED_EDGE('',*,*,#6700,.T.);
#6703=ORIENTED_EDGE('',*,*,#6702,.F.);
#6704=EDGE_LOOP('',(#6697,#6699,#6701,#6703));
#6705=FACE_BOUND('',#6704,.F.);
#6707=ORIENTED_EDGE('',*,*,#6706,.F.);
#6709=ORIENTED_EDGE('',*,*,#6708,.F.);
#6711=ORIENTED_EDGE('',*,*,#6710,.T.);
#6713=ORIENTED_EDGE('',*,*,#6712,.F.);
#6714=EDGE_LOOP('',(#6707,#6709,#6711,#6713));
#6715=FACE_BOUND('',#6714,.F.);
#6717=ORIENTED_EDGE('',*,*,#6716,.F.);
#6719=ORIENTED_EDGE('',*,*,#6718,.F.);
#6721=ORIENTED_EDGE('',*,*,#6720,.T.);
#6723=ORIENTED_EDGE('',*,*,#6722,.F.);
#6724=EDGE_LOOP('',(#6717,#6719,#6721,#6723));
#6725=FACE_BOUND('',#6724,.F.);
#6727=ORIENTED_EDGE('',*,*,#6726,.F.);
#6729=ORIENTED_EDGE('',*,*,#6728,.F.);
#6731=ORIENTED_EDGE('',*,*,#6730,.T.);
#6733=ORIENTED_EDGE('',*,*,#6732,.F.);
#6734=EDGE_LOOP('',(#6727,#6729,#6731,#6733));
#6735=FACE_BOUND('',#6734,.F.);
#6737=ORIENTED_EDGE('',*,*,#6736,.F.);
#6739=ORIENTED_EDGE('',*,*,#6738,.F.);
#6741=ORIENTED_EDGE('',*,*,#6740,.T.);
#6743=ORIENTED_EDGE('',*,*,#6742,.F.);
#6744=EDGE_LOOP('',(#6737,#6739,#6741,#6743));
#6745=FACE_BOUND('',#6744,.F.);
#6747=ORIENTED_EDGE('',*,*,#6746,.F.);
#6749=ORIENTED_EDGE('',*,*,#6748,.F.);
#6751=ORIENTED_EDGE('',*,*,#6750,.T.);
#6753=ORIENTED_EDGE('',*,*,#6752,.F.);
#6754=EDGE_LOOP('',(#6747,#6749,#6751,#6753));
#6755=FACE_BOUND('',#6754,.F.);
#6757=ORIENTED_EDGE('',*,*,#6756,.F.);
#6759=ORIENTED_EDGE('',*,*,#6758,.F.);
#6761=ORIENTED_EDGE('',*,*,#6760,.T.);
#6763=ORIENTED_EDGE('',*,*,#6762,.F.);
#6764=EDGE_LOOP('',(#6757,#6759,#6761,#6763));
#6765=FACE_BOUND('',#6764,.F.);
#6767=ORIENTED_EDGE('',*,*,#6766,.F.);
#6769=ORIENTED_EDGE('',*,*,#6768,.F.);
#6771=ORIENTED_EDGE('',*,*,#6770,.T.);
#6773=ORIENTED_EDGE('',*,*,#6772,.F.);
#6774=EDGE_LOOP('',(#6767,#6769,#6771,#6773));
#6775=FACE_BOUND('',#6774,.F.);
#6777=ORIENTED_EDGE('',*,*,#6776,.F.);
#6779=ORIENTED_EDGE('',*,*,#6778,.F.);
#6781=ORIENTED_EDGE('',*,*,#6780,.T.);
#6783=ORIENTED_EDGE('',*,*,#6782,.F.);
#6784=EDGE_LOOP('',(#6777,#6779,#6781,#6783));
#6785=FACE_BOUND('',#6784,.F.);
#6787=ORIENTED_EDGE('',*,*,#6786,.F.);
#6789=ORIENTED_EDGE('',*,*,#6788,.F.);
#6791=ORIENTED_EDGE('',*,*,#6790,.T.);
#6793=ORIENTED_EDGE('',*,*,#6792,.F.);
#6794=EDGE_LOOP('',(#6787,#6789,#6791,#6793));
#6795=FACE_BOUND('',#6794,.F.);
#6797=ORIENTED_EDGE('',*,*,#6796,.F.);
#6799=ORIENTED_EDGE('',*,*,#6798,.F.);
#6801=ORIENTED_EDGE('',*,*,#6800,.T.);
#6803=ORIENTED_EDGE('',*,*,#6802,.F.);
#6804=EDGE_LOOP('',(#6797,#6799,#6801,#6803));
#6805=FACE_BOUND('',#6804,.F.);
#6806=ADVANCED_FACE('',(#6655,#6665,#6675,#6685,#6695,#6705,#6715,#6725,#6735,
#6745,#6755,#6765,#6775,#6785,#6795,#6805),#6639,.F.);
#6807=CARTESIAN_POINT('',(5.7E0,9.149999999999E-1,-2.7E0));
#6808=DIRECTION('',(0.E0,0.E0,1.E0));
#6809=DIRECTION('',(0.E0,1.E0,0.E0));
#6810=AXIS2_PLACEMENT_3D('',#6807,#6808,#6809);
#6811=PLANE('',#6810);
#6812=ORIENTED_EDGE('',*,*,#6599,.T.);
#6813=ORIENTED_EDGE('',*,*,#6615,.T.);
#6814=ORIENTED_EDGE('',*,*,#6643,.T.);
#6815=ORIENTED_EDGE('',*,*,#6569,.F.);
#6816=EDGE_LOOP('',(#6812,#6813,#6814,#6815));
#6817=FACE_OUTER_BOUND('',#6816,.F.);
#6818=ADVANCED_FACE('',(#6817),#6811,.T.);
#6819=CARTESIAN_POINT('',(1.7E0,1.511413043478E0,-3.65E-1));
#6820=DIRECTION('',(1.E0,0.E0,0.E0));
#6821=DIRECTION('',(0.E0,0.E0,1.E0));
#6822=AXIS2_PLACEMENT_3D('',#6819,#6820,#6821);
#6823=PLANE('',#6822);
#6824=ORIENTED_EDGE('',*,*,#6013,.F.);
#6826=ORIENTED_EDGE('',*,*,#6825,.T.);
#6828=ORIENTED_EDGE('',*,*,#6827,.T.);
#6830=ORIENTED_EDGE('',*,*,#6829,.F.);
#6831=ORIENTED_EDGE('',*,*,#6648,.F.);
#6832=EDGE_LOOP('',(#6824,#6826,#6828,#6830,#6831));
#6833=FACE_OUTER_BOUND('',#6832,.F.);
#6834=ADVANCED_FACE('',(#6833),#6823,.F.);
#6835=CARTESIAN_POINT('',(5.7E0,1.82E0,-2.1E0));
#6836=DIRECTION('',(0.E0,1.E0,0.E0));
#6837=DIRECTION('',(1.E0,0.E0,0.E0));
#6838=AXIS2_PLACEMENT_3D('',#6835,#6836,#6837);
#6839=PLANE('',#6838);
#6841=ORIENTED_EDGE('',*,*,#6840,.F.);
#6843=ORIENTED_EDGE('',*,*,#6842,.F.);
#6845=ORIENTED_EDGE('',*,*,#6844,.F.);
#6847=ORIENTED_EDGE('',*,*,#6846,.F.);
#6849=ORIENTED_EDGE('',*,*,#6848,.T.);
#6851=ORIENTED_EDGE('',*,*,#6850,.T.);
#6853=ORIENTED_EDGE('',*,*,#6852,.F.);
#6855=ORIENTED_EDGE('',*,*,#6854,.F.);
#6857=ORIENTED_EDGE('',*,*,#6856,.T.);
#6859=ORIENTED_EDGE('',*,*,#6858,.T.);
#6861=ORIENTED_EDGE('',*,*,#6860,.F.);
#6863=ORIENTED_EDGE('',*,*,#6862,.F.);
#6865=ORIENTED_EDGE('',*,*,#6864,.T.);
#6867=ORIENTED_EDGE('',*,*,#6866,.T.);
#6869=ORIENTED_EDGE('',*,*,#6868,.F.);
#6871=ORIENTED_EDGE('',*,*,#6870,.F.);
#6873=ORIENTED_EDGE('',*,*,#6872,.T.);
#6875=ORIENTED_EDGE('',*,*,#6874,.T.);
#6877=ORIENTED_EDGE('',*,*,#6876,.F.);
#6879=ORIENTED_EDGE('',*,*,#6878,.F.);
#6881=ORIENTED_EDGE('',*,*,#6880,.T.);
#6883=ORIENTED_EDGE('',*,*,#6882,.T.);
#6885=ORIENTED_EDGE('',*,*,#6884,.F.);
#6887=ORIENTED_EDGE('',*,*,#6886,.F.);
#6889=ORIENTED_EDGE('',*,*,#6888,.T.);
#6891=ORIENTED_EDGE('',*,*,#6890,.T.);
#6893=ORIENTED_EDGE('',*,*,#6892,.F.);
#6895=ORIENTED_EDGE('',*,*,#6894,.F.);
#6897=ORIENTED_EDGE('',*,*,#6896,.T.);
#6899=ORIENTED_EDGE('',*,*,#6898,.T.);
#6901=ORIENTED_EDGE('',*,*,#6900,.F.);
#6903=ORIENTED_EDGE('',*,*,#6902,.F.);
#6905=ORIENTED_EDGE('',*,*,#6904,.T.);
#6907=ORIENTED_EDGE('',*,*,#6906,.T.);
#6909=ORIENTED_EDGE('',*,*,#6908,.F.);
#6911=ORIENTED_EDGE('',*,*,#6910,.F.);
#6913=ORIENTED_EDGE('',*,*,#6912,.T.);
#6915=ORIENTED_EDGE('',*,*,#6914,.T.);
#6917=ORIENTED_EDGE('',*,*,#6916,.F.);
#6919=ORIENTED_EDGE('',*,*,#6918,.F.);
#6921=ORIENTED_EDGE('',*,*,#6920,.T.);
#6923=ORIENTED_EDGE('',*,*,#6922,.T.);
#6925=ORIENTED_EDGE('',*,*,#6924,.F.);
#6927=ORIENTED_EDGE('',*,*,#6926,.F.);
#6929=ORIENTED_EDGE('',*,*,#6928,.T.);
#6931=ORIENTED_EDGE('',*,*,#6930,.T.);
#6933=ORIENTED_EDGE('',*,*,#6932,.F.);
#6935=ORIENTED_EDGE('',*,*,#6934,.F.);
#6937=ORIENTED_EDGE('',*,*,#6936,.T.);
#6939=ORIENTED_EDGE('',*,*,#6938,.T.);
#6941=ORIENTED_EDGE('',*,*,#6940,.F.);
#6943=ORIENTED_EDGE('',*,*,#6942,.F.);
#6945=ORIENTED_EDGE('',*,*,#6944,.T.);
#6947=ORIENTED_EDGE('',*,*,#6946,.T.);
#6949=ORIENTED_EDGE('',*,*,#6948,.F.);
#6951=ORIENTED_EDGE('',*,*,#6950,.F.);
#6953=ORIENTED_EDGE('',*,*,#6952,.T.);
#6955=ORIENTED_EDGE('',*,*,#6954,.T.);
#6957=ORIENTED_EDGE('',*,*,#6956,.F.);
#6959=ORIENTED_EDGE('',*,*,#6958,.F.);
#6961=ORIENTED_EDGE('',*,*,#6960,.T.);
#6963=ORIENTED_EDGE('',*,*,#6962,.T.);
#6965=ORIENTED_EDGE('',*,*,#6964,.F.);
#6967=ORIENTED_EDGE('',*,*,#6966,.F.);
#6969=ORIENTED_EDGE('',*,*,#6968,.T.);
#6971=ORIENTED_EDGE('',*,*,#6970,.T.);
#6973=ORIENTED_EDGE('',*,*,#6972,.T.);
#6975=ORIENTED_EDGE('',*,*,#6974,.T.);
#6977=ORIENTED_EDGE('',*,*,#6976,.T.);
#6979=ORIENTED_EDGE('',*,*,#6978,.T.);
#6981=ORIENTED_EDGE('',*,*,#6980,.T.);
#6983=ORIENTED_EDGE('',*,*,#6982,.T.);
#6984=ORIENTED_EDGE('',*,*,#6093,.F.);
#6986=ORIENTED_EDGE('',*,*,#6985,.T.);
#6988=ORIENTED_EDGE('',*,*,#6987,.T.);
#6989=ORIENTED_EDGE('',*,*,#6825,.F.);
#6990=ORIENTED_EDGE('',*,*,#6011,.F.);
#6992=ORIENTED_EDGE('',*,*,#6991,.T.);
#6994=ORIENTED_EDGE('',*,*,#6993,.F.);
#6996=ORIENTED_EDGE('',*,*,#6995,.F.);
#6997=EDGE_LOOP('',(#6841,#6843,#6845,#6847,#6849,#6851,#6853,#6855,#6857,#6859,
#6861,#6863,#6865,#6867,#6869,#6871,#6873,#6875,#6877,#6879,#6881,#6883,#6885,
#6887,#6889,#6891,#6893,#6895,#6897,#6899,#6901,#6903,#6905,#6907,#6909,#6911,
#6913,#6915,#6917,#6919,#6921,#6923,#6925,#6927,#6929,#6931,#6933,#6935,#6937,
#6939,#6941,#6943,#6945,#6947,#6949,#6951,#6953,#6955,#6957,#6959,#6961,#6963,
#6965,#6967,#6969,#6971,#6973,#6975,#6977,#6979,#6981,#6983,#6984,#6986,#6988,
#6989,#6990,#6992,#6994,#6996));
#6998=FACE_OUTER_BOUND('',#6997,.F.);
#6999=ADVANCED_FACE('',(#6998),#6839,.T.);
#7000=CARTESIAN_POINT('',(1.320567382480E0,1.77E0,-2.29E0));
#7001=DIRECTION('',(0.E0,0.E0,1.E0));
#7002=DIRECTION('',(-1.E0,0.E0,0.E0));
#7003=AXIS2_PLACEMENT_3D('',#7000,#7001,#7002);
#7004=PLANE('',#7003);
#7005=ORIENTED_EDGE('',*,*,#6840,.T.);
#7007=ORIENTED_EDGE('',*,*,#7006,.T.);
#7009=ORIENTED_EDGE('',*,*,#7008,.T.);
#7011=ORIENTED_EDGE('',*,*,#7010,.F.);
#7013=ORIENTED_EDGE('',*,*,#7012,.F.);
#7015=ORIENTED_EDGE('',*,*,#7014,.F.);
#7016=EDGE_LOOP('',(#7005,#7007,#7009,#7011,#7013,#7015));
#7017=FACE_OUTER_BOUND('',#7016,.F.);
#7018=ADVANCED_FACE('',(#7017),#7004,.T.);
#7019=CARTESIAN_POINT('',(1.83E0,1.705E0,-3.125E0));
#7020=DIRECTION('',(1.E0,0.E0,0.E0));
#7021=DIRECTION('',(0.E0,0.E0,-1.E0));
#7022=AXIS2_PLACEMENT_3D('',#7019,#7020,#7021);
#7023=PLANE('',#7022);
#7025=ORIENTED_EDGE('',*,*,#7024,.F.);
#7026=ORIENTED_EDGE('',*,*,#7006,.F.);
#7027=ORIENTED_EDGE('',*,*,#6995,.T.);
#7029=ORIENTED_EDGE('',*,*,#7028,.F.);
#7031=ORIENTED_EDGE('',*,*,#7030,.T.);
#7033=ORIENTED_EDGE('',*,*,#7032,.T.);
#7034=EDGE_LOOP('',(#7025,#7026,#7027,#7029,#7031,#7033));
#7035=FACE_OUTER_BOUND('',#7034,.F.);
#7036=ADVANCED_FACE('',(#7035),#7023,.F.);
#7037=CARTESIAN_POINT('',(1.83E0,1.705E0,-3.125E0));
#7038=DIRECTION('',(1.E0,0.E0,0.E0));
#7039=DIRECTION('',(0.E0,0.E0,-1.E0));
#7040=AXIS2_PLACEMENT_3D('',#7037,#7038,#7039);
#7041=PLANE('',#7040);
#7043=ORIENTED_EDGE('',*,*,#7042,.F.);
#7045=ORIENTED_EDGE('',*,*,#7044,.T.);
#7047=ORIENTED_EDGE('',*,*,#7046,.T.);
#7048=ORIENTED_EDGE('',*,*,#6846,.T.);
#7049=EDGE_LOOP('',(#7043,#7045,#7047,#7048));
#7050=FACE_OUTER_BOUND('',#7049,.F.);
#7051=ADVANCED_FACE('',(#7050),#7041,.F.);
#7052=CARTESIAN_POINT('',(6.177836912394E-1,1.67E0,-3.24E0));
#7053=DIRECTION('',(0.E0,1.E0,0.E0));
#7054=DIRECTION('',(1.E0,0.E0,0.E0));
#7055=AXIS2_PLACEMENT_3D('',#7052,#7053,#7054);
#7056=PLANE('',#7055);
#7057=ORIENTED_EDGE('',*,*,#7024,.T.);
#7059=ORIENTED_EDGE('',*,*,#7058,.F.);
#7061=ORIENTED_EDGE('',*,*,#7060,.T.);
#7063=ORIENTED_EDGE('',*,*,#7062,.F.);
#7065=ORIENTED_EDGE('',*,*,#7064,.F.);
#7067=ORIENTED_EDGE('',*,*,#7066,.F.);
#7069=ORIENTED_EDGE('',*,*,#7068,.F.);
#7071=ORIENTED_EDGE('',*,*,#7070,.F.);
#7073=ORIENTED_EDGE('',*,*,#7072,.F.);
#7075=ORIENTED_EDGE('',*,*,#7074,.F.);
#7077=ORIENTED_EDGE('',*,*,#7076,.F.);
#7078=ORIENTED_EDGE('',*,*,#7008,.F.);
#7079=EDGE_LOOP('',(#7057,#7059,#7061,#7063,#7065,#7067,#7069,#7071,#7073,#7075,
#7077,#7078));
#7080=FACE_OUTER_BOUND('',#7079,.F.);
#7081=ADVANCED_FACE('',(#7080),#7056,.F.);
#7082=CARTESIAN_POINT('',(1.785567382480E0,1.4275E0,-3.59E0));
#7083=DIRECTION('',(0.E0,0.E0,1.E0));
#7084=DIRECTION('',(-1.E0,0.E0,0.E0));
#7085=AXIS2_PLACEMENT_3D('',#7082,#7083,#7084);
#7086=PLANE('',#7085);
#7087=ORIENTED_EDGE('',*,*,#7032,.F.);
#7089=ORIENTED_EDGE('',*,*,#7088,.T.);
#7091=ORIENTED_EDGE('',*,*,#7090,.T.);
#7092=ORIENTED_EDGE('',*,*,#7058,.T.);
#7093=EDGE_LOOP('',(#7087,#7089,#7091,#7092));
#7094=FACE_OUTER_BOUND('',#7093,.F.);
#7095=ADVANCED_FACE('',(#7094),#7086,.T.);
#7096=CARTESIAN_POINT('',(9.15E-1,1.59E0,-3.125E0));
#7097=DIRECTION('',(0.E0,1.E0,0.E0));
#7098=DIRECTION('',(1.E0,0.E0,0.E0));
#7099=AXIS2_PLACEMENT_3D('',#7096,#7097,#7098);
#7100=PLANE('',#7099);
#7101=ORIENTED_EDGE('',*,*,#7088,.F.);
#7102=ORIENTED_EDGE('',*,*,#7030,.F.);
#7104=ORIENTED_EDGE('',*,*,#7103,.F.);
#7106=ORIENTED_EDGE('',*,*,#7105,.F.);
#7108=ORIENTED_EDGE('',*,*,#7107,.F.);
#7109=ORIENTED_EDGE('',*,*,#7044,.F.);
#7111=ORIENTED_EDGE('',*,*,#7110,.T.);
#7113=ORIENTED_EDGE('',*,*,#7112,.T.);
#7114=EDGE_LOOP('',(#7101,#7102,#7104,#7106,#7108,#7109,#7111,#7113));
#7115=FACE_OUTER_BOUND('',#7114,.F.);
#7116=ADVANCED_FACE('',(#7115),#7100,.T.);
#7117=CARTESIAN_POINT('',(9.15E-1,1.705E0,-2.05E0));
#7118=DIRECTION('',(0.E0,0.E0,1.E0));
#7119=DIRECTION('',(1.E0,0.E0,0.E0));
#7120=AXIS2_PLACEMENT_3D('',#7117,#7118,#7119);
#7121=PLANE('',#7120);
#7122=ORIENTED_EDGE('',*,*,#6993,.T.);
#7124=ORIENTED_EDGE('',*,*,#7123,.T.);
#7125=ORIENTED_EDGE('',*,*,#7103,.T.);
#7126=ORIENTED_EDGE('',*,*,#7028,.T.);
#7127=EDGE_LOOP('',(#7122,#7124,#7125,#7126));
#7128=FACE_OUTER_BOUND('',#7127,.F.);
#7129=ADVANCED_FACE('',(#7128),#7121,.F.);
#7130=CARTESIAN_POINT('',(0.E0,9.1E-1,-2.465E0));
#7131=DIRECTION('',(1.E0,0.E0,0.E0));
#7132=DIRECTION('',(0.E0,0.E0,1.E0));
#7133=AXIS2_PLACEMENT_3D('',#7130,#7131,#7132);
#7134=PLANE('',#7133);
#7136=ORIENTED_EDGE('',*,*,#7135,.T.);
#7138=ORIENTED_EDGE('',*,*,#7137,.T.);
#7140=ORIENTED_EDGE('',*,*,#7139,.T.);
#7141=ORIENTED_EDGE('',*,*,#7105,.T.);
#7142=ORIENTED_EDGE('',*,*,#7123,.F.);
#7143=ORIENTED_EDGE('',*,*,#6991,.F.);
#7144=ORIENTED_EDGE('',*,*,#6009,.F.);
#7145=ORIENTED_EDGE('',*,*,#5994,.F.);
#7146=EDGE_LOOP('',(#7136,#7138,#7140,#7141,#7142,#7143,#7144,#7145));
#7147=FACE_OUTER_BOUND('',#7146,.F.);
#7148=ADVANCED_FACE('',(#7147),#7134,.F.);
#7149=CARTESIAN_POINT('',(9.15E-1,6.5E-2,-2.05E0));
#7150=DIRECTION('',(0.E0,0.E0,1.E0));
#7151=DIRECTION('',(1.E0,0.E0,0.E0));
#7152=AXIS2_PLACEMENT_3D('',#7149,#7150,#7151);
#7153=PLANE('',#7152);
#7155=ORIENTED_EDGE('',*,*,#7154,.T.);
#7156=ORIENTED_EDGE('',*,*,#7135,.F.);
#7157=ORIENTED_EDGE('',*,*,#5992,.F.);
#7159=ORIENTED_EDGE('',*,*,#7158,.T.);
#7160=EDGE_LOOP('',(#7155,#7156,#7157,#7159));
#7161=FACE_OUTER_BOUND('',#7160,.F.);
#7162=ADVANCED_FACE('',(#7161),#7153,.F.);
#7163=CARTESIAN_POINT('',(9.15E-1,1.3E-1,-3.125E0));
#7164=DIRECTION('',(0.E0,1.E0,0.E0));
#7165=DIRECTION('',(0.E0,0.E0,1.E0));
#7166=AXIS2_PLACEMENT_3D('',#7163,#7164,#7165);
#7167=PLANE('',#7166);
#7169=ORIENTED_EDGE('',*,*,#7168,.T.);
#7171=ORIENTED_EDGE('',*,*,#7170,.F.);
#7173=ORIENTED_EDGE('',*,*,#7172,.F.);
#7175=ORIENTED_EDGE('',*,*,#7174,.T.);
#7177=ORIENTED_EDGE('',*,*,#7176,.T.);
#7178=ORIENTED_EDGE('',*,*,#7137,.F.);
#7179=ORIENTED_EDGE('',*,*,#7154,.F.);
#7181=ORIENTED_EDGE('',*,*,#7180,.T.);
#7182=EDGE_LOOP('',(#7169,#7171,#7173,#7175,#7177,#7178,#7179,#7181));
#7183=FACE_OUTER_BOUND('',#7182,.F.);
#7184=ADVANCED_FACE('',(#7183),#7167,.F.);
#7185=CARTESIAN_POINT('',(1.410567382480E0,1.5E-1,-2.29E0));
#7186=DIRECTION('',(0.E0,0.E0,1.E0));
#7187=DIRECTION('',(1.E0,0.E0,0.E0));
#7188=AXIS2_PLACEMENT_3D('',#7185,#7186,#7187);
#7189=PLANE('',#7188);
#7190=ORIENTED_EDGE('',*,*,#7168,.F.);
#7192=ORIENTED_EDGE('',*,*,#7191,.T.);
#7194=ORIENTED_EDGE('',*,*,#7193,.F.);
#7196=ORIENTED_EDGE('',*,*,#7195,.F.);
#7197=EDGE_LOOP('',(#7190,#7192,#7194,#7196));
#7198=FACE_OUTER_BOUND('',#7197,.F.);
#7199=ADVANCED_FACE('',(#7198),#7189,.T.);
#7200=CARTESIAN_POINT('',(1.83E0,6.5E-2,-3.125E0));
#7201=DIRECTION('',(1.E0,0.E0,0.E0));
#7202=DIRECTION('',(0.E0,0.E0,-1.E0));
#7203=AXIS2_PLACEMENT_3D('',#7200,#7201,#7202);
#7204=PLANE('',#7203);
#7205=ORIENTED_EDGE('',*,*,#7191,.F.);
#7206=ORIENTED_EDGE('',*,*,#7180,.F.);
#7207=ORIENTED_EDGE('',*,*,#7158,.F.);
#7208=ORIENTED_EDGE('',*,*,#5990,.F.);
#7210=ORIENTED_EDGE('',*,*,#7209,.F.);
#7211=ORIENTED_EDGE('',*,*,#7174,.F.);
#7213=ORIENTED_EDGE('',*,*,#7212,.T.);
#7215=ORIENTED_EDGE('',*,*,#7214,.T.);
#7216=EDGE_LOOP('',(#7205,#7206,#7207,#7208,#7210,#7211,#7213,#7215));
#7217=FACE_OUTER_BOUND('',#7216,.F.);
#7218=ADVANCED_FACE('',(#7217),#7204,.F.);
#7219=CARTESIAN_POINT('',(5.7E0,9.1E-1,-4.2E0));
#7220=DIRECTION('',(0.E0,0.E0,1.E0));
#7221=DIRECTION('',(-1.E0,0.E0,0.E0));
#7222=AXIS2_PLACEMENT_3D('',#7219,#7220,#7221);
#7223=PLANE('',#7222);
#7225=ORIENTED_EDGE('',*,*,#7224,.F.);
#7227=ORIENTED_EDGE('',*,*,#7226,.T.);
#7229=ORIENTED_EDGE('',*,*,#7228,.T.);
#7230=ORIENTED_EDGE('',*,*,#6848,.F.);
#7231=ORIENTED_EDGE('',*,*,#7046,.F.);
#7232=ORIENTED_EDGE('',*,*,#7107,.T.);
#7233=ORIENTED_EDGE('',*,*,#7139,.F.);
#7234=ORIENTED_EDGE('',*,*,#7176,.F.);
#7235=ORIENTED_EDGE('',*,*,#7209,.T.);
#7236=ORIENTED_EDGE('',*,*,#5988,.F.);
#7238=ORIENTED_EDGE('',*,*,#7237,.F.);
#7240=ORIENTED_EDGE('',*,*,#7239,.F.);
#7242=ORIENTED_EDGE('',*,*,#7241,.T.);
#7244=ORIENTED_EDGE('',*,*,#7243,.F.);
#7246=ORIENTED_EDGE('',*,*,#7245,.T.);
#7247=ORIENTED_EDGE('',*,*,#6968,.F.);
#7249=ORIENTED_EDGE('',*,*,#7248,.F.);
#7251=ORIENTED_EDGE('',*,*,#7250,.T.);
#7253=ORIENTED_EDGE('',*,*,#7252,.T.);
#7255=ORIENTED_EDGE('',*,*,#7254,.T.);
#7257=ORIENTED_EDGE('',*,*,#7256,.F.);
#7259=ORIENTED_EDGE('',*,*,#7258,.T.);
#7261=ORIENTED_EDGE('',*,*,#7260,.T.);
#7262=ORIENTED_EDGE('',*,*,#6960,.F.);
#7264=ORIENTED_EDGE('',*,*,#7263,.F.);
#7266=ORIENTED_EDGE('',*,*,#7265,.T.);
#7268=ORIENTED_EDGE('',*,*,#7267,.T.);
#7270=ORIENTED_EDGE('',*,*,#7269,.T.);
#7272=ORIENTED_EDGE('',*,*,#7271,.F.);
#7274=ORIENTED_EDGE('',*,*,#7273,.T.);
#7276=ORIENTED_EDGE('',*,*,#7275,.T.);
#7277=ORIENTED_EDGE('',*,*,#6952,.F.);
#7279=ORIENTED_EDGE('',*,*,#7278,.F.);
#7281=ORIENTED_EDGE('',*,*,#7280,.T.);
#7283=ORIENTED_EDGE('',*,*,#7282,.T.);
#7285=ORIENTED_EDGE('',*,*,#7284,.T.);
#7287=ORIENTED_EDGE('',*,*,#7286,.F.);
#7289=ORIENTED_EDGE('',*,*,#7288,.T.);
#7291=ORIENTED_EDGE('',*,*,#7290,.T.);
#7292=ORIENTED_EDGE('',*,*,#6944,.F.);
#7294=ORIENTED_EDGE('',*,*,#7293,.F.);
#7296=ORIENTED_EDGE('',*,*,#7295,.T.);
#7298=ORIENTED_EDGE('',*,*,#7297,.T.);
#7300=ORIENTED_EDGE('',*,*,#7299,.T.);
#7302=ORIENTED_EDGE('',*,*,#7301,.F.);
#7304=ORIENTED_EDGE('',*,*,#7303,.T.);
#7306=ORIENTED_EDGE('',*,*,#7305,.T.);
#7307=ORIENTED_EDGE('',*,*,#6936,.F.);
#7309=ORIENTED_EDGE('',*,*,#7308,.F.);
#7311=ORIENTED_EDGE('',*,*,#7310,.T.);
#7313=ORIENTED_EDGE('',*,*,#7312,.T.);
#7315=ORIENTED_EDGE('',*,*,#7314,.T.);
#7317=ORIENTED_EDGE('',*,*,#7316,.F.);
#7319=ORIENTED_EDGE('',*,*,#7318,.T.);
#7321=ORIENTED_EDGE('',*,*,#7320,.T.);
#7322=ORIENTED_EDGE('',*,*,#6928,.F.);
#7324=ORIENTED_EDGE('',*,*,#7323,.F.);
#7326=ORIENTED_EDGE('',*,*,#7325,.T.);
#7328=ORIENTED_EDGE('',*,*,#7327,.T.);
#7330=ORIENTED_EDGE('',*,*,#7329,.T.);
#7332=ORIENTED_EDGE('',*,*,#7331,.F.);
#7334=ORIENTED_EDGE('',*,*,#7333,.T.);
#7336=ORIENTED_EDGE('',*,*,#7335,.T.);
#7337=ORIENTED_EDGE('',*,*,#6920,.F.);
#7339=ORIENTED_EDGE('',*,*,#7338,.F.);
#7341=ORIENTED_EDGE('',*,*,#7340,.T.);
#7343=ORIENTED_EDGE('',*,*,#7342,.T.);
#7345=ORIENTED_EDGE('',*,*,#7344,.T.);
#7347=ORIENTED_EDGE('',*,*,#7346,.F.);
#7349=ORIENTED_EDGE('',*,*,#7348,.T.);
#7351=ORIENTED_EDGE('',*,*,#7350,.T.);
#7352=ORIENTED_EDGE('',*,*,#6912,.F.);
#7354=ORIENTED_EDGE('',*,*,#7353,.F.);
#7356=ORIENTED_EDGE('',*,*,#7355,.T.);
#7358=ORIENTED_EDGE('',*,*,#7357,.T.);
#7360=ORIENTED_EDGE('',*,*,#7359,.T.);
#7362=ORIENTED_EDGE('',*,*,#7361,.F.);
#7364=ORIENTED_EDGE('',*,*,#7363,.T.);
#7366=ORIENTED_EDGE('',*,*,#7365,.T.);
#7367=ORIENTED_EDGE('',*,*,#6904,.F.);
#7369=ORIENTED_EDGE('',*,*,#7368,.F.);
#7371=ORIENTED_EDGE('',*,*,#7370,.T.);
#7373=ORIENTED_EDGE('',*,*,#7372,.T.);
#7375=ORIENTED_EDGE('',*,*,#7374,.T.);
#7377=ORIENTED_EDGE('',*,*,#7376,.F.);
#7379=ORIENTED_EDGE('',*,*,#7378,.T.);
#7381=ORIENTED_EDGE('',*,*,#7380,.T.);
#7382=ORIENTED_EDGE('',*,*,#6896,.F.);
#7384=ORIENTED_EDGE('',*,*,#7383,.F.);
#7386=ORIENTED_EDGE('',*,*,#7385,.T.);
#7388=ORIENTED_EDGE('',*,*,#7387,.T.);
#7390=ORIENTED_EDGE('',*,*,#7389,.T.);
#7392=ORIENTED_EDGE('',*,*,#7391,.F.);
#7394=ORIENTED_EDGE('',*,*,#7393,.T.);
#7396=ORIENTED_EDGE('',*,*,#7395,.T.);
#7397=ORIENTED_EDGE('',*,*,#6888,.F.);
#7399=ORIENTED_EDGE('',*,*,#7398,.F.);
#7401=ORIENTED_EDGE('',*,*,#7400,.T.);
#7403=ORIENTED_EDGE('',*,*,#7402,.T.);
#7405=ORIENTED_EDGE('',*,*,#7404,.T.);
#7407=ORIENTED_EDGE('',*,*,#7406,.F.);
#7409=ORIENTED_EDGE('',*,*,#7408,.T.);
#7411=ORIENTED_EDGE('',*,*,#7410,.T.);
#7412=ORIENTED_EDGE('',*,*,#6880,.F.);
#7414=ORIENTED_EDGE('',*,*,#7413,.F.);
#7416=ORIENTED_EDGE('',*,*,#7415,.T.);
#7418=ORIENTED_EDGE('',*,*,#7417,.T.);
#7420=ORIENTED_EDGE('',*,*,#7419,.T.);
#7422=ORIENTED_EDGE('',*,*,#7421,.F.);
#7424=ORIENTED_EDGE('',*,*,#7423,.T.);
#7426=ORIENTED_EDGE('',*,*,#7425,.T.);
#7427=ORIENTED_EDGE('',*,*,#6872,.F.);
#7429=ORIENTED_EDGE('',*,*,#7428,.F.);
#7431=ORIENTED_EDGE('',*,*,#7430,.T.);
#7433=ORIENTED_EDGE('',*,*,#7432,.T.);
#7435=ORIENTED_EDGE('',*,*,#7434,.T.);
#7437=ORIENTED_EDGE('',*,*,#7436,.F.);
#7439=ORIENTED_EDGE('',*,*,#7438,.T.);
#7441=ORIENTED_EDGE('',*,*,#7440,.T.);
#7442=ORIENTED_EDGE('',*,*,#6864,.F.);
#7444=ORIENTED_EDGE('',*,*,#7443,.F.);
#7446=ORIENTED_EDGE('',*,*,#7445,.T.);
#7448=ORIENTED_EDGE('',*,*,#7447,.T.);
#7450=ORIENTED_EDGE('',*,*,#7449,.T.);
#7452=ORIENTED_EDGE('',*,*,#7451,.F.);
#7454=ORIENTED_EDGE('',*,*,#7453,.T.);
#7456=ORIENTED_EDGE('',*,*,#7455,.T.);
#7457=ORIENTED_EDGE('',*,*,#6856,.F.);
#7459=ORIENTED_EDGE('',*,*,#7458,.F.);
#7461=ORIENTED_EDGE('',*,*,#7460,.T.);
#7463=ORIENTED_EDGE('',*,*,#7462,.T.);
#7465=ORIENTED_EDGE('',*,*,#7464,.T.);
#7466=EDGE_LOOP('',(#7225,#7227,#7229,#7230,#7231,#7232,#7233,#7234,#7235,#7236,
#7238,#7240,#7242,#7244,#7246,#7247,#7249,#7251,#7253,#7255,#7257,#7259,#7261,
#7262,#7264,#7266,#7268,#7270,#7272,#7274,#7276,#7277,#7279,#7281,#7283,#7285,
#7287,#7289,#7291,#7292,#7294,#7296,#7298,#7300,#7302,#7304,#7306,#7307,#7309,
#7311,#7313,#7315,#7317,#7319,#7321,#7322,#7324,#7326,#7328,#7330,#7332,#7334,
#7336,#7337,#7339,#7341,#7343,#7345,#7347,#7349,#7351,#7352,#7354,#7356,#7358,
#7360,#7362,#7364,#7366,#7367,#7369,#7371,#7373,#7375,#7377,#7379,#7381,#7382,
#7384,#7386,#7388,#7390,#7392,#7394,#7396,#7397,#7399,#7401,#7403,#7405,#7407,
#7409,#7411,#7412,#7414,#7416,#7418,#7420,#7422,#7424,#7426,#7427,#7429,#7431,
#7433,#7435,#7437,#7439,#7441,#7442,#7444,#7446,#7448,#7450,#7452,#7454,#7456,
#7457,#7459,#7461,#7463,#7465));
#7467=FACE_OUTER_BOUND('',#7466,.F.);
#7468=ADVANCED_FACE('',(#7467),#7223,.F.);
#7469=CARTESIAN_POINT('',(2.105E0,1.06E0,-2.8E0));
#7470=DIRECTION('',(1.E0,0.E0,0.E0));
#7471=DIRECTION('',(0.E0,1.E0,0.E0));
#7472=AXIS2_PLACEMENT_3D('',#7469,#7470,#7471);
#7473=PLANE('',#7472);
#7474=ORIENTED_EDGE('',*,*,#6796,.T.);
#7476=ORIENTED_EDGE('',*,*,#7475,.T.);
#7478=ORIENTED_EDGE('',*,*,#7477,.T.);
#7480=ORIENTED_EDGE('',*,*,#7479,.T.);
#7481=EDGE_LOOP('',(#7474,#7476,#7478,#7480));
#7482=FACE_OUTER_BOUND('',#7481,.F.);
#7483=ADVANCED_FACE('',(#7482),#7473,.F.);
#7484=CARTESIAN_POINT('',(2.105E0,1.06E0,-2.8E0));
#7485=DIRECTION('',(1.E0,0.E0,0.E0));
#7486=DIRECTION('',(0.E0,1.E0,0.E0));
#7487=AXIS2_PLACEMENT_3D('',#7484,#7485,#7486);
#7488=PLANE('',#7487);
#7489=ORIENTED_EDGE('',*,*,#7224,.T.);
#7491=ORIENTED_EDGE('',*,*,#7490,.T.);
#7493=ORIENTED_EDGE('',*,*,#7492,.T.);
#7495=ORIENTED_EDGE('',*,*,#7494,.T.);
#7497=ORIENTED_EDGE('',*,*,#7496,.T.);
#7499=ORIENTED_EDGE('',*,*,#7498,.T.);
#7501=ORIENTED_EDGE('',*,*,#7500,.T.);
#7503=ORIENTED_EDGE('',*,*,#7502,.T.);
#7505=ORIENTED_EDGE('',*,*,#7504,.T.);
#7507=ORIENTED_EDGE('',*,*,#7506,.F.);
#7508=EDGE_LOOP('',(#7489,#7491,#7493,#7495,#7497,#7499,#7501,#7503,#7505,
#7507));
#7509=FACE_OUTER_BOUND('',#7508,.F.);
#7510=ADVANCED_FACE('',(#7509),#7488,.F.);
#7511=CARTESIAN_POINT('',(2.099593270859E0,1.349243459677E0,
-9.893449050845E-1));
#7512=DIRECTION('',(1.E0,0.E0,0.E0));
#7513=DIRECTION('',(0.E0,1.E0,0.E0));
#7514=AXIS2_PLACEMENT_3D('',#7511,#7512,#7513);
#7515=CYLINDRICAL_SURFACE('',#7514,3.E-1);
#7516=ORIENTED_EDGE('',*,*,#6802,.T.);
#7518=ORIENTED_EDGE('',*,*,#7517,.T.);
#7520=ORIENTED_EDGE('',*,*,#7519,.T.);
#7521=ORIENTED_EDGE('',*,*,#7475,.F.);
#7522=EDGE_LOOP('',(#7516,#7518,#7520,#7521));
#7523=FACE_OUTER_BOUND('',#7522,.F.);
#7524=ADVANCED_FACE('',(#7523),#7515,.T.);
#7525=CARTESIAN_POINT('',(2.295E0,1.06E0,-2.8E0));
#7526=DIRECTION('',(1.E0,0.E0,0.E0));
#7527=DIRECTION('',(0.E0,1.E0,0.E0));
#7528=AXIS2_PLACEMENT_3D('',#7525,#7526,#7527);
#7529=PLANE('',#7528);
#7530=ORIENTED_EDGE('',*,*,#6800,.F.);
#7532=ORIENTED_EDGE('',*,*,#7531,.F.);
#7534=ORIENTED_EDGE('',*,*,#7533,.F.);
#7535=ORIENTED_EDGE('',*,*,#7517,.F.);
#7536=EDGE_LOOP('',(#7530,#7532,#7534,#7535));
#7537=FACE_OUTER_BOUND('',#7536,.F.);
#7538=ADVANCED_FACE('',(#7537),#7529,.T.);
#7539=CARTESIAN_POINT('',(2.295E0,1.06E0,-2.8E0));
#7540=DIRECTION('',(1.E0,0.E0,0.E0));
#7541=DIRECTION('',(0.E0,1.E0,0.E0));
#7542=AXIS2_PLACEMENT_3D('',#7539,#7540,#7541);
#7543=PLANE('',#7542);
#7544=ORIENTED_EDGE('',*,*,#7462,.F.);
#7546=ORIENTED_EDGE('',*,*,#7545,.T.);
#7548=ORIENTED_EDGE('',*,*,#7547,.T.);
#7550=ORIENTED_EDGE('',*,*,#7549,.F.);
#7552=ORIENTED_EDGE('',*,*,#7551,.F.);
#7554=ORIENTED_EDGE('',*,*,#7553,.T.);
#7556=ORIENTED_EDGE('',*,*,#7555,.F.);
#7558=ORIENTED_EDGE('',*,*,#7557,.F.);
#7560=ORIENTED_EDGE('',*,*,#7559,.T.);
#7562=ORIENTED_EDGE('',*,*,#7561,.F.);
#7563=EDGE_LOOP('',(#7544,#7546,#7548,#7550,#7552,#7554,#7556,#7558,#7560,
#7562));
#7564=FACE_OUTER_BOUND('',#7563,.F.);
#7565=ADVANCED_FACE('',(#7564),#7543,.T.);
#7566=CARTESIAN_POINT('',(2.2E0,1.128400759486E0,-2.020110536160E0));
#7567=DIRECTION('',(0.E0,9.985927540074E-1,5.303311836814E-2));
#7568=DIRECTION('',(0.E0,5.303311836814E-2,-9.985927540074E-1));
#7569=AXIS2_PLACEMENT_3D('',#7566,#7567,#7568);
#7570=PLANE('',#7569);
#7571=ORIENTED_EDGE('',*,*,#6798,.T.);
#7572=ORIENTED_EDGE('',*,*,#7479,.F.);
#7574=ORIENTED_EDGE('',*,*,#7573,.F.);
#7575=ORIENTED_EDGE('',*,*,#7531,.T.);
#7576=EDGE_LOOP('',(#7571,#7572,#7574,#7575));
#7577=FACE_OUTER_BOUND('',#7576,.F.);
#7578=ADVANCED_FACE('',(#7577),#7570,.F.);
#7579=CARTESIAN_POINT('',(2.2E0,1.072671389431E0,-8.725951488022E-1));
#7580=DIRECTION('',(0.E0,9.063077870423E-1,-4.226182617286E-1));
#7581=DIRECTION('',(0.E0,-4.226182617286E-1,-9.063077870423E-1));
#7582=AXIS2_PLACEMENT_3D('',#7579,#7580,#7581);
#7583=PLANE('',#7582);
#7584=ORIENTED_EDGE('',*,*,#7573,.T.);
#7585=ORIENTED_EDGE('',*,*,#7477,.F.);
#7586=ORIENTED_EDGE('',*,*,#7519,.F.);
#7587=ORIENTED_EDGE('',*,*,#7533,.T.);
#7588=EDGE_LOOP('',(#7584,#7585,#7586,#7587));
#7589=FACE_OUTER_BOUND('',#7588,.F.);
#7590=ADVANCED_FACE('',(#7589),#7583,.F.);
#7591=CARTESIAN_POINT('',(2.2E0,1.62E0,-3.85E0));
#7592=DIRECTION('',(0.E0,1.E0,0.E0));
#7593=DIRECTION('',(0.E0,0.E0,1.E0));
#7594=AXIS2_PLACEMENT_3D('',#7591,#7592,#7593);
#7595=PLANE('',#7594);
#7596=ORIENTED_EDGE('',*,*,#7506,.T.);
#7598=ORIENTED_EDGE('',*,*,#7597,.T.);
#7599=ORIENTED_EDGE('',*,*,#7545,.F.);
#7600=ORIENTED_EDGE('',*,*,#7460,.F.);
#7602=ORIENTED_EDGE('',*,*,#7601,.F.);
#7604=ORIENTED_EDGE('',*,*,#7603,.F.);
#7606=ORIENTED_EDGE('',*,*,#7605,.T.);
#7607=ORIENTED_EDGE('',*,*,#7226,.F.);
#7608=EDGE_LOOP('',(#7596,#7598,#7599,#7600,#7602,#7604,#7606,#7607));
#7609=FACE_OUTER_BOUND('',#7608,.F.);
#7610=ADVANCED_FACE('',(#7609),#7595,.T.);
#7611=CARTESIAN_POINT('',(2.2E0,1.611315326090E0,-4.09E0));
#7612=DIRECTION('',(0.E0,0.E0,1.E0));
#7613=DIRECTION('',(0.E0,-1.E0,0.E0));
#7614=AXIS2_PLACEMENT_3D('',#7611,#7612,#7613);
#7615=PLANE('',#7614);
#7616=ORIENTED_EDGE('',*,*,#7597,.F.);
#7617=ORIENTED_EDGE('',*,*,#7504,.F.);
#7619=ORIENTED_EDGE('',*,*,#7618,.F.);
#7620=ORIENTED_EDGE('',*,*,#7547,.F.);
#7621=EDGE_LOOP('',(#7616,#7617,#7619,#7620));
#7622=FACE_OUTER_BOUND('',#7621,.F.);
#7623=ADVANCED_FACE('',(#7622),#7615,.T.);
#7624=CARTESIAN_POINT('',(2.300406729141E0,1.732653242109E0,-4.19E0));
#7625=DIRECTION('',(-1.E0,0.E0,0.E0));
#7626=DIRECTION('',(0.E0,0.E0,1.E0));
#7627=AXIS2_PLACEMENT_3D('',#7624,#7625,#7626);
#7628=CYLINDRICAL_SURFACE('',#7627,1.E-1);
#7629=ORIENTED_EDGE('',*,*,#7502,.F.);
#7631=ORIENTED_EDGE('',*,*,#7630,.T.);
#7632=ORIENTED_EDGE('',*,*,#7549,.T.);
#7633=ORIENTED_EDGE('',*,*,#7618,.T.);
#7634=EDGE_LOOP('',(#7629,#7631,#7632,#7633));
#7635=FACE_OUTER_BOUND('',#7634,.F.);
#7636=ADVANCED_FACE('',(#7635),#7628,.T.);
#7637=CARTESIAN_POINT('',(2.2E0,1.851258097792E0,-4.542383202188E0));
#7638=DIRECTION('',(0.E0,9.986295347546E-1,5.233595624309E-2));
#7639=DIRECTION('',(0.E0,-5.233595624309E-2,9.986295347546E-1));
#7640=AXIS2_PLACEMENT_3D('',#7637,#7638,#7639);
#7641=PLANE('',#7640);
#7642=ORIENTED_EDGE('',*,*,#7630,.F.);
#7643=ORIENTED_EDGE('',*,*,#7500,.F.);
#7645=ORIENTED_EDGE('',*,*,#7644,.F.);
#7646=ORIENTED_EDGE('',*,*,#7551,.T.);
#7647=EDGE_LOOP('',(#7642,#7643,#7645,#7646));
#7648=FACE_OUTER_BOUND('',#7647,.F.);
#7649=ADVANCED_FACE('',(#7648),#7641,.T.);
#7650=CARTESIAN_POINT('',(2.2E0,1.77E0,-4.9E0));
#7651=DIRECTION('',(0.E0,0.E0,1.E0));
#7652=DIRECTION('',(0.E0,1.E0,0.E0));
#7653=AXIS2_PLACEMENT_3D('',#7650,#7651,#7652);
#7654=PLANE('',#7653);
#7655=ORIENTED_EDGE('',*,*,#7498,.F.);
#7657=ORIENTED_EDGE('',*,*,#7656,.F.);
#7658=ORIENTED_EDGE('',*,*,#7553,.F.);
#7659=ORIENTED_EDGE('',*,*,#7644,.T.);
#7660=EDGE_LOOP('',(#7655,#7657,#7658,#7659));
#7661=FACE_OUTER_BOUND('',#7660,.F.);
#7662=ADVANCED_FACE('',(#7661),#7654,.F.);
#7663=CARTESIAN_POINT('',(2.2E0,1.659381303582E0,-4.697383202188E0));
#7664=DIRECTION('',(0.E0,9.986295347546E-1,5.233595624285E-2));
#7665=DIRECTION('',(0.E0,5.233595624285E-2,-9.986295347546E-1));
#7666=AXIS2_PLACEMENT_3D('',#7663,#7664,#7665);
#7667=PLANE('',#7666);
#7669=ORIENTED_EDGE('',*,*,#7668,.T.);
#7670=ORIENTED_EDGE('',*,*,#7555,.T.);
#7671=ORIENTED_EDGE('',*,*,#7656,.T.);
#7672=ORIENTED_EDGE('',*,*,#7496,.F.);
#7673=EDGE_LOOP('',(#7669,#7670,#7671,#7672));
#7674=FACE_OUTER_BOUND('',#7673,.F.);
#7675=ADVANCED_FACE('',(#7674),#7667,.F.);
#7676=CARTESIAN_POINT('',(2.099593270859E0,1.548899653687E0,-4.5E0));
#7677=DIRECTION('',(1.E0,0.E0,0.E0));
#7678=DIRECTION('',(0.E0,9.986295347547E-1,5.233595624025E-2));
#7679=AXIS2_PLACEMENT_3D('',#7676,#7677,#7678);
#7680=CYLINDRICAL_SURFACE('',#7679,9.999999999953E-2);
#7681=ORIENTED_EDGE('',*,*,#7668,.F.);
#7682=ORIENTED_EDGE('',*,*,#7494,.F.);
#7684=ORIENTED_EDGE('',*,*,#7683,.F.);
#7685=ORIENTED_EDGE('',*,*,#7557,.T.);
#7686=EDGE_LOOP('',(#7681,#7682,#7684,#7685));
#7687=FACE_OUTER_BOUND('',#7686,.F.);
#7688=ADVANCED_FACE('',(#7687),#7680,.F.);
#7689=CARTESIAN_POINT('',(2.2E0,1.124449826844E0,-4.4E0));
#7690=DIRECTION('',(0.E0,0.E0,1.E0));
#7691=DIRECTION('',(0.E0,1.E0,0.E0));
#7692=AXIS2_PLACEMENT_3D('',#7689,#7690,#7691);
#7693=PLANE('',#7692);
#7695=ORIENTED_EDGE('',*,*,#7694,.F.);
#7696=ORIENTED_EDGE('',*,*,#7559,.F.);
#7697=ORIENTED_EDGE('',*,*,#7683,.T.);
#7698=ORIENTED_EDGE('',*,*,#7492,.F.);
#7699=EDGE_LOOP('',(#7695,#7696,#7697,#7698));
#7700=FACE_OUTER_BOUND('',#7699,.F.);
#7701=ADVANCED_FACE('',(#7700),#7693,.F.);
#7702=CARTESIAN_POINT('',(2.2E0,4.75E-1,-4.3E0));
#7703=DIRECTION('',(0.E0,4.061384660534E-1,9.138115486203E-1));
#7704=DIRECTION('',(0.E0,-9.138115486203E-1,4.061384660534E-1));
#7705=AXIS2_PLACEMENT_3D('',#7702,#7703,#7704);
#7706=PLANE('',#7705);
#7707=ORIENTED_EDGE('',*,*,#7464,.F.);
#7708=ORIENTED_EDGE('',*,*,#7561,.T.);
#7709=ORIENTED_EDGE('',*,*,#7694,.T.);
#7710=ORIENTED_EDGE('',*,*,#7490,.F.);
#7711=EDGE_LOOP('',(#7707,#7708,#7709,#7710));
#7712=FACE_OUTER_BOUND('',#7711,.F.);
#7713=ADVANCED_FACE('',(#7712),#7706,.F.);
#7714=CARTESIAN_POINT('',(2.305E0,1.72E0,-3.85E0));
#7715=DIRECTION('',(1.E0,0.E0,0.E0));
#7716=DIRECTION('',(0.E0,0.E0,-1.E0));
#7717=AXIS2_PLACEMENT_3D('',#7714,#7715,#7716);
#7718=PLANE('',#7717);
#7719=ORIENTED_EDGE('',*,*,#7601,.T.);
#7720=ORIENTED_EDGE('',*,*,#7458,.T.);
#7721=ORIENTED_EDGE('',*,*,#6854,.T.);
#7723=ORIENTED_EDGE('',*,*,#7722,.T.);
#7724=EDGE_LOOP('',(#7719,#7720,#7721,#7723));
#7725=FACE_OUTER_BOUND('',#7724,.F.);
#7726=ADVANCED_FACE('',(#7725),#7718,.F.);
#7727=CARTESIAN_POINT('',(2.2E0,1.72E0,-3.5E0));
#7728=DIRECTION('',(0.E0,0.E0,1.E0));
#7729=DIRECTION('',(0.E0,-1.E0,0.E0));
#7730=AXIS2_PLACEMENT_3D('',#7727,#7728,#7729);
#7731=PLANE('',#7730);
#7732=ORIENTED_EDGE('',*,*,#7603,.T.);
#7733=ORIENTED_EDGE('',*,*,#7722,.F.);
#7734=ORIENTED_EDGE('',*,*,#6852,.T.);
#7736=ORIENTED_EDGE('',*,*,#7735,.T.);
#7737=EDGE_LOOP('',(#7732,#7733,#7734,#7736));
#7738=FACE_OUTER_BOUND('',#7737,.F.);
#7739=ADVANCED_FACE('',(#7738),#7731,.F.);
#7740=CARTESIAN_POINT('',(2.095E0,1.72E0,-3.85E0));
#7741=DIRECTION('',(1.E0,0.E0,0.E0));
#7742=DIRECTION('',(0.E0,0.E0,-1.E0));
#7743=AXIS2_PLACEMENT_3D('',#7740,#7741,#7742);
#7744=PLANE('',#7743);
#7745=ORIENTED_EDGE('',*,*,#7605,.F.);
#7746=ORIENTED_EDGE('',*,*,#7735,.F.);
#7747=ORIENTED_EDGE('',*,*,#6850,.F.);
#7748=ORIENTED_EDGE('',*,*,#7228,.F.);
#7749=EDGE_LOOP('',(#7745,#7746,#7747,#7748));
#7750=FACE_OUTER_BOUND('',#7749,.F.);
#7751=ADVANCED_FACE('',(#7750),#7744,.T.);
#7752=CARTESIAN_POINT('',(9.57E0,6.5E-2,-3.125E0));
#7753=DIRECTION('',(1.E0,0.E0,0.E0));
#7754=DIRECTION('',(0.E0,0.E0,-1.E0));
#7755=AXIS2_PLACEMENT_3D('',#7752,#7753,#7754);
#7756=PLANE('',#7755);
#7758=ORIENTED_EDGE('',*,*,#7757,.F.);
#7760=ORIENTED_EDGE('',*,*,#7759,.T.);
#7761=ORIENTED_EDGE('',*,*,#7237,.T.);
#7762=ORIENTED_EDGE('',*,*,#5986,.T.);
#7764=ORIENTED_EDGE('',*,*,#7763,.F.);
#7766=ORIENTED_EDGE('',*,*,#7765,.T.);
#7768=ORIENTED_EDGE('',*,*,#7767,.T.);
#7770=ORIENTED_EDGE('',*,*,#7769,.F.);
#7771=EDGE_LOOP('',(#7758,#7760,#7761,#7762,#7764,#7766,#7768,#7770));
#7772=FACE_OUTER_BOUND('',#7771,.F.);
#7773=ADVANCED_FACE('',(#7772),#7756,.T.);
#7774=CARTESIAN_POINT('',(1.043221630876E1,9.6E-1,-4.19E0));
#7775=DIRECTION('',(0.E0,0.E0,1.E0));
#7776=DIRECTION('',(-1.E0,0.E0,0.E0));
#7777=AXIS2_PLACEMENT_3D('',#7774,#7775,#7776);
#7778=PLANE('',#7777);
#7779=ORIENTED_EDGE('',*,*,#6972,.F.);
#7781=ORIENTED_EDGE('',*,*,#7780,.F.);
#7783=ORIENTED_EDGE('',*,*,#7782,.T.);
#7785=ORIENTED_EDGE('',*,*,#7784,.F.);
#7787=ORIENTED_EDGE('',*,*,#7786,.F.);
#7789=ORIENTED_EDGE('',*,*,#7788,.T.);
#7791=ORIENTED_EDGE('',*,*,#7790,.T.);
#7793=ORIENTED_EDGE('',*,*,#7792,.T.);
#7794=EDGE_LOOP('',(#7779,#7781,#7783,#7785,#7787,#7789,#7791,#7793));
#7795=FACE_OUTER_BOUND('',#7794,.F.);
#7796=ADVANCED_FACE('',(#7795),#7778,.F.);
#7797=CARTESIAN_POINT('',(1.043221630876E1,9.6E-1,-4.19E0));
#7798=DIRECTION('',(0.E0,0.E0,1.E0));
#7799=DIRECTION('',(-1.E0,0.E0,0.E0));
#7800=AXIS2_PLACEMENT_3D('',#7797,#7798,#7799);
#7801=PLANE('',#7800);
#7803=ORIENTED_EDGE('',*,*,#7802,.F.);
#7804=ORIENTED_EDGE('',*,*,#7757,.T.);
#7806=ORIENTED_EDGE('',*,*,#7805,.T.);
#7808=ORIENTED_EDGE('',*,*,#7807,.T.);
#7809=EDGE_LOOP('',(#7803,#7804,#7806,#7808));
#7810=FACE_OUTER_BOUND('',#7809,.F.);
#7811=ADVANCED_FACE('',(#7810),#7801,.F.);
#7812=CARTESIAN_POINT('',(9.57E0,1.705E0,-3.125E0));
#7813=DIRECTION('',(1.E0,0.E0,0.E0));
#7814=DIRECTION('',(0.E0,0.E0,-1.E0));
#7815=AXIS2_PLACEMENT_3D('',#7812,#7813,#7814);
#7816=PLANE('',#7815);
#7818=ORIENTED_EDGE('',*,*,#7817,.F.);
#7820=ORIENTED_EDGE('',*,*,#7819,.F.);
#7822=ORIENTED_EDGE('',*,*,#7821,.F.);
#7824=ORIENTED_EDGE('',*,*,#7823,.F.);
#7825=ORIENTED_EDGE('',*,*,#6978,.F.);
#7827=ORIENTED_EDGE('',*,*,#7826,.T.);
#7828=EDGE_LOOP('',(#7818,#7820,#7822,#7824,#7825,#7827));
#7829=FACE_OUTER_BOUND('',#7828,.F.);
#7830=ADVANCED_FACE('',(#7829),#7816,.T.);
#7831=CARTESIAN_POINT('',(9.57E0,1.705E0,-3.125E0));
#7832=DIRECTION('',(1.E0,0.E0,0.E0));
#7833=DIRECTION('',(0.E0,0.E0,-1.E0));
#7834=AXIS2_PLACEMENT_3D('',#7831,#7832,#7833);
#7835=PLANE('',#7834);
#7836=ORIENTED_EDGE('',*,*,#7780,.T.);
#7837=ORIENTED_EDGE('',*,*,#6970,.F.);
#7838=ORIENTED_EDGE('',*,*,#7245,.F.);
#7840=ORIENTED_EDGE('',*,*,#7839,.F.);
#7841=EDGE_LOOP('',(#7836,#7837,#7838,#7840));
#7842=FACE_OUTER_BOUND('',#7841,.F.);
#7843=ADVANCED_FACE('',(#7842),#7835,.T.);
#7844=CARTESIAN_POINT('',(1.078221630876E1,1.67E0,-3.24E0));
#7845=DIRECTION('',(0.E0,1.E0,0.E0));
#7846=DIRECTION('',(-1.E0,0.E0,0.E0));
#7847=AXIS2_PLACEMENT_3D('',#7844,#7845,#7846);
#7848=PLANE('',#7847);
#7849=ORIENTED_EDGE('',*,*,#7817,.T.);
#7851=ORIENTED_EDGE('',*,*,#7850,.T.);
#7853=ORIENTED_EDGE('',*,*,#7852,.T.);
#7855=ORIENTED_EDGE('',*,*,#7854,.T.);
#7857=ORIENTED_EDGE('',*,*,#7856,.T.);
#7859=ORIENTED_EDGE('',*,*,#7858,.T.);
#7861=ORIENTED_EDGE('',*,*,#7860,.T.);
#7863=ORIENTED_EDGE('',*,*,#7862,.T.);
#7865=ORIENTED_EDGE('',*,*,#7864,.T.);
#7866=ORIENTED_EDGE('',*,*,#7786,.T.);
#7868=ORIENTED_EDGE('',*,*,#7867,.F.);
#7870=ORIENTED_EDGE('',*,*,#7869,.T.);
#7871=EDGE_LOOP('',(#7849,#7851,#7853,#7855,#7857,#7859,#7861,#7863,#7865,#7866,
#7868,#7870));
#7872=FACE_OUTER_BOUND('',#7871,.F.);
#7873=ADVANCED_FACE('',(#7872),#7848,.F.);
#7874=CARTESIAN_POINT('',(1.007943261752E1,1.77E0,-2.29E0));
#7875=DIRECTION('',(0.E0,0.E0,1.E0));
#7876=DIRECTION('',(1.E0,0.E0,0.E0));
#7877=AXIS2_PLACEMENT_3D('',#7874,#7875,#7876);
#7878=PLANE('',#7877);
#7879=ORIENTED_EDGE('',*,*,#6976,.F.);
#7881=ORIENTED_EDGE('',*,*,#7880,.T.);
#7883=ORIENTED_EDGE('',*,*,#7882,.T.);
#7885=ORIENTED_EDGE('',*,*,#7884,.F.);
#7886=ORIENTED_EDGE('',*,*,#7850,.F.);
#7887=ORIENTED_EDGE('',*,*,#7826,.F.);
#7888=EDGE_LOOP('',(#7879,#7881,#7883,#7885,#7886,#7887));
#7889=FACE_OUTER_BOUND('',#7888,.F.);
#7890=ADVANCED_FACE('',(#7889),#7878,.T.);
#7891=CARTESIAN_POINT('',(9.514432617520E0,9.6E-1,-3.235193183305E0));
#7892=DIRECTION('',(1.E0,0.E0,0.E0));
#7893=DIRECTION('',(0.E0,0.E0,1.E0));
#7894=AXIS2_PLACEMENT_3D('',#7891,#7892,#7893);
#7895=PLANE('',#7894);
#7896=ORIENTED_EDGE('',*,*,#6974,.F.);
#7897=ORIENTED_EDGE('',*,*,#7792,.F.);
#7899=ORIENTED_EDGE('',*,*,#7898,.T.);
#7900=ORIENTED_EDGE('',*,*,#7880,.F.);
#7901=EDGE_LOOP('',(#7896,#7897,#7899,#7900));
#7902=FACE_OUTER_BOUND('',#7901,.F.);
#7903=ADVANCED_FACE('',(#7902),#7895,.F.);
#7904=CARTESIAN_POINT('',(1.078221630876E1,1.87E0,-3.24E0));
#7905=DIRECTION('',(0.E0,1.E0,0.E0));
#7906=DIRECTION('',(-1.E0,0.E0,0.E0));
#7907=AXIS2_PLACEMENT_3D('',#7904,#7905,#7906);
#7908=PLANE('',#7907);
#7909=ORIENTED_EDGE('',*,*,#7882,.F.);
#7910=ORIENTED_EDGE('',*,*,#7898,.F.);
#7911=ORIENTED_EDGE('',*,*,#7790,.F.);
#7913=ORIENTED_EDGE('',*,*,#7912,.F.);
#7915=ORIENTED_EDGE('',*,*,#7914,.F.);
#7917=ORIENTED_EDGE('',*,*,#7916,.F.);
#7919=ORIENTED_EDGE('',*,*,#7918,.F.);
#7921=ORIENTED_EDGE('',*,*,#7920,.F.);
#7923=ORIENTED_EDGE('',*,*,#7922,.F.);
#7925=ORIENTED_EDGE('',*,*,#7924,.F.);
#7926=EDGE_LOOP('',(#7909,#7910,#7911,#7913,#7915,#7917,#7919,#7921,#7923,
#7925));
#7927=FACE_OUTER_BOUND('',#7926,.F.);
#7928=ADVANCED_FACE('',(#7927),#7908,.T.);
#7929=CARTESIAN_POINT('',(1.135E1,1.77E0,-3.935E0));
#7930=DIRECTION('',(1.E0,0.E0,0.E0));
#7931=DIRECTION('',(0.E0,0.E0,-1.E0));
#7932=AXIS2_PLACEMENT_3D('',#7929,#7930,#7931);
#7933=PLANE('',#7932);
#7934=ORIENTED_EDGE('',*,*,#7864,.F.);
#7936=ORIENTED_EDGE('',*,*,#7935,.T.);
#7937=ORIENTED_EDGE('',*,*,#7912,.T.);
#7938=ORIENTED_EDGE('',*,*,#7788,.F.);
#7939=EDGE_LOOP('',(#7934,#7936,#7937,#7938));
#7940=FACE_OUTER_BOUND('',#7939,.F.);
#7941=ADVANCED_FACE('',(#7940),#7933,.T.);
#7942=CARTESIAN_POINT('',(1.17E1,1.77E0,-3.68E0));
#7943=DIRECTION('',(0.E0,0.E0,1.E0));
#7944=DIRECTION('',(-1.E0,0.E0,0.E0));
#7945=AXIS2_PLACEMENT_3D('',#7942,#7943,#7944);
#7946=PLANE('',#7945);
#7947=ORIENTED_EDGE('',*,*,#7862,.F.);
#7949=ORIENTED_EDGE('',*,*,#7948,.T.);
#7950=ORIENTED_EDGE('',*,*,#7914,.T.);
#7951=ORIENTED_EDGE('',*,*,#7935,.F.);
#7952=EDGE_LOOP('',(#7947,#7949,#7950,#7951));
#7953=FACE_OUTER_BOUND('',#7952,.F.);
#7954=ADVANCED_FACE('',(#7953),#7946,.F.);
#7955=CARTESIAN_POINT('',(1.205E1,1.77E0,-3.59E0));
#7956=DIRECTION('',(1.E0,0.E0,0.E0));
#7957=DIRECTION('',(0.E0,0.E0,-1.E0));
#7958=AXIS2_PLACEMENT_3D('',#7955,#7956,#7957);
#7959=PLANE('',#7958);
#7961=ORIENTED_EDGE('',*,*,#7960,.T.);
#7962=ORIENTED_EDGE('',*,*,#7916,.T.);
#7963=ORIENTED_EDGE('',*,*,#7948,.F.);
#7964=ORIENTED_EDGE('',*,*,#7860,.F.);
#7965=EDGE_LOOP('',(#7961,#7962,#7963,#7964));
#7966=FACE_OUTER_BOUND('',#7965,.F.);
#7967=ADVANCED_FACE('',(#7966),#7959,.T.);
#7968=CARTESIAN_POINT('',(1.204721630876E1,1.77E0,-3.34E0));
#7969=DIRECTION('',(9.998486879257E-1,0.E0,1.739543771431E-2));
#7970=DIRECTION('',(-1.739543771431E-2,0.E0,9.998486879257E-1));
#7971=AXIS2_PLACEMENT_3D('',#7968,#7969,#7970);
#7972=PLANE('',#7971);
#7974=ORIENTED_EDGE('',*,*,#7973,.T.);
#7975=ORIENTED_EDGE('',*,*,#7918,.T.);
#7976=ORIENTED_EDGE('',*,*,#7960,.F.);
#7977=ORIENTED_EDGE('',*,*,#7858,.F.);
#7978=EDGE_LOOP('',(#7974,#7975,#7976,#7977));
#7979=FACE_OUTER_BOUND('',#7978,.F.);
#7980=ADVANCED_FACE('',(#7979),#7972,.T.);
#7981=CARTESIAN_POINT('',(1.204443261752E1,1.77E0,-3.09E0));
#7982=DIRECTION('',(1.E0,0.E0,0.E0));
#7983=DIRECTION('',(0.E0,0.E0,-1.E0));
#7984=AXIS2_PLACEMENT_3D('',#7981,#7982,#7983);
#7985=PLANE('',#7984);
#7986=ORIENTED_EDGE('',*,*,#7973,.F.);
#7987=ORIENTED_EDGE('',*,*,#7856,.F.);
#7989=ORIENTED_EDGE('',*,*,#7988,.T.);
#7990=ORIENTED_EDGE('',*,*,#7920,.T.);
#7991=EDGE_LOOP('',(#7986,#7987,#7989,#7990));
#7992=FACE_OUTER_BOUND('',#7991,.F.);
#7993=ADVANCED_FACE('',(#7992),#7985,.T.);
#7994=CARTESIAN_POINT('',(1.134443261752E1,1.77E0,-3.E0));
#7995=DIRECTION('',(0.E0,0.E0,1.E0));
#7996=DIRECTION('',(1.E0,0.E0,0.E0));
#7997=AXIS2_PLACEMENT_3D('',#7994,#7995,#7996);
#7998=PLANE('',#7997);
#7999=ORIENTED_EDGE('',*,*,#7854,.F.);
#8001=ORIENTED_EDGE('',*,*,#8000,.T.);
#8002=ORIENTED_EDGE('',*,*,#7922,.T.);
#8003=ORIENTED_EDGE('',*,*,#7988,.F.);
#8004=EDGE_LOOP('',(#7999,#8001,#8002,#8003));
#8005=FACE_OUTER_BOUND('',#8004,.F.);
#8006=ADVANCED_FACE('',(#8005),#7998,.T.);
#8007=CARTESIAN_POINT('',(1.064443261752E1,1.77E0,-2.645E0));
#8008=DIRECTION('',(1.E0,0.E0,0.E0));
#8009=DIRECTION('',(0.E0,0.E0,-1.E0));
#8010=AXIS2_PLACEMENT_3D('',#8007,#8008,#8009);
#8011=PLANE('',#8010);
#8012=ORIENTED_EDGE('',*,*,#7852,.F.);
#8013=ORIENTED_EDGE('',*,*,#7884,.T.);
#8014=ORIENTED_EDGE('',*,*,#7924,.T.);
#8015=ORIENTED_EDGE('',*,*,#8000,.F.);
#8016=EDGE_LOOP('',(#8012,#8013,#8014,#8015));
#8017=FACE_OUTER_BOUND('',#8016,.F.);
#8018=ADVANCED_FACE('',(#8017),#8011,.T.);
#8019=CARTESIAN_POINT('',(9.714432617520E0,9.6E-1,-3.49E0));
#8020=DIRECTION('',(1.E0,0.E0,0.E0));
#8021=DIRECTION('',(0.E0,0.E0,1.E0));
#8022=AXIS2_PLACEMENT_3D('',#8019,#8020,#8021);
#8023=PLANE('',#8022);
#8025=ORIENTED_EDGE('',*,*,#8024,.T.);
#8027=ORIENTED_EDGE('',*,*,#8026,.T.);
#8028=ORIENTED_EDGE('',*,*,#7867,.T.);
#8029=ORIENTED_EDGE('',*,*,#7784,.T.);
#8030=EDGE_LOOP('',(#8025,#8027,#8028,#8029));
#8031=FACE_OUTER_BOUND('',#8030,.F.);
#8032=ADVANCED_FACE('',(#8031),#8023,.T.);
#8033=CARTESIAN_POINT('',(1.0485E1,1.59E0,-3.125E0));
#8034=DIRECTION('',(0.E0,1.E0,0.E0));
#8035=DIRECTION('',(-1.E0,0.E0,0.E0));
#8036=AXIS2_PLACEMENT_3D('',#8033,#8034,#8035);
#8037=PLANE('',#8036);
#8038=ORIENTED_EDGE('',*,*,#8024,.F.);
#8039=ORIENTED_EDGE('',*,*,#7782,.F.);
#8040=ORIENTED_EDGE('',*,*,#7839,.T.);
#8041=ORIENTED_EDGE('',*,*,#7243,.T.);
#8043=ORIENTED_EDGE('',*,*,#8042,.T.);
#8045=ORIENTED_EDGE('',*,*,#8044,.T.);
#8046=ORIENTED_EDGE('',*,*,#7821,.T.);
#8048=ORIENTED_EDGE('',*,*,#8047,.T.);
#8049=EDGE_LOOP('',(#8038,#8039,#8040,#8041,#8043,#8045,#8046,#8048));
#8050=FACE_OUTER_BOUND('',#8049,.F.);
#8051=ADVANCED_FACE('',(#8050),#8037,.T.);
#8052=CARTESIAN_POINT('',(1.14E1,9.1E-1,-2.465E0));
#8053=DIRECTION('',(1.E0,0.E0,0.E0));
#8054=DIRECTION('',(0.E0,0.E0,-1.E0));
#8055=AXIS2_PLACEMENT_3D('',#8052,#8053,#8054);
#8056=PLANE('',#8055);
#8057=ORIENTED_EDGE('',*,*,#7241,.F.);
#8059=ORIENTED_EDGE('',*,*,#8058,.F.);
#8061=ORIENTED_EDGE('',*,*,#8060,.F.);
#8062=ORIENTED_EDGE('',*,*,#5982,.F.);
#8063=ORIENTED_EDGE('',*,*,#6095,.F.);
#8064=ORIENTED_EDGE('',*,*,#6982,.F.);
#8066=ORIENTED_EDGE('',*,*,#8065,.T.);
#8067=ORIENTED_EDGE('',*,*,#8042,.F.);
#8068=EDGE_LOOP('',(#8057,#8059,#8061,#8062,#8063,#8064,#8066,#8067));
#8069=FACE_OUTER_BOUND('',#8068,.F.);
#8070=ADVANCED_FACE('',(#8069),#8056,.T.);
#8071=CARTESIAN_POINT('',(1.0485E1,1.3E-1,-3.125E0));
#8072=DIRECTION('',(0.E0,1.E0,0.E0));
#8073=DIRECTION('',(0.E0,0.E0,1.E0));
#8074=AXIS2_PLACEMENT_3D('',#8071,#8072,#8073);
#8075=PLANE('',#8074);
#8076=ORIENTED_EDGE('',*,*,#7802,.T.);
#8078=ORIENTED_EDGE('',*,*,#8077,.T.);
#8080=ORIENTED_EDGE('',*,*,#8079,.T.);
#8082=ORIENTED_EDGE('',*,*,#8081,.F.);
#8083=ORIENTED_EDGE('',*,*,#7765,.F.);
#8085=ORIENTED_EDGE('',*,*,#8084,.F.);
#8086=ORIENTED_EDGE('',*,*,#8058,.T.);
#8087=ORIENTED_EDGE('',*,*,#7239,.T.);
#8088=ORIENTED_EDGE('',*,*,#7759,.F.);
#8089=EDGE_LOOP('',(#8076,#8078,#8080,#8082,#8083,#8085,#8086,#8087,#8088));
#8090=FACE_OUTER_BOUND('',#8089,.F.);
#8091=ADVANCED_FACE('',(#8090),#8075,.F.);
#8092=CARTESIAN_POINT('',(1.046443261752E1,1.5E-1,-3.24E0));
#8093=DIRECTION('',(1.E0,0.E0,0.E0));
#8094=DIRECTION('',(0.E0,0.E0,1.E0));
#8095=AXIS2_PLACEMENT_3D('',#8092,#8093,#8094);
#8096=PLANE('',#8095);
#8097=ORIENTED_EDGE('',*,*,#8077,.F.);
#8098=ORIENTED_EDGE('',*,*,#7807,.F.);
#8100=ORIENTED_EDGE('',*,*,#8099,.F.);
#8102=ORIENTED_EDGE('',*,*,#8101,.F.);
#8103=EDGE_LOOP('',(#8097,#8098,#8100,#8102));
#8104=FACE_OUTER_BOUND('',#8103,.F.);
#8105=ADVANCED_FACE('',(#8104),#8096,.T.);
#8106=CARTESIAN_POINT('',(9.989432617520E0,5.E-2,-3.235193183305E0));
#8107=DIRECTION('',(0.E0,1.E0,0.E0));
#8108=DIRECTION('',(0.E0,0.E0,1.E0));
#8109=AXIS2_PLACEMENT_3D('',#8106,#8107,#8108);
#8110=PLANE('',#8109);
#8111=ORIENTED_EDGE('',*,*,#7769,.T.);
#8113=ORIENTED_EDGE('',*,*,#8112,.F.);
#8115=ORIENTED_EDGE('',*,*,#8114,.F.);
#8116=ORIENTED_EDGE('',*,*,#8099,.T.);
#8117=ORIENTED_EDGE('',*,*,#7805,.F.);
#8118=EDGE_LOOP('',(#8111,#8113,#8115,#8116,#8117));
#8119=FACE_OUTER_BOUND('',#8118,.F.);
#8120=ADVANCED_FACE('',(#8119),#8110,.F.);
#8121=CARTESIAN_POINT('',(9.589432617520E0,1.5E-1,-2.285193183305E0));
#8122=DIRECTION('',(6.395966218753E-2,0.E0,9.979524846469E-1));
#8123=DIRECTION('',(-9.979524846469E-1,0.E0,6.395966218753E-2));
#8124=AXIS2_PLACEMENT_3D('',#8121,#8122,#8123);
#8125=PLANE('',#8124);
#8126=ORIENTED_EDGE('',*,*,#8081,.T.);
#8128=ORIENTED_EDGE('',*,*,#8127,.F.);
#8129=ORIENTED_EDGE('',*,*,#8112,.T.);
#8130=ORIENTED_EDGE('',*,*,#7767,.F.);
#8131=EDGE_LOOP('',(#8126,#8128,#8129,#8130));
#8132=FACE_OUTER_BOUND('',#8131,.F.);
#8133=ADVANCED_FACE('',(#8132),#8125,.T.);
#8134=CARTESIAN_POINT('',(1.006443261752E1,1.5E-1,-2.29E0));
#8135=DIRECTION('',(0.E0,0.E0,1.E0));
#8136=DIRECTION('',(-1.E0,0.E0,0.E0));
#8137=AXIS2_PLACEMENT_3D('',#8134,#8135,#8136);
#8138=PLANE('',#8137);
#8139=ORIENTED_EDGE('',*,*,#8079,.F.);
#8140=ORIENTED_EDGE('',*,*,#8101,.T.);
#8141=ORIENTED_EDGE('',*,*,#8114,.T.);
#8142=ORIENTED_EDGE('',*,*,#8127,.T.);
#8143=EDGE_LOOP('',(#8139,#8140,#8141,#8142));
#8144=FACE_OUTER_BOUND('',#8143,.F.);
#8145=ADVANCED_FACE('',(#8144),#8138,.T.);
#8146=CARTESIAN_POINT('',(1.0485E1,6.5E-2,-2.05E0));
#8147=DIRECTION('',(0.E0,0.E0,1.E0));
#8148=DIRECTION('',(-1.E0,0.E0,0.E0));
#8149=AXIS2_PLACEMENT_3D('',#8146,#8147,#8148);
#8150=PLANE('',#8149);
#8151=ORIENTED_EDGE('',*,*,#8084,.T.);
#8152=ORIENTED_EDGE('',*,*,#7763,.T.);
#8153=ORIENTED_EDGE('',*,*,#5984,.T.);
#8154=ORIENTED_EDGE('',*,*,#8060,.T.);
#8155=EDGE_LOOP('',(#8151,#8152,#8153,#8154));
#8156=FACE_OUTER_BOUND('',#8155,.F.);
#8157=ADVANCED_FACE('',(#8156),#8150,.F.);
#8158=CARTESIAN_POINT('',(1.0485E1,1.705E0,-2.05E0));
#8159=DIRECTION('',(0.E0,0.E0,1.E0));
#8160=DIRECTION('',(-1.E0,0.E0,0.E0));
#8161=AXIS2_PLACEMENT_3D('',#8158,#8159,#8160);
#8162=PLANE('',#8161);
#8163=ORIENTED_EDGE('',*,*,#8044,.F.);
#8164=ORIENTED_EDGE('',*,*,#8065,.F.);
#8165=ORIENTED_EDGE('',*,*,#6980,.F.);
#8166=ORIENTED_EDGE('',*,*,#7823,.T.);
#8167=EDGE_LOOP('',(#8163,#8164,#8165,#8166));
#8168=FACE_OUTER_BOUND('',#8167,.F.);
#8169=ADVANCED_FACE('',(#8168),#8162,.F.);
#8170=CARTESIAN_POINT('',(9.614432617521E0,1.4275E0,-3.59E0));
#8171=DIRECTION('',(0.E0,0.E0,1.E0));
#8172=DIRECTION('',(1.E0,0.E0,0.E0));
#8173=AXIS2_PLACEMENT_3D('',#8170,#8171,#8172);
#8174=PLANE('',#8173);
#8175=ORIENTED_EDGE('',*,*,#8047,.F.);
#8176=ORIENTED_EDGE('',*,*,#7819,.T.);
#8177=ORIENTED_EDGE('',*,*,#7869,.F.);
#8178=ORIENTED_EDGE('',*,*,#8026,.F.);
#8179=EDGE_LOOP('',(#8175,#8176,#8177,#8178));
#8180=FACE_OUTER_BOUND('',#8179,.F.);
#8181=ADVANCED_FACE('',(#8180),#8174,.T.);
#8182=CARTESIAN_POINT('',(9.305E0,1.72E0,-3.85E0));
#8183=DIRECTION('',(1.E0,0.E0,0.E0));
#8184=DIRECTION('',(0.E0,0.E0,-1.E0));
#8185=AXIS2_PLACEMENT_3D('',#8182,#8183,#8184);
#8186=PLANE('',#8185);
#8188=ORIENTED_EDGE('',*,*,#8187,.T.);
#8189=ORIENTED_EDGE('',*,*,#7248,.T.);
#8190=ORIENTED_EDGE('',*,*,#6966,.T.);
#8192=ORIENTED_EDGE('',*,*,#8191,.F.);
#8193=EDGE_LOOP('',(#8188,#8189,#8190,#8192));
#8194=FACE_OUTER_BOUND('',#8193,.F.);
#8195=ADVANCED_FACE('',(#8194),#8186,.F.);
#8196=CARTESIAN_POINT('',(9.2E0,1.62E0,-3.85E0));
#8197=DIRECTION('',(0.E0,1.E0,0.E0));
#8198=DIRECTION('',(0.E0,0.E0,1.E0));
#8199=AXIS2_PLACEMENT_3D('',#8196,#8197,#8198);
#8200=PLANE('',#8199);
#8202=ORIENTED_EDGE('',*,*,#8201,.T.);
#8204=ORIENTED_EDGE('',*,*,#8203,.T.);
#8206=ORIENTED_EDGE('',*,*,#8205,.F.);
#8207=ORIENTED_EDGE('',*,*,#7250,.F.);
#8208=ORIENTED_EDGE('',*,*,#8187,.F.);
#8210=ORIENTED_EDGE('',*,*,#8209,.F.);
#8212=ORIENTED_EDGE('',*,*,#8211,.T.);
#8213=ORIENTED_EDGE('',*,*,#7258,.F.);
#8214=EDGE_LOOP('',(#8202,#8204,#8206,#8207,#8208,#8210,#8212,#8213));
#8215=FACE_OUTER_BOUND('',#8214,.F.);
#8216=ADVANCED_FACE('',(#8215),#8200,.T.);
#8217=CARTESIAN_POINT('',(9.105E0,1.06E0,-2.8E0));
#8218=DIRECTION('',(1.E0,0.E0,0.E0));
#8219=DIRECTION('',(0.E0,1.E0,0.E0));
#8220=AXIS2_PLACEMENT_3D('',#8217,#8218,#8219);
#8221=PLANE('',#8220);
#8222=ORIENTED_EDGE('',*,*,#6656,.T.);
#8224=ORIENTED_EDGE('',*,*,#8223,.T.);
#8226=ORIENTED_EDGE('',*,*,#8225,.T.);
#8228=ORIENTED_EDGE('',*,*,#8227,.T.);
#8229=EDGE_LOOP('',(#8222,#8224,#8226,#8228));
#8230=FACE_OUTER_BOUND('',#8229,.F.);
#8231=ADVANCED_FACE('',(#8230),#8221,.F.);
#8232=CARTESIAN_POINT('',(9.105E0,1.06E0,-2.8E0));
#8233=DIRECTION('',(1.E0,0.E0,0.E0));
#8234=DIRECTION('',(0.E0,1.E0,0.E0));
#8235=AXIS2_PLACEMENT_3D('',#8232,#8233,#8234);
#8236=PLANE('',#8235);
#8237=ORIENTED_EDGE('',*,*,#7256,.T.);
#8239=ORIENTED_EDGE('',*,*,#8238,.T.);
#8241=ORIENTED_EDGE('',*,*,#8240,.T.);
#8243=ORIENTED_EDGE('',*,*,#8242,.T.);
#8245=ORIENTED_EDGE('',*,*,#8244,.T.);
#8247=ORIENTED_EDGE('',*,*,#8246,.T.);
#8249=ORIENTED_EDGE('',*,*,#8248,.T.);
#8251=ORIENTED_EDGE('',*,*,#8250,.T.);
#8253=ORIENTED_EDGE('',*,*,#8252,.T.);
#8254=ORIENTED_EDGE('',*,*,#8201,.F.);
#8255=EDGE_LOOP('',(#8237,#8239,#8241,#8243,#8245,#8247,#8249,#8251,#8253,
#8254));
#8256=FACE_OUTER_BOUND('',#8255,.F.);
#8257=ADVANCED_FACE('',(#8256),#8236,.F.);
#8258=CARTESIAN_POINT('',(9.099593270859E0,1.349243459677E0,
-9.893449050845E-1));
#8259=DIRECTION('',(1.E0,0.E0,0.E0));
#8260=DIRECTION('',(0.E0,1.E0,0.E0));
#8261=AXIS2_PLACEMENT_3D('',#8258,#8259,#8260);
#8262=CYLINDRICAL_SURFACE('',#8261,3.E-1);
#8263=ORIENTED_EDGE('',*,*,#6662,.T.);
#8265=ORIENTED_EDGE('',*,*,#8264,.T.);
#8267=ORIENTED_EDGE('',*,*,#8266,.T.);
#8268=ORIENTED_EDGE('',*,*,#8223,.F.);
#8269=EDGE_LOOP('',(#8263,#8265,#8267,#8268));
#8270=FACE_OUTER_BOUND('',#8269,.F.);
#8271=ADVANCED_FACE('',(#8270),#8262,.T.);
#8272=CARTESIAN_POINT('',(9.295E0,1.06E0,-2.8E0));
#8273=DIRECTION('',(1.E0,0.E0,0.E0));
#8274=DIRECTION('',(0.E0,1.E0,0.E0));
#8275=AXIS2_PLACEMENT_3D('',#8272,#8273,#8274);
#8276=PLANE('',#8275);
#8277=ORIENTED_EDGE('',*,*,#6660,.F.);
#8279=ORIENTED_EDGE('',*,*,#8278,.F.);
#8281=ORIENTED_EDGE('',*,*,#8280,.F.);
#8282=ORIENTED_EDGE('',*,*,#8264,.F.);
#8283=EDGE_LOOP('',(#8277,#8279,#8281,#8282));
#8284=FACE_OUTER_BOUND('',#8283,.F.);
#8285=ADVANCED_FACE('',(#8284),#8276,.T.);
#8286=CARTESIAN_POINT('',(9.295E0,1.06E0,-2.8E0));
#8287=DIRECTION('',(1.E0,0.E0,0.E0));
#8288=DIRECTION('',(0.E0,1.E0,0.E0));
#8289=AXIS2_PLACEMENT_3D('',#8286,#8287,#8288);
#8290=PLANE('',#8289);
#8291=ORIENTED_EDGE('',*,*,#7252,.F.);
#8292=ORIENTED_EDGE('',*,*,#8205,.T.);
#8294=ORIENTED_EDGE('',*,*,#8293,.T.);
#8296=ORIENTED_EDGE('',*,*,#8295,.F.);
#8298=ORIENTED_EDGE('',*,*,#8297,.F.);
#8300=ORIENTED_EDGE('',*,*,#8299,.T.);
#8302=ORIENTED_EDGE('',*,*,#8301,.F.);
#8304=ORIENTED_EDGE('',*,*,#8303,.F.);
#8306=ORIENTED_EDGE('',*,*,#8305,.T.);
#8308=ORIENTED_EDGE('',*,*,#8307,.F.);
#8309=EDGE_LOOP('',(#8291,#8292,#8294,#8296,#8298,#8300,#8302,#8304,#8306,
#8308));
#8310=FACE_OUTER_BOUND('',#8309,.F.);
#8311=ADVANCED_FACE('',(#8310),#8290,.T.);
#8312=CARTESIAN_POINT('',(9.2E0,1.128400759486E0,-2.020110536160E0));
#8313=DIRECTION('',(0.E0,9.985927540074E-1,5.303311836814E-2));
#8314=DIRECTION('',(0.E0,5.303311836814E-2,-9.985927540074E-1));
#8315=AXIS2_PLACEMENT_3D('',#8312,#8313,#8314);
#8316=PLANE('',#8315);
#8317=ORIENTED_EDGE('',*,*,#6658,.T.);
#8318=ORIENTED_EDGE('',*,*,#8227,.F.);
#8320=ORIENTED_EDGE('',*,*,#8319,.F.);
#8321=ORIENTED_EDGE('',*,*,#8278,.T.);
#8322=EDGE_LOOP('',(#8317,#8318,#8320,#8321));
#8323=FACE_OUTER_BOUND('',#8322,.F.);
#8324=ADVANCED_FACE('',(#8323),#8316,.F.);
#8325=CARTESIAN_POINT('',(9.2E0,1.072671389431E0,-8.725951488022E-1));
#8326=DIRECTION('',(0.E0,9.063077870423E-1,-4.226182617286E-1));
#8327=DIRECTION('',(0.E0,-4.226182617286E-1,-9.063077870423E-1));
#8328=AXIS2_PLACEMENT_3D('',#8325,#8326,#8327);
#8329=PLANE('',#8328);
#8330=ORIENTED_EDGE('',*,*,#8319,.T.);
#8331=ORIENTED_EDGE('',*,*,#8225,.F.);
#8332=ORIENTED_EDGE('',*,*,#8266,.F.);
#8333=ORIENTED_EDGE('',*,*,#8280,.T.);
#8334=EDGE_LOOP('',(#8330,#8331,#8332,#8333));
#8335=FACE_OUTER_BOUND('',#8334,.F.);
#8336=ADVANCED_FACE('',(#8335),#8329,.F.);
#8337=CARTESIAN_POINT('',(9.2E0,1.611315326090E0,-4.09E0));
#8338=DIRECTION('',(0.E0,0.E0,1.E0));
#8339=DIRECTION('',(0.E0,-1.E0,0.E0));
#8340=AXIS2_PLACEMENT_3D('',#8337,#8338,#8339);
#8341=PLANE('',#8340);
#8342=ORIENTED_EDGE('',*,*,#8203,.F.);
#8343=ORIENTED_EDGE('',*,*,#8252,.F.);
#8345=ORIENTED_EDGE('',*,*,#8344,.F.);
#8346=ORIENTED_EDGE('',*,*,#8293,.F.);
#8347=EDGE_LOOP('',(#8342,#8343,#8345,#8346));
#8348=FACE_OUTER_BOUND('',#8347,.F.);
#8349=ADVANCED_FACE('',(#8348),#8341,.T.);
#8350=CARTESIAN_POINT('',(9.300406729141E0,1.732653242109E0,-4.19E0));
#8351=DIRECTION('',(-1.E0,0.E0,0.E0));
#8352=DIRECTION('',(0.E0,0.E0,1.E0));
#8353=AXIS2_PLACEMENT_3D('',#8350,#8351,#8352);
#8354=CYLINDRICAL_SURFACE('',#8353,1.E-1);
#8355=ORIENTED_EDGE('',*,*,#8250,.F.);
#8357=ORIENTED_EDGE('',*,*,#8356,.T.);
#8358=ORIENTED_EDGE('',*,*,#8295,.T.);
#8359=ORIENTED_EDGE('',*,*,#8344,.T.);
#8360=EDGE_LOOP('',(#8355,#8357,#8358,#8359));
#8361=FACE_OUTER_BOUND('',#8360,.F.);
#8362=ADVANCED_FACE('',(#8361),#8354,.T.);
#8363=CARTESIAN_POINT('',(9.2E0,1.851258097792E0,-4.542383202188E0));
#8364=DIRECTION('',(0.E0,9.986295347546E-1,5.233595624309E-2));
#8365=DIRECTION('',(0.E0,-5.233595624309E-2,9.986295347546E-1));
#8366=AXIS2_PLACEMENT_3D('',#8363,#8364,#8365);
#8367=PLANE('',#8366);
#8368=ORIENTED_EDGE('',*,*,#8356,.F.);
#8369=ORIENTED_EDGE('',*,*,#8248,.F.);
#8371=ORIENTED_EDGE('',*,*,#8370,.F.);
#8372=ORIENTED_EDGE('',*,*,#8297,.T.);
#8373=EDGE_LOOP('',(#8368,#8369,#8371,#8372));
#8374=FACE_OUTER_BOUND('',#8373,.F.);
#8375=ADVANCED_FACE('',(#8374),#8367,.T.);
#8376=CARTESIAN_POINT('',(9.2E0,1.77E0,-4.9E0));
#8377=DIRECTION('',(0.E0,0.E0,1.E0));
#8378=DIRECTION('',(0.E0,1.E0,0.E0));
#8379=AXIS2_PLACEMENT_3D('',#8376,#8377,#8378);
#8380=PLANE('',#8379);
#8381=ORIENTED_EDGE('',*,*,#8246,.F.);
#8383=ORIENTED_EDGE('',*,*,#8382,.F.);
#8384=ORIENTED_EDGE('',*,*,#8299,.F.);
#8385=ORIENTED_EDGE('',*,*,#8370,.T.);
#8386=EDGE_LOOP('',(#8381,#8383,#8384,#8385));
#8387=FACE_OUTER_BOUND('',#8386,.F.);
#8388=ADVANCED_FACE('',(#8387),#8380,.F.);
#8389=CARTESIAN_POINT('',(9.2E0,1.659381303582E0,-4.697383202188E0));
#8390=DIRECTION('',(0.E0,9.986295347546E-1,5.233595624285E-2));
#8391=DIRECTION('',(0.E0,5.233595624285E-2,-9.986295347546E-1));
#8392=AXIS2_PLACEMENT_3D('',#8389,#8390,#8391);
#8393=PLANE('',#8392);
#8395=ORIENTED_EDGE('',*,*,#8394,.T.);
#8396=ORIENTED_EDGE('',*,*,#8301,.T.);
#8397=ORIENTED_EDGE('',*,*,#8382,.T.);
#8398=ORIENTED_EDGE('',*,*,#8244,.F.);
#8399=EDGE_LOOP('',(#8395,#8396,#8397,#8398));
#8400=FACE_OUTER_BOUND('',#8399,.F.);
#8401=ADVANCED_FACE('',(#8400),#8393,.F.);
#8402=CARTESIAN_POINT('',(9.099593270859E0,1.548899653687E0,-4.5E0));
#8403=DIRECTION('',(1.E0,0.E0,0.E0));
#8404=DIRECTION('',(0.E0,9.986295347547E-1,5.233595624025E-2));
#8405=AXIS2_PLACEMENT_3D('',#8402,#8403,#8404);
#8406=CYLINDRICAL_SURFACE('',#8405,9.999999999953E-2);
#8407=ORIENTED_EDGE('',*,*,#8394,.F.);
#8408=ORIENTED_EDGE('',*,*,#8242,.F.);
#8410=ORIENTED_EDGE('',*,*,#8409,.F.);
#8411=ORIENTED_EDGE('',*,*,#8303,.T.);
#8412=EDGE_LOOP('',(#8407,#8408,#8410,#8411));
#8413=FACE_OUTER_BOUND('',#8412,.F.);
#8414=ADVANCED_FACE('',(#8413),#8406,.F.);
#8415=CARTESIAN_POINT('',(9.2E0,1.124449826844E0,-4.4E0));
#8416=DIRECTION('',(0.E0,0.E0,1.E0));
#8417=DIRECTION('',(0.E0,1.E0,0.E0));
#8418=AXIS2_PLACEMENT_3D('',#8415,#8416,#8417);
#8419=PLANE('',#8418);
#8421=ORIENTED_EDGE('',*,*,#8420,.F.);
#8422=ORIENTED_EDGE('',*,*,#8305,.F.);
#8423=ORIENTED_EDGE('',*,*,#8409,.T.);
#8424=ORIENTED_EDGE('',*,*,#8240,.F.);
#8425=EDGE_LOOP('',(#8421,#8422,#8423,#8424));
#8426=FACE_OUTER_BOUND('',#8425,.F.);
#8427=ADVANCED_FACE('',(#8426),#8419,.F.);
#8428=CARTESIAN_POINT('',(9.2E0,4.75E-1,-4.3E0));
#8429=DIRECTION('',(0.E0,4.061384660534E-1,9.138115486203E-1));
#8430=DIRECTION('',(0.E0,-9.138115486203E-1,4.061384660534E-1));
#8431=AXIS2_PLACEMENT_3D('',#8428,#8429,#8430);
#8432=PLANE('',#8431);
#8433=ORIENTED_EDGE('',*,*,#7254,.F.);
#8434=ORIENTED_EDGE('',*,*,#8307,.T.);
#8435=ORIENTED_EDGE('',*,*,#8420,.T.);
#8436=ORIENTED_EDGE('',*,*,#8238,.F.);
#8437=EDGE_LOOP('',(#8433,#8434,#8435,#8436));
#8438=FACE_OUTER_BOUND('',#8437,.F.);
#8439=ADVANCED_FACE('',(#8438),#8432,.F.);
#8440=CARTESIAN_POINT('',(9.2E0,1.72E0,-3.5E0));
#8441=DIRECTION('',(0.E0,0.E0,1.E0));
#8442=DIRECTION('',(0.E0,-1.E0,0.E0));
#8443=AXIS2_PLACEMENT_3D('',#8440,#8441,#8442);
#8444=PLANE('',#8443);
#8445=ORIENTED_EDGE('',*,*,#8209,.T.);
#8446=ORIENTED_EDGE('',*,*,#8191,.T.);
#8447=ORIENTED_EDGE('',*,*,#6964,.T.);
#8449=ORIENTED_EDGE('',*,*,#8448,.T.);
#8450=EDGE_LOOP('',(#8445,#8446,#8447,#8449));
#8451=FACE_OUTER_BOUND('',#8450,.F.);
#8452=ADVANCED_FACE('',(#8451),#8444,.F.);
#8453=CARTESIAN_POINT('',(9.095E0,1.72E0,-3.85E0));
#8454=DIRECTION('',(1.E0,0.E0,0.E0));
#8455=DIRECTION('',(0.E0,0.E0,-1.E0));
#8456=AXIS2_PLACEMENT_3D('',#8453,#8454,#8455);
#8457=PLANE('',#8456);
#8458=ORIENTED_EDGE('',*,*,#8211,.F.);
#8459=ORIENTED_EDGE('',*,*,#8448,.F.);
#8460=ORIENTED_EDGE('',*,*,#6962,.F.);
#8461=ORIENTED_EDGE('',*,*,#7260,.F.);
#8462=EDGE_LOOP('',(#8458,#8459,#8460,#8461));
#8463=FACE_OUTER_BOUND('',#8462,.F.);
#8464=ADVANCED_FACE('',(#8463),#8457,.T.);
#8465=CARTESIAN_POINT('',(8.805E0,1.72E0,-3.85E0));
#8466=DIRECTION('',(1.E0,0.E0,0.E0));
#8467=DIRECTION('',(0.E0,0.E0,-1.E0));
#8468=AXIS2_PLACEMENT_3D('',#8465,#8466,#8467);
#8469=PLANE('',#8468);
#8471=ORIENTED_EDGE('',*,*,#8470,.T.);
#8472=ORIENTED_EDGE('',*,*,#7263,.T.);
#8473=ORIENTED_EDGE('',*,*,#6958,.T.);
#8475=ORIENTED_EDGE('',*,*,#8474,.T.);
#8476=EDGE_LOOP('',(#8471,#8472,#8473,#8475));
#8477=FACE_OUTER_BOUND('',#8476,.F.);
#8478=ADVANCED_FACE('',(#8477),#8469,.F.);
#8479=CARTESIAN_POINT('',(8.7E0,1.62E0,-3.85E0));
#8480=DIRECTION('',(0.E0,1.E0,0.E0));
#8481=DIRECTION('',(0.E0,0.E0,1.E0));
#8482=AXIS2_PLACEMENT_3D('',#8479,#8480,#8481);
#8483=PLANE('',#8482);
#8485=ORIENTED_EDGE('',*,*,#8484,.T.);
#8487=ORIENTED_EDGE('',*,*,#8486,.T.);
#8489=ORIENTED_EDGE('',*,*,#8488,.F.);
#8490=ORIENTED_EDGE('',*,*,#7265,.F.);
#8491=ORIENTED_EDGE('',*,*,#8470,.F.);
#8493=ORIENTED_EDGE('',*,*,#8492,.F.);
#8495=ORIENTED_EDGE('',*,*,#8494,.T.);
#8496=ORIENTED_EDGE('',*,*,#7273,.F.);
#8497=EDGE_LOOP('',(#8485,#8487,#8489,#8490,#8491,#8493,#8495,#8496));
#8498=FACE_OUTER_BOUND('',#8497,.F.);
#8499=ADVANCED_FACE('',(#8498),#8483,.T.);
#8500=CARTESIAN_POINT('',(8.605E0,1.06E0,-2.8E0));
#8501=DIRECTION('',(1.E0,0.E0,0.E0));
#8502=DIRECTION('',(0.E0,1.E0,0.E0));
#8503=AXIS2_PLACEMENT_3D('',#8500,#8501,#8502);
#8504=PLANE('',#8503);
#8505=ORIENTED_EDGE('',*,*,#6666,.T.);
#8507=ORIENTED_EDGE('',*,*,#8506,.T.);
#8509=ORIENTED_EDGE('',*,*,#8508,.T.);
#8511=ORIENTED_EDGE('',*,*,#8510,.T.);
#8512=EDGE_LOOP('',(#8505,#8507,#8509,#8511));
#8513=FACE_OUTER_BOUND('',#8512,.F.);
#8514=ADVANCED_FACE('',(#8513),#8504,.F.);
#8515=CARTESIAN_POINT('',(8.605E0,1.06E0,-2.8E0));
#8516=DIRECTION('',(1.E0,0.E0,0.E0));
#8517=DIRECTION('',(0.E0,1.E0,0.E0));
#8518=AXIS2_PLACEMENT_3D('',#8515,#8516,#8517);
#8519=PLANE('',#8518);
#8520=ORIENTED_EDGE('',*,*,#7271,.T.);
#8522=ORIENTED_EDGE('',*,*,#8521,.T.);
#8524=ORIENTED_EDGE('',*,*,#8523,.T.);
#8526=ORIENTED_EDGE('',*,*,#8525,.T.);
#8528=ORIENTED_EDGE('',*,*,#8527,.T.);
#8530=ORIENTED_EDGE('',*,*,#8529,.T.);
#8532=ORIENTED_EDGE('',*,*,#8531,.T.);
#8534=ORIENTED_EDGE('',*,*,#8533,.T.);
#8536=ORIENTED_EDGE('',*,*,#8535,.T.);
#8537=ORIENTED_EDGE('',*,*,#8484,.F.);
#8538=EDGE_LOOP('',(#8520,#8522,#8524,#8526,#8528,#8530,#8532,#8534,#8536,
#8537));
#8539=FACE_OUTER_BOUND('',#8538,.F.);
#8540=ADVANCED_FACE('',(#8539),#8519,.F.);
#8541=CARTESIAN_POINT('',(8.599593270859E0,1.349243459677E0,
-9.893449050845E-1));
#8542=DIRECTION('',(1.E0,0.E0,0.E0));
#8543=DIRECTION('',(0.E0,1.E0,0.E0));
#8544=AXIS2_PLACEMENT_3D('',#8541,#8542,#8543);
#8545=CYLINDRICAL_SURFACE('',#8544,3.E-1);
#8546=ORIENTED_EDGE('',*,*,#6672,.T.);
#8548=ORIENTED_EDGE('',*,*,#8547,.T.);
#8550=ORIENTED_EDGE('',*,*,#8549,.T.);
#8551=ORIENTED_EDGE('',*,*,#8506,.F.);
#8552=EDGE_LOOP('',(#8546,#8548,#8550,#8551));
#8553=FACE_OUTER_BOUND('',#8552,.F.);
#8554=ADVANCED_FACE('',(#8553),#8545,.T.);
#8555=CARTESIAN_POINT('',(8.795E0,1.06E0,-2.8E0));
#8556=DIRECTION('',(1.E0,0.E0,0.E0));
#8557=DIRECTION('',(0.E0,1.E0,0.E0));
#8558=AXIS2_PLACEMENT_3D('',#8555,#8556,#8557);
#8559=PLANE('',#8558);
#8560=ORIENTED_EDGE('',*,*,#6670,.F.);
#8562=ORIENTED_EDGE('',*,*,#8561,.F.);
#8564=ORIENTED_EDGE('',*,*,#8563,.F.);
#8565=ORIENTED_EDGE('',*,*,#8547,.F.);
#8566=EDGE_LOOP('',(#8560,#8562,#8564,#8565));
#8567=FACE_OUTER_BOUND('',#8566,.F.);
#8568=ADVANCED_FACE('',(#8567),#8559,.T.);
#8569=CARTESIAN_POINT('',(8.795E0,1.06E0,-2.8E0));
#8570=DIRECTION('',(1.E0,0.E0,0.E0));
#8571=DIRECTION('',(0.E0,1.E0,0.E0));
#8572=AXIS2_PLACEMENT_3D('',#8569,#8570,#8571);
#8573=PLANE('',#8572);
#8574=ORIENTED_EDGE('',*,*,#7267,.F.);
#8575=ORIENTED_EDGE('',*,*,#8488,.T.);
#8577=ORIENTED_EDGE('',*,*,#8576,.T.);
#8579=ORIENTED_EDGE('',*,*,#8578,.F.);
#8581=ORIENTED_EDGE('',*,*,#8580,.F.);
#8583=ORIENTED_EDGE('',*,*,#8582,.T.);
#8585=ORIENTED_EDGE('',*,*,#8584,.F.);
#8587=ORIENTED_EDGE('',*,*,#8586,.F.);
#8589=ORIENTED_EDGE('',*,*,#8588,.T.);
#8591=ORIENTED_EDGE('',*,*,#8590,.F.);
#8592=EDGE_LOOP('',(#8574,#8575,#8577,#8579,#8581,#8583,#8585,#8587,#8589,
#8591));
#8593=FACE_OUTER_BOUND('',#8592,.F.);
#8594=ADVANCED_FACE('',(#8593),#8573,.T.);
#8595=CARTESIAN_POINT('',(8.7E0,1.128400759486E0,-2.020110536160E0));
#8596=DIRECTION('',(0.E0,9.985927540074E-1,5.303311836814E-2));
#8597=DIRECTION('',(0.E0,5.303311836814E-2,-9.985927540074E-1));
#8598=AXIS2_PLACEMENT_3D('',#8595,#8596,#8597);
#8599=PLANE('',#8598);
#8600=ORIENTED_EDGE('',*,*,#6668,.T.);
#8601=ORIENTED_EDGE('',*,*,#8510,.F.);
#8603=ORIENTED_EDGE('',*,*,#8602,.F.);
#8604=ORIENTED_EDGE('',*,*,#8561,.T.);
#8605=EDGE_LOOP('',(#8600,#8601,#8603,#8604));
#8606=FACE_OUTER_BOUND('',#8605,.F.);
#8607=ADVANCED_FACE('',(#8606),#8599,.F.);
#8608=CARTESIAN_POINT('',(8.7E0,1.072671389431E0,-8.725951488022E-1));
#8609=DIRECTION('',(0.E0,9.063077870423E-1,-4.226182617286E-1));
#8610=DIRECTION('',(0.E0,-4.226182617286E-1,-9.063077870423E-1));
#8611=AXIS2_PLACEMENT_3D('',#8608,#8609,#8610);
#8612=PLANE('',#8611);
#8613=ORIENTED_EDGE('',*,*,#8602,.T.);
#8614=ORIENTED_EDGE('',*,*,#8508,.F.);
#8615=ORIENTED_EDGE('',*,*,#8549,.F.);
#8616=ORIENTED_EDGE('',*,*,#8563,.T.);
#8617=EDGE_LOOP('',(#8613,#8614,#8615,#8616));
#8618=FACE_OUTER_BOUND('',#8617,.F.);
#8619=ADVANCED_FACE('',(#8618),#8612,.F.);
#8620=CARTESIAN_POINT('',(8.7E0,1.611315326090E0,-4.09E0));
#8621=DIRECTION('',(0.E0,0.E0,1.E0));
#8622=DIRECTION('',(0.E0,-1.E0,0.E0));
#8623=AXIS2_PLACEMENT_3D('',#8620,#8621,#8622);
#8624=PLANE('',#8623);
#8625=ORIENTED_EDGE('',*,*,#8486,.F.);
#8626=ORIENTED_EDGE('',*,*,#8535,.F.);
#8628=ORIENTED_EDGE('',*,*,#8627,.F.);
#8629=ORIENTED_EDGE('',*,*,#8576,.F.);
#8630=EDGE_LOOP('',(#8625,#8626,#8628,#8629));
#8631=FACE_OUTER_BOUND('',#8630,.F.);
#8632=ADVANCED_FACE('',(#8631),#8624,.T.);
#8633=CARTESIAN_POINT('',(8.800406729141E0,1.732653242109E0,-4.19E0));
#8634=DIRECTION('',(-1.E0,0.E0,0.E0));
#8635=DIRECTION('',(0.E0,0.E0,1.E0));
#8636=AXIS2_PLACEMENT_3D('',#8633,#8634,#8635);
#8637=CYLINDRICAL_SURFACE('',#8636,1.E-1);
#8638=ORIENTED_EDGE('',*,*,#8533,.F.);
#8640=ORIENTED_EDGE('',*,*,#8639,.T.);
#8641=ORIENTED_EDGE('',*,*,#8578,.T.);
#8642=ORIENTED_EDGE('',*,*,#8627,.T.);
#8643=EDGE_LOOP('',(#8638,#8640,#8641,#8642));
#8644=FACE_OUTER_BOUND('',#8643,.F.);
#8645=ADVANCED_FACE('',(#8644),#8637,.T.);
#8646=CARTESIAN_POINT('',(8.7E0,1.851258097792E0,-4.542383202188E0));
#8647=DIRECTION('',(0.E0,9.986295347546E-1,5.233595624309E-2));
#8648=DIRECTION('',(0.E0,-5.233595624309E-2,9.986295347546E-1));
#8649=AXIS2_PLACEMENT_3D('',#8646,#8647,#8648);
#8650=PLANE('',#8649);
#8651=ORIENTED_EDGE('',*,*,#8639,.F.);
#8652=ORIENTED_EDGE('',*,*,#8531,.F.);
#8654=ORIENTED_EDGE('',*,*,#8653,.F.);
#8655=ORIENTED_EDGE('',*,*,#8580,.T.);
#8656=EDGE_LOOP('',(#8651,#8652,#8654,#8655));
#8657=FACE_OUTER_BOUND('',#8656,.F.);
#8658=ADVANCED_FACE('',(#8657),#8650,.T.);
#8659=CARTESIAN_POINT('',(8.7E0,1.77E0,-4.9E0));
#8660=DIRECTION('',(0.E0,0.E0,1.E0));
#8661=DIRECTION('',(0.E0,1.E0,0.E0));
#8662=AXIS2_PLACEMENT_3D('',#8659,#8660,#8661);
#8663=PLANE('',#8662);
#8664=ORIENTED_EDGE('',*,*,#8529,.F.);
#8666=ORIENTED_EDGE('',*,*,#8665,.F.);
#8667=ORIENTED_EDGE('',*,*,#8582,.F.);
#8668=ORIENTED_EDGE('',*,*,#8653,.T.);
#8669=EDGE_LOOP('',(#8664,#8666,#8667,#8668));
#8670=FACE_OUTER_BOUND('',#8669,.F.);
#8671=ADVANCED_FACE('',(#8670),#8663,.F.);
#8672=CARTESIAN_POINT('',(8.7E0,1.659381303582E0,-4.697383202188E0));
#8673=DIRECTION('',(0.E0,9.986295347546E-1,5.233595624285E-2));
#8674=DIRECTION('',(0.E0,5.233595624285E-2,-9.986295347546E-1));
#8675=AXIS2_PLACEMENT_3D('',#8672,#8673,#8674);
#8676=PLANE('',#8675);
#8678=ORIENTED_EDGE('',*,*,#8677,.T.);
#8679=ORIENTED_EDGE('',*,*,#8584,.T.);
#8680=ORIENTED_EDGE('',*,*,#8665,.T.);
#8681=ORIENTED_EDGE('',*,*,#8527,.F.);
#8682=EDGE_LOOP('',(#8678,#8679,#8680,#8681));
#8683=FACE_OUTER_BOUND('',#8682,.F.);
#8684=ADVANCED_FACE('',(#8683),#8676,.F.);
#8685=CARTESIAN_POINT('',(8.599593270859E0,1.548899653687E0,-4.5E0));
#8686=DIRECTION('',(1.E0,0.E0,0.E0));
#8687=DIRECTION('',(0.E0,9.986295347547E-1,5.233595624025E-2));
#8688=AXIS2_PLACEMENT_3D('',#8685,#8686,#8687);
#8689=CYLINDRICAL_SURFACE('',#8688,9.999999999953E-2);
#8690=ORIENTED_EDGE('',*,*,#8677,.F.);
#8691=ORIENTED_EDGE('',*,*,#8525,.F.);
#8693=ORIENTED_EDGE('',*,*,#8692,.F.);
#8694=ORIENTED_EDGE('',*,*,#8586,.T.);
#8695=EDGE_LOOP('',(#8690,#8691,#8693,#8694));
#8696=FACE_OUTER_BOUND('',#8695,.F.);
#8697=ADVANCED_FACE('',(#8696),#8689,.F.);
#8698=CARTESIAN_POINT('',(8.7E0,1.124449826844E0,-4.4E0));
#8699=DIRECTION('',(0.E0,0.E0,1.E0));
#8700=DIRECTION('',(0.E0,1.E0,0.E0));
#8701=AXIS2_PLACEMENT_3D('',#8698,#8699,#8700);
#8702=PLANE('',#8701);
#8704=ORIENTED_EDGE('',*,*,#8703,.F.);
#8705=ORIENTED_EDGE('',*,*,#8588,.F.);
#8706=ORIENTED_EDGE('',*,*,#8692,.T.);
#8707=ORIENTED_EDGE('',*,*,#8523,.F.);
#8708=EDGE_LOOP('',(#8704,#8705,#8706,#8707));
#8709=FACE_OUTER_BOUND('',#8708,.F.);
#8710=ADVANCED_FACE('',(#8709),#8702,.F.);
#8711=CARTESIAN_POINT('',(8.7E0,4.75E-1,-4.3E0));
#8712=DIRECTION('',(0.E0,4.061384660534E-1,9.138115486203E-1));
#8713=DIRECTION('',(0.E0,-9.138115486203E-1,4.061384660534E-1));
#8714=AXIS2_PLACEMENT_3D('',#8711,#8712,#8713);
#8715=PLANE('',#8714);
#8716=ORIENTED_EDGE('',*,*,#7269,.F.);
#8717=ORIENTED_EDGE('',*,*,#8590,.T.);
#8718=ORIENTED_EDGE('',*,*,#8703,.T.);
#8719=ORIENTED_EDGE('',*,*,#8521,.F.);
#8720=EDGE_LOOP('',(#8716,#8717,#8718,#8719));
#8721=FACE_OUTER_BOUND('',#8720,.F.);
#8722=ADVANCED_FACE('',(#8721),#8715,.F.);
#8723=CARTESIAN_POINT('',(8.7E0,1.72E0,-3.5E0));
#8724=DIRECTION('',(0.E0,0.E0,1.E0));
#8725=DIRECTION('',(0.E0,-1.E0,0.E0));
#8726=AXIS2_PLACEMENT_3D('',#8723,#8724,#8725);
#8727=PLANE('',#8726);
#8728=ORIENTED_EDGE('',*,*,#8474,.F.);
#8729=ORIENTED_EDGE('',*,*,#6956,.T.);
#8731=ORIENTED_EDGE('',*,*,#8730,.T.);
#8732=ORIENTED_EDGE('',*,*,#8492,.T.);
#8733=EDGE_LOOP('',(#8728,#8729,#8731,#8732));
#8734=FACE_OUTER_BOUND('',#8733,.F.);
#8735=ADVANCED_FACE('',(#8734),#8727,.F.);
#8736=CARTESIAN_POINT('',(8.595E0,1.72E0,-3.85E0));
#8737=DIRECTION('',(1.E0,0.E0,0.E0));
#8738=DIRECTION('',(0.E0,0.E0,-1.E0));
#8739=AXIS2_PLACEMENT_3D('',#8736,#8737,#8738);
#8740=PLANE('',#8739);
#8741=ORIENTED_EDGE('',*,*,#8494,.F.);
#8742=ORIENTED_EDGE('',*,*,#8730,.F.);
#8743=ORIENTED_EDGE('',*,*,#6954,.F.);
#8744=ORIENTED_EDGE('',*,*,#7275,.F.);
#8745=EDGE_LOOP('',(#8741,#8742,#8743,#8744));
#8746=FACE_OUTER_BOUND('',#8745,.F.);
#8747=ADVANCED_FACE('',(#8746),#8740,.T.);
#8748=CARTESIAN_POINT('',(8.305E0,1.72E0,-3.85E0));
#8749=DIRECTION('',(1.E0,0.E0,0.E0));
#8750=DIRECTION('',(0.E0,0.E0,-1.E0));
#8751=AXIS2_PLACEMENT_3D('',#8748,#8749,#8750);
#8752=PLANE('',#8751);
#8754=ORIENTED_EDGE('',*,*,#8753,.T.);
#8755=ORIENTED_EDGE('',*,*,#7278,.T.);
#8756=ORIENTED_EDGE('',*,*,#6950,.T.);
#8758=ORIENTED_EDGE('',*,*,#8757,.T.);
#8759=EDGE_LOOP('',(#8754,#8755,#8756,#8758));
#8760=FACE_OUTER_BOUND('',#8759,.F.);
#8761=ADVANCED_FACE('',(#8760),#8752,.F.);
#8762=CARTESIAN_POINT('',(8.2E0,1.62E0,-3.85E0));
#8763=DIRECTION('',(0.E0,1.E0,0.E0));
#8764=DIRECTION('',(0.E0,0.E0,1.E0));
#8765=AXIS2_PLACEMENT_3D('',#8762,#8763,#8764);
#8766=PLANE('',#8765);
#8768=ORIENTED_EDGE('',*,*,#8767,.T.);
#8770=ORIENTED_EDGE('',*,*,#8769,.T.);
#8772=ORIENTED_EDGE('',*,*,#8771,.F.);
#8773=ORIENTED_EDGE('',*,*,#7280,.F.);
#8774=ORIENTED_EDGE('',*,*,#8753,.F.);
#8776=ORIENTED_EDGE('',*,*,#8775,.F.);
#8778=ORIENTED_EDGE('',*,*,#8777,.T.);
#8779=ORIENTED_EDGE('',*,*,#7288,.F.);
#8780=EDGE_LOOP('',(#8768,#8770,#8772,#8773,#8774,#8776,#8778,#8779));
#8781=FACE_OUTER_BOUND('',#8780,.F.);
#8782=ADVANCED_FACE('',(#8781),#8766,.T.);
#8783=CARTESIAN_POINT('',(8.105E0,1.06E0,-2.8E0));
#8784=DIRECTION('',(1.E0,0.E0,0.E0));
#8785=DIRECTION('',(0.E0,1.E0,0.E0));
#8786=AXIS2_PLACEMENT_3D('',#8783,#8784,#8785);
#8787=PLANE('',#8786);
#8788=ORIENTED_EDGE('',*,*,#6676,.T.);
#8790=ORIENTED_EDGE('',*,*,#8789,.T.);
#8792=ORIENTED_EDGE('',*,*,#8791,.T.);
#8794=ORIENTED_EDGE('',*,*,#8793,.T.);
#8795=EDGE_LOOP('',(#8788,#8790,#8792,#8794));
#8796=FACE_OUTER_BOUND('',#8795,.F.);
#8797=ADVANCED_FACE('',(#8796),#8787,.F.);
#8798=CARTESIAN_POINT('',(8.105E0,1.06E0,-2.8E0));
#8799=DIRECTION('',(1.E0,0.E0,0.E0));
#8800=DIRECTION('',(0.E0,1.E0,0.E0));
#8801=AXIS2_PLACEMENT_3D('',#8798,#8799,#8800);
#8802=PLANE('',#8801);
#8803=ORIENTED_EDGE('',*,*,#7286,.T.);
#8805=ORIENTED_EDGE('',*,*,#8804,.T.);
#8807=ORIENTED_EDGE('',*,*,#8806,.T.);
#8809=ORIENTED_EDGE('',*,*,#8808,.T.);
#8811=ORIENTED_EDGE('',*,*,#8810,.T.);
#8813=ORIENTED_EDGE('',*,*,#8812,.T.);
#8815=ORIENTED_EDGE('',*,*,#8814,.T.);
#8817=ORIENTED_EDGE('',*,*,#8816,.T.);
#8819=ORIENTED_EDGE('',*,*,#8818,.T.);
#8820=ORIENTED_EDGE('',*,*,#8767,.F.);
#8821=EDGE_LOOP('',(#8803,#8805,#8807,#8809,#8811,#8813,#8815,#8817,#8819,
#8820));
#8822=FACE_OUTER_BOUND('',#8821,.F.);
#8823=ADVANCED_FACE('',(#8822),#8802,.F.);
#8824=CARTESIAN_POINT('',(8.099593270859E0,1.349243459677E0,
-9.893449050845E-1));
#8825=DIRECTION('',(1.E0,0.E0,0.E0));
#8826=DIRECTION('',(0.E0,1.E0,0.E0));
#8827=AXIS2_PLACEMENT_3D('',#8824,#8825,#8826);
#8828=CYLINDRICAL_SURFACE('',#8827,3.E-1);
#8829=ORIENTED_EDGE('',*,*,#6682,.T.);
#8831=ORIENTED_EDGE('',*,*,#8830,.T.);
#8833=ORIENTED_EDGE('',*,*,#8832,.T.);
#8834=ORIENTED_EDGE('',*,*,#8789,.F.);
#8835=EDGE_LOOP('',(#8829,#8831,#8833,#8834));
#8836=FACE_OUTER_BOUND('',#8835,.F.);
#8837=ADVANCED_FACE('',(#8836),#8828,.T.);
#8838=CARTESIAN_POINT('',(8.295E0,1.06E0,-2.8E0));
#8839=DIRECTION('',(1.E0,0.E0,0.E0));
#8840=DIRECTION('',(0.E0,1.E0,0.E0));
#8841=AXIS2_PLACEMENT_3D('',#8838,#8839,#8840);
#8842=PLANE('',#8841);
#8843=ORIENTED_EDGE('',*,*,#6680,.F.);
#8845=ORIENTED_EDGE('',*,*,#8844,.F.);
#8847=ORIENTED_EDGE('',*,*,#8846,.F.);
#8848=ORIENTED_EDGE('',*,*,#8830,.F.);
#8849=EDGE_LOOP('',(#8843,#8845,#8847,#8848));
#8850=FACE_OUTER_BOUND('',#8849,.F.);
#8851=ADVANCED_FACE('',(#8850),#8842,.T.);
#8852=CARTESIAN_POINT('',(8.295E0,1.06E0,-2.8E0));
#8853=DIRECTION('',(1.E0,0.E0,0.E0));
#8854=DIRECTION('',(0.E0,1.E0,0.E0));
#8855=AXIS2_PLACEMENT_3D('',#8852,#8853,#8854);
#8856=PLANE('',#8855);
#8857=ORIENTED_EDGE('',*,*,#7282,.F.);
#8858=ORIENTED_EDGE('',*,*,#8771,.T.);
#8860=ORIENTED_EDGE('',*,*,#8859,.T.);
#8862=ORIENTED_EDGE('',*,*,#8861,.F.);
#8864=ORIENTED_EDGE('',*,*,#8863,.F.);
#8866=ORIENTED_EDGE('',*,*,#8865,.T.);
#8868=ORIENTED_EDGE('',*,*,#8867,.F.);
#8870=ORIENTED_EDGE('',*,*,#8869,.F.);
#8872=ORIENTED_EDGE('',*,*,#8871,.T.);
#8874=ORIENTED_EDGE('',*,*,#8873,.F.);
#8875=EDGE_LOOP('',(#8857,#8858,#8860,#8862,#8864,#8866,#8868,#8870,#8872,
#8874));
#8876=FACE_OUTER_BOUND('',#8875,.F.);
#8877=ADVANCED_FACE('',(#8876),#8856,.T.);
#8878=CARTESIAN_POINT('',(8.2E0,1.128400759486E0,-2.020110536160E0));
#8879=DIRECTION('',(0.E0,9.985927540074E-1,5.303311836814E-2));
#8880=DIRECTION('',(0.E0,5.303311836814E-2,-9.985927540074E-1));
#8881=AXIS2_PLACEMENT_3D('',#8878,#8879,#8880);
#8882=PLANE('',#8881);
#8883=ORIENTED_EDGE('',*,*,#6678,.T.);
#8884=ORIENTED_EDGE('',*,*,#8793,.F.);
#8886=ORIENTED_EDGE('',*,*,#8885,.F.);
#8887=ORIENTED_EDGE('',*,*,#8844,.T.);
#8888=EDGE_LOOP('',(#8883,#8884,#8886,#8887));
#8889=FACE_OUTER_BOUND('',#8888,.F.);
#8890=ADVANCED_FACE('',(#8889),#8882,.F.);
#8891=CARTESIAN_POINT('',(8.2E0,1.072671389431E0,-8.725951488022E-1));
#8892=DIRECTION('',(0.E0,9.063077870423E-1,-4.226182617286E-1));
#8893=DIRECTION('',(0.E0,-4.226182617286E-1,-9.063077870423E-1));
#8894=AXIS2_PLACEMENT_3D('',#8891,#8892,#8893);
#8895=PLANE('',#8894);
#8896=ORIENTED_EDGE('',*,*,#8885,.T.);
#8897=ORIENTED_EDGE('',*,*,#8791,.F.);
#8898=ORIENTED_EDGE('',*,*,#8832,.F.);
#8899=ORIENTED_EDGE('',*,*,#8846,.T.);
#8900=EDGE_LOOP('',(#8896,#8897,#8898,#8899));
#8901=FACE_OUTER_BOUND('',#8900,.F.);
#8902=ADVANCED_FACE('',(#8901),#8895,.F.);
#8903=CARTESIAN_POINT('',(8.2E0,1.611315326090E0,-4.09E0));
#8904=DIRECTION('',(0.E0,0.E0,1.E0));
#8905=DIRECTION('',(0.E0,-1.E0,0.E0));
#8906=AXIS2_PLACEMENT_3D('',#8903,#8904,#8905);
#8907=PLANE('',#8906);
#8908=ORIENTED_EDGE('',*,*,#8769,.F.);
#8909=ORIENTED_EDGE('',*,*,#8818,.F.);
#8911=ORIENTED_EDGE('',*,*,#8910,.F.);
#8912=ORIENTED_EDGE('',*,*,#8859,.F.);
#8913=EDGE_LOOP('',(#8908,#8909,#8911,#8912));
#8914=FACE_OUTER_BOUND('',#8913,.F.);
#8915=ADVANCED_FACE('',(#8914),#8907,.T.);
#8916=CARTESIAN_POINT('',(8.300406729141E0,1.732653242109E0,-4.19E0));
#8917=DIRECTION('',(-1.E0,0.E0,0.E0));
#8918=DIRECTION('',(0.E0,0.E0,1.E0));
#8919=AXIS2_PLACEMENT_3D('',#8916,#8917,#8918);
#8920=CYLINDRICAL_SURFACE('',#8919,1.E-1);
#8921=ORIENTED_EDGE('',*,*,#8816,.F.);
#8923=ORIENTED_EDGE('',*,*,#8922,.T.);
#8924=ORIENTED_EDGE('',*,*,#8861,.T.);
#8925=ORIENTED_EDGE('',*,*,#8910,.T.);
#8926=EDGE_LOOP('',(#8921,#8923,#8924,#8925));
#8927=FACE_OUTER_BOUND('',#8926,.F.);
#8928=ADVANCED_FACE('',(#8927),#8920,.T.);
#8929=CARTESIAN_POINT('',(8.2E0,1.851258097792E0,-4.542383202188E0));
#8930=DIRECTION('',(0.E0,9.986295347546E-1,5.233595624309E-2));
#8931=DIRECTION('',(0.E0,-5.233595624309E-2,9.986295347546E-1));
#8932=AXIS2_PLACEMENT_3D('',#8929,#8930,#8931);
#8933=PLANE('',#8932);
#8934=ORIENTED_EDGE('',*,*,#8922,.F.);
#8935=ORIENTED_EDGE('',*,*,#8814,.F.);
#8937=ORIENTED_EDGE('',*,*,#8936,.F.);
#8938=ORIENTED_EDGE('',*,*,#8863,.T.);
#8939=EDGE_LOOP('',(#8934,#8935,#8937,#8938));
#8940=FACE_OUTER_BOUND('',#8939,.F.);
#8941=ADVANCED_FACE('',(#8940),#8933,.T.);
#8942=CARTESIAN_POINT('',(8.2E0,1.77E0,-4.9E0));
#8943=DIRECTION('',(0.E0,0.E0,1.E0));
#8944=DIRECTION('',(0.E0,1.E0,0.E0));
#8945=AXIS2_PLACEMENT_3D('',#8942,#8943,#8944);
#8946=PLANE('',#8945);
#8947=ORIENTED_EDGE('',*,*,#8812,.F.);
#8949=ORIENTED_EDGE('',*,*,#8948,.F.);
#8950=ORIENTED_EDGE('',*,*,#8865,.F.);
#8951=ORIENTED_EDGE('',*,*,#8936,.T.);
#8952=EDGE_LOOP('',(#8947,#8949,#8950,#8951));
#8953=FACE_OUTER_BOUND('',#8952,.F.);
#8954=ADVANCED_FACE('',(#8953),#8946,.F.);
#8955=CARTESIAN_POINT('',(8.2E0,1.659381303582E0,-4.697383202188E0));
#8956=DIRECTION('',(0.E0,9.986295347546E-1,5.233595624285E-2));
#8957=DIRECTION('',(0.E0,5.233595624285E-2,-9.986295347546E-1));
#8958=AXIS2_PLACEMENT_3D('',#8955,#8956,#8957);
#8959=PLANE('',#8958);
#8961=ORIENTED_EDGE('',*,*,#8960,.T.);
#8962=ORIENTED_EDGE('',*,*,#8867,.T.);
#8963=ORIENTED_EDGE('',*,*,#8948,.T.);
#8964=ORIENTED_EDGE('',*,*,#8810,.F.);
#8965=EDGE_LOOP('',(#8961,#8962,#8963,#8964));
#8966=FACE_OUTER_BOUND('',#8965,.F.);
#8967=ADVANCED_FACE('',(#8966),#8959,.F.);
#8968=CARTESIAN_POINT('',(8.099593270859E0,1.548899653687E0,-4.5E0));
#8969=DIRECTION('',(1.E0,0.E0,0.E0));
#8970=DIRECTION('',(0.E0,9.986295347547E-1,5.233595624025E-2));
#8971=AXIS2_PLACEMENT_3D('',#8968,#8969,#8970);
#8972=CYLINDRICAL_SURFACE('',#8971,9.999999999953E-2);
#8973=ORIENTED_EDGE('',*,*,#8960,.F.);
#8974=ORIENTED_EDGE('',*,*,#8808,.F.);
#8976=ORIENTED_EDGE('',*,*,#8975,.F.);
#8977=ORIENTED_EDGE('',*,*,#8869,.T.);
#8978=EDGE_LOOP('',(#8973,#8974,#8976,#8977));
#8979=FACE_OUTER_BOUND('',#8978,.F.);
#8980=ADVANCED_FACE('',(#8979),#8972,.F.);
#8981=CARTESIAN_POINT('',(8.2E0,1.124449826844E0,-4.4E0));
#8982=DIRECTION('',(0.E0,0.E0,1.E0));
#8983=DIRECTION('',(0.E0,1.E0,0.E0));
#8984=AXIS2_PLACEMENT_3D('',#8981,#8982,#8983);
#8985=PLANE('',#8984);
#8987=ORIENTED_EDGE('',*,*,#8986,.F.);
#8988=ORIENTED_EDGE('',*,*,#8871,.F.);
#8989=ORIENTED_EDGE('',*,*,#8975,.T.);
#8990=ORIENTED_EDGE('',*,*,#8806,.F.);
#8991=EDGE_LOOP('',(#8987,#8988,#8989,#8990));
#8992=FACE_OUTER_BOUND('',#8991,.F.);
#8993=ADVANCED_FACE('',(#8992),#8985,.F.);
#8994=CARTESIAN_POINT('',(8.2E0,4.75E-1,-4.3E0));
#8995=DIRECTION('',(0.E0,4.061384660534E-1,9.138115486203E-1));
#8996=DIRECTION('',(0.E0,-9.138115486203E-1,4.061384660534E-1));
#8997=AXIS2_PLACEMENT_3D('',#8994,#8995,#8996);
#8998=PLANE('',#8997);
#8999=ORIENTED_EDGE('',*,*,#7284,.F.);
#9000=ORIENTED_EDGE('',*,*,#8873,.T.);
#9001=ORIENTED_EDGE('',*,*,#8986,.T.);
#9002=ORIENTED_EDGE('',*,*,#8804,.F.);
#9003=EDGE_LOOP('',(#8999,#9000,#9001,#9002));
#9004=FACE_OUTER_BOUND('',#9003,.F.);
#9005=ADVANCED_FACE('',(#9004),#8998,.F.);
#9006=CARTESIAN_POINT('',(8.2E0,1.72E0,-3.5E0));
#9007=DIRECTION('',(0.E0,0.E0,1.E0));
#9008=DIRECTION('',(0.E0,-1.E0,0.E0));
#9009=AXIS2_PLACEMENT_3D('',#9006,#9007,#9008);
#9010=PLANE('',#9009);
#9012=ORIENTED_EDGE('',*,*,#9011,.T.);
#9013=ORIENTED_EDGE('',*,*,#8775,.T.);
#9014=ORIENTED_EDGE('',*,*,#8757,.F.);
#9015=ORIENTED_EDGE('',*,*,#6948,.T.);
#9016=EDGE_LOOP('',(#9012,#9013,#9014,#9015));
#9017=FACE_OUTER_BOUND('',#9016,.F.);
#9018=ADVANCED_FACE('',(#9017),#9010,.F.);
#9019=CARTESIAN_POINT('',(8.095E0,1.72E0,-3.85E0));
#9020=DIRECTION('',(1.E0,0.E0,0.E0));
#9021=DIRECTION('',(0.E0,0.E0,-1.E0));
#9022=AXIS2_PLACEMENT_3D('',#9019,#9020,#9021);
#9023=PLANE('',#9022);
#9024=ORIENTED_EDGE('',*,*,#8777,.F.);
#9025=ORIENTED_EDGE('',*,*,#9011,.F.);
#9026=ORIENTED_EDGE('',*,*,#6946,.F.);
#9027=ORIENTED_EDGE('',*,*,#7290,.F.);
#9028=EDGE_LOOP('',(#9024,#9025,#9026,#9027));
#9029=FACE_OUTER_BOUND('',#9028,.F.);
#9030=ADVANCED_FACE('',(#9029),#9023,.T.);
#9031=CARTESIAN_POINT('',(7.805E0,1.72E0,-3.85E0));
#9032=DIRECTION('',(1.E0,0.E0,0.E0));
#9033=DIRECTION('',(0.E0,0.E0,-1.E0));
#9034=AXIS2_PLACEMENT_3D('',#9031,#9032,#9033);
#9035=PLANE('',#9034);
#9037=ORIENTED_EDGE('',*,*,#9036,.T.);
#9038=ORIENTED_EDGE('',*,*,#7293,.T.);
#9039=ORIENTED_EDGE('',*,*,#6942,.T.);
#9041=ORIENTED_EDGE('',*,*,#9040,.T.);
#9042=EDGE_LOOP('',(#9037,#9038,#9039,#9041));
#9043=FACE_OUTER_BOUND('',#9042,.F.);
#9044=ADVANCED_FACE('',(#9043),#9035,.F.);
#9045=CARTESIAN_POINT('',(7.7E0,1.62E0,-3.85E0));
#9046=DIRECTION('',(0.E0,1.E0,0.E0));
#9047=DIRECTION('',(0.E0,0.E0,1.E0));
#9048=AXIS2_PLACEMENT_3D('',#9045,#9046,#9047);
#9049=PLANE('',#9048);
#9051=ORIENTED_EDGE('',*,*,#9050,.T.);
#9053=ORIENTED_EDGE('',*,*,#9052,.T.);
#9055=ORIENTED_EDGE('',*,*,#9054,.F.);
#9056=ORIENTED_EDGE('',*,*,#7295,.F.);
#9057=ORIENTED_EDGE('',*,*,#9036,.F.);
#9059=ORIENTED_EDGE('',*,*,#9058,.F.);
#9061=ORIENTED_EDGE('',*,*,#9060,.T.);
#9062=ORIENTED_EDGE('',*,*,#7303,.F.);
#9063=EDGE_LOOP('',(#9051,#9053,#9055,#9056,#9057,#9059,#9061,#9062));
#9064=FACE_OUTER_BOUND('',#9063,.F.);
#9065=ADVANCED_FACE('',(#9064),#9049,.T.);
#9066=CARTESIAN_POINT('',(7.605E0,1.06E0,-2.8E0));
#9067=DIRECTION('',(1.E0,0.E0,0.E0));
#9068=DIRECTION('',(0.E0,1.E0,0.E0));
#9069=AXIS2_PLACEMENT_3D('',#9066,#9067,#9068);
#9070=PLANE('',#9069);
#9071=ORIENTED_EDGE('',*,*,#6686,.T.);
#9073=ORIENTED_EDGE('',*,*,#9072,.T.);
#9075=ORIENTED_EDGE('',*,*,#9074,.T.);
#9077=ORIENTED_EDGE('',*,*,#9076,.T.);
#9078=EDGE_LOOP('',(#9071,#9073,#9075,#9077));
#9079=FACE_OUTER_BOUND('',#9078,.F.);
#9080=ADVANCED_FACE('',(#9079),#9070,.F.);
#9081=CARTESIAN_POINT('',(7.605E0,1.06E0,-2.8E0));
#9082=DIRECTION('',(1.E0,0.E0,0.E0));
#9083=DIRECTION('',(0.E0,1.E0,0.E0));
#9084=AXIS2_PLACEMENT_3D('',#9081,#9082,#9083);
#9085=PLANE('',#9084);
#9086=ORIENTED_EDGE('',*,*,#7301,.T.);
#9088=ORIENTED_EDGE('',*,*,#9087,.T.);
#9090=ORIENTED_EDGE('',*,*,#9089,.T.);
#9092=ORIENTED_EDGE('',*,*,#9091,.T.);
#9094=ORIENTED_EDGE('',*,*,#9093,.T.);
#9096=ORIENTED_EDGE('',*,*,#9095,.T.);
#9098=ORIENTED_EDGE('',*,*,#9097,.T.);
#9100=ORIENTED_EDGE('',*,*,#9099,.T.);
#9102=ORIENTED_EDGE('',*,*,#9101,.T.);
#9103=ORIENTED_EDGE('',*,*,#9050,.F.);
#9104=EDGE_LOOP('',(#9086,#9088,#9090,#9092,#9094,#9096,#9098,#9100,#9102,
#9103));
#9105=FACE_OUTER_BOUND('',#9104,.F.);
#9106=ADVANCED_FACE('',(#9105),#9085,.F.);
#9107=CARTESIAN_POINT('',(7.599593270859E0,1.349243459677E0,
-9.893449050845E-1));
#9108=DIRECTION('',(1.E0,0.E0,0.E0));
#9109=DIRECTION('',(0.E0,1.E0,0.E0));
#9110=AXIS2_PLACEMENT_3D('',#9107,#9108,#9109);
#9111=CYLINDRICAL_SURFACE('',#9110,3.E-1);
#9112=ORIENTED_EDGE('',*,*,#6692,.T.);
#9114=ORIENTED_EDGE('',*,*,#9113,.T.);
#9116=ORIENTED_EDGE('',*,*,#9115,.T.);
#9117=ORIENTED_EDGE('',*,*,#9072,.F.);
#9118=EDGE_LOOP('',(#9112,#9114,#9116,#9117));
#9119=FACE_OUTER_BOUND('',#9118,.F.);
#9120=ADVANCED_FACE('',(#9119),#9111,.T.);
#9121=CARTESIAN_POINT('',(7.795E0,1.06E0,-2.8E0));
#9122=DIRECTION('',(1.E0,0.E0,0.E0));
#9123=DIRECTION('',(0.E0,1.E0,0.E0));
#9124=AXIS2_PLACEMENT_3D('',#9121,#9122,#9123);
#9125=PLANE('',#9124);
#9126=ORIENTED_EDGE('',*,*,#6690,.F.);
#9128=ORIENTED_EDGE('',*,*,#9127,.F.);
#9130=ORIENTED_EDGE('',*,*,#9129,.F.);
#9131=ORIENTED_EDGE('',*,*,#9113,.F.);
#9132=EDGE_LOOP('',(#9126,#9128,#9130,#9131));
#9133=FACE_OUTER_BOUND('',#9132,.F.);
#9134=ADVANCED_FACE('',(#9133),#9125,.T.);
#9135=CARTESIAN_POINT('',(7.795E0,1.06E0,-2.8E0));
#9136=DIRECTION('',(1.E0,0.E0,0.E0));
#9137=DIRECTION('',(0.E0,1.E0,0.E0));
#9138=AXIS2_PLACEMENT_3D('',#9135,#9136,#9137);
#9139=PLANE('',#9138);
#9140=ORIENTED_EDGE('',*,*,#7297,.F.);
#9141=ORIENTED_EDGE('',*,*,#9054,.T.);
#9143=ORIENTED_EDGE('',*,*,#9142,.T.);
#9145=ORIENTED_EDGE('',*,*,#9144,.F.);
#9147=ORIENTED_EDGE('',*,*,#9146,.F.);
#9149=ORIENTED_EDGE('',*,*,#9148,.T.);
#9151=ORIENTED_EDGE('',*,*,#9150,.F.);
#9153=ORIENTED_EDGE('',*,*,#9152,.F.);
#9155=ORIENTED_EDGE('',*,*,#9154,.T.);
#9157=ORIENTED_EDGE('',*,*,#9156,.F.);
#9158=EDGE_LOOP('',(#9140,#9141,#9143,#9145,#9147,#9149,#9151,#9153,#9155,
#9157));
#9159=FACE_OUTER_BOUND('',#9158,.F.);
#9160=ADVANCED_FACE('',(#9159),#9139,.T.);
#9161=CARTESIAN_POINT('',(7.7E0,1.128400759486E0,-2.020110536160E0));
#9162=DIRECTION('',(0.E0,9.985927540074E-1,5.303311836814E-2));
#9163=DIRECTION('',(0.E0,5.303311836814E-2,-9.985927540074E-1));
#9164=AXIS2_PLACEMENT_3D('',#9161,#9162,#9163);
#9165=PLANE('',#9164);
#9166=ORIENTED_EDGE('',*,*,#6688,.T.);
#9167=ORIENTED_EDGE('',*,*,#9076,.F.);
#9169=ORIENTED_EDGE('',*,*,#9168,.F.);
#9170=ORIENTED_EDGE('',*,*,#9127,.T.);
#9171=EDGE_LOOP('',(#9166,#9167,#9169,#9170));
#9172=FACE_OUTER_BOUND('',#9171,.F.);
#9173=ADVANCED_FACE('',(#9172),#9165,.F.);
#9174=CARTESIAN_POINT('',(7.7E0,1.072671389431E0,-8.725951488022E-1));
#9175=DIRECTION('',(0.E0,9.063077870423E-1,-4.226182617286E-1));
#9176=DIRECTION('',(0.E0,-4.226182617286E-1,-9.063077870423E-1));
#9177=AXIS2_PLACEMENT_3D('',#9174,#9175,#9176);
#9178=PLANE('',#9177);
#9179=ORIENTED_EDGE('',*,*,#9168,.T.);
#9180=ORIENTED_EDGE('',*,*,#9074,.F.);
#9181=ORIENTED_EDGE('',*,*,#9115,.F.);
#9182=ORIENTED_EDGE('',*,*,#9129,.T.);
#9183=EDGE_LOOP('',(#9179,#9180,#9181,#9182));
#9184=FACE_OUTER_BOUND('',#9183,.F.);
#9185=ADVANCED_FACE('',(#9184),#9178,.F.);
#9186=CARTESIAN_POINT('',(7.7E0,1.611315326090E0,-4.09E0));
#9187=DIRECTION('',(0.E0,0.E0,1.E0));
#9188=DIRECTION('',(0.E0,-1.E0,0.E0));
#9189=AXIS2_PLACEMENT_3D('',#9186,#9187,#9188);
#9190=PLANE('',#9189);
#9191=ORIENTED_EDGE('',*,*,#9052,.F.);
#9192=ORIENTED_EDGE('',*,*,#9101,.F.);
#9194=ORIENTED_EDGE('',*,*,#9193,.F.);
#9195=ORIENTED_EDGE('',*,*,#9142,.F.);
#9196=EDGE_LOOP('',(#9191,#9192,#9194,#9195));
#9197=FACE_OUTER_BOUND('',#9196,.F.);
#9198=ADVANCED_FACE('',(#9197),#9190,.T.);
#9199=CARTESIAN_POINT('',(7.800406729141E0,1.732653242109E0,-4.19E0));
#9200=DIRECTION('',(-1.E0,0.E0,0.E0));
#9201=DIRECTION('',(0.E0,0.E0,1.E0));
#9202=AXIS2_PLACEMENT_3D('',#9199,#9200,#9201);
#9203=CYLINDRICAL_SURFACE('',#9202,1.E-1);
#9204=ORIENTED_EDGE('',*,*,#9099,.F.);
#9206=ORIENTED_EDGE('',*,*,#9205,.T.);
#9207=ORIENTED_EDGE('',*,*,#9144,.T.);
#9208=ORIENTED_EDGE('',*,*,#9193,.T.);
#9209=EDGE_LOOP('',(#9204,#9206,#9207,#9208));
#9210=FACE_OUTER_BOUND('',#9209,.F.);
#9211=ADVANCED_FACE('',(#9210),#9203,.T.);
#9212=CARTESIAN_POINT('',(7.7E0,1.851258097792E0,-4.542383202188E0));
#9213=DIRECTION('',(0.E0,9.986295347546E-1,5.233595624309E-2));
#9214=DIRECTION('',(0.E0,-5.233595624309E-2,9.986295347546E-1));
#9215=AXIS2_PLACEMENT_3D('',#9212,#9213,#9214);
#9216=PLANE('',#9215);
#9217=ORIENTED_EDGE('',*,*,#9205,.F.);
#9218=ORIENTED_EDGE('',*,*,#9097,.F.);
#9220=ORIENTED_EDGE('',*,*,#9219,.F.);
#9221=ORIENTED_EDGE('',*,*,#9146,.T.);
#9222=EDGE_LOOP('',(#9217,#9218,#9220,#9221));
#9223=FACE_OUTER_BOUND('',#9222,.F.);
#9224=ADVANCED_FACE('',(#9223),#9216,.T.);
#9225=CARTESIAN_POINT('',(7.7E0,1.77E0,-4.9E0));
#9226=DIRECTION('',(0.E0,0.E0,1.E0));
#9227=DIRECTION('',(0.E0,1.E0,0.E0));
#9228=AXIS2_PLACEMENT_3D('',#9225,#9226,#9227);
#9229=PLANE('',#9228);
#9230=ORIENTED_EDGE('',*,*,#9095,.F.);
#9232=ORIENTED_EDGE('',*,*,#9231,.F.);
#9233=ORIENTED_EDGE('',*,*,#9148,.F.);
#9234=ORIENTED_EDGE('',*,*,#9219,.T.);
#9235=EDGE_LOOP('',(#9230,#9232,#9233,#9234));
#9236=FACE_OUTER_BOUND('',#9235,.F.);
#9237=ADVANCED_FACE('',(#9236),#9229,.F.);
#9238=CARTESIAN_POINT('',(7.7E0,1.659381303582E0,-4.697383202188E0));
#9239=DIRECTION('',(0.E0,9.986295347546E-1,5.233595624285E-2));
#9240=DIRECTION('',(0.E0,5.233595624285E-2,-9.986295347546E-1));
#9241=AXIS2_PLACEMENT_3D('',#9238,#9239,#9240);
#9242=PLANE('',#9241);
#9244=ORIENTED_EDGE('',*,*,#9243,.T.);
#9245=ORIENTED_EDGE('',*,*,#9150,.T.);
#9246=ORIENTED_EDGE('',*,*,#9231,.T.);
#9247=ORIENTED_EDGE('',*,*,#9093,.F.);
#9248=EDGE_LOOP('',(#9244,#9245,#9246,#9247));
#9249=FACE_OUTER_BOUND('',#9248,.F.);
#9250=ADVANCED_FACE('',(#9249),#9242,.F.);
#9251=CARTESIAN_POINT('',(7.599593270859E0,1.548899653687E0,-4.5E0));
#9252=DIRECTION('',(1.E0,0.E0,0.E0));
#9253=DIRECTION('',(0.E0,9.986295347547E-1,5.233595624025E-2));
#9254=AXIS2_PLACEMENT_3D('',#9251,#9252,#9253);
#9255=CYLINDRICAL_SURFACE('',#9254,9.999999999953E-2);
#9256=ORIENTED_EDGE('',*,*,#9243,.F.);
#9257=ORIENTED_EDGE('',*,*,#9091,.F.);
#9259=ORIENTED_EDGE('',*,*,#9258,.F.);
#9260=ORIENTED_EDGE('',*,*,#9152,.T.);
#9261=EDGE_LOOP('',(#9256,#9257,#9259,#9260));
#9262=FACE_OUTER_BOUND('',#9261,.F.);
#9263=ADVANCED_FACE('',(#9262),#9255,.F.);
#9264=CARTESIAN_POINT('',(7.7E0,1.124449826844E0,-4.4E0));
#9265=DIRECTION('',(0.E0,0.E0,1.E0));
#9266=DIRECTION('',(0.E0,1.E0,0.E0));
#9267=AXIS2_PLACEMENT_3D('',#9264,#9265,#9266);
#9268=PLANE('',#9267);
#9270=ORIENTED_EDGE('',*,*,#9269,.F.);
#9271=ORIENTED_EDGE('',*,*,#9154,.F.);
#9272=ORIENTED_EDGE('',*,*,#9258,.T.);
#9273=ORIENTED_EDGE('',*,*,#9089,.F.);
#9274=EDGE_LOOP('',(#9270,#9271,#9272,#9273));
#9275=FACE_OUTER_BOUND('',#9274,.F.);
#9276=ADVANCED_FACE('',(#9275),#9268,.F.);
#9277=CARTESIAN_POINT('',(7.7E0,4.75E-1,-4.3E0));
#9278=DIRECTION('',(0.E0,4.061384660534E-1,9.138115486203E-1));
#9279=DIRECTION('',(0.E0,-9.138115486203E-1,4.061384660534E-1));
#9280=AXIS2_PLACEMENT_3D('',#9277,#9278,#9279);
#9281=PLANE('',#9280);
#9282=ORIENTED_EDGE('',*,*,#7299,.F.);
#9283=ORIENTED_EDGE('',*,*,#9156,.T.);
#9284=ORIENTED_EDGE('',*,*,#9269,.T.);
#9285=ORIENTED_EDGE('',*,*,#9087,.F.);
#9286=EDGE_LOOP('',(#9282,#9283,#9284,#9285));
#9287=FACE_OUTER_BOUND('',#9286,.F.);
#9288=ADVANCED_FACE('',(#9287),#9281,.F.);
#9289=CARTESIAN_POINT('',(7.7E0,1.72E0,-3.5E0));
#9290=DIRECTION('',(0.E0,0.E0,1.E0));
#9291=DIRECTION('',(0.E0,-1.E0,0.E0));
#9292=AXIS2_PLACEMENT_3D('',#9289,#9290,#9291);
#9293=PLANE('',#9292);
#9295=ORIENTED_EDGE('',*,*,#9294,.T.);
#9296=ORIENTED_EDGE('',*,*,#9058,.T.);
#9297=ORIENTED_EDGE('',*,*,#9040,.F.);
#9298=ORIENTED_EDGE('',*,*,#6940,.T.);
#9299=EDGE_LOOP('',(#9295,#9296,#9297,#9298));
#9300=FACE_OUTER_BOUND('',#9299,.F.);
#9301=ADVANCED_FACE('',(#9300),#9293,.F.);
#9302=CARTESIAN_POINT('',(7.595E0,1.72E0,-3.85E0));
#9303=DIRECTION('',(1.E0,0.E0,0.E0));
#9304=DIRECTION('',(0.E0,0.E0,-1.E0));
#9305=AXIS2_PLACEMENT_3D('',#9302,#9303,#9304);
#9306=PLANE('',#9305);
#9307=ORIENTED_EDGE('',*,*,#9060,.F.);
#9308=ORIENTED_EDGE('',*,*,#9294,.F.);
#9309=ORIENTED_EDGE('',*,*,#6938,.F.);
#9310=ORIENTED_EDGE('',*,*,#7305,.F.);
#9311=EDGE_LOOP('',(#9307,#9308,#9309,#9310));
#9312=FACE_OUTER_BOUND('',#9311,.F.);
#9313=ADVANCED_FACE('',(#9312),#9306,.T.);
#9314=CARTESIAN_POINT('',(7.305E0,1.72E0,-3.85E0));
#9315=DIRECTION('',(1.E0,0.E0,0.E0));
#9316=DIRECTION('',(0.E0,0.E0,-1.E0));
#9317=AXIS2_PLACEMENT_3D('',#9314,#9315,#9316);
#9318=PLANE('',#9317);
#9320=ORIENTED_EDGE('',*,*,#9319,.T.);
#9321=ORIENTED_EDGE('',*,*,#7308,.T.);
#9322=ORIENTED_EDGE('',*,*,#6934,.T.);
#9324=ORIENTED_EDGE('',*,*,#9323,.T.);
#9325=EDGE_LOOP('',(#9320,#9321,#9322,#9324));
#9326=FACE_OUTER_BOUND('',#9325,.F.);
#9327=ADVANCED_FACE('',(#9326),#9318,.F.);
#9328=CARTESIAN_POINT('',(7.2E0,1.62E0,-3.85E0));
#9329=DIRECTION('',(0.E0,1.E0,0.E0));
#9330=DIRECTION('',(0.E0,0.E0,1.E0));
#9331=AXIS2_PLACEMENT_3D('',#9328,#9329,#9330);
#9332=PLANE('',#9331);
#9334=ORIENTED_EDGE('',*,*,#9333,.T.);
#9336=ORIENTED_EDGE('',*,*,#9335,.T.);
#9338=ORIENTED_EDGE('',*,*,#9337,.F.);
#9339=ORIENTED_EDGE('',*,*,#7310,.F.);
#9340=ORIENTED_EDGE('',*,*,#9319,.F.);
#9342=ORIENTED_EDGE('',*,*,#9341,.F.);
#9344=ORIENTED_EDGE('',*,*,#9343,.T.);
#9345=ORIENTED_EDGE('',*,*,#7318,.F.);
#9346=EDGE_LOOP('',(#9334,#9336,#9338,#9339,#9340,#9342,#9344,#9345));
#9347=FACE_OUTER_BOUND('',#9346,.F.);
#9348=ADVANCED_FACE('',(#9347),#9332,.T.);
#9349=CARTESIAN_POINT('',(7.105E0,1.06E0,-2.8E0));
#9350=DIRECTION('',(1.E0,0.E0,0.E0));
#9351=DIRECTION('',(0.E0,1.E0,0.E0));
#9352=AXIS2_PLACEMENT_3D('',#9349,#9350,#9351);
#9353=PLANE('',#9352);
#9354=ORIENTED_EDGE('',*,*,#6696,.T.);
#9356=ORIENTED_EDGE('',*,*,#9355,.T.);
#9358=ORIENTED_EDGE('',*,*,#9357,.T.);
#9360=ORIENTED_EDGE('',*,*,#9359,.T.);
#9361=EDGE_LOOP('',(#9354,#9356,#9358,#9360));
#9362=FACE_OUTER_BOUND('',#9361,.F.);
#9363=ADVANCED_FACE('',(#9362),#9353,.F.);
#9364=CARTESIAN_POINT('',(7.105E0,1.06E0,-2.8E0));
#9365=DIRECTION('',(1.E0,0.E0,0.E0));
#9366=DIRECTION('',(0.E0,1.E0,0.E0));
#9367=AXIS2_PLACEMENT_3D('',#9364,#9365,#9366);
#9368=PLANE('',#9367);
#9369=ORIENTED_EDGE('',*,*,#7316,.T.);
#9371=ORIENTED_EDGE('',*,*,#9370,.T.);
#9373=ORIENTED_EDGE('',*,*,#9372,.T.);
#9375=ORIENTED_EDGE('',*,*,#9374,.T.);
#9377=ORIENTED_EDGE('',*,*,#9376,.T.);
#9379=ORIENTED_EDGE('',*,*,#9378,.T.);
#9381=ORIENTED_EDGE('',*,*,#9380,.T.);
#9383=ORIENTED_EDGE('',*,*,#9382,.T.);
#9385=ORIENTED_EDGE('',*,*,#9384,.T.);
#9386=ORIENTED_EDGE('',*,*,#9333,.F.);
#9387=EDGE_LOOP('',(#9369,#9371,#9373,#9375,#9377,#9379,#9381,#9383,#9385,
#9386));
#9388=FACE_OUTER_BOUND('',#9387,.F.);
#9389=ADVANCED_FACE('',(#9388),#9368,.F.);
#9390=CARTESIAN_POINT('',(7.099593270859E0,1.349243459677E0,
-9.893449050845E-1));
#9391=DIRECTION('',(1.E0,0.E0,0.E0));
#9392=DIRECTION('',(0.E0,1.E0,0.E0));
#9393=AXIS2_PLACEMENT_3D('',#9390,#9391,#9392);
#9394=CYLINDRICAL_SURFACE('',#9393,3.E-1);
#9395=ORIENTED_EDGE('',*,*,#6702,.T.);
#9397=ORIENTED_EDGE('',*,*,#9396,.T.);
#9399=ORIENTED_EDGE('',*,*,#9398,.T.);
#9400=ORIENTED_EDGE('',*,*,#9355,.F.);
#9401=EDGE_LOOP('',(#9395,#9397,#9399,#9400));
#9402=FACE_OUTER_BOUND('',#9401,.F.);
#9403=ADVANCED_FACE('',(#9402),#9394,.T.);
#9404=CARTESIAN_POINT('',(7.295E0,1.06E0,-2.8E0));
#9405=DIRECTION('',(1.E0,0.E0,0.E0));
#9406=DIRECTION('',(0.E0,1.E0,0.E0));
#9407=AXIS2_PLACEMENT_3D('',#9404,#9405,#9406);
#9408=PLANE('',#9407);
#9409=ORIENTED_EDGE('',*,*,#6700,.F.);
#9411=ORIENTED_EDGE('',*,*,#9410,.F.);
#9413=ORIENTED_EDGE('',*,*,#9412,.F.);
#9414=ORIENTED_EDGE('',*,*,#9396,.F.);
#9415=EDGE_LOOP('',(#9409,#9411,#9413,#9414));
#9416=FACE_OUTER_BOUND('',#9415,.F.);
#9417=ADVANCED_FACE('',(#9416),#9408,.T.);
#9418=CARTESIAN_POINT('',(7.295E0,1.06E0,-2.8E0));
#9419=DIRECTION('',(1.E0,0.E0,0.E0));
#9420=DIRECTION('',(0.E0,1.E0,0.E0));
#9421=AXIS2_PLACEMENT_3D('',#9418,#9419,#9420);
#9422=PLANE('',#9421);
#9423=ORIENTED_EDGE('',*,*,#7312,.F.);
#9424=ORIENTED_EDGE('',*,*,#9337,.T.);
#9426=ORIENTED_EDGE('',*,*,#9425,.T.);
#9428=ORIENTED_EDGE('',*,*,#9427,.F.);
#9430=ORIENTED_EDGE('',*,*,#9429,.F.);
#9432=ORIENTED_EDGE('',*,*,#9431,.T.);
#9434=ORIENTED_EDGE('',*,*,#9433,.F.);
#9436=ORIENTED_EDGE('',*,*,#9435,.F.);
#9438=ORIENTED_EDGE('',*,*,#9437,.T.);
#9440=ORIENTED_EDGE('',*,*,#9439,.F.);
#9441=EDGE_LOOP('',(#9423,#9424,#9426,#9428,#9430,#9432,#9434,#9436,#9438,
#9440));
#9442=FACE_OUTER_BOUND('',#9441,.F.);
#9443=ADVANCED_FACE('',(#9442),#9422,.T.);
#9444=CARTESIAN_POINT('',(7.2E0,1.128400759486E0,-2.020110536160E0));
#9445=DIRECTION('',(0.E0,9.985927540074E-1,5.303311836814E-2));
#9446=DIRECTION('',(0.E0,5.303311836814E-2,-9.985927540074E-1));
#9447=AXIS2_PLACEMENT_3D('',#9444,#9445,#9446);
#9448=PLANE('',#9447);
#9449=ORIENTED_EDGE('',*,*,#6698,.T.);
#9450=ORIENTED_EDGE('',*,*,#9359,.F.);
#9452=ORIENTED_EDGE('',*,*,#9451,.F.);
#9453=ORIENTED_EDGE('',*,*,#9410,.T.);
#9454=EDGE_LOOP('',(#9449,#9450,#9452,#9453));
#9455=FACE_OUTER_BOUND('',#9454,.F.);
#9456=ADVANCED_FACE('',(#9455),#9448,.F.);
#9457=CARTESIAN_POINT('',(7.2E0,1.072671389431E0,-8.725951488022E-1));
#9458=DIRECTION('',(0.E0,9.063077870423E-1,-4.226182617286E-1));
#9459=DIRECTION('',(0.E0,-4.226182617286E-1,-9.063077870423E-1));
#9460=AXIS2_PLACEMENT_3D('',#9457,#9458,#9459);
#9461=PLANE('',#9460);
#9462=ORIENTED_EDGE('',*,*,#9451,.T.);
#9463=ORIENTED_EDGE('',*,*,#9357,.F.);
#9464=ORIENTED_EDGE('',*,*,#9398,.F.);
#9465=ORIENTED_EDGE('',*,*,#9412,.T.);
#9466=EDGE_LOOP('',(#9462,#9463,#9464,#9465));
#9467=FACE_OUTER_BOUND('',#9466,.F.);
#9468=ADVANCED_FACE('',(#9467),#9461,.F.);
#9469=CARTESIAN_POINT('',(7.2E0,1.611315326090E0,-4.09E0));
#9470=DIRECTION('',(0.E0,0.E0,1.E0));
#9471=DIRECTION('',(0.E0,-1.E0,0.E0));
#9472=AXIS2_PLACEMENT_3D('',#9469,#9470,#9471);
#9473=PLANE('',#9472);
#9474=ORIENTED_EDGE('',*,*,#9335,.F.);
#9475=ORIENTED_EDGE('',*,*,#9384,.F.);
#9477=ORIENTED_EDGE('',*,*,#9476,.F.);
#9478=ORIENTED_EDGE('',*,*,#9425,.F.);
#9479=EDGE_LOOP('',(#9474,#9475,#9477,#9478));
#9480=FACE_OUTER_BOUND('',#9479,.F.);
#9481=ADVANCED_FACE('',(#9480),#9473,.T.);
#9482=CARTESIAN_POINT('',(7.300406729141E0,1.732653242109E0,-4.19E0));
#9483=DIRECTION('',(-1.E0,0.E0,0.E0));
#9484=DIRECTION('',(0.E0,0.E0,1.E0));
#9485=AXIS2_PLACEMENT_3D('',#9482,#9483,#9484);
#9486=CYLINDRICAL_SURFACE('',#9485,1.E-1);
#9487=ORIENTED_EDGE('',*,*,#9382,.F.);
#9489=ORIENTED_EDGE('',*,*,#9488,.T.);
#9490=ORIENTED_EDGE('',*,*,#9427,.T.);
#9491=ORIENTED_EDGE('',*,*,#9476,.T.);
#9492=EDGE_LOOP('',(#9487,#9489,#9490,#9491));
#9493=FACE_OUTER_BOUND('',#9492,.F.);
#9494=ADVANCED_FACE('',(#9493),#9486,.T.);
#9495=CARTESIAN_POINT('',(7.2E0,1.851258097792E0,-4.542383202188E0));
#9496=DIRECTION('',(0.E0,9.986295347546E-1,5.233595624309E-2));
#9497=DIRECTION('',(0.E0,-5.233595624309E-2,9.986295347546E-1));
#9498=AXIS2_PLACEMENT_3D('',#9495,#9496,#9497);
#9499=PLANE('',#9498);
#9500=ORIENTED_EDGE('',*,*,#9488,.F.);
#9501=ORIENTED_EDGE('',*,*,#9380,.F.);
#9503=ORIENTED_EDGE('',*,*,#9502,.F.);
#9504=ORIENTED_EDGE('',*,*,#9429,.T.);
#9505=EDGE_LOOP('',(#9500,#9501,#9503,#9504));
#9506=FACE_OUTER_BOUND('',#9505,.F.);
#9507=ADVANCED_FACE('',(#9506),#9499,.T.);
#9508=CARTESIAN_POINT('',(7.2E0,1.77E0,-4.9E0));
#9509=DIRECTION('',(0.E0,0.E0,1.E0));
#9510=DIRECTION('',(0.E0,1.E0,0.E0));
#9511=AXIS2_PLACEMENT_3D('',#9508,#9509,#9510);
#9512=PLANE('',#9511);
#9513=ORIENTED_EDGE('',*,*,#9378,.F.);
#9515=ORIENTED_EDGE('',*,*,#9514,.F.);
#9516=ORIENTED_EDGE('',*,*,#9431,.F.);
#9517=ORIENTED_EDGE('',*,*,#9502,.T.);
#9518=EDGE_LOOP('',(#9513,#9515,#9516,#9517));
#9519=FACE_OUTER_BOUND('',#9518,.F.);
#9520=ADVANCED_FACE('',(#9519),#9512,.F.);
#9521=CARTESIAN_POINT('',(7.2E0,1.659381303582E0,-4.697383202188E0));
#9522=DIRECTION('',(0.E0,9.986295347546E-1,5.233595624285E-2));
#9523=DIRECTION('',(0.E0,5.233595624285E-2,-9.986295347546E-1));
#9524=AXIS2_PLACEMENT_3D('',#9521,#9522,#9523);
#9525=PLANE('',#9524);
#9527=ORIENTED_EDGE('',*,*,#9526,.T.);
#9528=ORIENTED_EDGE('',*,*,#9433,.T.);
#9529=ORIENTED_EDGE('',*,*,#9514,.T.);
#9530=ORIENTED_EDGE('',*,*,#9376,.F.);
#9531=EDGE_LOOP('',(#9527,#9528,#9529,#9530));
#9532=FACE_OUTER_BOUND('',#9531,.F.);
#9533=ADVANCED_FACE('',(#9532),#9525,.F.);
#9534=CARTESIAN_POINT('',(7.099593270859E0,1.548899653687E0,-4.5E0));
#9535=DIRECTION('',(1.E0,0.E0,0.E0));
#9536=DIRECTION('',(0.E0,9.986295347547E-1,5.233595624025E-2));
#9537=AXIS2_PLACEMENT_3D('',#9534,#9535,#9536);
#9538=CYLINDRICAL_SURFACE('',#9537,9.999999999953E-2);
#9539=ORIENTED_EDGE('',*,*,#9526,.F.);
#9540=ORIENTED_EDGE('',*,*,#9374,.F.);
#9542=ORIENTED_EDGE('',*,*,#9541,.F.);
#9543=ORIENTED_EDGE('',*,*,#9435,.T.);
#9544=EDGE_LOOP('',(#9539,#9540,#9542,#9543));
#9545=FACE_OUTER_BOUND('',#9544,.F.);
#9546=ADVANCED_FACE('',(#9545),#9538,.F.);
#9547=CARTESIAN_POINT('',(7.2E0,1.124449826844E0,-4.4E0));
#9548=DIRECTION('',(0.E0,0.E0,1.E0));
#9549=DIRECTION('',(0.E0,1.E0,0.E0));
#9550=AXIS2_PLACEMENT_3D('',#9547,#9548,#9549);
#9551=PLANE('',#9550);
#9553=ORIENTED_EDGE('',*,*,#9552,.F.);
#9554=ORIENTED_EDGE('',*,*,#9437,.F.);
#9555=ORIENTED_EDGE('',*,*,#9541,.T.);
#9556=ORIENTED_EDGE('',*,*,#9372,.F.);
#9557=EDGE_LOOP('',(#9553,#9554,#9555,#9556));
#9558=FACE_OUTER_BOUND('',#9557,.F.);
#9559=ADVANCED_FACE('',(#9558),#9551,.F.);
#9560=CARTESIAN_POINT('',(7.2E0,4.75E-1,-4.3E0));
#9561=DIRECTION('',(0.E0,4.061384660534E-1,9.138115486203E-1));
#9562=DIRECTION('',(0.E0,-9.138115486203E-1,4.061384660534E-1));
#9563=AXIS2_PLACEMENT_3D('',#9560,#9561,#9562);
#9564=PLANE('',#9563);
#9565=ORIENTED_EDGE('',*,*,#7314,.F.);
#9566=ORIENTED_EDGE('',*,*,#9439,.T.);
#9567=ORIENTED_EDGE('',*,*,#9552,.T.);
#9568=ORIENTED_EDGE('',*,*,#9370,.F.);
#9569=EDGE_LOOP('',(#9565,#9566,#9567,#9568));
#9570=FACE_OUTER_BOUND('',#9569,.F.);
#9571=ADVANCED_FACE('',(#9570),#9564,.F.);
#9572=CARTESIAN_POINT('',(7.2E0,1.72E0,-3.5E0));
#9573=DIRECTION('',(0.E0,0.E0,1.E0));
#9574=DIRECTION('',(0.E0,-1.E0,0.E0));
#9575=AXIS2_PLACEMENT_3D('',#9572,#9573,#9574);
#9576=PLANE('',#9575);
#9578=ORIENTED_EDGE('',*,*,#9577,.T.);
#9579=ORIENTED_EDGE('',*,*,#9341,.T.);
#9580=ORIENTED_EDGE('',*,*,#9323,.F.);
#9581=ORIENTED_EDGE('',*,*,#6932,.T.);
#9582=EDGE_LOOP('',(#9578,#9579,#9580,#9581));
#9583=FACE_OUTER_BOUND('',#9582,.F.);
#9584=ADVANCED_FACE('',(#9583),#9576,.F.);
#9585=CARTESIAN_POINT('',(7.095E0,1.72E0,-3.85E0));
#9586=DIRECTION('',(1.E0,0.E0,0.E0));
#9587=DIRECTION('',(0.E0,0.E0,-1.E0));
#9588=AXIS2_PLACEMENT_3D('',#9585,#9586,#9587);
#9589=PLANE('',#9588);
#9590=ORIENTED_EDGE('',*,*,#9343,.F.);
#9591=ORIENTED_EDGE('',*,*,#9577,.F.);
#9592=ORIENTED_EDGE('',*,*,#6930,.F.);
#9593=ORIENTED_EDGE('',*,*,#7320,.F.);
#9594=EDGE_LOOP('',(#9590,#9591,#9592,#9593));
#9595=FACE_OUTER_BOUND('',#9594,.F.);
#9596=ADVANCED_FACE('',(#9595),#9589,.T.);
#9597=CARTESIAN_POINT('',(6.805E0,1.72E0,-3.85E0));
#9598=DIRECTION('',(1.E0,0.E0,0.E0));
#9599=DIRECTION('',(0.E0,0.E0,-1.E0));
#9600=AXIS2_PLACEMENT_3D('',#9597,#9598,#9599);
#9601=PLANE('',#9600);
#9603=ORIENTED_EDGE('',*,*,#9602,.T.);
#9604=ORIENTED_EDGE('',*,*,#7323,.T.);
#9605=ORIENTED_EDGE('',*,*,#6926,.T.);
#9607=ORIENTED_EDGE('',*,*,#9606,.T.);
#9608=EDGE_LOOP('',(#9603,#9604,#9605,#9607));
#9609=FACE_OUTER_BOUND('',#9608,.F.);
#9610=ADVANCED_FACE('',(#9609),#9601,.F.);
#9611=CARTESIAN_POINT('',(6.7E0,1.62E0,-3.85E0));
#9612=DIRECTION('',(0.E0,1.E0,0.E0));
#9613=DIRECTION('',(0.E0,0.E0,1.E0));
#9614=AXIS2_PLACEMENT_3D('',#9611,#9612,#9613);
#9615=PLANE('',#9614);
#9617=ORIENTED_EDGE('',*,*,#9616,.T.);
#9619=ORIENTED_EDGE('',*,*,#9618,.T.);
#9621=ORIENTED_EDGE('',*,*,#9620,.F.);
#9622=ORIENTED_EDGE('',*,*,#7325,.F.);
#9623=ORIENTED_EDGE('',*,*,#9602,.F.);
#9625=ORIENTED_EDGE('',*,*,#9624,.F.);
#9627=ORIENTED_EDGE('',*,*,#9626,.T.);
#9628=ORIENTED_EDGE('',*,*,#7333,.F.);
#9629=EDGE_LOOP('',(#9617,#9619,#9621,#9622,#9623,#9625,#9627,#9628));
#9630=FACE_OUTER_BOUND('',#9629,.F.);
#9631=ADVANCED_FACE('',(#9630),#9615,.T.);
#9632=CARTESIAN_POINT('',(6.605E0,1.06E0,-2.8E0));
#9633=DIRECTION('',(1.E0,0.E0,0.E0));
#9634=DIRECTION('',(0.E0,1.E0,0.E0));
#9635=AXIS2_PLACEMENT_3D('',#9632,#9633,#9634);
#9636=PLANE('',#9635);
#9637=ORIENTED_EDGE('',*,*,#6706,.T.);
#9639=ORIENTED_EDGE('',*,*,#9638,.T.);
#9641=ORIENTED_EDGE('',*,*,#9640,.T.);
#9643=ORIENTED_EDGE('',*,*,#9642,.T.);
#9644=EDGE_LOOP('',(#9637,#9639,#9641,#9643));
#9645=FACE_OUTER_BOUND('',#9644,.F.);
#9646=ADVANCED_FACE('',(#9645),#9636,.F.);
#9647=CARTESIAN_POINT('',(6.605E0,1.06E0,-2.8E0));
#9648=DIRECTION('',(1.E0,0.E0,0.E0));
#9649=DIRECTION('',(0.E0,1.E0,0.E0));
#9650=AXIS2_PLACEMENT_3D('',#9647,#9648,#9649);
#9651=PLANE('',#9650);
#9652=ORIENTED_EDGE('',*,*,#7331,.T.);
#9654=ORIENTED_EDGE('',*,*,#9653,.T.);
#9656=ORIENTED_EDGE('',*,*,#9655,.T.);
#9658=ORIENTED_EDGE('',*,*,#9657,.T.);
#9660=ORIENTED_EDGE('',*,*,#9659,.T.);
#9662=ORIENTED_EDGE('',*,*,#9661,.T.);
#9664=ORIENTED_EDGE('',*,*,#9663,.T.);
#9666=ORIENTED_EDGE('',*,*,#9665,.T.);
#9668=ORIENTED_EDGE('',*,*,#9667,.T.);
#9669=ORIENTED_EDGE('',*,*,#9616,.F.);
#9670=EDGE_LOOP('',(#9652,#9654,#9656,#9658,#9660,#9662,#9664,#9666,#9668,
#9669));
#9671=FACE_OUTER_BOUND('',#9670,.F.);
#9672=ADVANCED_FACE('',(#9671),#9651,.F.);
#9673=CARTESIAN_POINT('',(6.599593270859E0,1.349243459677E0,
-9.893449050845E-1));
#9674=DIRECTION('',(1.E0,0.E0,0.E0));
#9675=DIRECTION('',(0.E0,1.E0,0.E0));
#9676=AXIS2_PLACEMENT_3D('',#9673,#9674,#9675);
#9677=CYLINDRICAL_SURFACE('',#9676,3.E-1);
#9678=ORIENTED_EDGE('',*,*,#6712,.T.);
#9680=ORIENTED_EDGE('',*,*,#9679,.T.);
#9682=ORIENTED_EDGE('',*,*,#9681,.T.);
#9683=ORIENTED_EDGE('',*,*,#9638,.F.);
#9684=EDGE_LOOP('',(#9678,#9680,#9682,#9683));
#9685=FACE_OUTER_BOUND('',#9684,.F.);
#9686=ADVANCED_FACE('',(#9685),#9677,.T.);
#9687=CARTESIAN_POINT('',(6.795E0,1.06E0,-2.8E0));
#9688=DIRECTION('',(1.E0,0.E0,0.E0));
#9689=DIRECTION('',(0.E0,1.E0,0.E0));
#9690=AXIS2_PLACEMENT_3D('',#9687,#9688,#9689);
#9691=PLANE('',#9690);
#9692=ORIENTED_EDGE('',*,*,#6710,.F.);
#9694=ORIENTED_EDGE('',*,*,#9693,.F.);
#9696=ORIENTED_EDGE('',*,*,#9695,.F.);
#9697=ORIENTED_EDGE('',*,*,#9679,.F.);
#9698=EDGE_LOOP('',(#9692,#9694,#9696,#9697));
#9699=FACE_OUTER_BOUND('',#9698,.F.);
#9700=ADVANCED_FACE('',(#9699),#9691,.T.);
#9701=CARTESIAN_POINT('',(6.795E0,1.06E0,-2.8E0));
#9702=DIRECTION('',(1.E0,0.E0,0.E0));
#9703=DIRECTION('',(0.E0,1.E0,0.E0));
#9704=AXIS2_PLACEMENT_3D('',#9701,#9702,#9703);
#9705=PLANE('',#9704);
#9706=ORIENTED_EDGE('',*,*,#7327,.F.);
#9707=ORIENTED_EDGE('',*,*,#9620,.T.);
#9709=ORIENTED_EDGE('',*,*,#9708,.T.);
#9711=ORIENTED_EDGE('',*,*,#9710,.F.);
#9713=ORIENTED_EDGE('',*,*,#9712,.F.);
#9715=ORIENTED_EDGE('',*,*,#9714,.T.);
#9717=ORIENTED_EDGE('',*,*,#9716,.F.);
#9719=ORIENTED_EDGE('',*,*,#9718,.F.);
#9721=ORIENTED_EDGE('',*,*,#9720,.T.);
#9723=ORIENTED_EDGE('',*,*,#9722,.F.);
#9724=EDGE_LOOP('',(#9706,#9707,#9709,#9711,#9713,#9715,#9717,#9719,#9721,
#9723));
#9725=FACE_OUTER_BOUND('',#9724,.F.);
#9726=ADVANCED_FACE('',(#9725),#9705,.T.);
#9727=CARTESIAN_POINT('',(6.7E0,1.128400759486E0,-2.020110536160E0));
#9728=DIRECTION('',(0.E0,9.985927540074E-1,5.303311836814E-2));
#9729=DIRECTION('',(0.E0,5.303311836814E-2,-9.985927540074E-1));
#9730=AXIS2_PLACEMENT_3D('',#9727,#9728,#9729);
#9731=PLANE('',#9730);
#9732=ORIENTED_EDGE('',*,*,#6708,.T.);
#9733=ORIENTED_EDGE('',*,*,#9642,.F.);
#9735=ORIENTED_EDGE('',*,*,#9734,.F.);
#9736=ORIENTED_EDGE('',*,*,#9693,.T.);
#9737=EDGE_LOOP('',(#9732,#9733,#9735,#9736));
#9738=FACE_OUTER_BOUND('',#9737,.F.);
#9739=ADVANCED_FACE('',(#9738),#9731,.F.);
#9740=CARTESIAN_POINT('',(6.7E0,1.072671389431E0,-8.725951488022E-1));
#9741=DIRECTION('',(0.E0,9.063077870423E-1,-4.226182617286E-1));
#9742=DIRECTION('',(0.E0,-4.226182617286E-1,-9.063077870423E-1));
#9743=AXIS2_PLACEMENT_3D('',#9740,#9741,#9742);
#9744=PLANE('',#9743);
#9745=ORIENTED_EDGE('',*,*,#9734,.T.);
#9746=ORIENTED_EDGE('',*,*,#9640,.F.);
#9747=ORIENTED_EDGE('',*,*,#9681,.F.);
#9748=ORIENTED_EDGE('',*,*,#9695,.T.);
#9749=EDGE_LOOP('',(#9745,#9746,#9747,#9748));
#9750=FACE_OUTER_BOUND('',#9749,.F.);
#9751=ADVANCED_FACE('',(#9750),#9744,.F.);
#9752=CARTESIAN_POINT('',(6.7E0,1.611315326090E0,-4.09E0));
#9753=DIRECTION('',(0.E0,0.E0,1.E0));
#9754=DIRECTION('',(0.E0,-1.E0,0.E0));
#9755=AXIS2_PLACEMENT_3D('',#9752,#9753,#9754);
#9756=PLANE('',#9755);
#9757=ORIENTED_EDGE('',*,*,#9618,.F.);
#9758=ORIENTED_EDGE('',*,*,#9667,.F.);
#9760=ORIENTED_EDGE('',*,*,#9759,.F.);
#9761=ORIENTED_EDGE('',*,*,#9708,.F.);
#9762=EDGE_LOOP('',(#9757,#9758,#9760,#9761));
#9763=FACE_OUTER_BOUND('',#9762,.F.);
#9764=ADVANCED_FACE('',(#9763),#9756,.T.);
#9765=CARTESIAN_POINT('',(6.800406729141E0,1.732653242109E0,-4.19E0));
#9766=DIRECTION('',(-1.E0,0.E0,0.E0));
#9767=DIRECTION('',(0.E0,0.E0,1.E0));
#9768=AXIS2_PLACEMENT_3D('',#9765,#9766,#9767);
#9769=CYLINDRICAL_SURFACE('',#9768,1.E-1);
#9770=ORIENTED_EDGE('',*,*,#9665,.F.);
#9772=ORIENTED_EDGE('',*,*,#9771,.T.);
#9773=ORIENTED_EDGE('',*,*,#9710,.T.);
#9774=ORIENTED_EDGE('',*,*,#9759,.T.);
#9775=EDGE_LOOP('',(#9770,#9772,#9773,#9774));
#9776=FACE_OUTER_BOUND('',#9775,.F.);
#9777=ADVANCED_FACE('',(#9776),#9769,.T.);
#9778=CARTESIAN_POINT('',(6.7E0,1.851258097792E0,-4.542383202188E0));
#9779=DIRECTION('',(0.E0,9.986295347546E-1,5.233595624309E-2));
#9780=DIRECTION('',(0.E0,-5.233595624309E-2,9.986295347546E-1));
#9781=AXIS2_PLACEMENT_3D('',#9778,#9779,#9780);
#9782=PLANE('',#9781);
#9783=ORIENTED_EDGE('',*,*,#9771,.F.);
#9784=ORIENTED_EDGE('',*,*,#9663,.F.);
#9786=ORIENTED_EDGE('',*,*,#9785,.F.);
#9787=ORIENTED_EDGE('',*,*,#9712,.T.);
#9788=EDGE_LOOP('',(#9783,#9784,#9786,#9787));
#9789=FACE_OUTER_BOUND('',#9788,.F.);
#9790=ADVANCED_FACE('',(#9789),#9782,.T.);
#9791=CARTESIAN_POINT('',(6.7E0,1.77E0,-4.9E0));
#9792=DIRECTION('',(0.E0,0.E0,1.E0));
#9793=DIRECTION('',(0.E0,1.E0,0.E0));
#9794=AXIS2_PLACEMENT_3D('',#9791,#9792,#9793);
#9795=PLANE('',#9794);
#9796=ORIENTED_EDGE('',*,*,#9661,.F.);
#9798=ORIENTED_EDGE('',*,*,#9797,.F.);
#9799=ORIENTED_EDGE('',*,*,#9714,.F.);
#9800=ORIENTED_EDGE('',*,*,#9785,.T.);
#9801=EDGE_LOOP('',(#9796,#9798,#9799,#9800));
#9802=FACE_OUTER_BOUND('',#9801,.F.);
#9803=ADVANCED_FACE('',(#9802),#9795,.F.);
#9804=CARTESIAN_POINT('',(6.7E0,1.659381303582E0,-4.697383202188E0));
#9805=DIRECTION('',(0.E0,9.986295347546E-1,5.233595624285E-2));
#9806=DIRECTION('',(0.E0,5.233595624285E-2,-9.986295347546E-1));
#9807=AXIS2_PLACEMENT_3D('',#9804,#9805,#9806);
#9808=PLANE('',#9807);
#9810=ORIENTED_EDGE('',*,*,#9809,.T.);
#9811=ORIENTED_EDGE('',*,*,#9716,.T.);
#9812=ORIENTED_EDGE('',*,*,#9797,.T.);
#9813=ORIENTED_EDGE('',*,*,#9659,.F.);
#9814=EDGE_LOOP('',(#9810,#9811,#9812,#9813));
#9815=FACE_OUTER_BOUND('',#9814,.F.);
#9816=ADVANCED_FACE('',(#9815),#9808,.F.);
#9817=CARTESIAN_POINT('',(6.599593270859E0,1.548899653687E0,-4.5E0));
#9818=DIRECTION('',(1.E0,0.E0,0.E0));
#9819=DIRECTION('',(0.E0,9.986295347547E-1,5.233595624025E-2));
#9820=AXIS2_PLACEMENT_3D('',#9817,#9818,#9819);
#9821=CYLINDRICAL_SURFACE('',#9820,9.999999999953E-2);
#9822=ORIENTED_EDGE('',*,*,#9809,.F.);
#9823=ORIENTED_EDGE('',*,*,#9657,.F.);
#9825=ORIENTED_EDGE('',*,*,#9824,.F.);
#9826=ORIENTED_EDGE('',*,*,#9718,.T.);
#9827=EDGE_LOOP('',(#9822,#9823,#9825,#9826));
#9828=FACE_OUTER_BOUND('',#9827,.F.);
#9829=ADVANCED_FACE('',(#9828),#9821,.F.);
#9830=CARTESIAN_POINT('',(6.7E0,1.124449826844E0,-4.4E0));
#9831=DIRECTION('',(0.E0,0.E0,1.E0));
#9832=DIRECTION('',(0.E0,1.E0,0.E0));
#9833=AXIS2_PLACEMENT_3D('',#9830,#9831,#9832);
#9834=PLANE('',#9833);
#9836=ORIENTED_EDGE('',*,*,#9835,.F.);
#9837=ORIENTED_EDGE('',*,*,#9720,.F.);
#9838=ORIENTED_EDGE('',*,*,#9824,.T.);
#9839=ORIENTED_EDGE('',*,*,#9655,.F.);
#9840=EDGE_LOOP('',(#9836,#9837,#9838,#9839));
#9841=FACE_OUTER_BOUND('',#9840,.F.);
#9842=ADVANCED_FACE('',(#9841),#9834,.F.);
#9843=CARTESIAN_POINT('',(6.7E0,4.75E-1,-4.3E0));
#9844=DIRECTION('',(0.E0,4.061384660534E-1,9.138115486203E-1));
#9845=DIRECTION('',(0.E0,-9.138115486203E-1,4.061384660534E-1));
#9846=AXIS2_PLACEMENT_3D('',#9843,#9844,#9845);
#9847=PLANE('',#9846);
#9848=ORIENTED_EDGE('',*,*,#7329,.F.);
#9849=ORIENTED_EDGE('',*,*,#9722,.T.);
#9850=ORIENTED_EDGE('',*,*,#9835,.T.);
#9851=ORIENTED_EDGE('',*,*,#9653,.F.);
#9852=EDGE_LOOP('',(#9848,#9849,#9850,#9851));
#9853=FACE_OUTER_BOUND('',#9852,.F.);
#9854=ADVANCED_FACE('',(#9853),#9847,.F.);
#9855=CARTESIAN_POINT('',(6.7E0,1.72E0,-3.5E0));
#9856=DIRECTION('',(0.E0,0.E0,1.E0));
#9857=DIRECTION('',(0.E0,-1.E0,0.E0));
#9858=AXIS2_PLACEMENT_3D('',#9855,#9856,#9857);
#9859=PLANE('',#9858);
#9860=ORIENTED_EDGE('',*,*,#9624,.T.);
#9861=ORIENTED_EDGE('',*,*,#9606,.F.);
#9862=ORIENTED_EDGE('',*,*,#6924,.T.);
#9864=ORIENTED_EDGE('',*,*,#9863,.T.);
#9865=EDGE_LOOP('',(#9860,#9861,#9862,#9864));
#9866=FACE_OUTER_BOUND('',#9865,.F.);
#9867=ADVANCED_FACE('',(#9866),#9859,.F.);
#9868=CARTESIAN_POINT('',(6.595E0,1.72E0,-3.85E0));
#9869=DIRECTION('',(1.E0,0.E0,0.E0));
#9870=DIRECTION('',(0.E0,0.E0,-1.E0));
#9871=AXIS2_PLACEMENT_3D('',#9868,#9869,#9870);
#9872=PLANE('',#9871);
#9873=ORIENTED_EDGE('',*,*,#9626,.F.);
#9874=ORIENTED_EDGE('',*,*,#9863,.F.);
#9875=ORIENTED_EDGE('',*,*,#6922,.F.);
#9876=ORIENTED_EDGE('',*,*,#7335,.F.);
#9877=EDGE_LOOP('',(#9873,#9874,#9875,#9876));
#9878=FACE_OUTER_BOUND('',#9877,.F.);
#9879=ADVANCED_FACE('',(#9878),#9872,.T.);
#9880=CARTESIAN_POINT('',(6.305E0,1.72E0,-3.85E0));
#9881=DIRECTION('',(1.E0,0.E0,0.E0));
#9882=DIRECTION('',(0.E0,0.E0,-1.E0));
#9883=AXIS2_PLACEMENT_3D('',#9880,#9881,#9882);
#9884=PLANE('',#9883);
#9886=ORIENTED_EDGE('',*,*,#9885,.T.);
#9887=ORIENTED_EDGE('',*,*,#7338,.T.);
#9888=ORIENTED_EDGE('',*,*,#6918,.T.);
#9890=ORIENTED_EDGE('',*,*,#9889,.T.);
#9891=EDGE_LOOP('',(#9886,#9887,#9888,#9890));
#9892=FACE_OUTER_BOUND('',#9891,.F.);
#9893=ADVANCED_FACE('',(#9892),#9884,.F.);
#9894=CARTESIAN_POINT('',(6.2E0,1.62E0,-3.85E0));
#9895=DIRECTION('',(0.E0,1.E0,0.E0));
#9896=DIRECTION('',(0.E0,0.E0,1.E0));
#9897=AXIS2_PLACEMENT_3D('',#9894,#9895,#9896);
#9898=PLANE('',#9897);
#9900=ORIENTED_EDGE('',*,*,#9899,.T.);
#9902=ORIENTED_EDGE('',*,*,#9901,.T.);
#9904=ORIENTED_EDGE('',*,*,#9903,.F.);
#9905=ORIENTED_EDGE('',*,*,#7340,.F.);
#9906=ORIENTED_EDGE('',*,*,#9885,.F.);
#9908=ORIENTED_EDGE('',*,*,#9907,.F.);
#9910=ORIENTED_EDGE('',*,*,#9909,.T.);
#9911=ORIENTED_EDGE('',*,*,#7348,.F.);
#9912=EDGE_LOOP('',(#9900,#9902,#9904,#9905,#9906,#9908,#9910,#9911));
#9913=FACE_OUTER_BOUND('',#9912,.F.);
#9914=ADVANCED_FACE('',(#9913),#9898,.T.);
#9915=CARTESIAN_POINT('',(6.105E0,1.06E0,-2.8E0));
#9916=DIRECTION('',(1.E0,0.E0,0.E0));
#9917=DIRECTION('',(0.E0,1.E0,0.E0));
#9918=AXIS2_PLACEMENT_3D('',#9915,#9916,#9917);
#9919=PLANE('',#9918);
#9920=ORIENTED_EDGE('',*,*,#6716,.T.);
#9922=ORIENTED_EDGE('',*,*,#9921,.T.);
#9924=ORIENTED_EDGE('',*,*,#9923,.T.);
#9926=ORIENTED_EDGE('',*,*,#9925,.T.);
#9927=EDGE_LOOP('',(#9920,#9922,#9924,#9926));
#9928=FACE_OUTER_BOUND('',#9927,.F.);
#9929=ADVANCED_FACE('',(#9928),#9919,.F.);
#9930=CARTESIAN_POINT('',(6.105E0,1.06E0,-2.8E0));
#9931=DIRECTION('',(1.E0,0.E0,0.E0));
#9932=DIRECTION('',(0.E0,1.E0,0.E0));
#9933=AXIS2_PLACEMENT_3D('',#9930,#9931,#9932);
#9934=PLANE('',#9933);
#9935=ORIENTED_EDGE('',*,*,#7346,.T.);
#9937=ORIENTED_EDGE('',*,*,#9936,.T.);
#9939=ORIENTED_EDGE('',*,*,#9938,.T.);
#9941=ORIENTED_EDGE('',*,*,#9940,.T.);
#9943=ORIENTED_EDGE('',*,*,#9942,.T.);
#9945=ORIENTED_EDGE('',*,*,#9944,.T.);
#9947=ORIENTED_EDGE('',*,*,#9946,.T.);
#9949=ORIENTED_EDGE('',*,*,#9948,.T.);
#9951=ORIENTED_EDGE('',*,*,#9950,.T.);
#9952=ORIENTED_EDGE('',*,*,#9899,.F.);
#9953=EDGE_LOOP('',(#9935,#9937,#9939,#9941,#9943,#9945,#9947,#9949,#9951,
#9952));
#9954=FACE_OUTER_BOUND('',#9953,.F.);
#9955=ADVANCED_FACE('',(#9954),#9934,.F.);
#9956=CARTESIAN_POINT('',(6.099593270859E0,1.349243459677E0,
-9.893449050845E-1));
#9957=DIRECTION('',(1.E0,0.E0,0.E0));
#9958=DIRECTION('',(0.E0,1.E0,0.E0));
#9959=AXIS2_PLACEMENT_3D('',#9956,#9957,#9958);
#9960=CYLINDRICAL_SURFACE('',#9959,3.E-1);
#9961=ORIENTED_EDGE('',*,*,#6722,.T.);
#9963=ORIENTED_EDGE('',*,*,#9962,.T.);
#9965=ORIENTED_EDGE('',*,*,#9964,.T.);
#9966=ORIENTED_EDGE('',*,*,#9921,.F.);
#9967=EDGE_LOOP('',(#9961,#9963,#9965,#9966));
#9968=FACE_OUTER_BOUND('',#9967,.F.);
#9969=ADVANCED_FACE('',(#9968),#9960,.T.);
#9970=CARTESIAN_POINT('',(6.295E0,1.06E0,-2.8E0));
#9971=DIRECTION('',(1.E0,0.E0,0.E0));
#9972=DIRECTION('',(0.E0,1.E0,0.E0));
#9973=AXIS2_PLACEMENT_3D('',#9970,#9971,#9972);
#9974=PLANE('',#9973);
#9975=ORIENTED_EDGE('',*,*,#6720,.F.);
#9977=ORIENTED_EDGE('',*,*,#9976,.F.);
#9979=ORIENTED_EDGE('',*,*,#9978,.F.);
#9980=ORIENTED_EDGE('',*,*,#9962,.F.);
#9981=EDGE_LOOP('',(#9975,#9977,#9979,#9980));
#9982=FACE_OUTER_BOUND('',#9981,.F.);
#9983=ADVANCED_FACE('',(#9982),#9974,.T.);
#9984=CARTESIAN_POINT('',(6.295E0,1.06E0,-2.8E0));
#9985=DIRECTION('',(1.E0,0.E0,0.E0));
#9986=DIRECTION('',(0.E0,1.E0,0.E0));
#9987=AXIS2_PLACEMENT_3D('',#9984,#9985,#9986);
#9988=PLANE('',#9987);
#9989=ORIENTED_EDGE('',*,*,#7342,.F.);
#9990=ORIENTED_EDGE('',*,*,#9903,.T.);
#9992=ORIENTED_EDGE('',*,*,#9991,.T.);
#9994=ORIENTED_EDGE('',*,*,#9993,.F.);
#9996=ORIENTED_EDGE('',*,*,#9995,.F.);
#9998=ORIENTED_EDGE('',*,*,#9997,.T.);
#10000=ORIENTED_EDGE('',*,*,#9999,.F.);
#10002=ORIENTED_EDGE('',*,*,#10001,.F.);
#10004=ORIENTED_EDGE('',*,*,#10003,.T.);
#10006=ORIENTED_EDGE('',*,*,#10005,.F.);
#10007=EDGE_LOOP('',(#9989,#9990,#9992,#9994,#9996,#9998,#10000,#10002,#10004,
#10006));
#10008=FACE_OUTER_BOUND('',#10007,.F.);
#10009=ADVANCED_FACE('',(#10008),#9988,.T.);
#10010=CARTESIAN_POINT('',(6.2E0,1.128400759486E0,-2.020110536160E0));
#10011=DIRECTION('',(0.E0,9.985927540074E-1,5.303311836814E-2));
#10012=DIRECTION('',(0.E0,5.303311836814E-2,-9.985927540074E-1));
#10013=AXIS2_PLACEMENT_3D('',#10010,#10011,#10012);
#10014=PLANE('',#10013);
#10015=ORIENTED_EDGE('',*,*,#6718,.T.);
#10016=ORIENTED_EDGE('',*,*,#9925,.F.);
#10018=ORIENTED_EDGE('',*,*,#10017,.F.);
#10019=ORIENTED_EDGE('',*,*,#9976,.T.);
#10020=EDGE_LOOP('',(#10015,#10016,#10018,#10019));
#10021=FACE_OUTER_BOUND('',#10020,.F.);
#10022=ADVANCED_FACE('',(#10021),#10014,.F.);
#10023=CARTESIAN_POINT('',(6.2E0,1.072671389431E0,-8.725951488022E-1));
#10024=DIRECTION('',(0.E0,9.063077870423E-1,-4.226182617286E-1));
#10025=DIRECTION('',(0.E0,-4.226182617286E-1,-9.063077870423E-1));
#10026=AXIS2_PLACEMENT_3D('',#10023,#10024,#10025);
#10027=PLANE('',#10026);
#10028=ORIENTED_EDGE('',*,*,#10017,.T.);
#10029=ORIENTED_EDGE('',*,*,#9923,.F.);
#10030=ORIENTED_EDGE('',*,*,#9964,.F.);
#10031=ORIENTED_EDGE('',*,*,#9978,.T.);
#10032=EDGE_LOOP('',(#10028,#10029,#10030,#10031));
#10033=FACE_OUTER_BOUND('',#10032,.F.);
#10034=ADVANCED_FACE('',(#10033),#10027,.F.);
#10035=CARTESIAN_POINT('',(6.2E0,1.611315326090E0,-4.09E0));
#10036=DIRECTION('',(0.E0,0.E0,1.E0));
#10037=DIRECTION('',(0.E0,-1.E0,0.E0));
#10038=AXIS2_PLACEMENT_3D('',#10035,#10036,#10037);
#10039=PLANE('',#10038);
#10040=ORIENTED_EDGE('',*,*,#9901,.F.);
#10041=ORIENTED_EDGE('',*,*,#9950,.F.);
#10043=ORIENTED_EDGE('',*,*,#10042,.F.);
#10044=ORIENTED_EDGE('',*,*,#9991,.F.);
#10045=EDGE_LOOP('',(#10040,#10041,#10043,#10044));
#10046=FACE_OUTER_BOUND('',#10045,.F.);
#10047=ADVANCED_FACE('',(#10046),#10039,.T.);
#10048=CARTESIAN_POINT('',(6.300406729141E0,1.732653242109E0,-4.19E0));
#10049=DIRECTION('',(-1.E0,0.E0,0.E0));
#10050=DIRECTION('',(0.E0,0.E0,1.E0));
#10051=AXIS2_PLACEMENT_3D('',#10048,#10049,#10050);
#10052=CYLINDRICAL_SURFACE('',#10051,1.E-1);
#10053=ORIENTED_EDGE('',*,*,#9948,.F.);
#10055=ORIENTED_EDGE('',*,*,#10054,.T.);
#10056=ORIENTED_EDGE('',*,*,#9993,.T.);
#10057=ORIENTED_EDGE('',*,*,#10042,.T.);
#10058=EDGE_LOOP('',(#10053,#10055,#10056,#10057));
#10059=FACE_OUTER_BOUND('',#10058,.F.);
#10060=ADVANCED_FACE('',(#10059),#10052,.T.);
#10061=CARTESIAN_POINT('',(6.2E0,1.851258097792E0,-4.542383202188E0));
#10062=DIRECTION('',(0.E0,9.986295347546E-1,5.233595624309E-2));
#10063=DIRECTION('',(0.E0,-5.233595624309E-2,9.986295347546E-1));
#10064=AXIS2_PLACEMENT_3D('',#10061,#10062,#10063);
#10065=PLANE('',#10064);
#10066=ORIENTED_EDGE('',*,*,#10054,.F.);
#10067=ORIENTED_EDGE('',*,*,#9946,.F.);
#10069=ORIENTED_EDGE('',*,*,#10068,.F.);
#10070=ORIENTED_EDGE('',*,*,#9995,.T.);
#10071=EDGE_LOOP('',(#10066,#10067,#10069,#10070));
#10072=FACE_OUTER_BOUND('',#10071,.F.);
#10073=ADVANCED_FACE('',(#10072),#10065,.T.);
#10074=CARTESIAN_POINT('',(6.2E0,1.77E0,-4.9E0));
#10075=DIRECTION('',(0.E0,0.E0,1.E0));
#10076=DIRECTION('',(0.E0,1.E0,0.E0));
#10077=AXIS2_PLACEMENT_3D('',#10074,#10075,#10076);
#10078=PLANE('',#10077);
#10079=ORIENTED_EDGE('',*,*,#9944,.F.);
#10081=ORIENTED_EDGE('',*,*,#10080,.F.);
#10082=ORIENTED_EDGE('',*,*,#9997,.F.);
#10083=ORIENTED_EDGE('',*,*,#10068,.T.);
#10084=EDGE_LOOP('',(#10079,#10081,#10082,#10083));
#10085=FACE_OUTER_BOUND('',#10084,.F.);
#10086=ADVANCED_FACE('',(#10085),#10078,.F.);
#10087=CARTESIAN_POINT('',(6.2E0,1.659381303582E0,-4.697383202188E0));
#10088=DIRECTION('',(0.E0,9.986295347546E-1,5.233595624285E-2));
#10089=DIRECTION('',(0.E0,5.233595624285E-2,-9.986295347546E-1));
#10090=AXIS2_PLACEMENT_3D('',#10087,#10088,#10089);
#10091=PLANE('',#10090);
#10093=ORIENTED_EDGE('',*,*,#10092,.T.);
#10094=ORIENTED_EDGE('',*,*,#9999,.T.);
#10095=ORIENTED_EDGE('',*,*,#10080,.T.);
#10096=ORIENTED_EDGE('',*,*,#9942,.F.);
#10097=EDGE_LOOP('',(#10093,#10094,#10095,#10096));
#10098=FACE_OUTER_BOUND('',#10097,.F.);
#10099=ADVANCED_FACE('',(#10098),#10091,.F.);
#10100=CARTESIAN_POINT('',(6.099593270859E0,1.548899653687E0,-4.5E0));
#10101=DIRECTION('',(1.E0,0.E0,0.E0));
#10102=DIRECTION('',(0.E0,9.986295347547E-1,5.233595624025E-2));
#10103=AXIS2_PLACEMENT_3D('',#10100,#10101,#10102);
#10104=CYLINDRICAL_SURFACE('',#10103,9.999999999953E-2);
#10105=ORIENTED_EDGE('',*,*,#10092,.F.);
#10106=ORIENTED_EDGE('',*,*,#9940,.F.);
#10108=ORIENTED_EDGE('',*,*,#10107,.F.);
#10109=ORIENTED_EDGE('',*,*,#10001,.T.);
#10110=EDGE_LOOP('',(#10105,#10106,#10108,#10109));
#10111=FACE_OUTER_BOUND('',#10110,.F.);
#10112=ADVANCED_FACE('',(#10111),#10104,.F.);
#10113=CARTESIAN_POINT('',(6.2E0,1.124449826844E0,-4.4E0));
#10114=DIRECTION('',(0.E0,0.E0,1.E0));
#10115=DIRECTION('',(0.E0,1.E0,0.E0));
#10116=AXIS2_PLACEMENT_3D('',#10113,#10114,#10115);
#10117=PLANE('',#10116);
#10119=ORIENTED_EDGE('',*,*,#10118,.F.);
#10120=ORIENTED_EDGE('',*,*,#10003,.F.);
#10121=ORIENTED_EDGE('',*,*,#10107,.T.);
#10122=ORIENTED_EDGE('',*,*,#9938,.F.);
#10123=EDGE_LOOP('',(#10119,#10120,#10121,#10122));
#10124=FACE_OUTER_BOUND('',#10123,.F.);
#10125=ADVANCED_FACE('',(#10124),#10117,.F.);
#10126=CARTESIAN_POINT('',(6.2E0,4.75E-1,-4.3E0));
#10127=DIRECTION('',(0.E0,4.061384660534E-1,9.138115486203E-1));
#10128=DIRECTION('',(0.E0,-9.138115486203E-1,4.061384660534E-1));
#10129=AXIS2_PLACEMENT_3D('',#10126,#10127,#10128);
#10130=PLANE('',#10129);
#10131=ORIENTED_EDGE('',*,*,#7344,.F.);
#10132=ORIENTED_EDGE('',*,*,#10005,.T.);
#10133=ORIENTED_EDGE('',*,*,#10118,.T.);
#10134=ORIENTED_EDGE('',*,*,#9936,.F.);
#10135=EDGE_LOOP('',(#10131,#10132,#10133,#10134));
#10136=FACE_OUTER_BOUND('',#10135,.F.);
#10137=ADVANCED_FACE('',(#10136),#10130,.F.);
#10138=CARTESIAN_POINT('',(6.2E0,1.72E0,-3.5E0));
#10139=DIRECTION('',(0.E0,0.E0,1.E0));
#10140=DIRECTION('',(0.E0,-1.E0,0.E0));
#10141=AXIS2_PLACEMENT_3D('',#10138,#10139,#10140);
#10142=PLANE('',#10141);
#10143=ORIENTED_EDGE('',*,*,#9907,.T.);
#10144=ORIENTED_EDGE('',*,*,#9889,.F.);
#10145=ORIENTED_EDGE('',*,*,#6916,.T.);
#10147=ORIENTED_EDGE('',*,*,#10146,.T.);
#10148=EDGE_LOOP('',(#10143,#10144,#10145,#10147));
#10149=FACE_OUTER_BOUND('',#10148,.F.);
#10150=ADVANCED_FACE('',(#10149),#10142,.F.);
#10151=CARTESIAN_POINT('',(6.095E0,1.72E0,-3.85E0));
#10152=DIRECTION('',(1.E0,0.E0,0.E0));
#10153=DIRECTION('',(0.E0,0.E0,-1.E0));
#10154=AXIS2_PLACEMENT_3D('',#10151,#10152,#10153);
#10155=PLANE('',#10154);
#10156=ORIENTED_EDGE('',*,*,#9909,.F.);
#10157=ORIENTED_EDGE('',*,*,#10146,.F.);
#10158=ORIENTED_EDGE('',*,*,#6914,.F.);
#10159=ORIENTED_EDGE('',*,*,#7350,.F.);
#10160=EDGE_LOOP('',(#10156,#10157,#10158,#10159));
#10161=FACE_OUTER_BOUND('',#10160,.F.);
#10162=ADVANCED_FACE('',(#10161),#10155,.T.);
#10163=CARTESIAN_POINT('',(5.805E0,1.72E0,-3.85E0));
#10164=DIRECTION('',(1.E0,0.E0,0.E0));
#10165=DIRECTION('',(0.E0,0.E0,-1.E0));
#10166=AXIS2_PLACEMENT_3D('',#10163,#10164,#10165);
#10167=PLANE('',#10166);
#10169=ORIENTED_EDGE('',*,*,#10168,.T.);
#10170=ORIENTED_EDGE('',*,*,#7353,.T.);
#10171=ORIENTED_EDGE('',*,*,#6910,.T.);
#10173=ORIENTED_EDGE('',*,*,#10172,.T.);
#10174=EDGE_LOOP('',(#10169,#10170,#10171,#10173));
#10175=FACE_OUTER_BOUND('',#10174,.F.);
#10176=ADVANCED_FACE('',(#10175),#10167,.F.);
#10177=CARTESIAN_POINT('',(5.7E0,1.62E0,-3.85E0));
#10178=DIRECTION('',(0.E0,1.E0,0.E0));
#10179=DIRECTION('',(0.E0,0.E0,1.E0));
#10180=AXIS2_PLACEMENT_3D('',#10177,#10178,#10179);
#10181=PLANE('',#10180);
#10183=ORIENTED_EDGE('',*,*,#10182,.T.);
#10185=ORIENTED_EDGE('',*,*,#10184,.T.);
#10187=ORIENTED_EDGE('',*,*,#10186,.F.);
#10188=ORIENTED_EDGE('',*,*,#7355,.F.);
#10189=ORIENTED_EDGE('',*,*,#10168,.F.);
#10191=ORIENTED_EDGE('',*,*,#10190,.F.);
#10193=ORIENTED_EDGE('',*,*,#10192,.T.);
#10194=ORIENTED_EDGE('',*,*,#7363,.F.);
#10195=EDGE_LOOP('',(#10183,#10185,#10187,#10188,#10189,#10191,#10193,#10194));
#10196=FACE_OUTER_BOUND('',#10195,.F.);
#10197=ADVANCED_FACE('',(#10196),#10181,.T.);
#10198=CARTESIAN_POINT('',(5.605E0,1.06E0,-2.8E0));
#10199=DIRECTION('',(1.E0,0.E0,0.E0));
#10200=DIRECTION('',(0.E0,1.E0,0.E0));
#10201=AXIS2_PLACEMENT_3D('',#10198,#10199,#10200);
#10202=PLANE('',#10201);
#10203=ORIENTED_EDGE('',*,*,#6726,.T.);
#10205=ORIENTED_EDGE('',*,*,#10204,.T.);
#10207=ORIENTED_EDGE('',*,*,#10206,.T.);
#10209=ORIENTED_EDGE('',*,*,#10208,.T.);
#10210=EDGE_LOOP('',(#10203,#10205,#10207,#10209));
#10211=FACE_OUTER_BOUND('',#10210,.F.);
#10212=ADVANCED_FACE('',(#10211),#10202,.F.);
#10213=CARTESIAN_POINT('',(5.605E0,1.06E0,-2.8E0));
#10214=DIRECTION('',(1.E0,0.E0,0.E0));
#10215=DIRECTION('',(0.E0,1.E0,0.E0));
#10216=AXIS2_PLACEMENT_3D('',#10213,#10214,#10215);
#10217=PLANE('',#10216);
#10218=ORIENTED_EDGE('',*,*,#7361,.T.);
#10220=ORIENTED_EDGE('',*,*,#10219,.T.);
#10222=ORIENTED_EDGE('',*,*,#10221,.T.);
#10224=ORIENTED_EDGE('',*,*,#10223,.T.);
#10226=ORIENTED_EDGE('',*,*,#10225,.T.);
#10228=ORIENTED_EDGE('',*,*,#10227,.T.);
#10230=ORIENTED_EDGE('',*,*,#10229,.T.);
#10232=ORIENTED_EDGE('',*,*,#10231,.T.);
#10234=ORIENTED_EDGE('',*,*,#10233,.T.);
#10235=ORIENTED_EDGE('',*,*,#10182,.F.);
#10236=EDGE_LOOP('',(#10218,#10220,#10222,#10224,#10226,#10228,#10230,#10232,
#10234,#10235));
#10237=FACE_OUTER_BOUND('',#10236,.F.);
#10238=ADVANCED_FACE('',(#10237),#10217,.F.);
#10239=CARTESIAN_POINT('',(5.599593270859E0,1.349243459677E0,
-9.893449050845E-1));
#10240=DIRECTION('',(1.E0,0.E0,0.E0));
#10241=DIRECTION('',(0.E0,1.E0,0.E0));
#10242=AXIS2_PLACEMENT_3D('',#10239,#10240,#10241);
#10243=CYLINDRICAL_SURFACE('',#10242,3.E-1);
#10244=ORIENTED_EDGE('',*,*,#6732,.T.);
#10246=ORIENTED_EDGE('',*,*,#10245,.T.);
#10248=ORIENTED_EDGE('',*,*,#10247,.T.);
#10249=ORIENTED_EDGE('',*,*,#10204,.F.);
#10250=EDGE_LOOP('',(#10244,#10246,#10248,#10249));
#10251=FACE_OUTER_BOUND('',#10250,.F.);
#10252=ADVANCED_FACE('',(#10251),#10243,.T.);
#10253=CARTESIAN_POINT('',(5.795E0,1.06E0,-2.8E0));
#10254=DIRECTION('',(1.E0,0.E0,0.E0));
#10255=DIRECTION('',(0.E0,1.E0,0.E0));
#10256=AXIS2_PLACEMENT_3D('',#10253,#10254,#10255);
#10257=PLANE('',#10256);
#10258=ORIENTED_EDGE('',*,*,#6730,.F.);
#10260=ORIENTED_EDGE('',*,*,#10259,.F.);
#10262=ORIENTED_EDGE('',*,*,#10261,.F.);
#10263=ORIENTED_EDGE('',*,*,#10245,.F.);
#10264=EDGE_LOOP('',(#10258,#10260,#10262,#10263));
#10265=FACE_OUTER_BOUND('',#10264,.F.);
#10266=ADVANCED_FACE('',(#10265),#10257,.T.);
#10267=CARTESIAN_POINT('',(5.795E0,1.06E0,-2.8E0));
#10268=DIRECTION('',(1.E0,0.E0,0.E0));
#10269=DIRECTION('',(0.E0,1.E0,0.E0));
#10270=AXIS2_PLACEMENT_3D('',#10267,#10268,#10269);
#10271=PLANE('',#10270);
#10272=ORIENTED_EDGE('',*,*,#7357,.F.);
#10273=ORIENTED_EDGE('',*,*,#10186,.T.);
#10275=ORIENTED_EDGE('',*,*,#10274,.T.);
#10277=ORIENTED_EDGE('',*,*,#10276,.F.);
#10279=ORIENTED_EDGE('',*,*,#10278,.F.);
#10281=ORIENTED_EDGE('',*,*,#10280,.T.);
#10283=ORIENTED_EDGE('',*,*,#10282,.F.);
#10285=ORIENTED_EDGE('',*,*,#10284,.F.);
#10287=ORIENTED_EDGE('',*,*,#10286,.T.);
#10289=ORIENTED_EDGE('',*,*,#10288,.F.);
#10290=EDGE_LOOP('',(#10272,#10273,#10275,#10277,#10279,#10281,#10283,#10285,
#10287,#10289));
#10291=FACE_OUTER_BOUND('',#10290,.F.);
#10292=ADVANCED_FACE('',(#10291),#10271,.T.);
#10293=CARTESIAN_POINT('',(5.7E0,1.128400759486E0,-2.020110536160E0));
#10294=DIRECTION('',(0.E0,9.985927540074E-1,5.303311836814E-2));
#10295=DIRECTION('',(0.E0,5.303311836814E-2,-9.985927540074E-1));
#10296=AXIS2_PLACEMENT_3D('',#10293,#10294,#10295);
#10297=PLANE('',#10296);
#10298=ORIENTED_EDGE('',*,*,#6728,.T.);
#10299=ORIENTED_EDGE('',*,*,#10208,.F.);
#10301=ORIENTED_EDGE('',*,*,#10300,.F.);
#10302=ORIENTED_EDGE('',*,*,#10259,.T.);
#10303=EDGE_LOOP('',(#10298,#10299,#10301,#10302));
#10304=FACE_OUTER_BOUND('',#10303,.F.);
#10305=ADVANCED_FACE('',(#10304),#10297,.F.);
#10306=CARTESIAN_POINT('',(5.7E0,1.072671389431E0,-8.725951488022E-1));
#10307=DIRECTION('',(0.E0,9.063077870423E-1,-4.226182617286E-1));
#10308=DIRECTION('',(0.E0,-4.226182617286E-1,-9.063077870423E-1));
#10309=AXIS2_PLACEMENT_3D('',#10306,#10307,#10308);
#10310=PLANE('',#10309);
#10311=ORIENTED_EDGE('',*,*,#10300,.T.);
#10312=ORIENTED_EDGE('',*,*,#10206,.F.);
#10313=ORIENTED_EDGE('',*,*,#10247,.F.);
#10314=ORIENTED_EDGE('',*,*,#10261,.T.);
#10315=EDGE_LOOP('',(#10311,#10312,#10313,#10314));
#10316=FACE_OUTER_BOUND('',#10315,.F.);
#10317=ADVANCED_FACE('',(#10316),#10310,.F.);
#10318=CARTESIAN_POINT('',(5.7E0,1.611315326090E0,-4.09E0));
#10319=DIRECTION('',(0.E0,0.E0,1.E0));
#10320=DIRECTION('',(0.E0,-1.E0,0.E0));
#10321=AXIS2_PLACEMENT_3D('',#10318,#10319,#10320);
#10322=PLANE('',#10321);
#10323=ORIENTED_EDGE('',*,*,#10184,.F.);
#10324=ORIENTED_EDGE('',*,*,#10233,.F.);
#10326=ORIENTED_EDGE('',*,*,#10325,.F.);
#10327=ORIENTED_EDGE('',*,*,#10274,.F.);
#10328=EDGE_LOOP('',(#10323,#10324,#10326,#10327));
#10329=FACE_OUTER_BOUND('',#10328,.F.);
#10330=ADVANCED_FACE('',(#10329),#10322,.T.);
#10331=CARTESIAN_POINT('',(5.800406729141E0,1.732653242109E0,-4.19E0));
#10332=DIRECTION('',(-1.E0,0.E0,0.E0));
#10333=DIRECTION('',(0.E0,0.E0,1.E0));
#10334=AXIS2_PLACEMENT_3D('',#10331,#10332,#10333);
#10335=CYLINDRICAL_SURFACE('',#10334,1.E-1);
#10336=ORIENTED_EDGE('',*,*,#10231,.F.);
#10338=ORIENTED_EDGE('',*,*,#10337,.T.);
#10339=ORIENTED_EDGE('',*,*,#10276,.T.);
#10340=ORIENTED_EDGE('',*,*,#10325,.T.);
#10341=EDGE_LOOP('',(#10336,#10338,#10339,#10340));
#10342=FACE_OUTER_BOUND('',#10341,.F.);
#10343=ADVANCED_FACE('',(#10342),#10335,.T.);
#10344=CARTESIAN_POINT('',(5.7E0,1.851258097792E0,-4.542383202188E0));
#10345=DIRECTION('',(0.E0,9.986295347546E-1,5.233595624309E-2));
#10346=DIRECTION('',(0.E0,-5.233595624309E-2,9.986295347546E-1));
#10347=AXIS2_PLACEMENT_3D('',#10344,#10345,#10346);
#10348=PLANE('',#10347);
#10349=ORIENTED_EDGE('',*,*,#10337,.F.);
#10350=ORIENTED_EDGE('',*,*,#10229,.F.);
#10352=ORIENTED_EDGE('',*,*,#10351,.F.);
#10353=ORIENTED_EDGE('',*,*,#10278,.T.);
#10354=EDGE_LOOP('',(#10349,#10350,#10352,#10353));
#10355=FACE_OUTER_BOUND('',#10354,.F.);
#10356=ADVANCED_FACE('',(#10355),#10348,.T.);
#10357=CARTESIAN_POINT('',(5.7E0,1.77E0,-4.9E0));
#10358=DIRECTION('',(0.E0,0.E0,1.E0));
#10359=DIRECTION('',(0.E0,1.E0,0.E0));
#10360=AXIS2_PLACEMENT_3D('',#10357,#10358,#10359);
#10361=PLANE('',#10360);
#10362=ORIENTED_EDGE('',*,*,#10227,.F.);
#10364=ORIENTED_EDGE('',*,*,#10363,.F.);
#10365=ORIENTED_EDGE('',*,*,#10280,.F.);
#10366=ORIENTED_EDGE('',*,*,#10351,.T.);
#10367=EDGE_LOOP('',(#10362,#10364,#10365,#10366));
#10368=FACE_OUTER_BOUND('',#10367,.F.);
#10369=ADVANCED_FACE('',(#10368),#10361,.F.);
#10370=CARTESIAN_POINT('',(5.7E0,1.659381303582E0,-4.697383202188E0));
#10371=DIRECTION('',(0.E0,9.986295347546E-1,5.233595624285E-2));
#10372=DIRECTION('',(0.E0,5.233595624285E-2,-9.986295347546E-1));
#10373=AXIS2_PLACEMENT_3D('',#10370,#10371,#10372);
#10374=PLANE('',#10373);
#10376=ORIENTED_EDGE('',*,*,#10375,.T.);
#10377=ORIENTED_EDGE('',*,*,#10282,.T.);
#10378=ORIENTED_EDGE('',*,*,#10363,.T.);
#10379=ORIENTED_EDGE('',*,*,#10225,.F.);
#10380=EDGE_LOOP('',(#10376,#10377,#10378,#10379));
#10381=FACE_OUTER_BOUND('',#10380,.F.);
#10382=ADVANCED_FACE('',(#10381),#10374,.F.);
#10383=CARTESIAN_POINT('',(5.599593270859E0,1.548899653687E0,-4.5E0));
#10384=DIRECTION('',(1.E0,0.E0,0.E0));
#10385=DIRECTION('',(0.E0,9.986295347547E-1,5.233595624025E-2));
#10386=AXIS2_PLACEMENT_3D('',#10383,#10384,#10385);
#10387=CYLINDRICAL_SURFACE('',#10386,9.999999999953E-2);
#10388=ORIENTED_EDGE('',*,*,#10375,.F.);
#10389=ORIENTED_EDGE('',*,*,#10223,.F.);
#10391=ORIENTED_EDGE('',*,*,#10390,.F.);
#10392=ORIENTED_EDGE('',*,*,#10284,.T.);
#10393=EDGE_LOOP('',(#10388,#10389,#10391,#10392));
#10394=FACE_OUTER_BOUND('',#10393,.F.);
#10395=ADVANCED_FACE('',(#10394),#10387,.F.);
#10396=CARTESIAN_POINT('',(5.7E0,1.124449826844E0,-4.4E0));
#10397=DIRECTION('',(0.E0,0.E0,1.E0));
#10398=DIRECTION('',(0.E0,1.E0,0.E0));
#10399=AXIS2_PLACEMENT_3D('',#10396,#10397,#10398);
#10400=PLANE('',#10399);
#10402=ORIENTED_EDGE('',*,*,#10401,.F.);
#10403=ORIENTED_EDGE('',*,*,#10286,.F.);
#10404=ORIENTED_EDGE('',*,*,#10390,.T.);
#10405=ORIENTED_EDGE('',*,*,#10221,.F.);
#10406=EDGE_LOOP('',(#10402,#10403,#10404,#10405));
#10407=FACE_OUTER_BOUND('',#10406,.F.);
#10408=ADVANCED_FACE('',(#10407),#10400,.F.);
#10409=CARTESIAN_POINT('',(5.7E0,4.75E-1,-4.3E0));
#10410=DIRECTION('',(0.E0,4.061384660534E-1,9.138115486203E-1));
#10411=DIRECTION('',(0.E0,-9.138115486203E-1,4.061384660534E-1));
#10412=AXIS2_PLACEMENT_3D('',#10409,#10410,#10411);
#10413=PLANE('',#10412);
#10414=ORIENTED_EDGE('',*,*,#7359,.F.);
#10415=ORIENTED_EDGE('',*,*,#10288,.T.);
#10416=ORIENTED_EDGE('',*,*,#10401,.T.);
#10417=ORIENTED_EDGE('',*,*,#10219,.F.);
#10418=EDGE_LOOP('',(#10414,#10415,#10416,#10417));
#10419=FACE_OUTER_BOUND('',#10418,.F.);
#10420=ADVANCED_FACE('',(#10419),#10413,.F.);
#10421=CARTESIAN_POINT('',(5.7E0,1.72E0,-3.5E0));
#10422=DIRECTION('',(0.E0,0.E0,1.E0));
#10423=DIRECTION('',(0.E0,-1.E0,0.E0));
#10424=AXIS2_PLACEMENT_3D('',#10421,#10422,#10423);
#10425=PLANE('',#10424);
#10426=ORIENTED_EDGE('',*,*,#10190,.T.);
#10427=ORIENTED_EDGE('',*,*,#10172,.F.);
#10428=ORIENTED_EDGE('',*,*,#6908,.T.);
#10430=ORIENTED_EDGE('',*,*,#10429,.T.);
#10431=EDGE_LOOP('',(#10426,#10427,#10428,#10430));
#10432=FACE_OUTER_BOUND('',#10431,.F.);
#10433=ADVANCED_FACE('',(#10432),#10425,.F.);
#10434=CARTESIAN_POINT('',(5.595E0,1.72E0,-3.85E0));
#10435=DIRECTION('',(1.E0,0.E0,0.E0));
#10436=DIRECTION('',(0.E0,0.E0,-1.E0));
#10437=AXIS2_PLACEMENT_3D('',#10434,#10435,#10436);
#10438=PLANE('',#10437);
#10439=ORIENTED_EDGE('',*,*,#10192,.F.);
#10440=ORIENTED_EDGE('',*,*,#10429,.F.);
#10441=ORIENTED_EDGE('',*,*,#6906,.F.);
#10442=ORIENTED_EDGE('',*,*,#7365,.F.);
#10443=EDGE_LOOP('',(#10439,#10440,#10441,#10442));
#10444=FACE_OUTER_BOUND('',#10443,.F.);
#10445=ADVANCED_FACE('',(#10444),#10438,.T.);
#10446=CARTESIAN_POINT('',(5.305E0,1.72E0,-3.85E0));
#10447=DIRECTION('',(1.E0,0.E0,0.E0));
#10448=DIRECTION('',(0.E0,0.E0,-1.E0));
#10449=AXIS2_PLACEMENT_3D('',#10446,#10447,#10448);
#10450=PLANE('',#10449);
#10452=ORIENTED_EDGE('',*,*,#10451,.T.);
#10453=ORIENTED_EDGE('',*,*,#7368,.T.);
#10454=ORIENTED_EDGE('',*,*,#6902,.T.);
#10456=ORIENTED_EDGE('',*,*,#10455,.T.);
#10457=EDGE_LOOP('',(#10452,#10453,#10454,#10456));
#10458=FACE_OUTER_BOUND('',#10457,.F.);
#10459=ADVANCED_FACE('',(#10458),#10450,.F.);
#10460=CARTESIAN_POINT('',(5.2E0,1.62E0,-3.85E0));
#10461=DIRECTION('',(0.E0,1.E0,0.E0));
#10462=DIRECTION('',(0.E0,0.E0,1.E0));
#10463=AXIS2_PLACEMENT_3D('',#10460,#10461,#10462);
#10464=PLANE('',#10463);
#10466=ORIENTED_EDGE('',*,*,#10465,.T.);
#10468=ORIENTED_EDGE('',*,*,#10467,.T.);
#10470=ORIENTED_EDGE('',*,*,#10469,.F.);
#10471=ORIENTED_EDGE('',*,*,#7370,.F.);
#10472=ORIENTED_EDGE('',*,*,#10451,.F.);
#10474=ORIENTED_EDGE('',*,*,#10473,.F.);
#10476=ORIENTED_EDGE('',*,*,#10475,.T.);
#10477=ORIENTED_EDGE('',*,*,#7378,.F.);
#10478=EDGE_LOOP('',(#10466,#10468,#10470,#10471,#10472,#10474,#10476,#10477));
#10479=FACE_OUTER_BOUND('',#10478,.F.);
#10480=ADVANCED_FACE('',(#10479),#10464,.T.);
#10481=CARTESIAN_POINT('',(5.105E0,1.06E0,-2.8E0));
#10482=DIRECTION('',(1.E0,0.E0,0.E0));
#10483=DIRECTION('',(0.E0,1.E0,0.E0));
#10484=AXIS2_PLACEMENT_3D('',#10481,#10482,#10483);
#10485=PLANE('',#10484);
#10486=ORIENTED_EDGE('',*,*,#6736,.T.);
#10488=ORIENTED_EDGE('',*,*,#10487,.T.);
#10490=ORIENTED_EDGE('',*,*,#10489,.T.);
#10492=ORIENTED_EDGE('',*,*,#10491,.T.);
#10493=EDGE_LOOP('',(#10486,#10488,#10490,#10492));
#10494=FACE_OUTER_BOUND('',#10493,.F.);
#10495=ADVANCED_FACE('',(#10494),#10485,.F.);
#10496=CARTESIAN_POINT('',(5.105E0,1.06E0,-2.8E0));
#10497=DIRECTION('',(1.E0,0.E0,0.E0));
#10498=DIRECTION('',(0.E0,1.E0,0.E0));
#10499=AXIS2_PLACEMENT_3D('',#10496,#10497,#10498);
#10500=PLANE('',#10499);
#10501=ORIENTED_EDGE('',*,*,#7376,.T.);
#10503=ORIENTED_EDGE('',*,*,#10502,.T.);
#10505=ORIENTED_EDGE('',*,*,#10504,.T.);
#10507=ORIENTED_EDGE('',*,*,#10506,.T.);
#10509=ORIENTED_EDGE('',*,*,#10508,.T.);
#10511=ORIENTED_EDGE('',*,*,#10510,.T.);
#10513=ORIENTED_EDGE('',*,*,#10512,.T.);
#10515=ORIENTED_EDGE('',*,*,#10514,.T.);
#10517=ORIENTED_EDGE('',*,*,#10516,.T.);
#10518=ORIENTED_EDGE('',*,*,#10465,.F.);
#10519=EDGE_LOOP('',(#10501,#10503,#10505,#10507,#10509,#10511,#10513,#10515,
#10517,#10518));
#10520=FACE_OUTER_BOUND('',#10519,.F.);
#10521=ADVANCED_FACE('',(#10520),#10500,.F.);
#10522=CARTESIAN_POINT('',(5.099593270859E0,1.349243459677E0,
-9.893449050845E-1));
#10523=DIRECTION('',(1.E0,0.E0,0.E0));
#10524=DIRECTION('',(0.E0,1.E0,0.E0));
#10525=AXIS2_PLACEMENT_3D('',#10522,#10523,#10524);
#10526=CYLINDRICAL_SURFACE('',#10525,3.E-1);
#10527=ORIENTED_EDGE('',*,*,#6742,.T.);
#10529=ORIENTED_EDGE('',*,*,#10528,.T.);
#10531=ORIENTED_EDGE('',*,*,#10530,.T.);
#10532=ORIENTED_EDGE('',*,*,#10487,.F.);
#10533=EDGE_LOOP('',(#10527,#10529,#10531,#10532));
#10534=FACE_OUTER_BOUND('',#10533,.F.);
#10535=ADVANCED_FACE('',(#10534),#10526,.T.);
#10536=CARTESIAN_POINT('',(5.295E0,1.06E0,-2.8E0));
#10537=DIRECTION('',(1.E0,0.E0,0.E0));
#10538=DIRECTION('',(0.E0,1.E0,0.E0));
#10539=AXIS2_PLACEMENT_3D('',#10536,#10537,#10538);
#10540=PLANE('',#10539);
#10541=ORIENTED_EDGE('',*,*,#6740,.F.);
#10543=ORIENTED_EDGE('',*,*,#10542,.F.);
#10545=ORIENTED_EDGE('',*,*,#10544,.F.);
#10546=ORIENTED_EDGE('',*,*,#10528,.F.);
#10547=EDGE_LOOP('',(#10541,#10543,#10545,#10546));
#10548=FACE_OUTER_BOUND('',#10547,.F.);
#10549=ADVANCED_FACE('',(#10548),#10540,.T.);
#10550=CARTESIAN_POINT('',(5.295E0,1.06E0,-2.8E0));
#10551=DIRECTION('',(1.E0,0.E0,0.E0));
#10552=DIRECTION('',(0.E0,1.E0,0.E0));
#10553=AXIS2_PLACEMENT_3D('',#10550,#10551,#10552);
#10554=PLANE('',#10553);
#10555=ORIENTED_EDGE('',*,*,#7372,.F.);
#10556=ORIENTED_EDGE('',*,*,#10469,.T.);
#10558=ORIENTED_EDGE('',*,*,#10557,.T.);
#10560=ORIENTED_EDGE('',*,*,#10559,.F.);
#10562=ORIENTED_EDGE('',*,*,#10561,.F.);
#10564=ORIENTED_EDGE('',*,*,#10563,.T.);
#10566=ORIENTED_EDGE('',*,*,#10565,.F.);
#10568=ORIENTED_EDGE('',*,*,#10567,.F.);
#10570=ORIENTED_EDGE('',*,*,#10569,.T.);
#10572=ORIENTED_EDGE('',*,*,#10571,.F.);
#10573=EDGE_LOOP('',(#10555,#10556,#10558,#10560,#10562,#10564,#10566,#10568,
#10570,#10572));
#10574=FACE_OUTER_BOUND('',#10573,.F.);
#10575=ADVANCED_FACE('',(#10574),#10554,.T.);
#10576=CARTESIAN_POINT('',(5.2E0,1.128400759486E0,-2.020110536160E0));
#10577=DIRECTION('',(0.E0,9.985927540074E-1,5.303311836814E-2));
#10578=DIRECTION('',(0.E0,5.303311836814E-2,-9.985927540074E-1));
#10579=AXIS2_PLACEMENT_3D('',#10576,#10577,#10578);
#10580=PLANE('',#10579);
#10581=ORIENTED_EDGE('',*,*,#6738,.T.);
#10582=ORIENTED_EDGE('',*,*,#10491,.F.);
#10584=ORIENTED_EDGE('',*,*,#10583,.F.);
#10585=ORIENTED_EDGE('',*,*,#10542,.T.);
#10586=EDGE_LOOP('',(#10581,#10582,#10584,#10585));
#10587=FACE_OUTER_BOUND('',#10586,.F.);
#10588=ADVANCED_FACE('',(#10587),#10580,.F.);
#10589=CARTESIAN_POINT('',(5.2E0,1.072671389431E0,-8.725951488022E-1));
#10590=DIRECTION('',(0.E0,9.063077870423E-1,-4.226182617286E-1));
#10591=DIRECTION('',(0.E0,-4.226182617286E-1,-9.063077870423E-1));
#10592=AXIS2_PLACEMENT_3D('',#10589,#10590,#10591);
#10593=PLANE('',#10592);
#10594=ORIENTED_EDGE('',*,*,#10583,.T.);
#10595=ORIENTED_EDGE('',*,*,#10489,.F.);
#10596=ORIENTED_EDGE('',*,*,#10530,.F.);
#10597=ORIENTED_EDGE('',*,*,#10544,.T.);
#10598=EDGE_LOOP('',(#10594,#10595,#10596,#10597));
#10599=FACE_OUTER_BOUND('',#10598,.F.);
#10600=ADVANCED_FACE('',(#10599),#10593,.F.);
#10601=CARTESIAN_POINT('',(5.2E0,1.611315326090E0,-4.09E0));
#10602=DIRECTION('',(0.E0,0.E0,1.E0));
#10603=DIRECTION('',(0.E0,-1.E0,0.E0));
#10604=AXIS2_PLACEMENT_3D('',#10601,#10602,#10603);
#10605=PLANE('',#10604);
#10606=ORIENTED_EDGE('',*,*,#10467,.F.);
#10607=ORIENTED_EDGE('',*,*,#10516,.F.);
#10609=ORIENTED_EDGE('',*,*,#10608,.F.);
#10610=ORIENTED_EDGE('',*,*,#10557,.F.);
#10611=EDGE_LOOP('',(#10606,#10607,#10609,#10610));
#10612=FACE_OUTER_BOUND('',#10611,.F.);
#10613=ADVANCED_FACE('',(#10612),#10605,.T.);
#10614=CARTESIAN_POINT('',(5.300406729141E0,1.732653242109E0,-4.19E0));
#10615=DIRECTION('',(-1.E0,0.E0,0.E0));
#10616=DIRECTION('',(0.E0,0.E0,1.E0));
#10617=AXIS2_PLACEMENT_3D('',#10614,#10615,#10616);
#10618=CYLINDRICAL_SURFACE('',#10617,1.E-1);
#10619=ORIENTED_EDGE('',*,*,#10514,.F.);
#10621=ORIENTED_EDGE('',*,*,#10620,.T.);
#10622=ORIENTED_EDGE('',*,*,#10559,.T.);
#10623=ORIENTED_EDGE('',*,*,#10608,.T.);
#10624=EDGE_LOOP('',(#10619,#10621,#10622,#10623));
#10625=FACE_OUTER_BOUND('',#10624,.F.);
#10626=ADVANCED_FACE('',(#10625),#10618,.T.);
#10627=CARTESIAN_POINT('',(5.2E0,1.851258097792E0,-4.542383202188E0));
#10628=DIRECTION('',(0.E0,9.986295347546E-1,5.233595624309E-2));
#10629=DIRECTION('',(0.E0,-5.233595624309E-2,9.986295347546E-1));
#10630=AXIS2_PLACEMENT_3D('',#10627,#10628,#10629);
#10631=PLANE('',#10630);
#10632=ORIENTED_EDGE('',*,*,#10620,.F.);
#10633=ORIENTED_EDGE('',*,*,#10512,.F.);
#10635=ORIENTED_EDGE('',*,*,#10634,.F.);
#10636=ORIENTED_EDGE('',*,*,#10561,.T.);
#10637=EDGE_LOOP('',(#10632,#10633,#10635,#10636));
#10638=FACE_OUTER_BOUND('',#10637,.F.);
#10639=ADVANCED_FACE('',(#10638),#10631,.T.);
#10640=CARTESIAN_POINT('',(5.2E0,1.77E0,-4.9E0));
#10641=DIRECTION('',(0.E0,0.E0,1.E0));
#10642=DIRECTION('',(0.E0,1.E0,0.E0));
#10643=AXIS2_PLACEMENT_3D('',#10640,#10641,#10642);
#10644=PLANE('',#10643);
#10645=ORIENTED_EDGE('',*,*,#10510,.F.);
#10647=ORIENTED_EDGE('',*,*,#10646,.F.);
#10648=ORIENTED_EDGE('',*,*,#10563,.F.);
#10649=ORIENTED_EDGE('',*,*,#10634,.T.);
#10650=EDGE_LOOP('',(#10645,#10647,#10648,#10649));
#10651=FACE_OUTER_BOUND('',#10650,.F.);
#10652=ADVANCED_FACE('',(#10651),#10644,.F.);
#10653=CARTESIAN_POINT('',(5.2E0,1.659381303582E0,-4.697383202188E0));
#10654=DIRECTION('',(0.E0,9.986295347546E-1,5.233595624285E-2));
#10655=DIRECTION('',(0.E0,5.233595624285E-2,-9.986295347546E-1));
#10656=AXIS2_PLACEMENT_3D('',#10653,#10654,#10655);
#10657=PLANE('',#10656);
#10659=ORIENTED_EDGE('',*,*,#10658,.T.);
#10660=ORIENTED_EDGE('',*,*,#10565,.T.);
#10661=ORIENTED_EDGE('',*,*,#10646,.T.);
#10662=ORIENTED_EDGE('',*,*,#10508,.F.);
#10663=EDGE_LOOP('',(#10659,#10660,#10661,#10662));
#10664=FACE_OUTER_BOUND('',#10663,.F.);
#10665=ADVANCED_FACE('',(#10664),#10657,.F.);
#10666=CARTESIAN_POINT('',(5.099593270859E0,1.548899653687E0,-4.5E0));
#10667=DIRECTION('',(1.E0,0.E0,0.E0));
#10668=DIRECTION('',(0.E0,9.986295347547E-1,5.233595624025E-2));
#10669=AXIS2_PLACEMENT_3D('',#10666,#10667,#10668);
#10670=CYLINDRICAL_SURFACE('',#10669,9.999999999953E-2);
#10671=ORIENTED_EDGE('',*,*,#10658,.F.);
#10672=ORIENTED_EDGE('',*,*,#10506,.F.);
#10674=ORIENTED_EDGE('',*,*,#10673,.F.);
#10675=ORIENTED_EDGE('',*,*,#10567,.T.);
#10676=EDGE_LOOP('',(#10671,#10672,#10674,#10675));
#10677=FACE_OUTER_BOUND('',#10676,.F.);
#10678=ADVANCED_FACE('',(#10677),#10670,.F.);
#10679=CARTESIAN_POINT('',(5.2E0,1.124449826844E0,-4.4E0));
#10680=DIRECTION('',(0.E0,0.E0,1.E0));
#10681=DIRECTION('',(0.E0,1.E0,0.E0));
#10682=AXIS2_PLACEMENT_3D('',#10679,#10680,#10681);
#10683=PLANE('',#10682);
#10685=ORIENTED_EDGE('',*,*,#10684,.F.);
#10686=ORIENTED_EDGE('',*,*,#10569,.F.);
#10687=ORIENTED_EDGE('',*,*,#10673,.T.);
#10688=ORIENTED_EDGE('',*,*,#10504,.F.);
#10689=EDGE_LOOP('',(#10685,#10686,#10687,#10688));
#10690=FACE_OUTER_BOUND('',#10689,.F.);
#10691=ADVANCED_FACE('',(#10690),#10683,.F.);
#10692=CARTESIAN_POINT('',(5.2E0,4.75E-1,-4.3E0));
#10693=DIRECTION('',(0.E0,4.061384660534E-1,9.138115486203E-1));
#10694=DIRECTION('',(0.E0,-9.138115486203E-1,4.061384660534E-1));
#10695=AXIS2_PLACEMENT_3D('',#10692,#10693,#10694);
#10696=PLANE('',#10695);
#10697=ORIENTED_EDGE('',*,*,#7374,.F.);
#10698=ORIENTED_EDGE('',*,*,#10571,.T.);
#10699=ORIENTED_EDGE('',*,*,#10684,.T.);
#10700=ORIENTED_EDGE('',*,*,#10502,.F.);
#10701=EDGE_LOOP('',(#10697,#10698,#10699,#10700));
#10702=FACE_OUTER_BOUND('',#10701,.F.);
#10703=ADVANCED_FACE('',(#10702),#10696,.F.);
#10704=CARTESIAN_POINT('',(5.2E0,1.72E0,-3.5E0));
#10705=DIRECTION('',(0.E0,0.E0,1.E0));
#10706=DIRECTION('',(0.E0,-1.E0,0.E0));
#10707=AXIS2_PLACEMENT_3D('',#10704,#10705,#10706);
#10708=PLANE('',#10707);
#10709=ORIENTED_EDGE('',*,*,#10473,.T.);
#10710=ORIENTED_EDGE('',*,*,#10455,.F.);
#10711=ORIENTED_EDGE('',*,*,#6900,.T.);
#10713=ORIENTED_EDGE('',*,*,#10712,.T.);
#10714=EDGE_LOOP('',(#10709,#10710,#10711,#10713));
#10715=FACE_OUTER_BOUND('',#10714,.F.);
#10716=ADVANCED_FACE('',(#10715),#10708,.F.);
#10717=CARTESIAN_POINT('',(5.095E0,1.72E0,-3.85E0));
#10718=DIRECTION('',(1.E0,0.E0,0.E0));
#10719=DIRECTION('',(0.E0,0.E0,-1.E0));
#10720=AXIS2_PLACEMENT_3D('',#10717,#10718,#10719);
#10721=PLANE('',#10720);
#10722=ORIENTED_EDGE('',*,*,#10475,.F.);
#10723=ORIENTED_EDGE('',*,*,#10712,.F.);
#10724=ORIENTED_EDGE('',*,*,#6898,.F.);
#10725=ORIENTED_EDGE('',*,*,#7380,.F.);
#10726=EDGE_LOOP('',(#10722,#10723,#10724,#10725));
#10727=FACE_OUTER_BOUND('',#10726,.F.);
#10728=ADVANCED_FACE('',(#10727),#10721,.T.);
#10729=CARTESIAN_POINT('',(4.805E0,1.72E0,-3.85E0));
#10730=DIRECTION('',(1.E0,0.E0,0.E0));
#10731=DIRECTION('',(0.E0,0.E0,-1.E0));
#10732=AXIS2_PLACEMENT_3D('',#10729,#10730,#10731);
#10733=PLANE('',#10732);
#10735=ORIENTED_EDGE('',*,*,#10734,.T.);
#10736=ORIENTED_EDGE('',*,*,#7383,.T.);
#10737=ORIENTED_EDGE('',*,*,#6894,.T.);
#10739=ORIENTED_EDGE('',*,*,#10738,.T.);
#10740=EDGE_LOOP('',(#10735,#10736,#10737,#10739));
#10741=FACE_OUTER_BOUND('',#10740,.F.);
#10742=ADVANCED_FACE('',(#10741),#10733,.F.);
#10743=CARTESIAN_POINT('',(4.7E0,1.62E0,-3.85E0));
#10744=DIRECTION('',(0.E0,1.E0,0.E0));
#10745=DIRECTION('',(0.E0,0.E0,1.E0));
#10746=AXIS2_PLACEMENT_3D('',#10743,#10744,#10745);
#10747=PLANE('',#10746);
#10749=ORIENTED_EDGE('',*,*,#10748,.T.);
#10751=ORIENTED_EDGE('',*,*,#10750,.T.);
#10753=ORIENTED_EDGE('',*,*,#10752,.F.);
#10754=ORIENTED_EDGE('',*,*,#7385,.F.);
#10755=ORIENTED_EDGE('',*,*,#10734,.F.);
#10757=ORIENTED_EDGE('',*,*,#10756,.F.);
#10759=ORIENTED_EDGE('',*,*,#10758,.T.);
#10760=ORIENTED_EDGE('',*,*,#7393,.F.);
#10761=EDGE_LOOP('',(#10749,#10751,#10753,#10754,#10755,#10757,#10759,#10760));
#10762=FACE_OUTER_BOUND('',#10761,.F.);
#10763=ADVANCED_FACE('',(#10762),#10747,.T.);
#10764=CARTESIAN_POINT('',(4.605E0,1.06E0,-2.8E0));
#10765=DIRECTION('',(1.E0,0.E0,0.E0));
#10766=DIRECTION('',(0.E0,1.E0,0.E0));
#10767=AXIS2_PLACEMENT_3D('',#10764,#10765,#10766);
#10768=PLANE('',#10767);
#10769=ORIENTED_EDGE('',*,*,#6746,.T.);
#10771=ORIENTED_EDGE('',*,*,#10770,.T.);
#10773=ORIENTED_EDGE('',*,*,#10772,.T.);
#10775=ORIENTED_EDGE('',*,*,#10774,.T.);
#10776=EDGE_LOOP('',(#10769,#10771,#10773,#10775));
#10777=FACE_OUTER_BOUND('',#10776,.F.);
#10778=ADVANCED_FACE('',(#10777),#10768,.F.);
#10779=CARTESIAN_POINT('',(4.605E0,1.06E0,-2.8E0));
#10780=DIRECTION('',(1.E0,0.E0,0.E0));
#10781=DIRECTION('',(0.E0,1.E0,0.E0));
#10782=AXIS2_PLACEMENT_3D('',#10779,#10780,#10781);
#10783=PLANE('',#10782);
#10784=ORIENTED_EDGE('',*,*,#7391,.T.);
#10786=ORIENTED_EDGE('',*,*,#10785,.T.);
#10788=ORIENTED_EDGE('',*,*,#10787,.T.);
#10790=ORIENTED_EDGE('',*,*,#10789,.T.);
#10792=ORIENTED_EDGE('',*,*,#10791,.T.);
#10794=ORIENTED_EDGE('',*,*,#10793,.T.);
#10796=ORIENTED_EDGE('',*,*,#10795,.T.);
#10798=ORIENTED_EDGE('',*,*,#10797,.T.);
#10800=ORIENTED_EDGE('',*,*,#10799,.T.);
#10801=ORIENTED_EDGE('',*,*,#10748,.F.);
#10802=EDGE_LOOP('',(#10784,#10786,#10788,#10790,#10792,#10794,#10796,#10798,
#10800,#10801));
#10803=FACE_OUTER_BOUND('',#10802,.F.);
#10804=ADVANCED_FACE('',(#10803),#10783,.F.);
#10805=CARTESIAN_POINT('',(4.599593270859E0,1.349243459677E0,
-9.893449050845E-1));
#10806=DIRECTION('',(1.E0,0.E0,0.E0));
#10807=DIRECTION('',(0.E0,1.E0,0.E0));
#10808=AXIS2_PLACEMENT_3D('',#10805,#10806,#10807);
#10809=CYLINDRICAL_SURFACE('',#10808,3.E-1);
#10810=ORIENTED_EDGE('',*,*,#6752,.T.);
#10812=ORIENTED_EDGE('',*,*,#10811,.T.);
#10814=ORIENTED_EDGE('',*,*,#10813,.T.);
#10815=ORIENTED_EDGE('',*,*,#10770,.F.);
#10816=EDGE_LOOP('',(#10810,#10812,#10814,#10815));
#10817=FACE_OUTER_BOUND('',#10816,.F.);
#10818=ADVANCED_FACE('',(#10817),#10809,.T.);
#10819=CARTESIAN_POINT('',(4.795E0,1.06E0,-2.8E0));
#10820=DIRECTION('',(1.E0,0.E0,0.E0));
#10821=DIRECTION('',(0.E0,1.E0,0.E0));
#10822=AXIS2_PLACEMENT_3D('',#10819,#10820,#10821);
#10823=PLANE('',#10822);
#10824=ORIENTED_EDGE('',*,*,#6750,.F.);
#10826=ORIENTED_EDGE('',*,*,#10825,.F.);
#10828=ORIENTED_EDGE('',*,*,#10827,.F.);
#10829=ORIENTED_EDGE('',*,*,#10811,.F.);
#10830=EDGE_LOOP('',(#10824,#10826,#10828,#10829));
#10831=FACE_OUTER_BOUND('',#10830,.F.);
#10832=ADVANCED_FACE('',(#10831),#10823,.T.);
#10833=CARTESIAN_POINT('',(4.795E0,1.06E0,-2.8E0));
#10834=DIRECTION('',(1.E0,0.E0,0.E0));
#10835=DIRECTION('',(0.E0,1.E0,0.E0));
#10836=AXIS2_PLACEMENT_3D('',#10833,#10834,#10835);
#10837=PLANE('',#10836);
#10838=ORIENTED_EDGE('',*,*,#7387,.F.);
#10839=ORIENTED_EDGE('',*,*,#10752,.T.);
#10841=ORIENTED_EDGE('',*,*,#10840,.T.);
#10843=ORIENTED_EDGE('',*,*,#10842,.F.);
#10845=ORIENTED_EDGE('',*,*,#10844,.F.);
#10847=ORIENTED_EDGE('',*,*,#10846,.T.);
#10849=ORIENTED_EDGE('',*,*,#10848,.F.);
#10851=ORIENTED_EDGE('',*,*,#10850,.F.);
#10853=ORIENTED_EDGE('',*,*,#10852,.T.);
#10855=ORIENTED_EDGE('',*,*,#10854,.F.);
#10856=EDGE_LOOP('',(#10838,#10839,#10841,#10843,#10845,#10847,#10849,#10851,
#10853,#10855));
#10857=FACE_OUTER_BOUND('',#10856,.F.);
#10858=ADVANCED_FACE('',(#10857),#10837,.T.);
#10859=CARTESIAN_POINT('',(4.7E0,1.128400759486E0,-2.020110536160E0));
#10860=DIRECTION('',(0.E0,9.985927540074E-1,5.303311836814E-2));
#10861=DIRECTION('',(0.E0,5.303311836814E-2,-9.985927540074E-1));
#10862=AXIS2_PLACEMENT_3D('',#10859,#10860,#10861);
#10863=PLANE('',#10862);
#10864=ORIENTED_EDGE('',*,*,#6748,.T.);
#10865=ORIENTED_EDGE('',*,*,#10774,.F.);
#10867=ORIENTED_EDGE('',*,*,#10866,.F.);
#10868=ORIENTED_EDGE('',*,*,#10825,.T.);
#10869=EDGE_LOOP('',(#10864,#10865,#10867,#10868));
#10870=FACE_OUTER_BOUND('',#10869,.F.);
#10871=ADVANCED_FACE('',(#10870),#10863,.F.);
#10872=CARTESIAN_POINT('',(4.7E0,1.072671389431E0,-8.725951488022E-1));
#10873=DIRECTION('',(0.E0,9.063077870423E-1,-4.226182617286E-1));
#10874=DIRECTION('',(0.E0,-4.226182617286E-1,-9.063077870423E-1));
#10875=AXIS2_PLACEMENT_3D('',#10872,#10873,#10874);
#10876=PLANE('',#10875);
#10877=ORIENTED_EDGE('',*,*,#10866,.T.);
#10878=ORIENTED_EDGE('',*,*,#10772,.F.);
#10879=ORIENTED_EDGE('',*,*,#10813,.F.);
#10880=ORIENTED_EDGE('',*,*,#10827,.T.);
#10881=EDGE_LOOP('',(#10877,#10878,#10879,#10880));
#10882=FACE_OUTER_BOUND('',#10881,.F.);
#10883=ADVANCED_FACE('',(#10882),#10876,.F.);
#10884=CARTESIAN_POINT('',(4.7E0,1.611315326090E0,-4.09E0));
#10885=DIRECTION('',(0.E0,0.E0,1.E0));
#10886=DIRECTION('',(0.E0,-1.E0,0.E0));
#10887=AXIS2_PLACEMENT_3D('',#10884,#10885,#10886);
#10888=PLANE('',#10887);
#10889=ORIENTED_EDGE('',*,*,#10750,.F.);
#10890=ORIENTED_EDGE('',*,*,#10799,.F.);
#10892=ORIENTED_EDGE('',*,*,#10891,.F.);
#10893=ORIENTED_EDGE('',*,*,#10840,.F.);
#10894=EDGE_LOOP('',(#10889,#10890,#10892,#10893));
#10895=FACE_OUTER_BOUND('',#10894,.F.);
#10896=ADVANCED_FACE('',(#10895),#10888,.T.);
#10897=CARTESIAN_POINT('',(4.800406729141E0,1.732653242109E0,-4.19E0));
#10898=DIRECTION('',(-1.E0,0.E0,0.E0));
#10899=DIRECTION('',(0.E0,0.E0,1.E0));
#10900=AXIS2_PLACEMENT_3D('',#10897,#10898,#10899);
#10901=CYLINDRICAL_SURFACE('',#10900,1.E-1);
#10902=ORIENTED_EDGE('',*,*,#10797,.F.);
#10904=ORIENTED_EDGE('',*,*,#10903,.T.);
#10905=ORIENTED_EDGE('',*,*,#10842,.T.);
#10906=ORIENTED_EDGE('',*,*,#10891,.T.);
#10907=EDGE_LOOP('',(#10902,#10904,#10905,#10906));
#10908=FACE_OUTER_BOUND('',#10907,.F.);
#10909=ADVANCED_FACE('',(#10908),#10901,.T.);
#10910=CARTESIAN_POINT('',(4.7E0,1.851258097792E0,-4.542383202188E0));
#10911=DIRECTION('',(0.E0,9.986295347546E-1,5.233595624309E-2));
#10912=DIRECTION('',(0.E0,-5.233595624309E-2,9.986295347546E-1));
#10913=AXIS2_PLACEMENT_3D('',#10910,#10911,#10912);
#10914=PLANE('',#10913);
#10915=ORIENTED_EDGE('',*,*,#10903,.F.);
#10916=ORIENTED_EDGE('',*,*,#10795,.F.);
#10918=ORIENTED_EDGE('',*,*,#10917,.F.);
#10919=ORIENTED_EDGE('',*,*,#10844,.T.);
#10920=EDGE_LOOP('',(#10915,#10916,#10918,#10919));
#10921=FACE_OUTER_BOUND('',#10920,.F.);
#10922=ADVANCED_FACE('',(#10921),#10914,.T.);
#10923=CARTESIAN_POINT('',(4.7E0,1.77E0,-4.9E0));
#10924=DIRECTION('',(0.E0,0.E0,1.E0));
#10925=DIRECTION('',(0.E0,1.E0,0.E0));
#10926=AXIS2_PLACEMENT_3D('',#10923,#10924,#10925);
#10927=PLANE('',#10926);
#10928=ORIENTED_EDGE('',*,*,#10793,.F.);
#10930=ORIENTED_EDGE('',*,*,#10929,.F.);
#10931=ORIENTED_EDGE('',*,*,#10846,.F.);
#10932=ORIENTED_EDGE('',*,*,#10917,.T.);
#10933=EDGE_LOOP('',(#10928,#10930,#10931,#10932));
#10934=FACE_OUTER_BOUND('',#10933,.F.);
#10935=ADVANCED_FACE('',(#10934),#10927,.F.);
#10936=CARTESIAN_POINT('',(4.7E0,1.659381303582E0,-4.697383202188E0));
#10937=DIRECTION('',(0.E0,9.986295347546E-1,5.233595624285E-2));
#10938=DIRECTION('',(0.E0,5.233595624285E-2,-9.986295347546E-1));
#10939=AXIS2_PLACEMENT_3D('',#10936,#10937,#10938);
#10940=PLANE('',#10939);
#10942=ORIENTED_EDGE('',*,*,#10941,.T.);
#10943=ORIENTED_EDGE('',*,*,#10848,.T.);
#10944=ORIENTED_EDGE('',*,*,#10929,.T.);
#10945=ORIENTED_EDGE('',*,*,#10791,.F.);
#10946=EDGE_LOOP('',(#10942,#10943,#10944,#10945));
#10947=FACE_OUTER_BOUND('',#10946,.F.);
#10948=ADVANCED_FACE('',(#10947),#10940,.F.);
#10949=CARTESIAN_POINT('',(4.599593270859E0,1.548899653687E0,-4.5E0));
#10950=DIRECTION('',(1.E0,0.E0,0.E0));
#10951=DIRECTION('',(0.E0,9.986295347547E-1,5.233595624025E-2));
#10952=AXIS2_PLACEMENT_3D('',#10949,#10950,#10951);
#10953=CYLINDRICAL_SURFACE('',#10952,9.999999999953E-2);
#10954=ORIENTED_EDGE('',*,*,#10941,.F.);
#10955=ORIENTED_EDGE('',*,*,#10789,.F.);
#10957=ORIENTED_EDGE('',*,*,#10956,.F.);
#10958=ORIENTED_EDGE('',*,*,#10850,.T.);
#10959=EDGE_LOOP('',(#10954,#10955,#10957,#10958));
#10960=FACE_OUTER_BOUND('',#10959,.F.);
#10961=ADVANCED_FACE('',(#10960),#10953,.F.);
#10962=CARTESIAN_POINT('',(4.7E0,1.124449826844E0,-4.4E0));
#10963=DIRECTION('',(0.E0,0.E0,1.E0));
#10964=DIRECTION('',(0.E0,1.E0,0.E0));
#10965=AXIS2_PLACEMENT_3D('',#10962,#10963,#10964);
#10966=PLANE('',#10965);
#10968=ORIENTED_EDGE('',*,*,#10967,.F.);
#10969=ORIENTED_EDGE('',*,*,#10852,.F.);
#10970=ORIENTED_EDGE('',*,*,#10956,.T.);
#10971=ORIENTED_EDGE('',*,*,#10787,.F.);
#10972=EDGE_LOOP('',(#10968,#10969,#10970,#10971));
#10973=FACE_OUTER_BOUND('',#10972,.F.);
#10974=ADVANCED_FACE('',(#10973),#10966,.F.);
#10975=CARTESIAN_POINT('',(4.7E0,4.75E-1,-4.3E0));
#10976=DIRECTION('',(0.E0,4.061384660534E-1,9.138115486203E-1));
#10977=DIRECTION('',(0.E0,-9.138115486203E-1,4.061384660534E-1));
#10978=AXIS2_PLACEMENT_3D('',#10975,#10976,#10977);
#10979=PLANE('',#10978);
#10980=ORIENTED_EDGE('',*,*,#7389,.F.);
#10981=ORIENTED_EDGE('',*,*,#10854,.T.);
#10982=ORIENTED_EDGE('',*,*,#10967,.T.);
#10983=ORIENTED_EDGE('',*,*,#10785,.F.);
#10984=EDGE_LOOP('',(#10980,#10981,#10982,#10983));
#10985=FACE_OUTER_BOUND('',#10984,.F.);
#10986=ADVANCED_FACE('',(#10985),#10979,.F.);
#10987=CARTESIAN_POINT('',(4.7E0,1.72E0,-3.5E0));
#10988=DIRECTION('',(0.E0,0.E0,1.E0));
#10989=DIRECTION('',(0.E0,-1.E0,0.E0));
#10990=AXIS2_PLACEMENT_3D('',#10987,#10988,#10989);
#10991=PLANE('',#10990);
#10992=ORIENTED_EDGE('',*,*,#10756,.T.);
#10993=ORIENTED_EDGE('',*,*,#10738,.F.);
#10994=ORIENTED_EDGE('',*,*,#6892,.T.);
#10996=ORIENTED_EDGE('',*,*,#10995,.T.);
#10997=EDGE_LOOP('',(#10992,#10993,#10994,#10996));
#10998=FACE_OUTER_BOUND('',#10997,.F.);
#10999=ADVANCED_FACE('',(#10998),#10991,.F.);
#11000=CARTESIAN_POINT('',(4.595E0,1.72E0,-3.85E0));
#11001=DIRECTION('',(1.E0,0.E0,0.E0));
#11002=DIRECTION('',(0.E0,0.E0,-1.E0));
#11003=AXIS2_PLACEMENT_3D('',#11000,#11001,#11002);
#11004=PLANE('',#11003);
#11005=ORIENTED_EDGE('',*,*,#10758,.F.);
#11006=ORIENTED_EDGE('',*,*,#10995,.F.);
#11007=ORIENTED_EDGE('',*,*,#6890,.F.);
#11008=ORIENTED_EDGE('',*,*,#7395,.F.);
#11009=EDGE_LOOP('',(#11005,#11006,#11007,#11008));
#11010=FACE_OUTER_BOUND('',#11009,.F.);
#11011=ADVANCED_FACE('',(#11010),#11004,.T.);
#11012=CARTESIAN_POINT('',(4.305E0,1.72E0,-3.85E0));
#11013=DIRECTION('',(1.E0,0.E0,0.E0));
#11014=DIRECTION('',(0.E0,0.E0,-1.E0));
#11015=AXIS2_PLACEMENT_3D('',#11012,#11013,#11014);
#11016=PLANE('',#11015);
#11018=ORIENTED_EDGE('',*,*,#11017,.T.);
#11019=ORIENTED_EDGE('',*,*,#7398,.T.);
#11020=ORIENTED_EDGE('',*,*,#6886,.T.);
#11022=ORIENTED_EDGE('',*,*,#11021,.T.);
#11023=EDGE_LOOP('',(#11018,#11019,#11020,#11022));
#11024=FACE_OUTER_BOUND('',#11023,.F.);
#11025=ADVANCED_FACE('',(#11024),#11016,.F.);
#11026=CARTESIAN_POINT('',(4.2E0,1.62E0,-3.85E0));
#11027=DIRECTION('',(0.E0,1.E0,0.E0));
#11028=DIRECTION('',(0.E0,0.E0,1.E0));
#11029=AXIS2_PLACEMENT_3D('',#11026,#11027,#11028);
#11030=PLANE('',#11029);
#11032=ORIENTED_EDGE('',*,*,#11031,.T.);
#11034=ORIENTED_EDGE('',*,*,#11033,.T.);
#11036=ORIENTED_EDGE('',*,*,#11035,.F.);
#11037=ORIENTED_EDGE('',*,*,#7400,.F.);
#11038=ORIENTED_EDGE('',*,*,#11017,.F.);
#11040=ORIENTED_EDGE('',*,*,#11039,.F.);
#11042=ORIENTED_EDGE('',*,*,#11041,.T.);
#11043=ORIENTED_EDGE('',*,*,#7408,.F.);
#11044=EDGE_LOOP('',(#11032,#11034,#11036,#11037,#11038,#11040,#11042,#11043));
#11045=FACE_OUTER_BOUND('',#11044,.F.);
#11046=ADVANCED_FACE('',(#11045),#11030,.T.);
#11047=CARTESIAN_POINT('',(4.105E0,1.06E0,-2.8E0));
#11048=DIRECTION('',(1.E0,0.E0,0.E0));
#11049=DIRECTION('',(0.E0,1.E0,0.E0));
#11050=AXIS2_PLACEMENT_3D('',#11047,#11048,#11049);
#11051=PLANE('',#11050);
#11052=ORIENTED_EDGE('',*,*,#6756,.T.);
#11054=ORIENTED_EDGE('',*,*,#11053,.T.);
#11056=ORIENTED_EDGE('',*,*,#11055,.T.);
#11058=ORIENTED_EDGE('',*,*,#11057,.T.);
#11059=EDGE_LOOP('',(#11052,#11054,#11056,#11058));
#11060=FACE_OUTER_BOUND('',#11059,.F.);
#11061=ADVANCED_FACE('',(#11060),#11051,.F.);
#11062=CARTESIAN_POINT('',(4.105E0,1.06E0,-2.8E0));
#11063=DIRECTION('',(1.E0,0.E0,0.E0));
#11064=DIRECTION('',(0.E0,1.E0,0.E0));
#11065=AXIS2_PLACEMENT_3D('',#11062,#11063,#11064);
#11066=PLANE('',#11065);
#11067=ORIENTED_EDGE('',*,*,#7406,.T.);
#11069=ORIENTED_EDGE('',*,*,#11068,.T.);
#11071=ORIENTED_EDGE('',*,*,#11070,.T.);
#11073=ORIENTED_EDGE('',*,*,#11072,.T.);
#11075=ORIENTED_EDGE('',*,*,#11074,.T.);
#11077=ORIENTED_EDGE('',*,*,#11076,.T.);
#11079=ORIENTED_EDGE('',*,*,#11078,.T.);
#11081=ORIENTED_EDGE('',*,*,#11080,.T.);
#11083=ORIENTED_EDGE('',*,*,#11082,.T.);
#11084=ORIENTED_EDGE('',*,*,#11031,.F.);
#11085=EDGE_LOOP('',(#11067,#11069,#11071,#11073,#11075,#11077,#11079,#11081,
#11083,#11084));
#11086=FACE_OUTER_BOUND('',#11085,.F.);
#11087=ADVANCED_FACE('',(#11086),#11066,.F.);
#11088=CARTESIAN_POINT('',(4.099593270859E0,1.349243459677E0,
-9.893449050845E-1));
#11089=DIRECTION('',(1.E0,0.E0,0.E0));
#11090=DIRECTION('',(0.E0,1.E0,0.E0));
#11091=AXIS2_PLACEMENT_3D('',#11088,#11089,#11090);
#11092=CYLINDRICAL_SURFACE('',#11091,3.E-1);
#11093=ORIENTED_EDGE('',*,*,#6762,.T.);
#11095=ORIENTED_EDGE('',*,*,#11094,.T.);
#11097=ORIENTED_EDGE('',*,*,#11096,.T.);
#11098=ORIENTED_EDGE('',*,*,#11053,.F.);
#11099=EDGE_LOOP('',(#11093,#11095,#11097,#11098));
#11100=FACE_OUTER_BOUND('',#11099,.F.);
#11101=ADVANCED_FACE('',(#11100),#11092,.T.);
#11102=CARTESIAN_POINT('',(4.295E0,1.06E0,-2.8E0));
#11103=DIRECTION('',(1.E0,0.E0,0.E0));
#11104=DIRECTION('',(0.E0,1.E0,0.E0));
#11105=AXIS2_PLACEMENT_3D('',#11102,#11103,#11104);
#11106=PLANE('',#11105);
#11107=ORIENTED_EDGE('',*,*,#6760,.F.);
#11109=ORIENTED_EDGE('',*,*,#11108,.F.);
#11111=ORIENTED_EDGE('',*,*,#11110,.F.);
#11112=ORIENTED_EDGE('',*,*,#11094,.F.);
#11113=EDGE_LOOP('',(#11107,#11109,#11111,#11112));
#11114=FACE_OUTER_BOUND('',#11113,.F.);
#11115=ADVANCED_FACE('',(#11114),#11106,.T.);
#11116=CARTESIAN_POINT('',(4.295E0,1.06E0,-2.8E0));
#11117=DIRECTION('',(1.E0,0.E0,0.E0));
#11118=DIRECTION('',(0.E0,1.E0,0.E0));
#11119=AXIS2_PLACEMENT_3D('',#11116,#11117,#11118);
#11120=PLANE('',#11119);
#11121=ORIENTED_EDGE('',*,*,#7402,.F.);
#11122=ORIENTED_EDGE('',*,*,#11035,.T.);
#11124=ORIENTED_EDGE('',*,*,#11123,.T.);
#11126=ORIENTED_EDGE('',*,*,#11125,.F.);
#11128=ORIENTED_EDGE('',*,*,#11127,.F.);
#11130=ORIENTED_EDGE('',*,*,#11129,.T.);
#11132=ORIENTED_EDGE('',*,*,#11131,.F.);
#11134=ORIENTED_EDGE('',*,*,#11133,.F.);
#11136=ORIENTED_EDGE('',*,*,#11135,.T.);
#11138=ORIENTED_EDGE('',*,*,#11137,.F.);
#11139=EDGE_LOOP('',(#11121,#11122,#11124,#11126,#11128,#11130,#11132,#11134,
#11136,#11138));
#11140=FACE_OUTER_BOUND('',#11139,.F.);
#11141=ADVANCED_FACE('',(#11140),#11120,.T.);
#11142=CARTESIAN_POINT('',(4.2E0,1.128400759486E0,-2.020110536160E0));
#11143=DIRECTION('',(0.E0,9.985927540074E-1,5.303311836814E-2));
#11144=DIRECTION('',(0.E0,5.303311836814E-2,-9.985927540074E-1));
#11145=AXIS2_PLACEMENT_3D('',#11142,#11143,#11144);
#11146=PLANE('',#11145);
#11147=ORIENTED_EDGE('',*,*,#6758,.T.);
#11148=ORIENTED_EDGE('',*,*,#11057,.F.);
#11150=ORIENTED_EDGE('',*,*,#11149,.F.);
#11151=ORIENTED_EDGE('',*,*,#11108,.T.);
#11152=EDGE_LOOP('',(#11147,#11148,#11150,#11151));
#11153=FACE_OUTER_BOUND('',#11152,.F.);
#11154=ADVANCED_FACE('',(#11153),#11146,.F.);
#11155=CARTESIAN_POINT('',(4.2E0,1.072671389431E0,-8.725951488022E-1));
#11156=DIRECTION('',(0.E0,9.063077870423E-1,-4.226182617286E-1));
#11157=DIRECTION('',(0.E0,-4.226182617286E-1,-9.063077870423E-1));
#11158=AXIS2_PLACEMENT_3D('',#11155,#11156,#11157);
#11159=PLANE('',#11158);
#11160=ORIENTED_EDGE('',*,*,#11149,.T.);
#11161=ORIENTED_EDGE('',*,*,#11055,.F.);
#11162=ORIENTED_EDGE('',*,*,#11096,.F.);
#11163=ORIENTED_EDGE('',*,*,#11110,.T.);
#11164=EDGE_LOOP('',(#11160,#11161,#11162,#11163));
#11165=FACE_OUTER_BOUND('',#11164,.F.);
#11166=ADVANCED_FACE('',(#11165),#11159,.F.);
#11167=CARTESIAN_POINT('',(4.2E0,1.611315326090E0,-4.09E0));
#11168=DIRECTION('',(0.E0,0.E0,1.E0));
#11169=DIRECTION('',(0.E0,-1.E0,0.E0));
#11170=AXIS2_PLACEMENT_3D('',#11167,#11168,#11169);
#11171=PLANE('',#11170);
#11172=ORIENTED_EDGE('',*,*,#11033,.F.);
#11173=ORIENTED_EDGE('',*,*,#11082,.F.);
#11175=ORIENTED_EDGE('',*,*,#11174,.F.);
#11176=ORIENTED_EDGE('',*,*,#11123,.F.);
#11177=EDGE_LOOP('',(#11172,#11173,#11175,#11176));
#11178=FACE_OUTER_BOUND('',#11177,.F.);
#11179=ADVANCED_FACE('',(#11178),#11171,.T.);
#11180=CARTESIAN_POINT('',(4.300406729141E0,1.732653242109E0,-4.19E0));
#11181=DIRECTION('',(-1.E0,0.E0,0.E0));
#11182=DIRECTION('',(0.E0,0.E0,1.E0));
#11183=AXIS2_PLACEMENT_3D('',#11180,#11181,#11182);
#11184=CYLINDRICAL_SURFACE('',#11183,1.E-1);
#11185=ORIENTED_EDGE('',*,*,#11080,.F.);
#11187=ORIENTED_EDGE('',*,*,#11186,.T.);
#11188=ORIENTED_EDGE('',*,*,#11125,.T.);
#11189=ORIENTED_EDGE('',*,*,#11174,.T.);
#11190=EDGE_LOOP('',(#11185,#11187,#11188,#11189));
#11191=FACE_OUTER_BOUND('',#11190,.F.);
#11192=ADVANCED_FACE('',(#11191),#11184,.T.);
#11193=CARTESIAN_POINT('',(4.2E0,1.851258097792E0,-4.542383202188E0));
#11194=DIRECTION('',(0.E0,9.986295347546E-1,5.233595624309E-2));
#11195=DIRECTION('',(0.E0,-5.233595624309E-2,9.986295347546E-1));
#11196=AXIS2_PLACEMENT_3D('',#11193,#11194,#11195);
#11197=PLANE('',#11196);
#11198=ORIENTED_EDGE('',*,*,#11186,.F.);
#11199=ORIENTED_EDGE('',*,*,#11078,.F.);
#11201=ORIENTED_EDGE('',*,*,#11200,.F.);
#11202=ORIENTED_EDGE('',*,*,#11127,.T.);
#11203=EDGE_LOOP('',(#11198,#11199,#11201,#11202));
#11204=FACE_OUTER_BOUND('',#11203,.F.);
#11205=ADVANCED_FACE('',(#11204),#11197,.T.);
#11206=CARTESIAN_POINT('',(4.2E0,1.77E0,-4.9E0));
#11207=DIRECTION('',(0.E0,0.E0,1.E0));
#11208=DIRECTION('',(0.E0,1.E0,0.E0));
#11209=AXIS2_PLACEMENT_3D('',#11206,#11207,#11208);
#11210=PLANE('',#11209);
#11211=ORIENTED_EDGE('',*,*,#11076,.F.);
#11213=ORIENTED_EDGE('',*,*,#11212,.F.);
#11214=ORIENTED_EDGE('',*,*,#11129,.F.);
#11215=ORIENTED_EDGE('',*,*,#11200,.T.);
#11216=EDGE_LOOP('',(#11211,#11213,#11214,#11215));
#11217=FACE_OUTER_BOUND('',#11216,.F.);
#11218=ADVANCED_FACE('',(#11217),#11210,.F.);
#11219=CARTESIAN_POINT('',(4.2E0,1.659381303582E0,-4.697383202188E0));
#11220=DIRECTION('',(0.E0,9.986295347546E-1,5.233595624285E-2));
#11221=DIRECTION('',(0.E0,5.233595624285E-2,-9.986295347546E-1));
#11222=AXIS2_PLACEMENT_3D('',#11219,#11220,#11221);
#11223=PLANE('',#11222);
#11225=ORIENTED_EDGE('',*,*,#11224,.T.);
#11226=ORIENTED_EDGE('',*,*,#11131,.T.);
#11227=ORIENTED_EDGE('',*,*,#11212,.T.);
#11228=ORIENTED_EDGE('',*,*,#11074,.F.);
#11229=EDGE_LOOP('',(#11225,#11226,#11227,#11228));
#11230=FACE_OUTER_BOUND('',#11229,.F.);
#11231=ADVANCED_FACE('',(#11230),#11223,.F.);
#11232=CARTESIAN_POINT('',(4.099593270859E0,1.548899653687E0,-4.5E0));
#11233=DIRECTION('',(1.E0,0.E0,0.E0));
#11234=DIRECTION('',(0.E0,9.986295347547E-1,5.233595624025E-2));
#11235=AXIS2_PLACEMENT_3D('',#11232,#11233,#11234);
#11236=CYLINDRICAL_SURFACE('',#11235,9.999999999953E-2);
#11237=ORIENTED_EDGE('',*,*,#11224,.F.);
#11238=ORIENTED_EDGE('',*,*,#11072,.F.);
#11240=ORIENTED_EDGE('',*,*,#11239,.F.);
#11241=ORIENTED_EDGE('',*,*,#11133,.T.);
#11242=EDGE_LOOP('',(#11237,#11238,#11240,#11241));
#11243=FACE_OUTER_BOUND('',#11242,.F.);
#11244=ADVANCED_FACE('',(#11243),#11236,.F.);
#11245=CARTESIAN_POINT('',(4.2E0,1.124449826844E0,-4.4E0));
#11246=DIRECTION('',(0.E0,0.E0,1.E0));
#11247=DIRECTION('',(0.E0,1.E0,0.E0));
#11248=AXIS2_PLACEMENT_3D('',#11245,#11246,#11247);
#11249=PLANE('',#11248);
#11251=ORIENTED_EDGE('',*,*,#11250,.F.);
#11252=ORIENTED_EDGE('',*,*,#11135,.F.);
#11253=ORIENTED_EDGE('',*,*,#11239,.T.);
#11254=ORIENTED_EDGE('',*,*,#11070,.F.);
#11255=EDGE_LOOP('',(#11251,#11252,#11253,#11254));
#11256=FACE_OUTER_BOUND('',#11255,.F.);
#11257=ADVANCED_FACE('',(#11256),#11249,.F.);
#11258=CARTESIAN_POINT('',(4.2E0,4.75E-1,-4.3E0));
#11259=DIRECTION('',(0.E0,4.061384660534E-1,9.138115486203E-1));
#11260=DIRECTION('',(0.E0,-9.138115486203E-1,4.061384660534E-1));
#11261=AXIS2_PLACEMENT_3D('',#11258,#11259,#11260);
#11262=PLANE('',#11261);
#11263=ORIENTED_EDGE('',*,*,#7404,.F.);
#11264=ORIENTED_EDGE('',*,*,#11137,.T.);
#11265=ORIENTED_EDGE('',*,*,#11250,.T.);
#11266=ORIENTED_EDGE('',*,*,#11068,.F.);
#11267=EDGE_LOOP('',(#11263,#11264,#11265,#11266));
#11268=FACE_OUTER_BOUND('',#11267,.F.);
#11269=ADVANCED_FACE('',(#11268),#11262,.F.);
#11270=CARTESIAN_POINT('',(4.2E0,1.72E0,-3.5E0));
#11271=DIRECTION('',(0.E0,0.E0,1.E0));
#11272=DIRECTION('',(0.E0,-1.E0,0.E0));
#11273=AXIS2_PLACEMENT_3D('',#11270,#11271,#11272);
#11274=PLANE('',#11273);
#11275=ORIENTED_EDGE('',*,*,#11039,.T.);
#11276=ORIENTED_EDGE('',*,*,#11021,.F.);
#11277=ORIENTED_EDGE('',*,*,#6884,.T.);
#11279=ORIENTED_EDGE('',*,*,#11278,.T.);
#11280=EDGE_LOOP('',(#11275,#11276,#11277,#11279));
#11281=FACE_OUTER_BOUND('',#11280,.F.);
#11282=ADVANCED_FACE('',(#11281),#11274,.F.);
#11283=CARTESIAN_POINT('',(4.095E0,1.72E0,-3.85E0));
#11284=DIRECTION('',(1.E0,0.E0,0.E0));
#11285=DIRECTION('',(0.E0,0.E0,-1.E0));
#11286=AXIS2_PLACEMENT_3D('',#11283,#11284,#11285);
#11287=PLANE('',#11286);
#11288=ORIENTED_EDGE('',*,*,#11041,.F.);
#11289=ORIENTED_EDGE('',*,*,#11278,.F.);
#11290=ORIENTED_EDGE('',*,*,#6882,.F.);
#11291=ORIENTED_EDGE('',*,*,#7410,.F.);
#11292=EDGE_LOOP('',(#11288,#11289,#11290,#11291));
#11293=FACE_OUTER_BOUND('',#11292,.F.);
#11294=ADVANCED_FACE('',(#11293),#11287,.T.);
#11295=CARTESIAN_POINT('',(3.805E0,1.72E0,-3.85E0));
#11296=DIRECTION('',(1.E0,0.E0,0.E0));
#11297=DIRECTION('',(0.E0,0.E0,-1.E0));
#11298=AXIS2_PLACEMENT_3D('',#11295,#11296,#11297);
#11299=PLANE('',#11298);
#11301=ORIENTED_EDGE('',*,*,#11300,.T.);
#11302=ORIENTED_EDGE('',*,*,#7413,.T.);
#11303=ORIENTED_EDGE('',*,*,#6878,.T.);
#11305=ORIENTED_EDGE('',*,*,#11304,.T.);
#11306=EDGE_LOOP('',(#11301,#11302,#11303,#11305));
#11307=FACE_OUTER_BOUND('',#11306,.F.);
#11308=ADVANCED_FACE('',(#11307),#11299,.F.);
#11309=CARTESIAN_POINT('',(3.7E0,1.62E0,-3.85E0));
#11310=DIRECTION('',(0.E0,1.E0,0.E0));
#11311=DIRECTION('',(0.E0,0.E0,1.E0));
#11312=AXIS2_PLACEMENT_3D('',#11309,#11310,#11311);
#11313=PLANE('',#11312);
#11315=ORIENTED_EDGE('',*,*,#11314,.T.);
#11317=ORIENTED_EDGE('',*,*,#11316,.T.);
#11319=ORIENTED_EDGE('',*,*,#11318,.F.);
#11320=ORIENTED_EDGE('',*,*,#7415,.F.);
#11321=ORIENTED_EDGE('',*,*,#11300,.F.);
#11323=ORIENTED_EDGE('',*,*,#11322,.F.);
#11325=ORIENTED_EDGE('',*,*,#11324,.T.);
#11326=ORIENTED_EDGE('',*,*,#7423,.F.);
#11327=EDGE_LOOP('',(#11315,#11317,#11319,#11320,#11321,#11323,#11325,#11326));
#11328=FACE_OUTER_BOUND('',#11327,.F.);
#11329=ADVANCED_FACE('',(#11328),#11313,.T.);
#11330=CARTESIAN_POINT('',(3.605E0,1.06E0,-2.8E0));
#11331=DIRECTION('',(1.E0,0.E0,0.E0));
#11332=DIRECTION('',(0.E0,1.E0,0.E0));
#11333=AXIS2_PLACEMENT_3D('',#11330,#11331,#11332);
#11334=PLANE('',#11333);
#11335=ORIENTED_EDGE('',*,*,#6766,.T.);
#11337=ORIENTED_EDGE('',*,*,#11336,.T.);
#11339=ORIENTED_EDGE('',*,*,#11338,.T.);
#11341=ORIENTED_EDGE('',*,*,#11340,.T.);
#11342=EDGE_LOOP('',(#11335,#11337,#11339,#11341));
#11343=FACE_OUTER_BOUND('',#11342,.F.);
#11344=ADVANCED_FACE('',(#11343),#11334,.F.);
#11345=CARTESIAN_POINT('',(3.605E0,1.06E0,-2.8E0));
#11346=DIRECTION('',(1.E0,0.E0,0.E0));
#11347=DIRECTION('',(0.E0,1.E0,0.E0));
#11348=AXIS2_PLACEMENT_3D('',#11345,#11346,#11347);
#11349=PLANE('',#11348);
#11350=ORIENTED_EDGE('',*,*,#7421,.T.);
#11352=ORIENTED_EDGE('',*,*,#11351,.T.);
#11354=ORIENTED_EDGE('',*,*,#11353,.T.);
#11356=ORIENTED_EDGE('',*,*,#11355,.T.);
#11358=ORIENTED_EDGE('',*,*,#11357,.T.);
#11360=ORIENTED_EDGE('',*,*,#11359,.T.);
#11362=ORIENTED_EDGE('',*,*,#11361,.T.);
#11364=ORIENTED_EDGE('',*,*,#11363,.T.);
#11366=ORIENTED_EDGE('',*,*,#11365,.T.);
#11367=ORIENTED_EDGE('',*,*,#11314,.F.);
#11368=EDGE_LOOP('',(#11350,#11352,#11354,#11356,#11358,#11360,#11362,#11364,
#11366,#11367));
#11369=FACE_OUTER_BOUND('',#11368,.F.);
#11370=ADVANCED_FACE('',(#11369),#11349,.F.);
#11371=CARTESIAN_POINT('',(3.599593270859E0,1.349243459677E0,
-9.893449050845E-1));
#11372=DIRECTION('',(1.E0,0.E0,0.E0));
#11373=DIRECTION('',(0.E0,1.E0,0.E0));
#11374=AXIS2_PLACEMENT_3D('',#11371,#11372,#11373);
#11375=CYLINDRICAL_SURFACE('',#11374,3.E-1);
#11376=ORIENTED_EDGE('',*,*,#6772,.T.);
#11378=ORIENTED_EDGE('',*,*,#11377,.T.);
#11380=ORIENTED_EDGE('',*,*,#11379,.T.);
#11381=ORIENTED_EDGE('',*,*,#11336,.F.);
#11382=EDGE_LOOP('',(#11376,#11378,#11380,#11381));
#11383=FACE_OUTER_BOUND('',#11382,.F.);
#11384=ADVANCED_FACE('',(#11383),#11375,.T.);
#11385=CARTESIAN_POINT('',(3.795E0,1.06E0,-2.8E0));
#11386=DIRECTION('',(1.E0,0.E0,0.E0));
#11387=DIRECTION('',(0.E0,1.E0,0.E0));
#11388=AXIS2_PLACEMENT_3D('',#11385,#11386,#11387);
#11389=PLANE('',#11388);
#11390=ORIENTED_EDGE('',*,*,#6770,.F.);
#11392=ORIENTED_EDGE('',*,*,#11391,.F.);
#11394=ORIENTED_EDGE('',*,*,#11393,.F.);
#11395=ORIENTED_EDGE('',*,*,#11377,.F.);
#11396=EDGE_LOOP('',(#11390,#11392,#11394,#11395));
#11397=FACE_OUTER_BOUND('',#11396,.F.);
#11398=ADVANCED_FACE('',(#11397),#11389,.T.);
#11399=CARTESIAN_POINT('',(3.795E0,1.06E0,-2.8E0));
#11400=DIRECTION('',(1.E0,0.E0,0.E0));
#11401=DIRECTION('',(0.E0,1.E0,0.E0));
#11402=AXIS2_PLACEMENT_3D('',#11399,#11400,#11401);
#11403=PLANE('',#11402);
#11404=ORIENTED_EDGE('',*,*,#7417,.F.);
#11405=ORIENTED_EDGE('',*,*,#11318,.T.);
#11407=ORIENTED_EDGE('',*,*,#11406,.T.);
#11409=ORIENTED_EDGE('',*,*,#11408,.F.);
#11411=ORIENTED_EDGE('',*,*,#11410,.F.);
#11413=ORIENTED_EDGE('',*,*,#11412,.T.);
#11415=ORIENTED_EDGE('',*,*,#11414,.F.);
#11417=ORIENTED_EDGE('',*,*,#11416,.F.);
#11419=ORIENTED_EDGE('',*,*,#11418,.T.);
#11421=ORIENTED_EDGE('',*,*,#11420,.F.);
#11422=EDGE_LOOP('',(#11404,#11405,#11407,#11409,#11411,#11413,#11415,#11417,
#11419,#11421));
#11423=FACE_OUTER_BOUND('',#11422,.F.);
#11424=ADVANCED_FACE('',(#11423),#11403,.T.);
#11425=CARTESIAN_POINT('',(3.7E0,1.128400759486E0,-2.020110536160E0));
#11426=DIRECTION('',(0.E0,9.985927540074E-1,5.303311836814E-2));
#11427=DIRECTION('',(0.E0,5.303311836814E-2,-9.985927540074E-1));
#11428=AXIS2_PLACEMENT_3D('',#11425,#11426,#11427);
#11429=PLANE('',#11428);
#11430=ORIENTED_EDGE('',*,*,#6768,.T.);
#11431=ORIENTED_EDGE('',*,*,#11340,.F.);
#11433=ORIENTED_EDGE('',*,*,#11432,.F.);
#11434=ORIENTED_EDGE('',*,*,#11391,.T.);
#11435=EDGE_LOOP('',(#11430,#11431,#11433,#11434));
#11436=FACE_OUTER_BOUND('',#11435,.F.);
#11437=ADVANCED_FACE('',(#11436),#11429,.F.);
#11438=CARTESIAN_POINT('',(3.7E0,1.072671389431E0,-8.725951488022E-1));
#11439=DIRECTION('',(0.E0,9.063077870423E-1,-4.226182617286E-1));
#11440=DIRECTION('',(0.E0,-4.226182617286E-1,-9.063077870423E-1));
#11441=AXIS2_PLACEMENT_3D('',#11438,#11439,#11440);
#11442=PLANE('',#11441);
#11443=ORIENTED_EDGE('',*,*,#11432,.T.);
#11444=ORIENTED_EDGE('',*,*,#11338,.F.);
#11445=ORIENTED_EDGE('',*,*,#11379,.F.);
#11446=ORIENTED_EDGE('',*,*,#11393,.T.);
#11447=EDGE_LOOP('',(#11443,#11444,#11445,#11446));
#11448=FACE_OUTER_BOUND('',#11447,.F.);
#11449=ADVANCED_FACE('',(#11448),#11442,.F.);
#11450=CARTESIAN_POINT('',(3.7E0,1.611315326090E0,-4.09E0));
#11451=DIRECTION('',(0.E0,0.E0,1.E0));
#11452=DIRECTION('',(0.E0,-1.E0,0.E0));
#11453=AXIS2_PLACEMENT_3D('',#11450,#11451,#11452);
#11454=PLANE('',#11453);
#11455=ORIENTED_EDGE('',*,*,#11316,.F.);
#11456=ORIENTED_EDGE('',*,*,#11365,.F.);
#11458=ORIENTED_EDGE('',*,*,#11457,.F.);
#11459=ORIENTED_EDGE('',*,*,#11406,.F.);
#11460=EDGE_LOOP('',(#11455,#11456,#11458,#11459));
#11461=FACE_OUTER_BOUND('',#11460,.F.);
#11462=ADVANCED_FACE('',(#11461),#11454,.T.);
#11463=CARTESIAN_POINT('',(3.800406729141E0,1.732653242109E0,-4.19E0));
#11464=DIRECTION('',(-1.E0,0.E0,0.E0));
#11465=DIRECTION('',(0.E0,0.E0,1.E0));
#11466=AXIS2_PLACEMENT_3D('',#11463,#11464,#11465);
#11467=CYLINDRICAL_SURFACE('',#11466,1.E-1);
#11468=ORIENTED_EDGE('',*,*,#11363,.F.);
#11470=ORIENTED_EDGE('',*,*,#11469,.T.);
#11471=ORIENTED_EDGE('',*,*,#11408,.T.);
#11472=ORIENTED_EDGE('',*,*,#11457,.T.);
#11473=EDGE_LOOP('',(#11468,#11470,#11471,#11472));
#11474=FACE_OUTER_BOUND('',#11473,.F.);
#11475=ADVANCED_FACE('',(#11474),#11467,.T.);
#11476=CARTESIAN_POINT('',(3.7E0,1.851258097792E0,-4.542383202188E0));
#11477=DIRECTION('',(0.E0,9.986295347546E-1,5.233595624309E-2));
#11478=DIRECTION('',(0.E0,-5.233595624309E-2,9.986295347546E-1));
#11479=AXIS2_PLACEMENT_3D('',#11476,#11477,#11478);
#11480=PLANE('',#11479);
#11481=ORIENTED_EDGE('',*,*,#11469,.F.);
#11482=ORIENTED_EDGE('',*,*,#11361,.F.);
#11484=ORIENTED_EDGE('',*,*,#11483,.F.);
#11485=ORIENTED_EDGE('',*,*,#11410,.T.);
#11486=EDGE_LOOP('',(#11481,#11482,#11484,#11485));
#11487=FACE_OUTER_BOUND('',#11486,.F.);
#11488=ADVANCED_FACE('',(#11487),#11480,.T.);
#11489=CARTESIAN_POINT('',(3.7E0,1.77E0,-4.9E0));
#11490=DIRECTION('',(0.E0,0.E0,1.E0));
#11491=DIRECTION('',(0.E0,1.E0,0.E0));
#11492=AXIS2_PLACEMENT_3D('',#11489,#11490,#11491);
#11493=PLANE('',#11492);
#11494=ORIENTED_EDGE('',*,*,#11359,.F.);
#11496=ORIENTED_EDGE('',*,*,#11495,.F.);
#11497=ORIENTED_EDGE('',*,*,#11412,.F.);
#11498=ORIENTED_EDGE('',*,*,#11483,.T.);
#11499=EDGE_LOOP('',(#11494,#11496,#11497,#11498));
#11500=FACE_OUTER_BOUND('',#11499,.F.);
#11501=ADVANCED_FACE('',(#11500),#11493,.F.);
#11502=CARTESIAN_POINT('',(3.7E0,1.659381303582E0,-4.697383202188E0));
#11503=DIRECTION('',(0.E0,9.986295347546E-1,5.233595624285E-2));
#11504=DIRECTION('',(0.E0,5.233595624285E-2,-9.986295347546E-1));
#11505=AXIS2_PLACEMENT_3D('',#11502,#11503,#11504);
#11506=PLANE('',#11505);
#11508=ORIENTED_EDGE('',*,*,#11507,.T.);
#11509=ORIENTED_EDGE('',*,*,#11414,.T.);
#11510=ORIENTED_EDGE('',*,*,#11495,.T.);
#11511=ORIENTED_EDGE('',*,*,#11357,.F.);
#11512=EDGE_LOOP('',(#11508,#11509,#11510,#11511));
#11513=FACE_OUTER_BOUND('',#11512,.F.);
#11514=ADVANCED_FACE('',(#11513),#11506,.F.);
#11515=CARTESIAN_POINT('',(3.599593270859E0,1.548899653687E0,-4.5E0));
#11516=DIRECTION('',(1.E0,0.E0,0.E0));
#11517=DIRECTION('',(0.E0,9.986295347547E-1,5.233595624025E-2));
#11518=AXIS2_PLACEMENT_3D('',#11515,#11516,#11517);
#11519=CYLINDRICAL_SURFACE('',#11518,9.999999999953E-2);
#11520=ORIENTED_EDGE('',*,*,#11507,.F.);
#11521=ORIENTED_EDGE('',*,*,#11355,.F.);
#11523=ORIENTED_EDGE('',*,*,#11522,.F.);
#11524=ORIENTED_EDGE('',*,*,#11416,.T.);
#11525=EDGE_LOOP('',(#11520,#11521,#11523,#11524));
#11526=FACE_OUTER_BOUND('',#11525,.F.);
#11527=ADVANCED_FACE('',(#11526),#11519,.F.);
#11528=CARTESIAN_POINT('',(3.7E0,1.124449826844E0,-4.4E0));
#11529=DIRECTION('',(0.E0,0.E0,1.E0));
#11530=DIRECTION('',(0.E0,1.E0,0.E0));
#11531=AXIS2_PLACEMENT_3D('',#11528,#11529,#11530);
#11532=PLANE('',#11531);
#11534=ORIENTED_EDGE('',*,*,#11533,.F.);
#11535=ORIENTED_EDGE('',*,*,#11418,.F.);
#11536=ORIENTED_EDGE('',*,*,#11522,.T.);
#11537=ORIENTED_EDGE('',*,*,#11353,.F.);
#11538=EDGE_LOOP('',(#11534,#11535,#11536,#11537));
#11539=FACE_OUTER_BOUND('',#11538,.F.);
#11540=ADVANCED_FACE('',(#11539),#11532,.F.);
#11541=CARTESIAN_POINT('',(3.7E0,4.75E-1,-4.3E0));
#11542=DIRECTION('',(0.E0,4.061384660534E-1,9.138115486203E-1));
#11543=DIRECTION('',(0.E0,-9.138115486203E-1,4.061384660534E-1));
#11544=AXIS2_PLACEMENT_3D('',#11541,#11542,#11543);
#11545=PLANE('',#11544);
#11546=ORIENTED_EDGE('',*,*,#7419,.F.);
#11547=ORIENTED_EDGE('',*,*,#11420,.T.);
#11548=ORIENTED_EDGE('',*,*,#11533,.T.);
#11549=ORIENTED_EDGE('',*,*,#11351,.F.);
#11550=EDGE_LOOP('',(#11546,#11547,#11548,#11549));
#11551=FACE_OUTER_BOUND('',#11550,.F.);
#11552=ADVANCED_FACE('',(#11551),#11545,.F.);
#11553=CARTESIAN_POINT('',(3.7E0,1.72E0,-3.5E0));
#11554=DIRECTION('',(0.E0,0.E0,1.E0));
#11555=DIRECTION('',(0.E0,-1.E0,0.E0));
#11556=AXIS2_PLACEMENT_3D('',#11553,#11554,#11555);
#11557=PLANE('',#11556);
#11558=ORIENTED_EDGE('',*,*,#11322,.T.);
#11559=ORIENTED_EDGE('',*,*,#11304,.F.);
#11560=ORIENTED_EDGE('',*,*,#6876,.T.);
#11562=ORIENTED_EDGE('',*,*,#11561,.T.);
#11563=EDGE_LOOP('',(#11558,#11559,#11560,#11562));
#11564=FACE_OUTER_BOUND('',#11563,.F.);
#11565=ADVANCED_FACE('',(#11564),#11557,.F.);
#11566=CARTESIAN_POINT('',(3.595E0,1.72E0,-3.85E0));
#11567=DIRECTION('',(1.E0,0.E0,0.E0));
#11568=DIRECTION('',(0.E0,0.E0,-1.E0));
#11569=AXIS2_PLACEMENT_3D('',#11566,#11567,#11568);
#11570=PLANE('',#11569);
#11571=ORIENTED_EDGE('',*,*,#11324,.F.);
#11572=ORIENTED_EDGE('',*,*,#11561,.F.);
#11573=ORIENTED_EDGE('',*,*,#6874,.F.);
#11574=ORIENTED_EDGE('',*,*,#7425,.F.);
#11575=EDGE_LOOP('',(#11571,#11572,#11573,#11574));
#11576=FACE_OUTER_BOUND('',#11575,.F.);
#11577=ADVANCED_FACE('',(#11576),#11570,.T.);
#11578=CARTESIAN_POINT('',(3.305E0,1.72E0,-3.85E0));
#11579=DIRECTION('',(1.E0,0.E0,0.E0));
#11580=DIRECTION('',(0.E0,0.E0,-1.E0));
#11581=AXIS2_PLACEMENT_3D('',#11578,#11579,#11580);
#11582=PLANE('',#11581);
#11584=ORIENTED_EDGE('',*,*,#11583,.T.);
#11585=ORIENTED_EDGE('',*,*,#7428,.T.);
#11586=ORIENTED_EDGE('',*,*,#6870,.T.);
#11588=ORIENTED_EDGE('',*,*,#11587,.T.);
#11589=EDGE_LOOP('',(#11584,#11585,#11586,#11588));
#11590=FACE_OUTER_BOUND('',#11589,.F.);
#11591=ADVANCED_FACE('',(#11590),#11582,.F.);
#11592=CARTESIAN_POINT('',(3.2E0,1.62E0,-3.85E0));
#11593=DIRECTION('',(0.E0,1.E0,0.E0));
#11594=DIRECTION('',(0.E0,0.E0,1.E0));
#11595=AXIS2_PLACEMENT_3D('',#11592,#11593,#11594);
#11596=PLANE('',#11595);
#11598=ORIENTED_EDGE('',*,*,#11597,.T.);
#11600=ORIENTED_EDGE('',*,*,#11599,.T.);
#11602=ORIENTED_EDGE('',*,*,#11601,.F.);
#11603=ORIENTED_EDGE('',*,*,#7430,.F.);
#11604=ORIENTED_EDGE('',*,*,#11583,.F.);
#11606=ORIENTED_EDGE('',*,*,#11605,.F.);
#11608=ORIENTED_EDGE('',*,*,#11607,.T.);
#11609=ORIENTED_EDGE('',*,*,#7438,.F.);
#11610=EDGE_LOOP('',(#11598,#11600,#11602,#11603,#11604,#11606,#11608,#11609));
#11611=FACE_OUTER_BOUND('',#11610,.F.);
#11612=ADVANCED_FACE('',(#11611),#11596,.T.);
#11613=CARTESIAN_POINT('',(3.105E0,1.06E0,-2.8E0));
#11614=DIRECTION('',(1.E0,0.E0,0.E0));
#11615=DIRECTION('',(0.E0,1.E0,0.E0));
#11616=AXIS2_PLACEMENT_3D('',#11613,#11614,#11615);
#11617=PLANE('',#11616);
#11618=ORIENTED_EDGE('',*,*,#6776,.T.);
#11620=ORIENTED_EDGE('',*,*,#11619,.T.);
#11622=ORIENTED_EDGE('',*,*,#11621,.T.);
#11624=ORIENTED_EDGE('',*,*,#11623,.T.);
#11625=EDGE_LOOP('',(#11618,#11620,#11622,#11624));
#11626=FACE_OUTER_BOUND('',#11625,.F.);
#11627=ADVANCED_FACE('',(#11626),#11617,.F.);
#11628=CARTESIAN_POINT('',(3.105E0,1.06E0,-2.8E0));
#11629=DIRECTION('',(1.E0,0.E0,0.E0));
#11630=DIRECTION('',(0.E0,1.E0,0.E0));
#11631=AXIS2_PLACEMENT_3D('',#11628,#11629,#11630);
#11632=PLANE('',#11631);
#11633=ORIENTED_EDGE('',*,*,#7436,.T.);
#11635=ORIENTED_EDGE('',*,*,#11634,.T.);
#11637=ORIENTED_EDGE('',*,*,#11636,.T.);
#11639=ORIENTED_EDGE('',*,*,#11638,.T.);
#11641=ORIENTED_EDGE('',*,*,#11640,.T.);
#11643=ORIENTED_EDGE('',*,*,#11642,.T.);
#11645=ORIENTED_EDGE('',*,*,#11644,.T.);
#11647=ORIENTED_EDGE('',*,*,#11646,.T.);
#11649=ORIENTED_EDGE('',*,*,#11648,.T.);
#11650=ORIENTED_EDGE('',*,*,#11597,.F.);
#11651=EDGE_LOOP('',(#11633,#11635,#11637,#11639,#11641,#11643,#11645,#11647,
#11649,#11650));
#11652=FACE_OUTER_BOUND('',#11651,.F.);
#11653=ADVANCED_FACE('',(#11652),#11632,.F.);
#11654=CARTESIAN_POINT('',(3.099593270859E0,1.349243459677E0,
-9.893449050845E-1));
#11655=DIRECTION('',(1.E0,0.E0,0.E0));
#11656=DIRECTION('',(0.E0,1.E0,0.E0));
#11657=AXIS2_PLACEMENT_3D('',#11654,#11655,#11656);
#11658=CYLINDRICAL_SURFACE('',#11657,3.E-1);
#11659=ORIENTED_EDGE('',*,*,#6782,.T.);
#11661=ORIENTED_EDGE('',*,*,#11660,.T.);
#11663=ORIENTED_EDGE('',*,*,#11662,.T.);
#11664=ORIENTED_EDGE('',*,*,#11619,.F.);
#11665=EDGE_LOOP('',(#11659,#11661,#11663,#11664));
#11666=FACE_OUTER_BOUND('',#11665,.F.);
#11667=ADVANCED_FACE('',(#11666),#11658,.T.);
#11668=CARTESIAN_POINT('',(3.295E0,1.06E0,-2.8E0));
#11669=DIRECTION('',(1.E0,0.E0,0.E0));
#11670=DIRECTION('',(0.E0,1.E0,0.E0));
#11671=AXIS2_PLACEMENT_3D('',#11668,#11669,#11670);
#11672=PLANE('',#11671);
#11673=ORIENTED_EDGE('',*,*,#6780,.F.);
#11675=ORIENTED_EDGE('',*,*,#11674,.F.);
#11677=ORIENTED_EDGE('',*,*,#11676,.F.);
#11678=ORIENTED_EDGE('',*,*,#11660,.F.);
#11679=EDGE_LOOP('',(#11673,#11675,#11677,#11678));
#11680=FACE_OUTER_BOUND('',#11679,.F.);
#11681=ADVANCED_FACE('',(#11680),#11672,.T.);
#11682=CARTESIAN_POINT('',(3.295E0,1.06E0,-2.8E0));
#11683=DIRECTION('',(1.E0,0.E0,0.E0));
#11684=DIRECTION('',(0.E0,1.E0,0.E0));
#11685=AXIS2_PLACEMENT_3D('',#11682,#11683,#11684);
#11686=PLANE('',#11685);
#11687=ORIENTED_EDGE('',*,*,#7432,.F.);
#11688=ORIENTED_EDGE('',*,*,#11601,.T.);
#11690=ORIENTED_EDGE('',*,*,#11689,.T.);
#11692=ORIENTED_EDGE('',*,*,#11691,.F.);
#11694=ORIENTED_EDGE('',*,*,#11693,.F.);
#11696=ORIENTED_EDGE('',*,*,#11695,.T.);
#11698=ORIENTED_EDGE('',*,*,#11697,.F.);
#11700=ORIENTED_EDGE('',*,*,#11699,.F.);
#11702=ORIENTED_EDGE('',*,*,#11701,.T.);
#11704=ORIENTED_EDGE('',*,*,#11703,.F.);
#11705=EDGE_LOOP('',(#11687,#11688,#11690,#11692,#11694,#11696,#11698,#11700,
#11702,#11704));
#11706=FACE_OUTER_BOUND('',#11705,.F.);
#11707=ADVANCED_FACE('',(#11706),#11686,.T.);
#11708=CARTESIAN_POINT('',(3.2E0,1.128400759486E0,-2.020110536160E0));
#11709=DIRECTION('',(0.E0,9.985927540074E-1,5.303311836814E-2));
#11710=DIRECTION('',(0.E0,5.303311836814E-2,-9.985927540074E-1));
#11711=AXIS2_PLACEMENT_3D('',#11708,#11709,#11710);
#11712=PLANE('',#11711);
#11713=ORIENTED_EDGE('',*,*,#6778,.T.);
#11714=ORIENTED_EDGE('',*,*,#11623,.F.);
#11716=ORIENTED_EDGE('',*,*,#11715,.F.);
#11717=ORIENTED_EDGE('',*,*,#11674,.T.);
#11718=EDGE_LOOP('',(#11713,#11714,#11716,#11717));
#11719=FACE_OUTER_BOUND('',#11718,.F.);
#11720=ADVANCED_FACE('',(#11719),#11712,.F.);
#11721=CARTESIAN_POINT('',(3.2E0,1.072671389431E0,-8.725951488022E-1));
#11722=DIRECTION('',(0.E0,9.063077870423E-1,-4.226182617286E-1));
#11723=DIRECTION('',(0.E0,-4.226182617286E-1,-9.063077870423E-1));
#11724=AXIS2_PLACEMENT_3D('',#11721,#11722,#11723);
#11725=PLANE('',#11724);
#11726=ORIENTED_EDGE('',*,*,#11715,.T.);
#11727=ORIENTED_EDGE('',*,*,#11621,.F.);
#11728=ORIENTED_EDGE('',*,*,#11662,.F.);
#11729=ORIENTED_EDGE('',*,*,#11676,.T.);
#11730=EDGE_LOOP('',(#11726,#11727,#11728,#11729));
#11731=FACE_OUTER_BOUND('',#11730,.F.);
#11732=ADVANCED_FACE('',(#11731),#11725,.F.);
#11733=CARTESIAN_POINT('',(3.2E0,1.611315326090E0,-4.09E0));
#11734=DIRECTION('',(0.E0,0.E0,1.E0));
#11735=DIRECTION('',(0.E0,-1.E0,0.E0));
#11736=AXIS2_PLACEMENT_3D('',#11733,#11734,#11735);
#11737=PLANE('',#11736);
#11738=ORIENTED_EDGE('',*,*,#11599,.F.);
#11739=ORIENTED_EDGE('',*,*,#11648,.F.);
#11741=ORIENTED_EDGE('',*,*,#11740,.F.);
#11742=ORIENTED_EDGE('',*,*,#11689,.F.);
#11743=EDGE_LOOP('',(#11738,#11739,#11741,#11742));
#11744=FACE_OUTER_BOUND('',#11743,.F.);
#11745=ADVANCED_FACE('',(#11744),#11737,.T.);
#11746=CARTESIAN_POINT('',(3.300406729141E0,1.732653242109E0,-4.19E0));
#11747=DIRECTION('',(-1.E0,0.E0,0.E0));
#11748=DIRECTION('',(0.E0,0.E0,1.E0));
#11749=AXIS2_PLACEMENT_3D('',#11746,#11747,#11748);
#11750=CYLINDRICAL_SURFACE('',#11749,1.E-1);
#11751=ORIENTED_EDGE('',*,*,#11646,.F.);
#11753=ORIENTED_EDGE('',*,*,#11752,.T.);
#11754=ORIENTED_EDGE('',*,*,#11691,.T.);
#11755=ORIENTED_EDGE('',*,*,#11740,.T.);
#11756=EDGE_LOOP('',(#11751,#11753,#11754,#11755));
#11757=FACE_OUTER_BOUND('',#11756,.F.);
#11758=ADVANCED_FACE('',(#11757),#11750,.T.);
#11759=CARTESIAN_POINT('',(3.2E0,1.851258097792E0,-4.542383202188E0));
#11760=DIRECTION('',(0.E0,9.986295347546E-1,5.233595624309E-2));
#11761=DIRECTION('',(0.E0,-5.233595624309E-2,9.986295347546E-1));
#11762=AXIS2_PLACEMENT_3D('',#11759,#11760,#11761);
#11763=PLANE('',#11762);
#11764=ORIENTED_EDGE('',*,*,#11752,.F.);
#11765=ORIENTED_EDGE('',*,*,#11644,.F.);
#11767=ORIENTED_EDGE('',*,*,#11766,.F.);
#11768=ORIENTED_EDGE('',*,*,#11693,.T.);
#11769=EDGE_LOOP('',(#11764,#11765,#11767,#11768));
#11770=FACE_OUTER_BOUND('',#11769,.F.);
#11771=ADVANCED_FACE('',(#11770),#11763,.T.);
#11772=CARTESIAN_POINT('',(3.2E0,1.77E0,-4.9E0));
#11773=DIRECTION('',(0.E0,0.E0,1.E0));
#11774=DIRECTION('',(0.E0,1.E0,0.E0));
#11775=AXIS2_PLACEMENT_3D('',#11772,#11773,#11774);
#11776=PLANE('',#11775);
#11777=ORIENTED_EDGE('',*,*,#11642,.F.);
#11779=ORIENTED_EDGE('',*,*,#11778,.F.);
#11780=ORIENTED_EDGE('',*,*,#11695,.F.);
#11781=ORIENTED_EDGE('',*,*,#11766,.T.);
#11782=EDGE_LOOP('',(#11777,#11779,#11780,#11781));
#11783=FACE_OUTER_BOUND('',#11782,.F.);
#11784=ADVANCED_FACE('',(#11783),#11776,.F.);
#11785=CARTESIAN_POINT('',(3.2E0,1.659381303582E0,-4.697383202188E0));
#11786=DIRECTION('',(0.E0,9.986295347546E-1,5.233595624285E-2));
#11787=DIRECTION('',(0.E0,5.233595624285E-2,-9.986295347546E-1));
#11788=AXIS2_PLACEMENT_3D('',#11785,#11786,#11787);
#11789=PLANE('',#11788);
#11791=ORIENTED_EDGE('',*,*,#11790,.T.);
#11792=ORIENTED_EDGE('',*,*,#11697,.T.);
#11793=ORIENTED_EDGE('',*,*,#11778,.T.);
#11794=ORIENTED_EDGE('',*,*,#11640,.F.);
#11795=EDGE_LOOP('',(#11791,#11792,#11793,#11794));
#11796=FACE_OUTER_BOUND('',#11795,.F.);
#11797=ADVANCED_FACE('',(#11796),#11789,.F.);
#11798=CARTESIAN_POINT('',(3.099593270859E0,1.548899653687E0,-4.5E0));
#11799=DIRECTION('',(1.E0,0.E0,0.E0));
#11800=DIRECTION('',(0.E0,9.986295347547E-1,5.233595624025E-2));
#11801=AXIS2_PLACEMENT_3D('',#11798,#11799,#11800);
#11802=CYLINDRICAL_SURFACE('',#11801,9.999999999953E-2);
#11803=ORIENTED_EDGE('',*,*,#11790,.F.);
#11804=ORIENTED_EDGE('',*,*,#11638,.F.);
#11806=ORIENTED_EDGE('',*,*,#11805,.F.);
#11807=ORIENTED_EDGE('',*,*,#11699,.T.);
#11808=EDGE_LOOP('',(#11803,#11804,#11806,#11807));
#11809=FACE_OUTER_BOUND('',#11808,.F.);
#11810=ADVANCED_FACE('',(#11809),#11802,.F.);
#11811=CARTESIAN_POINT('',(3.2E0,1.124449826844E0,-4.4E0));
#11812=DIRECTION('',(0.E0,0.E0,1.E0));
#11813=DIRECTION('',(0.E0,1.E0,0.E0));
#11814=AXIS2_PLACEMENT_3D('',#11811,#11812,#11813);
#11815=PLANE('',#11814);
#11817=ORIENTED_EDGE('',*,*,#11816,.F.);
#11818=ORIENTED_EDGE('',*,*,#11701,.F.);
#11819=ORIENTED_EDGE('',*,*,#11805,.T.);
#11820=ORIENTED_EDGE('',*,*,#11636,.F.);
#11821=EDGE_LOOP('',(#11817,#11818,#11819,#11820));
#11822=FACE_OUTER_BOUND('',#11821,.F.);
#11823=ADVANCED_FACE('',(#11822),#11815,.F.);
#11824=CARTESIAN_POINT('',(3.2E0,4.75E-1,-4.3E0));
#11825=DIRECTION('',(0.E0,4.061384660534E-1,9.138115486203E-1));
#11826=DIRECTION('',(0.E0,-9.138115486203E-1,4.061384660534E-1));
#11827=AXIS2_PLACEMENT_3D('',#11824,#11825,#11826);
#11828=PLANE('',#11827);
#11829=ORIENTED_EDGE('',*,*,#7434,.F.);
#11830=ORIENTED_EDGE('',*,*,#11703,.T.);
#11831=ORIENTED_EDGE('',*,*,#11816,.T.);
#11832=ORIENTED_EDGE('',*,*,#11634,.F.);
#11833=EDGE_LOOP('',(#11829,#11830,#11831,#11832));
#11834=FACE_OUTER_BOUND('',#11833,.F.);
#11835=ADVANCED_FACE('',(#11834),#11828,.F.);
#11836=CARTESIAN_POINT('',(3.2E0,1.72E0,-3.5E0));
#11837=DIRECTION('',(0.E0,0.E0,1.E0));
#11838=DIRECTION('',(0.E0,-1.E0,0.E0));
#11839=AXIS2_PLACEMENT_3D('',#11836,#11837,#11838);
#11840=PLANE('',#11839);
#11841=ORIENTED_EDGE('',*,*,#11605,.T.);
#11842=ORIENTED_EDGE('',*,*,#11587,.F.);
#11843=ORIENTED_EDGE('',*,*,#6868,.T.);
#11845=ORIENTED_EDGE('',*,*,#11844,.T.);
#11846=EDGE_LOOP('',(#11841,#11842,#11843,#11845));
#11847=FACE_OUTER_BOUND('',#11846,.F.);
#11848=ADVANCED_FACE('',(#11847),#11840,.F.);
#11849=CARTESIAN_POINT('',(3.095E0,1.72E0,-3.85E0));
#11850=DIRECTION('',(1.E0,0.E0,0.E0));
#11851=DIRECTION('',(0.E0,0.E0,-1.E0));
#11852=AXIS2_PLACEMENT_3D('',#11849,#11850,#11851);
#11853=PLANE('',#11852);
#11854=ORIENTED_EDGE('',*,*,#11607,.F.);
#11855=ORIENTED_EDGE('',*,*,#11844,.F.);
#11856=ORIENTED_EDGE('',*,*,#6866,.F.);
#11857=ORIENTED_EDGE('',*,*,#7440,.F.);
#11858=EDGE_LOOP('',(#11854,#11855,#11856,#11857));
#11859=FACE_OUTER_BOUND('',#11858,.F.);
#11860=ADVANCED_FACE('',(#11859),#11853,.T.);
#11861=CARTESIAN_POINT('',(2.805E0,1.72E0,-3.85E0));
#11862=DIRECTION('',(1.E0,0.E0,0.E0));
#11863=DIRECTION('',(0.E0,0.E0,-1.E0));
#11864=AXIS2_PLACEMENT_3D('',#11861,#11862,#11863);
#11865=PLANE('',#11864);
#11867=ORIENTED_EDGE('',*,*,#11866,.T.);
#11868=ORIENTED_EDGE('',*,*,#7443,.T.);
#11869=ORIENTED_EDGE('',*,*,#6862,.T.);
#11871=ORIENTED_EDGE('',*,*,#11870,.T.);
#11872=EDGE_LOOP('',(#11867,#11868,#11869,#11871));
#11873=FACE_OUTER_BOUND('',#11872,.F.);
#11874=ADVANCED_FACE('',(#11873),#11865,.F.);
#11875=CARTESIAN_POINT('',(2.7E0,1.62E0,-3.85E0));
#11876=DIRECTION('',(0.E0,1.E0,0.E0));
#11877=DIRECTION('',(0.E0,0.E0,1.E0));
#11878=AXIS2_PLACEMENT_3D('',#11875,#11876,#11877);
#11879=PLANE('',#11878);
#11881=ORIENTED_EDGE('',*,*,#11880,.T.);
#11883=ORIENTED_EDGE('',*,*,#11882,.T.);
#11885=ORIENTED_EDGE('',*,*,#11884,.F.);
#11886=ORIENTED_EDGE('',*,*,#7445,.F.);
#11887=ORIENTED_EDGE('',*,*,#11866,.F.);
#11889=ORIENTED_EDGE('',*,*,#11888,.F.);
#11891=ORIENTED_EDGE('',*,*,#11890,.T.);
#11892=ORIENTED_EDGE('',*,*,#7453,.F.);
#11893=EDGE_LOOP('',(#11881,#11883,#11885,#11886,#11887,#11889,#11891,#11892));
#11894=FACE_OUTER_BOUND('',#11893,.F.);
#11895=ADVANCED_FACE('',(#11894),#11879,.T.);
#11896=CARTESIAN_POINT('',(2.605E0,1.06E0,-2.8E0));
#11897=DIRECTION('',(1.E0,0.E0,0.E0));
#11898=DIRECTION('',(0.E0,1.E0,0.E0));
#11899=AXIS2_PLACEMENT_3D('',#11896,#11897,#11898);
#11900=PLANE('',#11899);
#11901=ORIENTED_EDGE('',*,*,#6786,.T.);
#11903=ORIENTED_EDGE('',*,*,#11902,.T.);
#11905=ORIENTED_EDGE('',*,*,#11904,.T.);
#11907=ORIENTED_EDGE('',*,*,#11906,.T.);
#11908=EDGE_LOOP('',(#11901,#11903,#11905,#11907));
#11909=FACE_OUTER_BOUND('',#11908,.F.);
#11910=ADVANCED_FACE('',(#11909),#11900,.F.);
#11911=CARTESIAN_POINT('',(2.605E0,1.06E0,-2.8E0));
#11912=DIRECTION('',(1.E0,0.E0,0.E0));
#11913=DIRECTION('',(0.E0,1.E0,0.E0));
#11914=AXIS2_PLACEMENT_3D('',#11911,#11912,#11913);
#11915=PLANE('',#11914);
#11916=ORIENTED_EDGE('',*,*,#7451,.T.);
#11918=ORIENTED_EDGE('',*,*,#11917,.T.);
#11920=ORIENTED_EDGE('',*,*,#11919,.T.);
#11922=ORIENTED_EDGE('',*,*,#11921,.T.);
#11924=ORIENTED_EDGE('',*,*,#11923,.T.);
#11926=ORIENTED_EDGE('',*,*,#11925,.T.);
#11928=ORIENTED_EDGE('',*,*,#11927,.T.);
#11930=ORIENTED_EDGE('',*,*,#11929,.T.);
#11932=ORIENTED_EDGE('',*,*,#11931,.T.);
#11933=ORIENTED_EDGE('',*,*,#11880,.F.);
#11934=EDGE_LOOP('',(#11916,#11918,#11920,#11922,#11924,#11926,#11928,#11930,
#11932,#11933));
#11935=FACE_OUTER_BOUND('',#11934,.F.);
#11936=ADVANCED_FACE('',(#11935),#11915,.F.);
#11937=CARTESIAN_POINT('',(2.599593270859E0,1.349243459677E0,
-9.893449050845E-1));
#11938=DIRECTION('',(1.E0,0.E0,0.E0));
#11939=DIRECTION('',(0.E0,1.E0,0.E0));
#11940=AXIS2_PLACEMENT_3D('',#11937,#11938,#11939);
#11941=CYLINDRICAL_SURFACE('',#11940,3.E-1);
#11942=ORIENTED_EDGE('',*,*,#6792,.T.);
#11944=ORIENTED_EDGE('',*,*,#11943,.T.);
#11946=ORIENTED_EDGE('',*,*,#11945,.T.);
#11947=ORIENTED_EDGE('',*,*,#11902,.F.);
#11948=EDGE_LOOP('',(#11942,#11944,#11946,#11947));
#11949=FACE_OUTER_BOUND('',#11948,.F.);
#11950=ADVANCED_FACE('',(#11949),#11941,.T.);
#11951=CARTESIAN_POINT('',(2.795E0,1.06E0,-2.8E0));
#11952=DIRECTION('',(1.E0,0.E0,0.E0));
#11953=DIRECTION('',(0.E0,1.E0,0.E0));
#11954=AXIS2_PLACEMENT_3D('',#11951,#11952,#11953);
#11955=PLANE('',#11954);
#11956=ORIENTED_EDGE('',*,*,#6790,.F.);
#11958=ORIENTED_EDGE('',*,*,#11957,.F.);
#11960=ORIENTED_EDGE('',*,*,#11959,.F.);
#11961=ORIENTED_EDGE('',*,*,#11943,.F.);
#11962=EDGE_LOOP('',(#11956,#11958,#11960,#11961));
#11963=FACE_OUTER_BOUND('',#11962,.F.);
#11964=ADVANCED_FACE('',(#11963),#11955,.T.);
#11965=CARTESIAN_POINT('',(2.795E0,1.06E0,-2.8E0));
#11966=DIRECTION('',(1.E0,0.E0,0.E0));
#11967=DIRECTION('',(0.E0,1.E0,0.E0));
#11968=AXIS2_PLACEMENT_3D('',#11965,#11966,#11967);
#11969=PLANE('',#11968);
#11970=ORIENTED_EDGE('',*,*,#7447,.F.);
#11971=ORIENTED_EDGE('',*,*,#11884,.T.);
#11973=ORIENTED_EDGE('',*,*,#11972,.T.);
#11975=ORIENTED_EDGE('',*,*,#11974,.F.);
#11977=ORIENTED_EDGE('',*,*,#11976,.F.);
#11979=ORIENTED_EDGE('',*,*,#11978,.T.);
#11981=ORIENTED_EDGE('',*,*,#11980,.F.);
#11983=ORIENTED_EDGE('',*,*,#11982,.F.);
#11985=ORIENTED_EDGE('',*,*,#11984,.T.);
#11987=ORIENTED_EDGE('',*,*,#11986,.F.);
#11988=EDGE_LOOP('',(#11970,#11971,#11973,#11975,#11977,#11979,#11981,#11983,
#11985,#11987));
#11989=FACE_OUTER_BOUND('',#11988,.F.);
#11990=ADVANCED_FACE('',(#11989),#11969,.T.);
#11991=CARTESIAN_POINT('',(2.7E0,1.128400759486E0,-2.020110536160E0));
#11992=DIRECTION('',(0.E0,9.985927540074E-1,5.303311836814E-2));
#11993=DIRECTION('',(0.E0,5.303311836814E-2,-9.985927540074E-1));
#11994=AXIS2_PLACEMENT_3D('',#11991,#11992,#11993);
#11995=PLANE('',#11994);
#11996=ORIENTED_EDGE('',*,*,#6788,.T.);
#11997=ORIENTED_EDGE('',*,*,#11906,.F.);
#11999=ORIENTED_EDGE('',*,*,#11998,.F.);
#12000=ORIENTED_EDGE('',*,*,#11957,.T.);
#12001=EDGE_LOOP('',(#11996,#11997,#11999,#12000));
#12002=FACE_OUTER_BOUND('',#12001,.F.);
#12003=ADVANCED_FACE('',(#12002),#11995,.F.);
#12004=CARTESIAN_POINT('',(2.7E0,1.072671389431E0,-8.725951488022E-1));
#12005=DIRECTION('',(0.E0,9.063077870423E-1,-4.226182617286E-1));
#12006=DIRECTION('',(0.E0,-4.226182617286E-1,-9.063077870423E-1));
#12007=AXIS2_PLACEMENT_3D('',#12004,#12005,#12006);
#12008=PLANE('',#12007);
#12009=ORIENTED_EDGE('',*,*,#11998,.T.);
#12010=ORIENTED_EDGE('',*,*,#11904,.F.);
#12011=ORIENTED_EDGE('',*,*,#11945,.F.);
#12012=ORIENTED_EDGE('',*,*,#11959,.T.);
#12013=EDGE_LOOP('',(#12009,#12010,#12011,#12012));
#12014=FACE_OUTER_BOUND('',#12013,.F.);
#12015=ADVANCED_FACE('',(#12014),#12008,.F.);
#12016=CARTESIAN_POINT('',(2.7E0,1.611315326090E0,-4.09E0));
#12017=DIRECTION('',(0.E0,0.E0,1.E0));
#12018=DIRECTION('',(0.E0,-1.E0,0.E0));
#12019=AXIS2_PLACEMENT_3D('',#12016,#12017,#12018);
#12020=PLANE('',#12019);
#12021=ORIENTED_EDGE('',*,*,#11882,.F.);
#12022=ORIENTED_EDGE('',*,*,#11931,.F.);
#12024=ORIENTED_EDGE('',*,*,#12023,.F.);
#12025=ORIENTED_EDGE('',*,*,#11972,.F.);
#12026=EDGE_LOOP('',(#12021,#12022,#12024,#12025));
#12027=FACE_OUTER_BOUND('',#12026,.F.);
#12028=ADVANCED_FACE('',(#12027),#12020,.T.);
#12029=CARTESIAN_POINT('',(2.800406729141E0,1.732653242109E0,-4.19E0));
#12030=DIRECTION('',(-1.E0,0.E0,0.E0));
#12031=DIRECTION('',(0.E0,0.E0,1.E0));
#12032=AXIS2_PLACEMENT_3D('',#12029,#12030,#12031);
#12033=CYLINDRICAL_SURFACE('',#12032,1.E-1);
#12034=ORIENTED_EDGE('',*,*,#11929,.F.);
#12036=ORIENTED_EDGE('',*,*,#12035,.T.);
#12037=ORIENTED_EDGE('',*,*,#11974,.T.);
#12038=ORIENTED_EDGE('',*,*,#12023,.T.);
#12039=EDGE_LOOP('',(#12034,#12036,#12037,#12038));
#12040=FACE_OUTER_BOUND('',#12039,.F.);
#12041=ADVANCED_FACE('',(#12040),#12033,.T.);
#12042=CARTESIAN_POINT('',(2.7E0,1.851258097792E0,-4.542383202188E0));
#12043=DIRECTION('',(0.E0,9.986295347546E-1,5.233595624309E-2));
#12044=DIRECTION('',(0.E0,-5.233595624309E-2,9.986295347546E-1));
#12045=AXIS2_PLACEMENT_3D('',#12042,#12043,#12044);
#12046=PLANE('',#12045);
#12047=ORIENTED_EDGE('',*,*,#12035,.F.);
#12048=ORIENTED_EDGE('',*,*,#11927,.F.);
#12050=ORIENTED_EDGE('',*,*,#12049,.F.);
#12051=ORIENTED_EDGE('',*,*,#11976,.T.);
#12052=EDGE_LOOP('',(#12047,#12048,#12050,#12051));
#12053=FACE_OUTER_BOUND('',#12052,.F.);
#12054=ADVANCED_FACE('',(#12053),#12046,.T.);
#12055=CARTESIAN_POINT('',(2.7E0,1.77E0,-4.9E0));
#12056=DIRECTION('',(0.E0,0.E0,1.E0));
#12057=DIRECTION('',(0.E0,1.E0,0.E0));
#12058=AXIS2_PLACEMENT_3D('',#12055,#12056,#12057);
#12059=PLANE('',#12058);
#12060=ORIENTED_EDGE('',*,*,#11925,.F.);
#12062=ORIENTED_EDGE('',*,*,#12061,.F.);
#12063=ORIENTED_EDGE('',*,*,#11978,.F.);
#12064=ORIENTED_EDGE('',*,*,#12049,.T.);
#12065=EDGE_LOOP('',(#12060,#12062,#12063,#12064));
#12066=FACE_OUTER_BOUND('',#12065,.F.);
#12067=ADVANCED_FACE('',(#12066),#12059,.F.);
#12068=CARTESIAN_POINT('',(2.7E0,1.659381303582E0,-4.697383202188E0));
#12069=DIRECTION('',(0.E0,9.986295347546E-1,5.233595624285E-2));
#12070=DIRECTION('',(0.E0,5.233595624285E-2,-9.986295347546E-1));
#12071=AXIS2_PLACEMENT_3D('',#12068,#12069,#12070);
#12072=PLANE('',#12071);
#12074=ORIENTED_EDGE('',*,*,#12073,.T.);
#12075=ORIENTED_EDGE('',*,*,#11980,.T.);
#12076=ORIENTED_EDGE('',*,*,#12061,.T.);
#12077=ORIENTED_EDGE('',*,*,#11923,.F.);
#12078=EDGE_LOOP('',(#12074,#12075,#12076,#12077));
#12079=FACE_OUTER_BOUND('',#12078,.F.);
#12080=ADVANCED_FACE('',(#12079),#12072,.F.);
#12081=CARTESIAN_POINT('',(2.599593270859E0,1.548899653687E0,-4.5E0));
#12082=DIRECTION('',(1.E0,0.E0,0.E0));
#12083=DIRECTION('',(0.E0,9.986295347547E-1,5.233595624025E-2));
#12084=AXIS2_PLACEMENT_3D('',#12081,#12082,#12083);
#12085=CYLINDRICAL_SURFACE('',#12084,9.999999999953E-2);
#12086=ORIENTED_EDGE('',*,*,#12073,.F.);
#12087=ORIENTED_EDGE('',*,*,#11921,.F.);
#12089=ORIENTED_EDGE('',*,*,#12088,.F.);
#12090=ORIENTED_EDGE('',*,*,#11982,.T.);
#12091=EDGE_LOOP('',(#12086,#12087,#12089,#12090));
#12092=FACE_OUTER_BOUND('',#12091,.F.);
#12093=ADVANCED_FACE('',(#12092),#12085,.F.);
#12094=CARTESIAN_POINT('',(2.7E0,1.124449826844E0,-4.4E0));
#12095=DIRECTION('',(0.E0,0.E0,1.E0));
#12096=DIRECTION('',(0.E0,1.E0,0.E0));
#12097=AXIS2_PLACEMENT_3D('',#12094,#12095,#12096);
#12098=PLANE('',#12097);
#12100=ORIENTED_EDGE('',*,*,#12099,.F.);
#12101=ORIENTED_EDGE('',*,*,#11984,.F.);
#12102=ORIENTED_EDGE('',*,*,#12088,.T.);
#12103=ORIENTED_EDGE('',*,*,#11919,.F.);
#12104=EDGE_LOOP('',(#12100,#12101,#12102,#12103));
#12105=FACE_OUTER_BOUND('',#12104,.F.);
#12106=ADVANCED_FACE('',(#12105),#12098,.F.);
#12107=CARTESIAN_POINT('',(2.7E0,4.75E-1,-4.3E0));
#12108=DIRECTION('',(0.E0,4.061384660534E-1,9.138115486203E-1));
#12109=DIRECTION('',(0.E0,-9.138115486203E-1,4.061384660534E-1));
#12110=AXIS2_PLACEMENT_3D('',#12107,#12108,#12109);
#12111=PLANE('',#12110);
#12112=ORIENTED_EDGE('',*,*,#7449,.F.);
#12113=ORIENTED_EDGE('',*,*,#11986,.T.);
#12114=ORIENTED_EDGE('',*,*,#12099,.T.);
#12115=ORIENTED_EDGE('',*,*,#11917,.F.);
#12116=EDGE_LOOP('',(#12112,#12113,#12114,#12115));
#12117=FACE_OUTER_BOUND('',#12116,.F.);
#12118=ADVANCED_FACE('',(#12117),#12111,.F.);
#12119=CARTESIAN_POINT('',(2.7E0,1.72E0,-3.5E0));
#12120=DIRECTION('',(0.E0,0.E0,1.E0));
#12121=DIRECTION('',(0.E0,-1.E0,0.E0));
#12122=AXIS2_PLACEMENT_3D('',#12119,#12120,#12121);
#12123=PLANE('',#12122);
#12124=ORIENTED_EDGE('',*,*,#11888,.T.);
#12125=ORIENTED_EDGE('',*,*,#11870,.F.);
#12126=ORIENTED_EDGE('',*,*,#6860,.T.);
#12128=ORIENTED_EDGE('',*,*,#12127,.T.);
#12129=EDGE_LOOP('',(#12124,#12125,#12126,#12128));
#12130=FACE_OUTER_BOUND('',#12129,.F.);
#12131=ADVANCED_FACE('',(#12130),#12123,.F.);
#12132=CARTESIAN_POINT('',(2.595E0,1.72E0,-3.85E0));
#12133=DIRECTION('',(1.E0,0.E0,0.E0));
#12134=DIRECTION('',(0.E0,0.E0,-1.E0));
#12135=AXIS2_PLACEMENT_3D('',#12132,#12133,#12134);
#12136=PLANE('',#12135);
#12137=ORIENTED_EDGE('',*,*,#11890,.F.);
#12138=ORIENTED_EDGE('',*,*,#12127,.F.);
#12139=ORIENTED_EDGE('',*,*,#6858,.F.);
#12140=ORIENTED_EDGE('',*,*,#7455,.F.);
#12141=EDGE_LOOP('',(#12137,#12138,#12139,#12140));
#12142=FACE_OUTER_BOUND('',#12141,.F.);
#12143=ADVANCED_FACE('',(#12142),#12136,.T.);
#12144=CARTESIAN_POINT('',(9.677836912395E-1,9.6E-1,-4.19E0));
#12145=DIRECTION('',(0.E0,0.E0,1.E0));
#12146=DIRECTION('',(1.E0,0.E0,0.E0));
#12147=AXIS2_PLACEMENT_3D('',#12144,#12145,#12146);
#12148=PLANE('',#12147);
#12149=ORIENTED_EDGE('',*,*,#6844,.T.);
#12151=ORIENTED_EDGE('',*,*,#12150,.T.);
#12153=ORIENTED_EDGE('',*,*,#12152,.T.);
#12155=ORIENTED_EDGE('',*,*,#12154,.F.);
#12156=ORIENTED_EDGE('',*,*,#7062,.T.);
#12158=ORIENTED_EDGE('',*,*,#12157,.T.);
#12159=ORIENTED_EDGE('',*,*,#7110,.F.);
#12160=ORIENTED_EDGE('',*,*,#7042,.T.);
#12161=EDGE_LOOP('',(#12149,#12151,#12153,#12155,#12156,#12158,#12159,#12160));
#12162=FACE_OUTER_BOUND('',#12161,.F.);
#12163=ADVANCED_FACE('',(#12162),#12148,.F.);
#12164=CARTESIAN_POINT('',(9.677836912395E-1,9.6E-1,-4.19E0));
#12165=DIRECTION('',(0.E0,0.E0,1.E0));
#12166=DIRECTION('',(1.E0,0.E0,0.E0));
#12167=AXIS2_PLACEMENT_3D('',#12164,#12165,#12166);
#12168=PLANE('',#12167);
#12169=ORIENTED_EDGE('',*,*,#7172,.T.);
#12171=ORIENTED_EDGE('',*,*,#12170,.F.);
#12173=ORIENTED_EDGE('',*,*,#12172,.T.);
#12174=ORIENTED_EDGE('',*,*,#7212,.F.);
#12175=EDGE_LOOP('',(#12169,#12171,#12173,#12174));
#12176=FACE_OUTER_BOUND('',#12175,.F.);
#12177=ADVANCED_FACE('',(#12176),#12168,.F.);
#12178=CARTESIAN_POINT('',(1.885567382480E0,9.6E-1,-3.24E0));
#12179=DIRECTION('',(1.E0,0.E0,0.E0));
#12180=DIRECTION('',(0.E0,0.E0,1.E0));
#12181=AXIS2_PLACEMENT_3D('',#12178,#12179,#12180);
#12182=PLANE('',#12181);
#12183=ORIENTED_EDGE('',*,*,#6842,.T.);
#12184=ORIENTED_EDGE('',*,*,#7014,.T.);
#12186=ORIENTED_EDGE('',*,*,#12185,.T.);
#12187=ORIENTED_EDGE('',*,*,#12150,.F.);
#12188=EDGE_LOOP('',(#12183,#12184,#12186,#12187));
#12189=FACE_OUTER_BOUND('',#12188,.F.);
#12190=ADVANCED_FACE('',(#12189),#12182,.T.);
#12191=CARTESIAN_POINT('',(6.177836912394E-1,1.87E0,-3.24E0));
#12192=DIRECTION('',(0.E0,1.E0,0.E0));
#12193=DIRECTION('',(1.E0,0.E0,0.E0));
#12194=AXIS2_PLACEMENT_3D('',#12191,#12192,#12193);
#12195=PLANE('',#12194);
#12196=ORIENTED_EDGE('',*,*,#12185,.F.);
#12197=ORIENTED_EDGE('',*,*,#7012,.T.);
#12199=ORIENTED_EDGE('',*,*,#12198,.F.);
#12201=ORIENTED_EDGE('',*,*,#12200,.F.);
#12203=ORIENTED_EDGE('',*,*,#12202,.F.);
#12205=ORIENTED_EDGE('',*,*,#12204,.T.);
#12207=ORIENTED_EDGE('',*,*,#12206,.F.);
#12209=ORIENTED_EDGE('',*,*,#12208,.F.);
#12211=ORIENTED_EDGE('',*,*,#12210,.F.);
#12212=ORIENTED_EDGE('',*,*,#12152,.F.);
#12213=EDGE_LOOP('',(#12196,#12197,#12199,#12201,#12203,#12205,#12207,#12209,
#12211,#12212));
#12214=FACE_OUTER_BOUND('',#12213,.F.);
#12215=ADVANCED_FACE('',(#12214),#12195,.T.);
#12216=CARTESIAN_POINT('',(7.555673824798E-1,1.77E0,-2.645E0));
#12217=DIRECTION('',(1.E0,0.E0,0.E0));
#12218=DIRECTION('',(0.E0,0.E0,-1.E0));
#12219=AXIS2_PLACEMENT_3D('',#12216,#12217,#12218);
#12220=PLANE('',#12219);
#12221=ORIENTED_EDGE('',*,*,#7076,.T.);
#12223=ORIENTED_EDGE('',*,*,#12222,.T.);
#12224=ORIENTED_EDGE('',*,*,#12198,.T.);
#12225=ORIENTED_EDGE('',*,*,#7010,.T.);
#12226=EDGE_LOOP('',(#12221,#12223,#12224,#12225));
#12227=FACE_OUTER_BOUND('',#12226,.F.);
#12228=ADVANCED_FACE('',(#12227),#12220,.F.);
#12229=CARTESIAN_POINT('',(5.556738247980E-2,1.77E0,-3.E0));
#12230=DIRECTION('',(0.E0,0.E0,1.E0));
#12231=DIRECTION('',(-1.E0,0.E0,0.E0));
#12232=AXIS2_PLACEMENT_3D('',#12229,#12230,#12231);
#12233=PLANE('',#12232);
#12234=ORIENTED_EDGE('',*,*,#7074,.T.);
#12236=ORIENTED_EDGE('',*,*,#12235,.T.);
#12237=ORIENTED_EDGE('',*,*,#12200,.T.);
#12238=ORIENTED_EDGE('',*,*,#12222,.F.);
#12239=EDGE_LOOP('',(#12234,#12236,#12237,#12238));
#12240=FACE_OUTER_BOUND('',#12239,.F.);
#12241=ADVANCED_FACE('',(#12240),#12233,.T.);
#12242=CARTESIAN_POINT('',(-6.444326175202E-1,1.77E0,-3.09E0));
#12243=DIRECTION('',(1.E0,0.E0,0.E0));
#12244=DIRECTION('',(0.E0,0.E0,-1.E0));
#12245=AXIS2_PLACEMENT_3D('',#12242,#12243,#12244);
#12246=PLANE('',#12245);
#12248=ORIENTED_EDGE('',*,*,#12247,.T.);
#12249=ORIENTED_EDGE('',*,*,#12202,.T.);
#12250=ORIENTED_EDGE('',*,*,#12235,.F.);
#12251=ORIENTED_EDGE('',*,*,#7072,.T.);
#12252=EDGE_LOOP('',(#12248,#12249,#12250,#12251));
#12253=FACE_OUTER_BOUND('',#12252,.F.);
#12254=ADVANCED_FACE('',(#12253),#12246,.F.);
#12255=CARTESIAN_POINT('',(-6.472163087601E-1,1.77E0,-3.34E0));
#12256=DIRECTION('',(9.998486879257E-1,0.E0,-1.739543771106E-2));
#12257=DIRECTION('',(1.739543771106E-2,0.E0,9.998486879257E-1));
#12258=AXIS2_PLACEMENT_3D('',#12255,#12256,#12257);
#12259=PLANE('',#12258);
#12260=ORIENTED_EDGE('',*,*,#12247,.F.);
#12261=ORIENTED_EDGE('',*,*,#7070,.T.);
#12263=ORIENTED_EDGE('',*,*,#12262,.F.);
#12264=ORIENTED_EDGE('',*,*,#12204,.F.);
#12265=EDGE_LOOP('',(#12260,#12261,#12263,#12264));
#12266=FACE_OUTER_BOUND('',#12265,.F.);
#12267=ADVANCED_FACE('',(#12266),#12259,.F.);
#12268=CARTESIAN_POINT('',(-6.5E-1,1.77E0,-3.59E0));
#12269=DIRECTION('',(1.E0,0.E0,0.E0));
#12270=DIRECTION('',(0.E0,0.E0,-1.E0));
#12271=AXIS2_PLACEMENT_3D('',#12268,#12269,#12270);
#12272=PLANE('',#12271);
#12273=ORIENTED_EDGE('',*,*,#12262,.T.);
#12274=ORIENTED_EDGE('',*,*,#7068,.T.);
#12276=ORIENTED_EDGE('',*,*,#12275,.T.);
#12277=ORIENTED_EDGE('',*,*,#12206,.T.);
#12278=EDGE_LOOP('',(#12273,#12274,#12276,#12277));
#12279=FACE_OUTER_BOUND('',#12278,.F.);
#12280=ADVANCED_FACE('',(#12279),#12272,.F.);
#12281=CARTESIAN_POINT('',(-3.E-1,1.77E0,-3.68E0));
#12282=DIRECTION('',(0.E0,0.E0,1.E0));
#12283=DIRECTION('',(1.E0,0.E0,0.E0));
#12284=AXIS2_PLACEMENT_3D('',#12281,#12282,#12283);
#12285=PLANE('',#12284);
#12286=ORIENTED_EDGE('',*,*,#7066,.T.);
#12288=ORIENTED_EDGE('',*,*,#12287,.T.);
#12289=ORIENTED_EDGE('',*,*,#12208,.T.);
#12290=ORIENTED_EDGE('',*,*,#12275,.F.);
#12291=EDGE_LOOP('',(#12286,#12288,#12289,#12290));
#12292=FACE_OUTER_BOUND('',#12291,.F.);
#12293=ADVANCED_FACE('',(#12292),#12285,.F.);
#12294=CARTESIAN_POINT('',(5.E-2,1.77E0,-3.935E0));
#12295=DIRECTION('',(1.E0,0.E0,0.E0));
#12296=DIRECTION('',(0.E0,0.E0,-1.E0));
#12297=AXIS2_PLACEMENT_3D('',#12294,#12295,#12296);
#12298=PLANE('',#12297);
#12299=ORIENTED_EDGE('',*,*,#7064,.T.);
#12300=ORIENTED_EDGE('',*,*,#12154,.T.);
#12301=ORIENTED_EDGE('',*,*,#12210,.T.);
#12302=ORIENTED_EDGE('',*,*,#12287,.F.);
#12303=EDGE_LOOP('',(#12299,#12300,#12301,#12302));
#12304=FACE_OUTER_BOUND('',#12303,.F.);
#12305=ADVANCED_FACE('',(#12304),#12298,.F.);
#12306=CARTESIAN_POINT('',(1.685567382480E0,9.6E-1,-3.49E0));
#12307=DIRECTION('',(1.E0,0.E0,0.E0));
#12308=DIRECTION('',(0.E0,0.E0,1.E0));
#12309=AXIS2_PLACEMENT_3D('',#12306,#12307,#12308);
#12310=PLANE('',#12309);
#12311=ORIENTED_EDGE('',*,*,#7112,.F.);
#12312=ORIENTED_EDGE('',*,*,#12157,.F.);
#12313=ORIENTED_EDGE('',*,*,#7060,.F.);
#12314=ORIENTED_EDGE('',*,*,#7090,.F.);
#12315=EDGE_LOOP('',(#12311,#12312,#12313,#12314));
#12316=FACE_OUTER_BOUND('',#12315,.F.);
#12317=ADVANCED_FACE('',(#12316),#12310,.F.);
#12318=CARTESIAN_POINT('',(9.355673824798E-1,1.5E-1,-3.24E0));
#12319=DIRECTION('',(1.E0,0.E0,0.E0));
#12320=DIRECTION('',(0.E0,0.E0,1.E0));
#12321=AXIS2_PLACEMENT_3D('',#12318,#12319,#12320);
#12322=PLANE('',#12321);
#12323=ORIENTED_EDGE('',*,*,#7170,.T.);
#12324=ORIENTED_EDGE('',*,*,#7195,.T.);
#12326=ORIENTED_EDGE('',*,*,#12325,.T.);
#12327=ORIENTED_EDGE('',*,*,#12170,.T.);
#12328=EDGE_LOOP('',(#12323,#12324,#12326,#12327));
#12329=FACE_OUTER_BOUND('',#12328,.F.);
#12330=ADVANCED_FACE('',(#12329),#12322,.F.);
#12331=CARTESIAN_POINT('',(1.410567382480E0,5.E-2,-3.24E0));
#12332=DIRECTION('',(0.E0,1.E0,0.E0));
#12333=DIRECTION('',(0.E0,0.E0,1.E0));
#12334=AXIS2_PLACEMENT_3D('',#12331,#12332,#12333);
#12335=PLANE('',#12334);
#12336=ORIENTED_EDGE('',*,*,#7214,.F.);
#12337=ORIENTED_EDGE('',*,*,#12172,.F.);
#12338=ORIENTED_EDGE('',*,*,#12325,.F.);
#12339=ORIENTED_EDGE('',*,*,#7193,.T.);
#12340=EDGE_LOOP('',(#12336,#12337,#12338,#12339));
#12341=FACE_OUTER_BOUND('',#12340,.F.);
#12342=ADVANCED_FACE('',(#12341),#12335,.F.);
#12343=CARTESIAN_POINT('',(9.7E0,1.511413043478E0,-3.65E-1));
#12344=DIRECTION('',(1.E0,0.E0,0.E0));
#12345=DIRECTION('',(0.E0,0.E0,-1.E0));
#12346=AXIS2_PLACEMENT_3D('',#12343,#12344,#12345);
#12347=PLANE('',#12346);
#12348=ORIENTED_EDGE('',*,*,#6091,.F.);
#12349=ORIENTED_EDGE('',*,*,#6652,.F.);
#12351=ORIENTED_EDGE('',*,*,#12350,.F.);
#12353=ORIENTED_EDGE('',*,*,#12352,.T.);
#12354=ORIENTED_EDGE('',*,*,#6985,.F.);
#12355=EDGE_LOOP('',(#12348,#12349,#12351,#12353,#12354));
#12356=FACE_OUTER_BOUND('',#12355,.F.);
#12357=ADVANCED_FACE('',(#12356),#12347,.T.);
#12358=CARTESIAN_POINT('',(5.7E0,1.21E0,-2.E-1));
#12359=DIRECTION('',(0.E0,1.E0,0.E0));
#12360=DIRECTION('',(0.E0,0.E0,1.E0));
#12361=AXIS2_PLACEMENT_3D('',#12358,#12359,#12360);
#12362=PLANE('',#12361);
#12363=ORIENTED_EDGE('',*,*,#6650,.T.);
#12364=ORIENTED_EDGE('',*,*,#6829,.T.);
#12366=ORIENTED_EDGE('',*,*,#12365,.T.);
#12367=ORIENTED_EDGE('',*,*,#12350,.T.);
#12368=EDGE_LOOP('',(#12363,#12364,#12366,#12367));
#12369=FACE_OUTER_BOUND('',#12368,.F.);
#12370=ADVANCED_FACE('',(#12369),#12362,.F.);
#12371=CARTESIAN_POINT('',(5.7E0,1.515E0,0.E0));
#12372=DIRECTION('',(0.E0,0.E0,1.E0));
#12373=DIRECTION('',(1.E0,0.E0,0.E0));
#12374=AXIS2_PLACEMENT_3D('',#12371,#12372,#12373);
#12375=PLANE('',#12374);
#12376=ORIENTED_EDGE('',*,*,#12352,.F.);
#12377=ORIENTED_EDGE('',*,*,#12365,.F.);
#12378=ORIENTED_EDGE('',*,*,#6827,.F.);
#12379=ORIENTED_EDGE('',*,*,#6987,.F.);
#12380=EDGE_LOOP('',(#12376,#12377,#12378,#12379));
#12381=FACE_OUTER_BOUND('',#12380,.F.);
#12382=ADVANCED_FACE('',(#12381),#12375,.T.);
#12383=CLOSED_SHELL('',(#5998,#6031,#6070,#6102,#6116,#6142,#6156,#6170,#6184,
#6206,#6220,#6234,#6248,#6274,#6287,#6300,#6313,#6326,#6339,#6352,#6386,#6399,
#6413,#6426,#6440,#6453,#6466,#6478,#6491,#6505,#6518,#6530,#6544,#6558,#6576,
#6590,#6604,#6621,#6634,#6806,#6818,#6834,#6999,#7018,#7036,#7051,#7081,#7095,
#7116,#7129,#7148,#7162,#7184,#7199,#7218,#7468,#7483,#7510,#7524,#7538,#7565,
#7578,#7590,#7610,#7623,#7636,#7649,#7662,#7675,#7688,#7701,#7713,#7726,#7739,
#7751,#7773,#7796,#7811,#7830,#7843,#7873,#7890,#7903,#7928,#7941,#7954,#7967,
#7980,#7993,#8006,#8018,#8032,#8051,#8070,#8091,#8105,#8120,#8133,#8145,#8157,
#8169,#8181,#8195,#8216,#8231,#8257,#8271,#8285,#8311,#8324,#8336,#8349,#8362,
#8375,#8388,#8401,#8414,#8427,#8439,#8452,#8464,#8478,#8499,#8514,#8540,#8554,
#8568,#8594,#8607,#8619,#8632,#8645,#8658,#8671,#8684,#8697,#8710,#8722,#8735,
#8747,#8761,#8782,#8797,#8823,#8837,#8851,#8877,#8890,#8902,#8915,#8928,#8941,
#8954,#8967,#8980,#8993,#9005,#9018,#9030,#9044,#9065,#9080,#9106,#9120,#9134,
#9160,#9173,#9185,#9198,#9211,#9224,#9237,#9250,#9263,#9276,#9288,#9301,#9313,
#9327,#9348,#9363,#9389,#9403,#9417,#9443,#9456,#9468,#9481,#9494,#9507,#9520,
#9533,#9546,#9559,#9571,#9584,#9596,#9610,#9631,#9646,#9672,#9686,#9700,#9726,
#9739,#9751,#9764,#9777,#9790,#9803,#9816,#9829,#9842,#9854,#9867,#9879,#9893,
#9914,#9929,#9955,#9969,#9983,#10009,#10022,#10034,#10047,#10060,#10073,#10086,
#10099,#10112,#10125,#10137,#10150,#10162,#10176,#10197,#10212,#10238,#10252,
#10266,#10292,#10305,#10317,#10330,#10343,#10356,#10369,#10382,#10395,#10408,
#10420,#10433,#10445,#10459,#10480,#10495,#10521,#10535,#10549,#10575,#10588,
#10600,#10613,#10626,#10639,#10652,#10665,#10678,#10691,#10703,#10716,#10728,
#10742,#10763,#10778,#10804,#10818,#10832,#10858,#10871,#10883,#10896,#10909,
#10922,#10935,#10948,#10961,#10974,#10986,#10999,#11011,#11025,#11046,#11061,
#11087,#11101,#11115,#11141,#11154,#11166,#11179,#11192,#11205,#11218,#11231,
#11244,#11257,#11269,#11282,#11294,#11308,#11329,#11344,#11370,#11384,#11398,
#11424,#11437,#11449,#11462,#11475,#11488,#11501,#11514,#11527,#11540,#11552,
#11565,#11577,#11591,#11612,#11627,#11653,#11667,#11681,#11707,#11720,#11732,
#11745,#11758,#11771,#11784,#11797,#11810,#11823,#11835,#11848,#11860,#11874,
#11895,#11910,#11936,#11950,#11964,#11990,#12003,#12015,#12028,#12041,#12054,
#12067,#12080,#12093,#12106,#12118,#12131,#12143,#12163,#12177,#12190,#12215,
#12228,#12241,#12254,#12267,#12280,#12293,#12305,#12317,#12330,#12342,#12357,
#12370,#12382));
#12384=MANIFOLD_SOLID_BREP('',#12383);
#12385=(LENGTH_UNIT()NAMED_UNIT(*)SI_UNIT(.MILLI.,.METRE.));
#12386=DIMENSIONAL_EXPONENTS(0.E0,0.E0,0.E0,0.E0,0.E0,0.E0,0.E0);
#12387=(NAMED_UNIT(*)PLANE_ANGLE_UNIT()SI_UNIT($,.RADIAN.));
#12388=PLANE_ANGLE_MEASURE_WITH_UNIT(PLANE_ANGLE_MEASURE(1.745329251994E-2),
#12387);
#12389=(CONVERSION_BASED_UNIT('DEGREE',#12388)NAMED_UNIT(#12386)PLANE_ANGLE_UNIT());
#12390=(NAMED_UNIT(*)SI_UNIT($,.STERADIAN.)SOLID_ANGLE_UNIT());
#12391=UNCERTAINTY_MEASURE_WITH_UNIT(LENGTH_MEASURE(1.401753115789E-3),#12385,
'closure',
'Maximum model space distance between geometric entities at asserted connectivities');
#12392=(GEOMETRIC_REPRESENTATION_CONTEXT(3)GLOBAL_UNCERTAINTY_ASSIGNED_CONTEXT((
#12391))GLOBAL_UNIT_ASSIGNED_CONTEXT((#12385,#12389,#12390))REPRESENTATION_CONTEXT('ID1','3'));
#12394=APPLICATION_CONTEXT(
'CONFIGURATION CONTROLLED 3D DESIGNS OF MECHANICAL PARTS AND ASSEMBLIES');
#12395=APPLICATION_PROTOCOL_DEFINITION('international standard',
'config_control_design',1994,#12394);
#12396=DESIGN_CONTEXT('',#12394,'design');
#12397=MECHANICAL_CONTEXT('',#12394,'mechanical');
#12398=PRODUCT('ISFV15R_1STLF','ISFV15R_1STLF','NOT SPECIFIED',(#12397));
#12399=PRODUCT_DEFINITION_FORMATION_WITH_SPECIFIED_SOURCE('','LAST_VERSION',
#12398,.MADE.);
#12403=PRODUCT_CATEGORY('part','');
#12404=PRODUCT_RELATED_PRODUCT_CATEGORY('detail','',(#12398));
#12405=PRODUCT_CATEGORY_RELATIONSHIP('','',#12403,#12404);
#12406=SECURITY_CLASSIFICATION_LEVEL('unclassified');
#12407=SECURITY_CLASSIFICATION('','',#12406);
#12408=CC_DESIGN_SECURITY_CLASSIFICATION(#12407,(#12399));
#12409=APPROVAL_STATUS('approved');
#12410=APPROVAL(#12409,'');
#12411=CC_DESIGN_APPROVAL(#12410,(#12407,#12399,#12400));
#12412=CALENDAR_DATE(107,3,9);
#12413=COORDINATED_UNIVERSAL_TIME_OFFSET(9,0,.AHEAD.);
#12414=LOCAL_TIME(11,49,4.9E1,#12413);
#12415=DATE_AND_TIME(#12412,#12414);
#12416=APPROVAL_DATE_TIME(#12415,#12410);
#12417=DATE_TIME_ROLE('creation_date');
#12418=CC_DESIGN_DATE_AND_TIME_ASSIGNMENT(#12415,#12417,(#12400));
#12419=DATE_TIME_ROLE('classification_date');
#12420=CC_DESIGN_DATE_AND_TIME_ASSIGNMENT(#12415,#12419,(#12407));
#12421=PERSON('UNSPECIFIED','UNSPECIFIED',$,$,$,$);
#12422=ORGANIZATION('UNSPECIFIED','UNSPECIFIED','UNSPECIFIED');
#12423=PERSON_AND_ORGANIZATION(#12421,#12422);
#12424=APPROVAL_ROLE('approver');
#12425=APPROVAL_PERSON_ORGANIZATION(#12423,#12410,#12424);
#12426=PERSON_AND_ORGANIZATION_ROLE('creator');
#12427=CC_DESIGN_PERSON_AND_ORGANIZATION_ASSIGNMENT(#12423,#12426,(#12399,
#12400));
#12428=PERSON_AND_ORGANIZATION_ROLE('design_supplier');
#12429=CC_DESIGN_PERSON_AND_ORGANIZATION_ASSIGNMENT(#12423,#12428,(#12399));
#12430=PERSON_AND_ORGANIZATION_ROLE('classification_officer');
#12431=CC_DESIGN_PERSON_AND_ORGANIZATION_ASSIGNMENT(#12423,#12430,(#12407));
#12432=PERSON_AND_ORGANIZATION_ROLE('design_owner');
#12433=CC_DESIGN_PERSON_AND_ORGANIZATION_ASSIGNMENT(#12423,#12432,(#12398));
#1161=CIRCLE('',#1160,3.E-1);
#1178=CIRCLE('',#1177,9.999999999953E-2);
#1191=CIRCLE('',#1190,1.E-1);
#1208=CIRCLE('',#1207,3.E-1);
#1213=CIRCLE('',#1212,1.E-1);
#1226=CIRCLE('',#1225,9.999999999953E-2);
#1695=CIRCLE('',#1694,3.E-1);
#1712=CIRCLE('',#1711,9.999999999953E-2);
#1725=CIRCLE('',#1724,1.E-1);
#1742=CIRCLE('',#1741,3.E-1);
#1747=CIRCLE('',#1746,1.E-1);
#1760=CIRCLE('',#1759,9.999999999953E-2);
#1889=CIRCLE('',#1888,3.E-1);
#1906=CIRCLE('',#1905,9.999999999953E-2);
#1919=CIRCLE('',#1918,1.E-1);
#1936=CIRCLE('',#1935,3.E-1);
#1941=CIRCLE('',#1940,1.E-1);
#1954=CIRCLE('',#1953,9.999999999953E-2);
#2079=CIRCLE('',#2078,3.E-1);
#2096=CIRCLE('',#2095,9.999999999953E-2);
#2109=CIRCLE('',#2108,1.E-1);
#2126=CIRCLE('',#2125,3.E-1);
#2131=CIRCLE('',#2130,1.E-1);
#2144=CIRCLE('',#2143,9.999999999953E-2);
#2269=CIRCLE('',#2268,3.E-1);
#2286=CIRCLE('',#2285,9.999999999953E-2);
#2299=CIRCLE('',#2298,1.E-1);
#2316=CIRCLE('',#2315,3.E-1);
#2321=CIRCLE('',#2320,1.E-1);
#2334=CIRCLE('',#2333,9.999999999953E-2);
#2459=CIRCLE('',#2458,3.E-1);
#2476=CIRCLE('',#2475,9.999999999953E-2);
#2489=CIRCLE('',#2488,1.E-1);
#2506=CIRCLE('',#2505,3.E-1);
#2511=CIRCLE('',#2510,1.E-1);
#2524=CIRCLE('',#2523,9.999999999953E-2);
#2649=CIRCLE('',#2648,3.E-1);
#2666=CIRCLE('',#2665,9.999999999953E-2);
#2679=CIRCLE('',#2678,1.E-1);
#2696=CIRCLE('',#2695,3.E-1);
#2701=CIRCLE('',#2700,1.E-1);
#2714=CIRCLE('',#2713,9.999999999953E-2);
#2839=CIRCLE('',#2838,3.E-1);
#2856=CIRCLE('',#2855,9.999999999953E-2);
#2869=CIRCLE('',#2868,1.E-1);
#2886=CIRCLE('',#2885,3.E-1);
#2891=CIRCLE('',#2890,1.E-1);
#2904=CIRCLE('',#2903,9.999999999953E-2);
#3029=CIRCLE('',#3028,3.E-1);
#3046=CIRCLE('',#3045,9.999999999953E-2);
#3059=CIRCLE('',#3058,1.E-1);
#3076=CIRCLE('',#3075,3.E-1);
#3081=CIRCLE('',#3080,1.E-1);
#3094=CIRCLE('',#3093,9.999999999953E-2);
#3219=CIRCLE('',#3218,3.E-1);
#3236=CIRCLE('',#3235,9.999999999953E-2);
#3249=CIRCLE('',#3248,1.E-1);
#3266=CIRCLE('',#3265,3.E-1);
#3271=CIRCLE('',#3270,1.E-1);
#3284=CIRCLE('',#3283,9.999999999953E-2);
#3409=CIRCLE('',#3408,3.E-1);
#3426=CIRCLE('',#3425,9.999999999953E-2);
#3439=CIRCLE('',#3438,1.E-1);
#3456=CIRCLE('',#3455,3.E-1);
#3461=CIRCLE('',#3460,1.E-1);
#3474=CIRCLE('',#3473,9.999999999953E-2);
#3599=CIRCLE('',#3598,3.E-1);
#3616=CIRCLE('',#3615,9.999999999953E-2);
#3629=CIRCLE('',#3628,1.E-1);
#3646=CIRCLE('',#3645,3.E-1);
#3651=CIRCLE('',#3650,1.E-1);
#3664=CIRCLE('',#3663,9.999999999953E-2);
#3789=CIRCLE('',#3788,3.E-1);
#3806=CIRCLE('',#3805,9.999999999953E-2);
#3819=CIRCLE('',#3818,1.E-1);
#3836=CIRCLE('',#3835,3.E-1);
#3841=CIRCLE('',#3840,1.E-1);
#3854=CIRCLE('',#3853,9.999999999953E-2);
#3979=CIRCLE('',#3978,3.E-1);
#3996=CIRCLE('',#3995,9.999999999953E-2);
#4009=CIRCLE('',#4008,1.E-1);
#4026=CIRCLE('',#4025,3.E-1);
#4031=CIRCLE('',#4030,1.E-1);
#4044=CIRCLE('',#4043,9.999999999953E-2);
#4169=CIRCLE('',#4168,3.E-1);
#4186=CIRCLE('',#4185,9.999999999953E-2);
#4199=CIRCLE('',#4198,1.E-1);
#4216=CIRCLE('',#4215,3.E-1);
#4221=CIRCLE('',#4220,1.E-1);
#4234=CIRCLE('',#4233,9.999999999953E-2);
#5972=EDGE_CURVE('',#5203,#5204,#8,.T.);
#5974=EDGE_CURVE('',#5204,#5224,#320,.T.);
#5976=EDGE_CURVE('',#5222,#5224,#348,.T.);
#5978=EDGE_CURVE('',#5222,#5220,#360,.T.);
#5980=EDGE_CURVE('',#5220,#5218,#100,.T.);
#5982=EDGE_CURVE('',#5218,#5216,#1578,.T.);
#5984=EDGE_CURVE('',#5214,#5216,#1642,.T.);
#5986=EDGE_CURVE('',#5212,#5214,#1362,.T.);
#5988=EDGE_CURVE('',#5212,#5210,#916,.T.);
#5990=EDGE_CURVE('',#5210,#5208,#880,.T.);
#5992=EDGE_CURVE('',#5208,#5206,#844,.T.);
#5994=EDGE_CURVE('',#5206,#5203,#836,.T.);
#6004=EDGE_CURVE('',#5567,#5568,#4,.T.);
#6006=EDGE_CURVE('',#5568,#5204,#324,.T.);
#6009=EDGE_CURVE('',#5203,#5233,#832,.T.);
#6011=EDGE_CURVE('',#5233,#5234,#740,.T.);
#6013=EDGE_CURVE('',#5234,#5236,#700,.T.);
#6015=EDGE_CURVE('',#5236,#5571,#332,.T.);
#6017=EDGE_CURVE('',#5571,#5572,#12,.T.);
#6019=EDGE_CURVE('',#5580,#5572,#16,.T.);
#6021=EDGE_CURVE('',#5578,#5580,#20,.T.);
#6023=EDGE_CURVE('',#5576,#5578,#24,.T.);
#6025=EDGE_CURVE('',#5575,#5576,#28,.T.);
#6027=EDGE_CURVE('',#5567,#5575,#32,.T.);
#6037=EDGE_CURVE('',#5551,#5552,#72,.T.);
#6039=EDGE_CURVE('',#5551,#5582,#352,.T.);
#6041=EDGE_CURVE('',#5582,#5586,#340,.T.);
#6043=EDGE_CURVE('',#5586,#5568,#312,.T.);
#6046=EDGE_CURVE('',#5567,#5160,#200,.T.);
#6048=EDGE_CURVE('',#5158,#5160,#36,.T.);
#6050=EDGE_CURVE('',#5188,#5158,#40,.T.);
#6052=EDGE_CURVE('',#5190,#5188,#44,.T.);
#6054=EDGE_CURVE('',#5192,#5190,#48,.T.);
#6056=EDGE_CURVE('',#5194,#5192,#52,.T.);
#6058=EDGE_CURVE('',#5198,#5194,#56,.T.);
#6060=EDGE_CURVE('',#5200,#5198,#60,.T.);
#6062=EDGE_CURVE('',#5174,#5200,#64,.T.);
#6064=EDGE_CURVE('',#5173,#5174,#68,.T.);
#6066=EDGE_CURVE('',#5173,#5552,#104,.T.);
#6077=EDGE_CURVE('',#5552,#5564,#76,.T.);
#6079=EDGE_CURVE('',#5564,#5562,#80,.T.);
#6081=EDGE_CURVE('',#5561,#5562,#84,.T.);
#6083=EDGE_CURVE('',#5558,#5561,#88,.T.);
#6085=EDGE_CURVE('',#5556,#5558,#92,.T.);
#6087=EDGE_CURVE('',#5555,#5556,#96,.T.);
#6089=EDGE_CURVE('',#5555,#5227,#372,.T.);
#6091=EDGE_CURVE('',#5227,#5228,#4462,.T.);
#6093=EDGE_CURVE('',#5228,#5230,#732,.T.);
#6095=EDGE_CURVE('',#5230,#5218,#1582,.T.);
#6098=EDGE_CURVE('',#5220,#5551,#356,.T.);
#6110=EDGE_CURVE('',#5186,#5173,#108,.T.);
#6112=EDGE_CURVE('',#5564,#5186,#204,.T.);
#6123=EDGE_CURVE('',#5174,#5152,#116,.T.);
#6125=EDGE_CURVE('',#5143,#5152,#112,.T.);
#6127=EDGE_CURVE('',#5176,#5143,#280,.T.);
#6129=EDGE_CURVE('',#5176,#5178,#244,.T.);
#6131=EDGE_CURVE('',#5180,#5178,#236,.T.);
#6133=EDGE_CURVE('',#5182,#5180,#228,.T.);
#6135=EDGE_CURVE('',#5182,#5184,#220,.T.);
#6137=EDGE_CURVE('',#5186,#5184,#208,.T.);
#6150=EDGE_CURVE('',#5150,#5200,#120,.T.);
#6152=EDGE_CURVE('',#5152,#5150,#124,.T.);
#6164=EDGE_CURVE('',#5148,#5198,#128,.T.);
#6166=EDGE_CURVE('',#5150,#5148,#132,.T.);
#6178=EDGE_CURVE('',#5146,#5194,#136,.T.);
#6180=EDGE_CURVE('',#5148,#5146,#140,.T.);
#6192=EDGE_CURVE('',#5140,#5192,#144,.T.);
#6194=EDGE_CURVE('',#5131,#5140,#148,.T.);
#6196=EDGE_CURVE('',#5154,#5131,#152,.T.);
#6198=EDGE_CURVE('',#5154,#5196,#248,.T.);
#6200=EDGE_CURVE('',#5144,#5196,#272,.T.);
#6202=EDGE_CURVE('',#5146,#5144,#156,.T.);
#6214=EDGE_CURVE('',#5138,#5190,#160,.T.);
#6216=EDGE_CURVE('',#5140,#5138,#164,.T.);
#6228=EDGE_CURVE('',#5136,#5188,#168,.T.);
#6230=EDGE_CURVE('',#5138,#5136,#172,.T.);
#6242=EDGE_CURVE('',#5134,#5158,#176,.T.);
#6244=EDGE_CURVE('',#5136,#5134,#180,.T.);
#6256=EDGE_CURVE('',#5160,#5162,#196,.T.);
#6258=EDGE_CURVE('',#5164,#5162,#212,.T.);
#6260=EDGE_CURVE('',#5164,#5166,#304,.T.);
#6262=EDGE_CURVE('',#5168,#5166,#296,.T.);
#6264=EDGE_CURVE('',#5170,#5168,#288,.T.);
#6266=EDGE_CURVE('',#5170,#5156,#256,.T.);
#6268=EDGE_CURVE('',#5132,#5156,#184,.T.);
#6270=EDGE_CURVE('',#5134,#5132,#188,.T.);
#6281=EDGE_CURVE('',#5162,#5575,#192,.T.);
#6296=EDGE_CURVE('',#5184,#5562,#216,.T.);
#6307=EDGE_CURVE('',#5576,#5164,#308,.T.);
#6322=EDGE_CURVE('',#5561,#5182,#224,.T.);
#6335=EDGE_CURVE('',#5180,#5558,#232,.T.);
#6348=EDGE_CURVE('',#5178,#5556,#240,.T.);
#6361=EDGE_CURVE('',#5196,#5176,#276,.T.);
#6364=EDGE_CURVE('',#5156,#5154,#252,.T.);
#6367=EDGE_CURVE('',#5572,#5170,#260,.T.);
#6370=EDGE_CURVE('',#5588,#5571,#328,.T.);
#6372=EDGE_CURVE('',#5596,#5588,#436,.T.);
#6374=EDGE_CURVE('',#5596,#5598,#416,.T.);
#6376=EDGE_CURVE('',#5600,#5598,#264,.T.);
#6378=EDGE_CURVE('',#5590,#5600,#388,.T.);
#6380=EDGE_CURVE('',#5584,#5590,#376,.T.);
#6382=EDGE_CURVE('',#5555,#5584,#364,.T.);
#6392=EDGE_CURVE('',#5143,#5144,#268,.T.);
#6419=EDGE_CURVE('',#5131,#5132,#284,.T.);
#6449=EDGE_CURVE('',#5580,#5168,#292,.T.);
#6462=EDGE_CURVE('',#5166,#5578,#300,.T.);
#6485=EDGE_CURVE('',#5224,#5586,#316,.T.);
#6499=EDGE_CURVE('',#5240,#5236,#336,.T.);
#6501=EDGE_CURVE('',#5240,#5588,#440,.T.);
#6512=EDGE_CURVE('',#5582,#5222,#344,.T.);
#6537=EDGE_CURVE('',#5584,#5238,#384,.T.);
#6539=EDGE_CURVE('',#5227,#5238,#368,.T.);
#6551=EDGE_CURVE('',#5252,#5590,#408,.T.);
#6553=EDGE_CURVE('',#5238,#5252,#380,.T.);
#6565=EDGE_CURVE('',#5594,#5600,#392,.T.);
#6567=EDGE_CURVE('',#5594,#5255,#396,.T.);
#6569=EDGE_CURVE('',#5255,#5250,#400,.T.);
#6571=EDGE_CURVE('',#5250,#5252,#404,.T.);
#6582=EDGE_CURVE('',#5593,#5594,#412,.T.);
#6586=EDGE_CURVE('',#5593,#5598,#432,.T.);
#6597=EDGE_CURVE('',#5256,#5593,#428,.T.);
#6599=EDGE_CURVE('',#5255,#5256,#688,.T.);
#6611=EDGE_CURVE('',#5596,#5246,#420,.T.);
#6613=EDGE_CURVE('',#5246,#5248,#424,.T.);
#6615=EDGE_CURVE('',#5256,#5248,#692,.T.);
#6629=EDGE_CURVE('',#5246,#5240,#444,.T.);
#6643=EDGE_CURVE('',#5248,#5250,#696,.T.);
#6648=EDGE_CURVE('',#5236,#5244,#704,.T.);
#6650=EDGE_CURVE('',#5242,#5244,#4474,.T.);
#6652=EDGE_CURVE('',#5242,#5227,#4466,.T.);
#6656=EDGE_CURVE('',#5603,#5604,#448,.T.);
#6658=EDGE_CURVE('',#5608,#5603,#452,.T.);
#6660=EDGE_CURVE('',#5608,#5606,#456,.T.);
#6662=EDGE_CURVE('',#5604,#5606,#460,.T.);
#6666=EDGE_CURVE('',#5623,#5624,#464,.T.);
#6668=EDGE_CURVE('',#5628,#5623,#468,.T.);
#6670=EDGE_CURVE('',#5628,#5626,#472,.T.);
#6672=EDGE_CURVE('',#5624,#5626,#476,.T.);
#6676=EDGE_CURVE('',#5643,#5644,#480,.T.);
#6678=EDGE_CURVE('',#5648,#5643,#484,.T.);
#6680=EDGE_CURVE('',#5648,#5646,#488,.T.);
#6682=EDGE_CURVE('',#5644,#5646,#492,.T.);
#6686=EDGE_CURVE('',#5663,#5664,#496,.T.);
#6688=EDGE_CURVE('',#5668,#5663,#500,.T.);
#6690=EDGE_CURVE('',#5668,#5666,#504,.T.);
#6692=EDGE_CURVE('',#5664,#5666,#508,.T.);
#6696=EDGE_CURVE('',#5683,#5684,#512,.T.);
#6698=EDGE_CURVE('',#5688,#5683,#516,.T.);
#6700=EDGE_CURVE('',#5688,#5686,#520,.T.);
#6702=EDGE_CURVE('',#5684,#5686,#524,.T.);
#6706=EDGE_CURVE('',#5703,#5704,#528,.T.);
#6708=EDGE_CURVE('',#5708,#5703,#532,.T.);
#6710=EDGE_CURVE('',#5708,#5706,#536,.T.);
#6712=EDGE_CURVE('',#5704,#5706,#540,.T.);
#6716=EDGE_CURVE('',#5723,#5724,#544,.T.);
#6718=EDGE_CURVE('',#5728,#5723,#548,.T.);
#6720=EDGE_CURVE('',#5728,#5726,#552,.T.);
#6722=EDGE_CURVE('',#5724,#5726,#556,.T.);
#6726=EDGE_CURVE('',#5743,#5744,#560,.T.);
#6728=EDGE_CURVE('',#5748,#5743,#564,.T.);
#6730=EDGE_CURVE('',#5748,#5746,#568,.T.);
#6732=EDGE_CURVE('',#5744,#5746,#572,.T.);
#6736=EDGE_CURVE('',#5763,#5764,#576,.T.);
#6738=EDGE_CURVE('',#5768,#5763,#580,.T.);
#6740=EDGE_CURVE('',#5768,#5766,#584,.T.);
#6742=EDGE_CURVE('',#5764,#5766,#588,.T.);
#6746=EDGE_CURVE('',#5783,#5784,#592,.T.);
#6748=EDGE_CURVE('',#5788,#5783,#596,.T.);
#6750=EDGE_CURVE('',#5788,#5786,#600,.T.);
#6752=EDGE_CURVE('',#5784,#5786,#604,.T.);
#6756=EDGE_CURVE('',#5803,#5804,#608,.T.);
#6758=EDGE_CURVE('',#5808,#5803,#612,.T.);
#6760=EDGE_CURVE('',#5808,#5806,#616,.T.);
#6762=EDGE_CURVE('',#5804,#5806,#620,.T.);
#6766=EDGE_CURVE('',#5823,#5824,#624,.T.);
#6768=EDGE_CURVE('',#5828,#5823,#628,.T.);
#6770=EDGE_CURVE('',#5828,#5826,#632,.T.);
#6772=EDGE_CURVE('',#5824,#5826,#636,.T.);
#6776=EDGE_CURVE('',#5843,#5844,#640,.T.);
#6778=EDGE_CURVE('',#5848,#5843,#644,.T.);
#6780=EDGE_CURVE('',#5848,#5846,#648,.T.);
#6782=EDGE_CURVE('',#5844,#5846,#652,.T.);
#6786=EDGE_CURVE('',#5863,#5864,#656,.T.);
#6788=EDGE_CURVE('',#5868,#5863,#660,.T.);
#6790=EDGE_CURVE('',#5868,#5866,#664,.T.);
#6792=EDGE_CURVE('',#5864,#5866,#668,.T.);
#6796=EDGE_CURVE('',#5883,#5884,#672,.T.);
#6798=EDGE_CURVE('',#5888,#5883,#676,.T.);
#6800=EDGE_CURVE('',#5888,#5886,#680,.T.);
#6802=EDGE_CURVE('',#5884,#5886,#684,.T.);
#6825=EDGE_CURVE('',#5234,#5258,#736,.T.);
#6827=EDGE_CURVE('',#5258,#5260,#4494,.T.);
#6829=EDGE_CURVE('',#5244,#5260,#4478,.T.);
#6840=EDGE_CURVE('',#5937,#5938,#708,.T.);
#6842=EDGE_CURVE('',#5940,#5937,#712,.T.);
#6844=EDGE_CURVE('',#5942,#5940,#716,.T.);
#6846=EDGE_CURVE('',#5267,#5942,#772,.T.);
#6848=EDGE_CURVE('',#5267,#5268,#904,.T.);
#6850=EDGE_CURVE('',#5268,#5270,#1342,.T.);
#6852=EDGE_CURVE('',#5272,#5270,#1330,.T.);
#6854=EDGE_CURVE('',#5274,#5272,#1318,.T.);
#6856=EDGE_CURVE('',#5274,#5276,#1148,.T.);
#6858=EDGE_CURVE('',#5276,#5278,#4314,.T.);
#6860=EDGE_CURVE('',#5280,#5278,#4302,.T.);
#6862=EDGE_CURVE('',#5282,#5280,#4140,.T.);
#6864=EDGE_CURVE('',#5282,#5284,#1132,.T.);
#6866=EDGE_CURVE('',#5284,#5286,#4124,.T.);
#6868=EDGE_CURVE('',#5288,#5286,#4112,.T.);
#6870=EDGE_CURVE('',#5290,#5288,#3950,.T.);
#6872=EDGE_CURVE('',#5290,#5292,#1116,.T.);
#6874=EDGE_CURVE('',#5292,#5294,#3934,.T.);
#6876=EDGE_CURVE('',#5296,#5294,#3922,.T.);
#6878=EDGE_CURVE('',#5298,#5296,#3760,.T.);
#6880=EDGE_CURVE('',#5298,#5300,#1100,.T.);
#6882=EDGE_CURVE('',#5300,#5302,#3744,.T.);
#6884=EDGE_CURVE('',#5304,#5302,#3732,.T.);
#6886=EDGE_CURVE('',#5306,#5304,#3570,.T.);
#6888=EDGE_CURVE('',#5306,#5308,#1084,.T.);
#6890=EDGE_CURVE('',#5308,#5310,#3554,.T.);
#6892=EDGE_CURVE('',#5312,#5310,#3542,.T.);
#6894=EDGE_CURVE('',#5314,#5312,#3380,.T.);
#6896=EDGE_CURVE('',#5314,#5316,#1068,.T.);
#6898=EDGE_CURVE('',#5316,#5318,#3364,.T.);
#6900=EDGE_CURVE('',#5320,#5318,#3352,.T.);
#6902=EDGE_CURVE('',#5322,#5320,#3190,.T.);
#6904=EDGE_CURVE('',#5322,#5324,#1052,.T.);
#6906=EDGE_CURVE('',#5324,#5326,#3174,.T.);
#6908=EDGE_CURVE('',#5328,#5326,#3162,.T.);
#6910=EDGE_CURVE('',#5330,#5328,#3000,.T.);
#6912=EDGE_CURVE('',#5330,#5332,#1036,.T.);
#6914=EDGE_CURVE('',#5332,#5334,#2984,.T.);
#6916=EDGE_CURVE('',#5336,#5334,#2972,.T.);
#6918=EDGE_CURVE('',#5338,#5336,#2810,.T.);
#6920=EDGE_CURVE('',#5338,#5340,#1020,.T.);
#6922=EDGE_CURVE('',#5340,#5342,#2794,.T.);
#6924=EDGE_CURVE('',#5344,#5342,#2782,.T.);
#6926=EDGE_CURVE('',#5346,#5344,#2620,.T.);
#6928=EDGE_CURVE('',#5346,#5348,#1004,.T.);
#6930=EDGE_CURVE('',#5348,#5350,#2604,.T.);
#6932=EDGE_CURVE('',#5352,#5350,#2592,.T.);
#6934=EDGE_CURVE('',#5354,#5352,#2430,.T.);
#6936=EDGE_CURVE('',#5354,#5356,#988,.T.);
#6938=EDGE_CURVE('',#5356,#5358,#2414,.T.);
#6940=EDGE_CURVE('',#5360,#5358,#2402,.T.);
#6942=EDGE_CURVE('',#5362,#5360,#2240,.T.);
#6944=EDGE_CURVE('',#5362,#5364,#972,.T.);
#6946=EDGE_CURVE('',#5364,#5366,#2224,.T.);
#6948=EDGE_CURVE('',#5368,#5366,#2212,.T.);
#6950=EDGE_CURVE('',#5370,#5368,#2050,.T.);
#6952=EDGE_CURVE('',#5370,#5372,#956,.T.);
#6954=EDGE_CURVE('',#5372,#5374,#2034,.T.);
#6956=EDGE_CURVE('',#5376,#5374,#2018,.T.);
#6958=EDGE_CURVE('',#5378,#5376,#1860,.T.);
#6960=EDGE_CURVE('',#5378,#5380,#940,.T.);
#6962=EDGE_CURVE('',#5380,#5382,#1844,.T.);
#6964=EDGE_CURVE('',#5384,#5382,#1832,.T.);
#6966=EDGE_CURVE('',#5386,#5384,#1666,.T.);
#6968=EDGE_CURVE('',#5386,#5388,#924,.T.);
#6970=EDGE_CURVE('',#5388,#5908,#1414,.T.);
#6972=EDGE_CURVE('',#5908,#5903,#720,.T.);
#6974=EDGE_CURVE('',#5903,#5904,#724,.T.);
#6976=EDGE_CURVE('',#5904,#5906,#728,.T.);
#6978=EDGE_CURVE('',#5906,#5391,#1402,.T.);
#6980=EDGE_CURVE('',#5391,#5392,#1650,.T.);
#6982=EDGE_CURVE('',#5392,#5230,#1586,.T.);
#6985=EDGE_CURVE('',#5228,#5394,#4470,.T.);
#6987=EDGE_CURVE('',#5394,#5258,#4498,.T.);
#6991=EDGE_CURVE('',#5233,#5262,#828,.T.);
#6993=EDGE_CURVE('',#5264,#5262,#816,.T.);
#6995=EDGE_CURVE('',#5938,#5264,#756,.T.);
#7006=EDGE_CURVE('',#5938,#5957,#752,.T.);
#7008=EDGE_CURVE('',#5957,#4518,#744,.T.);
#7010=EDGE_CURVE('',#4522,#4518,#4366,.T.);
#7012=EDGE_CURVE('',#4521,#4522,#4346,.T.);
#7014=EDGE_CURVE('',#5937,#4521,#4338,.T.);
#7024=EDGE_CURVE('',#5957,#5958,#748,.T.);
#7028=EDGE_CURVE('',#5546,#5264,#824,.T.);
#7030=EDGE_CURVE('',#5546,#5960,#788,.T.);
#7032=EDGE_CURVE('',#5960,#5958,#760,.T.);
#7042=EDGE_CURVE('',#5962,#5942,#764,.T.);
#7044=EDGE_CURVE('',#5962,#5480,#804,.T.);
#7046=EDGE_CURVE('',#5480,#5267,#768,.T.);
#7058=EDGE_CURVE('',#4501,#5958,#780,.T.);
#7060=EDGE_CURVE('',#4501,#4502,#4438,.T.);
#7062=EDGE_CURVE('',#4504,#4502,#4330,.T.);
#7064=EDGE_CURVE('',#4506,#4504,#4422,.T.);
#7066=EDGE_CURVE('',#4508,#4506,#4410,.T.);
#7068=EDGE_CURVE('',#4510,#4508,#4398,.T.);
#7070=EDGE_CURVE('',#4512,#4510,#776,.T.);
#7072=EDGE_CURVE('',#4514,#4512,#4390,.T.);
#7074=EDGE_CURVE('',#4516,#4514,#4370,.T.);
#7076=EDGE_CURVE('',#4518,#4516,#4354,.T.);
#7088=EDGE_CURVE('',#5960,#5964,#784,.T.);
#7090=EDGE_CURVE('',#5964,#4501,#4442,.T.);
#7103=EDGE_CURVE('',#5402,#5546,#792,.T.);
#7105=EDGE_CURVE('',#5400,#5402,#796,.T.);
#7107=EDGE_CURVE('',#5480,#5400,#800,.T.);
#7110=EDGE_CURVE('',#5962,#5966,#808,.T.);
#7112=EDGE_CURVE('',#5966,#5964,#812,.T.);
#7123=EDGE_CURVE('',#5262,#5402,#820,.T.);
#7135=EDGE_CURVE('',#5206,#5396,#840,.T.);
#7137=EDGE_CURVE('',#5396,#5398,#860,.T.);
#7139=EDGE_CURVE('',#5398,#5400,#908,.T.);
#7154=EDGE_CURVE('',#5404,#5396,#864,.T.);
#7158=EDGE_CURVE('',#5208,#5404,#876,.T.);
#7168=EDGE_CURVE('',#5945,#5946,#848,.T.);
#7170=EDGE_CURVE('',#5950,#5946,#852,.T.);
#7172=EDGE_CURVE('',#5949,#5950,#856,.T.);
#7174=EDGE_CURVE('',#5949,#5414,#888,.T.);
#7176=EDGE_CURVE('',#5414,#5398,#912,.T.);
#7180=EDGE_CURVE('',#5404,#5945,#872,.T.);
#7191=EDGE_CURVE('',#5945,#5952,#868,.T.);
#7193=EDGE_CURVE('',#4541,#5952,#4458,.T.);
#7195=EDGE_CURVE('',#5946,#4541,#4446,.T.);
#7209=EDGE_CURVE('',#5414,#5210,#884,.T.);
#7212=EDGE_CURVE('',#5949,#5954,#892,.T.);
#7214=EDGE_CURVE('',#5954,#5952,#896,.T.);
#7224=EDGE_CURVE('',#5891,#5892,#900,.T.);
#7226=EDGE_CURVE('',#5891,#5478,#1254,.T.);
#7228=EDGE_CURVE('',#5478,#5268,#1346,.T.);
#7237=EDGE_CURVE('',#5408,#5212,#1358,.T.);
#7239=EDGE_CURVE('',#5407,#5408,#920,.T.);
#7241=EDGE_CURVE('',#5407,#5416,#1566,.T.);
#7243=EDGE_CURVE('',#5418,#5416,#1550,.T.);
#7245=EDGE_CURVE('',#5418,#5388,#1418,.T.);
#7248=EDGE_CURVE('',#5420,#5386,#1662,.T.);
#7250=EDGE_CURVE('',#5420,#5616,#1682,.T.);
#7252=EDGE_CURVE('',#5616,#5614,#928,.T.);
#7254=EDGE_CURVE('',#5614,#5612,#932,.T.);
#7256=EDGE_CURVE('',#5611,#5612,#936,.T.);
#7258=EDGE_CURVE('',#5611,#5422,#1690,.T.);
#7260=EDGE_CURVE('',#5422,#5380,#1848,.T.);
#7263=EDGE_CURVE('',#5424,#5378,#1856,.T.);
#7265=EDGE_CURVE('',#5424,#5636,#1880,.T.);
#7267=EDGE_CURVE('',#5636,#5634,#944,.T.);
#7269=EDGE_CURVE('',#5634,#5632,#948,.T.);
#7271=EDGE_CURVE('',#5631,#5632,#952,.T.);
#7273=EDGE_CURVE('',#5631,#5426,#1884,.T.);
#7275=EDGE_CURVE('',#5426,#5372,#2038,.T.);
#7278=EDGE_CURVE('',#5428,#5370,#2046,.T.);
#7280=EDGE_CURVE('',#5428,#5656,#2070,.T.);
#7282=EDGE_CURVE('',#5656,#5654,#960,.T.);
#7284=EDGE_CURVE('',#5654,#5652,#964,.T.);
#7286=EDGE_CURVE('',#5651,#5652,#968,.T.);
#7288=EDGE_CURVE('',#5651,#5430,#2074,.T.);
#7290=EDGE_CURVE('',#5430,#5364,#2228,.T.);
#7293=EDGE_CURVE('',#5432,#5362,#2236,.T.);
#7295=EDGE_CURVE('',#5432,#5676,#2260,.T.);
#7297=EDGE_CURVE('',#5676,#5674,#976,.T.);
#7299=EDGE_CURVE('',#5674,#5672,#980,.T.);
#7301=EDGE_CURVE('',#5671,#5672,#984,.T.);
#7303=EDGE_CURVE('',#5671,#5434,#2264,.T.);
#7305=EDGE_CURVE('',#5434,#5356,#2418,.T.);
#7308=EDGE_CURVE('',#5436,#5354,#2426,.T.);
#7310=EDGE_CURVE('',#5436,#5696,#2450,.T.);
#7312=EDGE_CURVE('',#5696,#5694,#992,.T.);
#7314=EDGE_CURVE('',#5694,#5692,#996,.T.);
#7316=EDGE_CURVE('',#5691,#5692,#1000,.T.);
#7318=EDGE_CURVE('',#5691,#5438,#2454,.T.);
#7320=EDGE_CURVE('',#5438,#5348,#2608,.T.);
#7323=EDGE_CURVE('',#5440,#5346,#2616,.T.);
#7325=EDGE_CURVE('',#5440,#5716,#2640,.T.);
#7327=EDGE_CURVE('',#5716,#5714,#1008,.T.);
#7329=EDGE_CURVE('',#5714,#5712,#1012,.T.);
#7331=EDGE_CURVE('',#5711,#5712,#1016,.T.);
#7333=EDGE_CURVE('',#5711,#5442,#2644,.T.);
#7335=EDGE_CURVE('',#5442,#5340,#2798,.T.);
#7338=EDGE_CURVE('',#5444,#5338,#2806,.T.);
#7340=EDGE_CURVE('',#5444,#5736,#2830,.T.);
#7342=EDGE_CURVE('',#5736,#5734,#1024,.T.);
#7344=EDGE_CURVE('',#5734,#5732,#1028,.T.);
#7346=EDGE_CURVE('',#5731,#5732,#1032,.T.);
#7348=EDGE_CURVE('',#5731,#5446,#2834,.T.);
#7350=EDGE_CURVE('',#5446,#5332,#2988,.T.);
#7353=EDGE_CURVE('',#5448,#5330,#2996,.T.);
#7355=EDGE_CURVE('',#5448,#5756,#3020,.T.);
#7357=EDGE_CURVE('',#5756,#5754,#1040,.T.);
#7359=EDGE_CURVE('',#5754,#5752,#1044,.T.);
#7361=EDGE_CURVE('',#5751,#5752,#1048,.T.);
#7363=EDGE_CURVE('',#5751,#5450,#3024,.T.);
#7365=EDGE_CURVE('',#5450,#5324,#3178,.T.);
#7368=EDGE_CURVE('',#5452,#5322,#3186,.T.);
#7370=EDGE_CURVE('',#5452,#5776,#3210,.T.);
#7372=EDGE_CURVE('',#5776,#5774,#1056,.T.);
#7374=EDGE_CURVE('',#5774,#5772,#1060,.T.);
#7376=EDGE_CURVE('',#5771,#5772,#1064,.T.);
#7378=EDGE_CURVE('',#5771,#5454,#3214,.T.);
#7380=EDGE_CURVE('',#5454,#5316,#3368,.T.);
#7383=EDGE_CURVE('',#5456,#5314,#3376,.T.);
#7385=EDGE_CURVE('',#5456,#5796,#3400,.T.);
#7387=EDGE_CURVE('',#5796,#5794,#1072,.T.);
#7389=EDGE_CURVE('',#5794,#5792,#1076,.T.);
#7391=EDGE_CURVE('',#5791,#5792,#1080,.T.);
#7393=EDGE_CURVE('',#5791,#5458,#3404,.T.);
#7395=EDGE_CURVE('',#5458,#5308,#3558,.T.);
#7398=EDGE_CURVE('',#5460,#5306,#3566,.T.);
#7400=EDGE_CURVE('',#5460,#5816,#3590,.T.);
#7402=EDGE_CURVE('',#5816,#5814,#1088,.T.);
#7404=EDGE_CURVE('',#5814,#5812,#1092,.T.);
#7406=EDGE_CURVE('',#5811,#5812,#1096,.T.);
#7408=EDGE_CURVE('',#5811,#5462,#3594,.T.);
#7410=EDGE_CURVE('',#5462,#5300,#3748,.T.);
#7413=EDGE_CURVE('',#5464,#5298,#3756,.T.);
#7415=EDGE_CURVE('',#5464,#5836,#3780,.T.);
#7417=EDGE_CURVE('',#5836,#5834,#1104,.T.);
#7419=EDGE_CURVE('',#5834,#5832,#1108,.T.);
#7421=EDGE_CURVE('',#5831,#5832,#1112,.T.);
#7423=EDGE_CURVE('',#5831,#5466,#3784,.T.);
#7425=EDGE_CURVE('',#5466,#5292,#3938,.T.);
#7428=EDGE_CURVE('',#5468,#5290,#3946,.T.);
#7430=EDGE_CURVE('',#5468,#5856,#3970,.T.);
#7432=EDGE_CURVE('',#5856,#5854,#1120,.T.);
#7434=EDGE_CURVE('',#5854,#5852,#1124,.T.);
#7436=EDGE_CURVE('',#5851,#5852,#1128,.T.);
#7438=EDGE_CURVE('',#5851,#5470,#3974,.T.);
#7440=EDGE_CURVE('',#5470,#5284,#4128,.T.);
#7443=EDGE_CURVE('',#5472,#5282,#4136,.T.);
#7445=EDGE_CURVE('',#5472,#5876,#4160,.T.);
#7447=EDGE_CURVE('',#5876,#5874,#1136,.T.);
#7449=EDGE_CURVE('',#5874,#5872,#1140,.T.);
#7451=EDGE_CURVE('',#5871,#5872,#1144,.T.);
#7453=EDGE_CURVE('',#5871,#5474,#4164,.T.);
#7455=EDGE_CURVE('',#5474,#5276,#4318,.T.);
#7458=EDGE_CURVE('',#5476,#5274,#1314,.T.);
#7460=EDGE_CURVE('',#5476,#5896,#1250,.T.);
#7462=EDGE_CURVE('',#5896,#5894,#1152,.T.);
#7464=EDGE_CURVE('',#5894,#5892,#1156,.T.);
#7475=EDGE_CURVE('',#5884,#4591,#1161,.T.);
#7477=EDGE_CURVE('',#4591,#4592,#1165,.T.);
#7479=EDGE_CURVE('',#4592,#5883,#1169,.T.);
#7490=EDGE_CURVE('',#5892,#4606,#1173,.T.);
#7492=EDGE_CURVE('',#4606,#4604,#1306,.T.);
#7494=EDGE_CURVE('',#4604,#4602,#1178,.T.);
#7496=EDGE_CURVE('',#4602,#4600,#1182,.T.);
#7498=EDGE_CURVE('',#4600,#4598,#1278,.T.);
#7500=EDGE_CURVE('',#4598,#4595,#1186,.T.);
#7502=EDGE_CURVE('',#4595,#4596,#1191,.T.);
#7504=EDGE_CURVE('',#4596,#5898,#1258,.T.);
#7506=EDGE_CURVE('',#5891,#5898,#1238,.T.);
#7517=EDGE_CURVE('',#5886,#4613,#1208,.T.);
#7519=EDGE_CURVE('',#4613,#4591,#1195,.T.);
#7531=EDGE_CURVE('',#4614,#5888,#1199,.T.);
#7533=EDGE_CURVE('',#4613,#4614,#1203,.T.);
#7545=EDGE_CURVE('',#5896,#5900,#1246,.T.);
#7547=EDGE_CURVE('',#5900,#4618,#1262,.T.);
#7549=EDGE_CURVE('',#4617,#4618,#1213,.T.);
#7551=EDGE_CURVE('',#4620,#4617,#1217,.T.);
#7553=EDGE_CURVE('',#4620,#4622,#1286,.T.);
#7555=EDGE_CURVE('',#4624,#4622,#1221,.T.);
#7557=EDGE_CURVE('',#4610,#4624,#1226,.T.);
#7559=EDGE_CURVE('',#4610,#4608,#1302,.T.);
#7561=EDGE_CURVE('',#5894,#4608,#1230,.T.);
#7573=EDGE_CURVE('',#4614,#4592,#1234,.T.);
#7597=EDGE_CURVE('',#5898,#5900,#1242,.T.);
#7601=EDGE_CURVE('',#5492,#5476,#1310,.T.);
#7603=EDGE_CURVE('',#5491,#5492,#1326,.T.);
#7605=EDGE_CURVE('',#5491,#5478,#1334,.T.);
#7618=EDGE_CURVE('',#4618,#4596,#1270,.T.);
#7630=EDGE_CURVE('',#4595,#4617,#1266,.T.);
#7644=EDGE_CURVE('',#4620,#4598,#1274,.T.);
#7656=EDGE_CURVE('',#4622,#4600,#1282,.T.);
#7668=EDGE_CURVE('',#4602,#4624,#1290,.T.);
#7683=EDGE_CURVE('',#4610,#4604,#1294,.T.);
#7694=EDGE_CURVE('',#4608,#4606,#1298,.T.);
#7722=EDGE_CURVE('',#5272,#5492,#1322,.T.);
#7735=EDGE_CURVE('',#5270,#5491,#1338,.T.);
#7757=EDGE_CURVE('',#5911,#5920,#1350,.T.);
#7759=EDGE_CURVE('',#5911,#5408,#1354,.T.);
#7763=EDGE_CURVE('',#5412,#5214,#1638,.T.);
#7765=EDGE_CURVE('',#5412,#5918,#1366,.T.);
#7767=EDGE_CURVE('',#5918,#5922,#1370,.T.);
#7769=EDGE_CURVE('',#5920,#5922,#1374,.T.);
#7780=EDGE_CURVE('',#5930,#5908,#1410,.T.);
#7782=EDGE_CURVE('',#5930,#5925,#1546,.T.);
#7784=EDGE_CURVE('',#4546,#5925,#1378,.T.);
#7786=EDGE_CURVE('',#4548,#4546,#1382,.T.);
#7788=EDGE_CURVE('',#4548,#4564,#1490,.T.);
#7790=EDGE_CURVE('',#4564,#4566,#1454,.T.);
#7792=EDGE_CURVE('',#4566,#5903,#1438,.T.);
#7802=EDGE_CURVE('',#5911,#5912,#1590,.T.);
#7805=EDGE_CURVE('',#5920,#4588,#1626,.T.);
#7807=EDGE_CURVE('',#4588,#5912,#1606,.T.);
#7817=EDGE_CURVE('',#5933,#5934,#1386,.T.);
#7819=EDGE_CURVE('',#5928,#5933,#1390,.T.);
#7821=EDGE_CURVE('',#5484,#5928,#1394,.T.);
#7823=EDGE_CURVE('',#5391,#5484,#1398,.T.);
#7826=EDGE_CURVE('',#5906,#5934,#1406,.T.);
#7839=EDGE_CURVE('',#5930,#5418,#1422,.T.);
#7850=EDGE_CURVE('',#5934,#4562,#1434,.T.);
#7852=EDGE_CURVE('',#4562,#4560,#1530,.T.);
#7854=EDGE_CURVE('',#4560,#4558,#1522,.T.);
#7856=EDGE_CURVE('',#4558,#4556,#1518,.T.);
#7858=EDGE_CURVE('',#4556,#4554,#1426,.T.);
#7860=EDGE_CURVE('',#4554,#4552,#1506,.T.);
#7862=EDGE_CURVE('',#4552,#4550,#1494,.T.);
#7864=EDGE_CURVE('',#4550,#4548,#1486,.T.);
#7867=EDGE_CURVE('',#4545,#4546,#1538,.T.);
#7869=EDGE_CURVE('',#4545,#5933,#1654,.T.);
#7880=EDGE_CURVE('',#5904,#4582,#1442,.T.);
#7882=EDGE_CURVE('',#4582,#4580,#1446,.T.);
#7884=EDGE_CURVE('',#4562,#4580,#1430,.T.);
#7898=EDGE_CURVE('',#4566,#4582,#1450,.T.);
#7912=EDGE_CURVE('',#4568,#4564,#1458,.T.);
#7914=EDGE_CURVE('',#4570,#4568,#1462,.T.);
#7916=EDGE_CURVE('',#4572,#4570,#1466,.T.);
#7918=EDGE_CURVE('',#4574,#4572,#1470,.T.);
#7920=EDGE_CURVE('',#4576,#4574,#1474,.T.);
#7922=EDGE_CURVE('',#4578,#4576,#1478,.T.);
#7924=EDGE_CURVE('',#4580,#4578,#1482,.T.);
#7935=EDGE_CURVE('',#4550,#4568,#1498,.T.);
#7948=EDGE_CURVE('',#4552,#4570,#1502,.T.);
#7960=EDGE_CURVE('',#4554,#4572,#1510,.T.);
#7973=EDGE_CURVE('',#4556,#4574,#1514,.T.);
#7988=EDGE_CURVE('',#4558,#4576,#1526,.T.);
#8000=EDGE_CURVE('',#4560,#4578,#1534,.T.);
#8024=EDGE_CURVE('',#5925,#5926,#1542,.T.);
#8026=EDGE_CURVE('',#5926,#4545,#1658,.T.);
#8042=EDGE_CURVE('',#5416,#5482,#1554,.T.);
#8044=EDGE_CURVE('',#5482,#5484,#1558,.T.);
#8047=EDGE_CURVE('',#5928,#5926,#1562,.T.);
#8058=EDGE_CURVE('',#5411,#5407,#1570,.T.);
#8060=EDGE_CURVE('',#5216,#5411,#1574,.T.);
#8065=EDGE_CURVE('',#5392,#5482,#1646,.T.);
#8077=EDGE_CURVE('',#5912,#5915,#1594,.T.);
#8079=EDGE_CURVE('',#5915,#5916,#1598,.T.);
#8081=EDGE_CURVE('',#5918,#5916,#1602,.T.);
#8084=EDGE_CURVE('',#5411,#5412,#1634,.T.);
#8099=EDGE_CURVE('',#4585,#4588,#1610,.T.);
#8101=EDGE_CURVE('',#5915,#4585,#1614,.T.);
#8112=EDGE_CURVE('',#4586,#5922,#1618,.T.);
#8114=EDGE_CURVE('',#4585,#4586,#1622,.T.);
#8127=EDGE_CURVE('',#4586,#5916,#1630,.T.);
#8187=EDGE_CURVE('',#5486,#5420,#1686,.T.);
#8191=EDGE_CURVE('',#5486,#5384,#1828,.T.);
#8201=EDGE_CURVE('',#5611,#5618,#1670,.T.);
#8203=EDGE_CURVE('',#5618,#5620,#1674,.T.);
#8205=EDGE_CURVE('',#5616,#5620,#1678,.T.);
#8209=EDGE_CURVE('',#5488,#5486,#1824,.T.);
#8211=EDGE_CURVE('',#5488,#5422,#1840,.T.);
#8223=EDGE_CURVE('',#5604,#4807,#1695,.T.);
#8225=EDGE_CURVE('',#4807,#4808,#1699,.T.);
#8227=EDGE_CURVE('',#4808,#5603,#1703,.T.);
#8238=EDGE_CURVE('',#5612,#4822,#1707,.T.);
#8240=EDGE_CURVE('',#4822,#4820,#1820,.T.);
#8242=EDGE_CURVE('',#4820,#4818,#1712,.T.);
#8244=EDGE_CURVE('',#4818,#4816,#1716,.T.);
#8246=EDGE_CURVE('',#4816,#4814,#1792,.T.);
#8248=EDGE_CURVE('',#4814,#4811,#1720,.T.);
#8250=EDGE_CURVE('',#4811,#4812,#1725,.T.);
#8252=EDGE_CURVE('',#4812,#5618,#1772,.T.);
#8264=EDGE_CURVE('',#5606,#4829,#1742,.T.);
#8266=EDGE_CURVE('',#4829,#4807,#1729,.T.);
#8278=EDGE_CURVE('',#4830,#5608,#1733,.T.);
#8280=EDGE_CURVE('',#4829,#4830,#1737,.T.);
#8293=EDGE_CURVE('',#5620,#4834,#1776,.T.);
#8295=EDGE_CURVE('',#4833,#4834,#1747,.T.);
#8297=EDGE_CURVE('',#4836,#4833,#1751,.T.);
#8299=EDGE_CURVE('',#4836,#4838,#1800,.T.);
#8301=EDGE_CURVE('',#4840,#4838,#1755,.T.);
#8303=EDGE_CURVE('',#4826,#4840,#1760,.T.);
#8305=EDGE_CURVE('',#4826,#4824,#1816,.T.);
#8307=EDGE_CURVE('',#5614,#4824,#1764,.T.);
#8319=EDGE_CURVE('',#4830,#4808,#1768,.T.);
#8344=EDGE_CURVE('',#4834,#4812,#1784,.T.);
#8356=EDGE_CURVE('',#4811,#4833,#1780,.T.);
#8370=EDGE_CURVE('',#4836,#4814,#1788,.T.);
#8382=EDGE_CURVE('',#4838,#4816,#1796,.T.);
#8394=EDGE_CURVE('',#4818,#4840,#1804,.T.);
#8409=EDGE_CURVE('',#4826,#4820,#1808,.T.);
#8420=EDGE_CURVE('',#4824,#4822,#1812,.T.);
#8448=EDGE_CURVE('',#5382,#5488,#1836,.T.);
#8470=EDGE_CURVE('',#5496,#5424,#1852,.T.);
#8474=EDGE_CURVE('',#5376,#5496,#1864,.T.);
#8484=EDGE_CURVE('',#5631,#5638,#1868,.T.);
#8486=EDGE_CURVE('',#5638,#5640,#1872,.T.);
#8488=EDGE_CURVE('',#5636,#5640,#1876,.T.);
#8492=EDGE_CURVE('',#5494,#5496,#2026,.T.);
#8494=EDGE_CURVE('',#5494,#5426,#2030,.T.);
#8506=EDGE_CURVE('',#5624,#4771,#1889,.T.);
#8508=EDGE_CURVE('',#4771,#4772,#1893,.T.);
#8510=EDGE_CURVE('',#4772,#5623,#1897,.T.);
#8521=EDGE_CURVE('',#5632,#4786,#1901,.T.);
#8523=EDGE_CURVE('',#4786,#4784,#2014,.T.);
#8525=EDGE_CURVE('',#4784,#4782,#1906,.T.);
#8527=EDGE_CURVE('',#4782,#4780,#1910,.T.);
#8529=EDGE_CURVE('',#4780,#4778,#1986,.T.);
#8531=EDGE_CURVE('',#4778,#4775,#1914,.T.);
#8533=EDGE_CURVE('',#4775,#4776,#1919,.T.);
#8535=EDGE_CURVE('',#4776,#5638,#1966,.T.);
#8547=EDGE_CURVE('',#5626,#4793,#1936,.T.);
#8549=EDGE_CURVE('',#4793,#4771,#1923,.T.);
#8561=EDGE_CURVE('',#4794,#5628,#1927,.T.);
#8563=EDGE_CURVE('',#4793,#4794,#1931,.T.);
#8576=EDGE_CURVE('',#5640,#4798,#1970,.T.);
#8578=EDGE_CURVE('',#4797,#4798,#1941,.T.);
#8580=EDGE_CURVE('',#4800,#4797,#1945,.T.);
#8582=EDGE_CURVE('',#4800,#4802,#1994,.T.);
#8584=EDGE_CURVE('',#4804,#4802,#1949,.T.);
#8586=EDGE_CURVE('',#4790,#4804,#1954,.T.);
#8588=EDGE_CURVE('',#4790,#4788,#2010,.T.);
#8590=EDGE_CURVE('',#5634,#4788,#1958,.T.);
#8602=EDGE_CURVE('',#4794,#4772,#1962,.T.);
#8627=EDGE_CURVE('',#4798,#4776,#1978,.T.);
#8639=EDGE_CURVE('',#4775,#4797,#1974,.T.);
#8653=EDGE_CURVE('',#4800,#4778,#1982,.T.);
#8665=EDGE_CURVE('',#4802,#4780,#1990,.T.);
#8677=EDGE_CURVE('',#4782,#4804,#1998,.T.);
#8692=EDGE_CURVE('',#4790,#4784,#2002,.T.);
#8703=EDGE_CURVE('',#4788,#4786,#2006,.T.);
#8730=EDGE_CURVE('',#5374,#5494,#2022,.T.);
#8753=EDGE_CURVE('',#5536,#5428,#2042,.T.);
#8757=EDGE_CURVE('',#5368,#5536,#2054,.T.);
#8767=EDGE_CURVE('',#5651,#5658,#2058,.T.);
#8769=EDGE_CURVE('',#5658,#5660,#2062,.T.);
#8771=EDGE_CURVE('',#5656,#5660,#2066,.T.);
#8775=EDGE_CURVE('',#5534,#5536,#2208,.T.);
#8777=EDGE_CURVE('',#5534,#5430,#2216,.T.);
#8789=EDGE_CURVE('',#5644,#4843,#2079,.T.);
#8791=EDGE_CURVE('',#4843,#4844,#2083,.T.);
#8793=EDGE_CURVE('',#4844,#5643,#2087,.T.);
#8804=EDGE_CURVE('',#5652,#4858,#2091,.T.);
#8806=EDGE_CURVE('',#4858,#4856,#2204,.T.);
#8808=EDGE_CURVE('',#4856,#4854,#2096,.T.);
#8810=EDGE_CURVE('',#4854,#4852,#2100,.T.);
#8812=EDGE_CURVE('',#4852,#4850,#2176,.T.);
#8814=EDGE_CURVE('',#4850,#4847,#2104,.T.);
#8816=EDGE_CURVE('',#4847,#4848,#2109,.T.);
#8818=EDGE_CURVE('',#4848,#5658,#2156,.T.);
#8830=EDGE_CURVE('',#5646,#4865,#2126,.T.);
#8832=EDGE_CURVE('',#4865,#4843,#2113,.T.);
#8844=EDGE_CURVE('',#4866,#5648,#2117,.T.);
#8846=EDGE_CURVE('',#4865,#4866,#2121,.T.);
#8859=EDGE_CURVE('',#5660,#4870,#2160,.T.);
#8861=EDGE_CURVE('',#4869,#4870,#2131,.T.);
#8863=EDGE_CURVE('',#4872,#4869,#2135,.T.);
#8865=EDGE_CURVE('',#4872,#4874,#2184,.T.);
#8867=EDGE_CURVE('',#4876,#4874,#2139,.T.);
#8869=EDGE_CURVE('',#4862,#4876,#2144,.T.);
#8871=EDGE_CURVE('',#4862,#4860,#2200,.T.);
#8873=EDGE_CURVE('',#5654,#4860,#2148,.T.);
#8885=EDGE_CURVE('',#4866,#4844,#2152,.T.);
#8910=EDGE_CURVE('',#4870,#4848,#2168,.T.);
#8922=EDGE_CURVE('',#4847,#4869,#2164,.T.);
#8936=EDGE_CURVE('',#4872,#4850,#2172,.T.);
#8948=EDGE_CURVE('',#4874,#4852,#2180,.T.);
#8960=EDGE_CURVE('',#4854,#4876,#2188,.T.);
#8975=EDGE_CURVE('',#4862,#4856,#2192,.T.);
#8986=EDGE_CURVE('',#4860,#4858,#2196,.T.);
#9011=EDGE_CURVE('',#5366,#5534,#2220,.T.);
#9036=EDGE_CURVE('',#5540,#5432,#2232,.T.);
#9040=EDGE_CURVE('',#5360,#5540,#2244,.T.);
#9050=EDGE_CURVE('',#5671,#5678,#2248,.T.);
#9052=EDGE_CURVE('',#5678,#5680,#2252,.T.);
#9054=EDGE_CURVE('',#5676,#5680,#2256,.T.);
#9058=EDGE_CURVE('',#5538,#5540,#2398,.T.);
#9060=EDGE_CURVE('',#5538,#5434,#2406,.T.);
#9072=EDGE_CURVE('',#5664,#5095,#2269,.T.);
#9074=EDGE_CURVE('',#5095,#5096,#2273,.T.);
#9076=EDGE_CURVE('',#5096,#5663,#2277,.T.);
#9087=EDGE_CURVE('',#5672,#5110,#2281,.T.);
#9089=EDGE_CURVE('',#5110,#5108,#2394,.T.);
#9091=EDGE_CURVE('',#5108,#5106,#2286,.T.);
#9093=EDGE_CURVE('',#5106,#5104,#2290,.T.);
#9095=EDGE_CURVE('',#5104,#5102,#2366,.T.);
#9097=EDGE_CURVE('',#5102,#5099,#2294,.T.);
#9099=EDGE_CURVE('',#5099,#5100,#2299,.T.);
#9101=EDGE_CURVE('',#5100,#5678,#2346,.T.);
#9113=EDGE_CURVE('',#5666,#5117,#2316,.T.);
#9115=EDGE_CURVE('',#5117,#5095,#2303,.T.);
#9127=EDGE_CURVE('',#5118,#5668,#2307,.T.);
#9129=EDGE_CURVE('',#5117,#5118,#2311,.T.);
#9142=EDGE_CURVE('',#5680,#5122,#2350,.T.);
#9144=EDGE_CURVE('',#5121,#5122,#2321,.T.);
#9146=EDGE_CURVE('',#5124,#5121,#2325,.T.);
#9148=EDGE_CURVE('',#5124,#5126,#2374,.T.);
#9150=EDGE_CURVE('',#5128,#5126,#2329,.T.);
#9152=EDGE_CURVE('',#5114,#5128,#2334,.T.);
#9154=EDGE_CURVE('',#5114,#5112,#2390,.T.);
#9156=EDGE_CURVE('',#5674,#5112,#2338,.T.);
#9168=EDGE_CURVE('',#5118,#5096,#2342,.T.);
#9193=EDGE_CURVE('',#5122,#5100,#2358,.T.);
#9205=EDGE_CURVE('',#5099,#5121,#2354,.T.);
#9219=EDGE_CURVE('',#5124,#5102,#2362,.T.);
#9231=EDGE_CURVE('',#5126,#5104,#2370,.T.);
#9243=EDGE_CURVE('',#5106,#5128,#2378,.T.);
#9258=EDGE_CURVE('',#5114,#5108,#2382,.T.);
#9269=EDGE_CURVE('',#5112,#5110,#2386,.T.);
#9294=EDGE_CURVE('',#5358,#5538,#2410,.T.);
#9319=EDGE_CURVE('',#5544,#5436,#2422,.T.);
#9323=EDGE_CURVE('',#5352,#5544,#2434,.T.);
#9333=EDGE_CURVE('',#5691,#5698,#2438,.T.);
#9335=EDGE_CURVE('',#5698,#5700,#2442,.T.);
#9337=EDGE_CURVE('',#5696,#5700,#2446,.T.);
#9341=EDGE_CURVE('',#5542,#5544,#2588,.T.);
#9343=EDGE_CURVE('',#5542,#5438,#2596,.T.);
#9355=EDGE_CURVE('',#5684,#5059,#2459,.T.);
#9357=EDGE_CURVE('',#5059,#5060,#2463,.T.);
#9359=EDGE_CURVE('',#5060,#5683,#2467,.T.);
#9370=EDGE_CURVE('',#5692,#5074,#2471,.T.);
#9372=EDGE_CURVE('',#5074,#5072,#2584,.T.);
#9374=EDGE_CURVE('',#5072,#5070,#2476,.T.);
#9376=EDGE_CURVE('',#5070,#5068,#2480,.T.);
#9378=EDGE_CURVE('',#5068,#5066,#2556,.T.);
#9380=EDGE_CURVE('',#5066,#5063,#2484,.T.);
#9382=EDGE_CURVE('',#5063,#5064,#2489,.T.);
#9384=EDGE_CURVE('',#5064,#5698,#2536,.T.);
#9396=EDGE_CURVE('',#5686,#5081,#2506,.T.);
#9398=EDGE_CURVE('',#5081,#5059,#2493,.T.);
#9410=EDGE_CURVE('',#5082,#5688,#2497,.T.);
#9412=EDGE_CURVE('',#5081,#5082,#2501,.T.);
#9425=EDGE_CURVE('',#5700,#5086,#2540,.T.);
#9427=EDGE_CURVE('',#5085,#5086,#2511,.T.);
#9429=EDGE_CURVE('',#5088,#5085,#2515,.T.);
#9431=EDGE_CURVE('',#5088,#5090,#2564,.T.);
#9433=EDGE_CURVE('',#5092,#5090,#2519,.T.);
#9435=EDGE_CURVE('',#5078,#5092,#2524,.T.);
#9437=EDGE_CURVE('',#5078,#5076,#2580,.T.);
#9439=EDGE_CURVE('',#5694,#5076,#2528,.T.);
#9451=EDGE_CURVE('',#5082,#5060,#2532,.T.);
#9476=EDGE_CURVE('',#5086,#5064,#2548,.T.);
#9488=EDGE_CURVE('',#5063,#5085,#2544,.T.);
#9502=EDGE_CURVE('',#5088,#5066,#2552,.T.);
#9514=EDGE_CURVE('',#5090,#5068,#2560,.T.);
#9526=EDGE_CURVE('',#5070,#5092,#2568,.T.);
#9541=EDGE_CURVE('',#5078,#5072,#2572,.T.);
#9552=EDGE_CURVE('',#5076,#5074,#2576,.T.);
#9577=EDGE_CURVE('',#5350,#5542,#2600,.T.);
#9602=EDGE_CURVE('',#5532,#5440,#2612,.T.);
#9606=EDGE_CURVE('',#5344,#5532,#2624,.T.);
#9616=EDGE_CURVE('',#5711,#5718,#2628,.T.);
#9618=EDGE_CURVE('',#5718,#5720,#2632,.T.);
#9620=EDGE_CURVE('',#5716,#5720,#2636,.T.);
#9624=EDGE_CURVE('',#5531,#5532,#2778,.T.);
#9626=EDGE_CURVE('',#5531,#5442,#2786,.T.);
#9638=EDGE_CURVE('',#5704,#5023,#2649,.T.);
#9640=EDGE_CURVE('',#5023,#5024,#2653,.T.);
#9642=EDGE_CURVE('',#5024,#5703,#2657,.T.);
#9653=EDGE_CURVE('',#5712,#5038,#2661,.T.);
#9655=EDGE_CURVE('',#5038,#5036,#2774,.T.);
#9657=EDGE_CURVE('',#5036,#5034,#2666,.T.);
#9659=EDGE_CURVE('',#5034,#5032,#2670,.T.);
#9661=EDGE_CURVE('',#5032,#5030,#2746,.T.);
#9663=EDGE_CURVE('',#5030,#5027,#2674,.T.);
#9665=EDGE_CURVE('',#5027,#5028,#2679,.T.);
#9667=EDGE_CURVE('',#5028,#5718,#2726,.T.);
#9679=EDGE_CURVE('',#5706,#5045,#2696,.T.);
#9681=EDGE_CURVE('',#5045,#5023,#2683,.T.);
#9693=EDGE_CURVE('',#5046,#5708,#2687,.T.);
#9695=EDGE_CURVE('',#5045,#5046,#2691,.T.);
#9708=EDGE_CURVE('',#5720,#5050,#2730,.T.);
#9710=EDGE_CURVE('',#5049,#5050,#2701,.T.);
#9712=EDGE_CURVE('',#5052,#5049,#2705,.T.);
#9714=EDGE_CURVE('',#5052,#5054,#2754,.T.);
#9716=EDGE_CURVE('',#5056,#5054,#2709,.T.);
#9718=EDGE_CURVE('',#5042,#5056,#2714,.T.);
#9720=EDGE_CURVE('',#5042,#5040,#2770,.T.);
#9722=EDGE_CURVE('',#5714,#5040,#2718,.T.);
#9734=EDGE_CURVE('',#5046,#5024,#2722,.T.);
#9759=EDGE_CURVE('',#5050,#5028,#2738,.T.);
#9771=EDGE_CURVE('',#5027,#5049,#2734,.T.);
#9785=EDGE_CURVE('',#5052,#5030,#2742,.T.);
#9797=EDGE_CURVE('',#5054,#5032,#2750,.T.);
#9809=EDGE_CURVE('',#5034,#5056,#2758,.T.);
#9824=EDGE_CURVE('',#5042,#5036,#2762,.T.);
#9835=EDGE_CURVE('',#5040,#5038,#2766,.T.);
#9863=EDGE_CURVE('',#5342,#5531,#2790,.T.);
#9885=EDGE_CURVE('',#5528,#5444,#2802,.T.);
#9889=EDGE_CURVE('',#5336,#5528,#2814,.T.);
#9899=EDGE_CURVE('',#5731,#5738,#2818,.T.);
#9901=EDGE_CURVE('',#5738,#5740,#2822,.T.);
#9903=EDGE_CURVE('',#5736,#5740,#2826,.T.);
#9907=EDGE_CURVE('',#5527,#5528,#2968,.T.);
#9909=EDGE_CURVE('',#5527,#5446,#2976,.T.);
#9921=EDGE_CURVE('',#5724,#4987,#2839,.T.);
#9923=EDGE_CURVE('',#4987,#4988,#2843,.T.);
#9925=EDGE_CURVE('',#4988,#5723,#2847,.T.);
#9936=EDGE_CURVE('',#5732,#5002,#2851,.T.);
#9938=EDGE_CURVE('',#5002,#5000,#2964,.T.);
#9940=EDGE_CURVE('',#5000,#4998,#2856,.T.);
#9942=EDGE_CURVE('',#4998,#4996,#2860,.T.);
#9944=EDGE_CURVE('',#4996,#4994,#2936,.T.);
#9946=EDGE_CURVE('',#4994,#4991,#2864,.T.);
#9948=EDGE_CURVE('',#4991,#4992,#2869,.T.);
#9950=EDGE_CURVE('',#4992,#5738,#2916,.T.);
#9962=EDGE_CURVE('',#5726,#5009,#2886,.T.);
#9964=EDGE_CURVE('',#5009,#4987,#2873,.T.);
#9976=EDGE_CURVE('',#5010,#5728,#2877,.T.);
#9978=EDGE_CURVE('',#5009,#5010,#2881,.T.);
#9991=EDGE_CURVE('',#5740,#5014,#2920,.T.);
#9993=EDGE_CURVE('',#5013,#5014,#2891,.T.);
#9995=EDGE_CURVE('',#5016,#5013,#2895,.T.);
#9997=EDGE_CURVE('',#5016,#5018,#2944,.T.);
#9999=EDGE_CURVE('',#5020,#5018,#2899,.T.);
#10001=EDGE_CURVE('',#5006,#5020,#2904,.T.);
#10003=EDGE_CURVE('',#5006,#5004,#2960,.T.);
#10005=EDGE_CURVE('',#5734,#5004,#2908,.T.);
#10017=EDGE_CURVE('',#5010,#4988,#2912,.T.);
#10042=EDGE_CURVE('',#5014,#4992,#2928,.T.);
#10054=EDGE_CURVE('',#4991,#5013,#2924,.T.);
#10068=EDGE_CURVE('',#5016,#4994,#2932,.T.);
#10080=EDGE_CURVE('',#5018,#4996,#2940,.T.);
#10092=EDGE_CURVE('',#4998,#5020,#2948,.T.);
#10107=EDGE_CURVE('',#5006,#5000,#2952,.T.);
#10118=EDGE_CURVE('',#5004,#5002,#2956,.T.);
#10146=EDGE_CURVE('',#5334,#5527,#2980,.T.);
#10168=EDGE_CURVE('',#5524,#5448,#2992,.T.);
#10172=EDGE_CURVE('',#5328,#5524,#3004,.T.);
#10182=EDGE_CURVE('',#5751,#5758,#3008,.T.);
#10184=EDGE_CURVE('',#5758,#5760,#3012,.T.);
#10186=EDGE_CURVE('',#5756,#5760,#3016,.T.);
#10190=EDGE_CURVE('',#5523,#5524,#3158,.T.);
#10192=EDGE_CURVE('',#5523,#5450,#3166,.T.);
#10204=EDGE_CURVE('',#5744,#4951,#3029,.T.);
#10206=EDGE_CURVE('',#4951,#4952,#3033,.T.);
#10208=EDGE_CURVE('',#4952,#5743,#3037,.T.);
#10219=EDGE_CURVE('',#5752,#4966,#3041,.T.);
#10221=EDGE_CURVE('',#4966,#4964,#3154,.T.);
#10223=EDGE_CURVE('',#4964,#4962,#3046,.T.);
#10225=EDGE_CURVE('',#4962,#4960,#3050,.T.);
#10227=EDGE_CURVE('',#4960,#4958,#3126,.T.);
#10229=EDGE_CURVE('',#4958,#4955,#3054,.T.);
#10231=EDGE_CURVE('',#4955,#4956,#3059,.T.);
#10233=EDGE_CURVE('',#4956,#5758,#3106,.T.);
#10245=EDGE_CURVE('',#5746,#4973,#3076,.T.);
#10247=EDGE_CURVE('',#4973,#4951,#3063,.T.);
#10259=EDGE_CURVE('',#4974,#5748,#3067,.T.);
#10261=EDGE_CURVE('',#4973,#4974,#3071,.T.);
#10274=EDGE_CURVE('',#5760,#4978,#3110,.T.);
#10276=EDGE_CURVE('',#4977,#4978,#3081,.T.);
#10278=EDGE_CURVE('',#4980,#4977,#3085,.T.);
#10280=EDGE_CURVE('',#4980,#4982,#3134,.T.);
#10282=EDGE_CURVE('',#4984,#4982,#3089,.T.);
#10284=EDGE_CURVE('',#4970,#4984,#3094,.T.);
#10286=EDGE_CURVE('',#4970,#4968,#3150,.T.);
#10288=EDGE_CURVE('',#5754,#4968,#3098,.T.);
#10300=EDGE_CURVE('',#4974,#4952,#3102,.T.);
#10325=EDGE_CURVE('',#4978,#4956,#3118,.T.);
#10337=EDGE_CURVE('',#4955,#4977,#3114,.T.);
#10351=EDGE_CURVE('',#4980,#4958,#3122,.T.);
#10363=EDGE_CURVE('',#4982,#4960,#3130,.T.);
#10375=EDGE_CURVE('',#4962,#4984,#3138,.T.);
#10390=EDGE_CURVE('',#4970,#4964,#3142,.T.);
#10401=EDGE_CURVE('',#4968,#4966,#3146,.T.);
#10429=EDGE_CURVE('',#5326,#5523,#3170,.T.);
#10451=EDGE_CURVE('',#5520,#5452,#3182,.T.);
#10455=EDGE_CURVE('',#5320,#5520,#3194,.T.);
#10465=EDGE_CURVE('',#5771,#5778,#3198,.T.);
#10467=EDGE_CURVE('',#5778,#5780,#3202,.T.);
#10469=EDGE_CURVE('',#5776,#5780,#3206,.T.);
#10473=EDGE_CURVE('',#5519,#5520,#3348,.T.);
#10475=EDGE_CURVE('',#5519,#5454,#3356,.T.);
#10487=EDGE_CURVE('',#5764,#4915,#3219,.T.);
#10489=EDGE_CURVE('',#4915,#4916,#3223,.T.);
#10491=EDGE_CURVE('',#4916,#5763,#3227,.T.);
#10502=EDGE_CURVE('',#5772,#4930,#3231,.T.);
#10504=EDGE_CURVE('',#4930,#4928,#3344,.T.);
#10506=EDGE_CURVE('',#4928,#4926,#3236,.T.);
#10508=EDGE_CURVE('',#4926,#4924,#3240,.T.);
#10510=EDGE_CURVE('',#4924,#4922,#3316,.T.);
#10512=EDGE_CURVE('',#4922,#4919,#3244,.T.);
#10514=EDGE_CURVE('',#4919,#4920,#3249,.T.);
#10516=EDGE_CURVE('',#4920,#5778,#3296,.T.);
#10528=EDGE_CURVE('',#5766,#4937,#3266,.T.);
#10530=EDGE_CURVE('',#4937,#4915,#3253,.T.);
#10542=EDGE_CURVE('',#4938,#5768,#3257,.T.);
#10544=EDGE_CURVE('',#4937,#4938,#3261,.T.);
#10557=EDGE_CURVE('',#5780,#4942,#3300,.T.);
#10559=EDGE_CURVE('',#4941,#4942,#3271,.T.);
#10561=EDGE_CURVE('',#4944,#4941,#3275,.T.);
#10563=EDGE_CURVE('',#4944,#4946,#3324,.T.);
#10565=EDGE_CURVE('',#4948,#4946,#3279,.T.);
#10567=EDGE_CURVE('',#4934,#4948,#3284,.T.);
#10569=EDGE_CURVE('',#4934,#4932,#3340,.T.);
#10571=EDGE_CURVE('',#5774,#4932,#3288,.T.);
#10583=EDGE_CURVE('',#4938,#4916,#3292,.T.);
#10608=EDGE_CURVE('',#4942,#4920,#3308,.T.);
#10620=EDGE_CURVE('',#4919,#4941,#3304,.T.);
#10634=EDGE_CURVE('',#4944,#4922,#3312,.T.);
#10646=EDGE_CURVE('',#4946,#4924,#3320,.T.);
#10658=EDGE_CURVE('',#4926,#4948,#3328,.T.);
#10673=EDGE_CURVE('',#4934,#4928,#3332,.T.);
#10684=EDGE_CURVE('',#4932,#4930,#3336,.T.);
#10712=EDGE_CURVE('',#5318,#5519,#3360,.T.);
#10734=EDGE_CURVE('',#5516,#5456,#3372,.T.);
#10738=EDGE_CURVE('',#5312,#5516,#3384,.T.);
#10748=EDGE_CURVE('',#5791,#5798,#3388,.T.);
#10750=EDGE_CURVE('',#5798,#5800,#3392,.T.);
#10752=EDGE_CURVE('',#5796,#5800,#3396,.T.);
#10756=EDGE_CURVE('',#5515,#5516,#3538,.T.);
#10758=EDGE_CURVE('',#5515,#5458,#3546,.T.);
#10770=EDGE_CURVE('',#5784,#4879,#3409,.T.);
#10772=EDGE_CURVE('',#4879,#4880,#3413,.T.);
#10774=EDGE_CURVE('',#4880,#5783,#3417,.T.);
#10785=EDGE_CURVE('',#5792,#4894,#3421,.T.);
#10787=EDGE_CURVE('',#4894,#4892,#3534,.T.);
#10789=EDGE_CURVE('',#4892,#4890,#3426,.T.);
#10791=EDGE_CURVE('',#4890,#4888,#3430,.T.);
#10793=EDGE_CURVE('',#4888,#4886,#3506,.T.);
#10795=EDGE_CURVE('',#4886,#4883,#3434,.T.);
#10797=EDGE_CURVE('',#4883,#4884,#3439,.T.);
#10799=EDGE_CURVE('',#4884,#5798,#3486,.T.);
#10811=EDGE_CURVE('',#5786,#4901,#3456,.T.);
#10813=EDGE_CURVE('',#4901,#4879,#3443,.T.);
#10825=EDGE_CURVE('',#4902,#5788,#3447,.T.);
#10827=EDGE_CURVE('',#4901,#4902,#3451,.T.);
#10840=EDGE_CURVE('',#5800,#4906,#3490,.T.);
#10842=EDGE_CURVE('',#4905,#4906,#3461,.T.);
#10844=EDGE_CURVE('',#4908,#4905,#3465,.T.);
#10846=EDGE_CURVE('',#4908,#4910,#3514,.T.);
#10848=EDGE_CURVE('',#4912,#4910,#3469,.T.);
#10850=EDGE_CURVE('',#4898,#4912,#3474,.T.);
#10852=EDGE_CURVE('',#4898,#4896,#3530,.T.);
#10854=EDGE_CURVE('',#5794,#4896,#3478,.T.);
#10866=EDGE_CURVE('',#4902,#4880,#3482,.T.);
#10891=EDGE_CURVE('',#4906,#4884,#3498,.T.);
#10903=EDGE_CURVE('',#4883,#4905,#3494,.T.);
#10917=EDGE_CURVE('',#4908,#4886,#3502,.T.);
#10929=EDGE_CURVE('',#4910,#4888,#3510,.T.);
#10941=EDGE_CURVE('',#4890,#4912,#3518,.T.);
#10956=EDGE_CURVE('',#4898,#4892,#3522,.T.);
#10967=EDGE_CURVE('',#4896,#4894,#3526,.T.);
#10995=EDGE_CURVE('',#5310,#5515,#3550,.T.);
#11017=EDGE_CURVE('',#5512,#5460,#3562,.T.);
#11021=EDGE_CURVE('',#5304,#5512,#3574,.T.);
#11031=EDGE_CURVE('',#5811,#5818,#3578,.T.);
#11033=EDGE_CURVE('',#5818,#5820,#3582,.T.);
#11035=EDGE_CURVE('',#5816,#5820,#3586,.T.);
#11039=EDGE_CURVE('',#5511,#5512,#3728,.T.);
#11041=EDGE_CURVE('',#5511,#5462,#3736,.T.);
#11053=EDGE_CURVE('',#5804,#4735,#3599,.T.);
#11055=EDGE_CURVE('',#4735,#4736,#3603,.T.);
#11057=EDGE_CURVE('',#4736,#5803,#3607,.T.);
#11068=EDGE_CURVE('',#5812,#4750,#3611,.T.);
#11070=EDGE_CURVE('',#4750,#4748,#3724,.T.);
#11072=EDGE_CURVE('',#4748,#4746,#3616,.T.);
#11074=EDGE_CURVE('',#4746,#4744,#3620,.T.);
#11076=EDGE_CURVE('',#4744,#4742,#3696,.T.);
#11078=EDGE_CURVE('',#4742,#4739,#3624,.T.);
#11080=EDGE_CURVE('',#4739,#4740,#3629,.T.);
#11082=EDGE_CURVE('',#4740,#5818,#3676,.T.);
#11094=EDGE_CURVE('',#5806,#4757,#3646,.T.);
#11096=EDGE_CURVE('',#4757,#4735,#3633,.T.);
#11108=EDGE_CURVE('',#4758,#5808,#3637,.T.);
#11110=EDGE_CURVE('',#4757,#4758,#3641,.T.);
#11123=EDGE_CURVE('',#5820,#4762,#3680,.T.);
#11125=EDGE_CURVE('',#4761,#4762,#3651,.T.);
#11127=EDGE_CURVE('',#4764,#4761,#3655,.T.);
#11129=EDGE_CURVE('',#4764,#4766,#3704,.T.);
#11131=EDGE_CURVE('',#4768,#4766,#3659,.T.);
#11133=EDGE_CURVE('',#4754,#4768,#3664,.T.);
#11135=EDGE_CURVE('',#4754,#4752,#3720,.T.);
#11137=EDGE_CURVE('',#5814,#4752,#3668,.T.);
#11149=EDGE_CURVE('',#4758,#4736,#3672,.T.);
#11174=EDGE_CURVE('',#4762,#4740,#3688,.T.);
#11186=EDGE_CURVE('',#4739,#4761,#3684,.T.);
#11200=EDGE_CURVE('',#4764,#4742,#3692,.T.);
#11212=EDGE_CURVE('',#4766,#4744,#3700,.T.);
#11224=EDGE_CURVE('',#4746,#4768,#3708,.T.);
#11239=EDGE_CURVE('',#4754,#4748,#3712,.T.);
#11250=EDGE_CURVE('',#4752,#4750,#3716,.T.);
#11278=EDGE_CURVE('',#5302,#5511,#3740,.T.);
#11300=EDGE_CURVE('',#5508,#5464,#3752,.T.);
#11304=EDGE_CURVE('',#5296,#5508,#3764,.T.);
#11314=EDGE_CURVE('',#5831,#5838,#3768,.T.);
#11316=EDGE_CURVE('',#5838,#5840,#3772,.T.);
#11318=EDGE_CURVE('',#5836,#5840,#3776,.T.);
#11322=EDGE_CURVE('',#5507,#5508,#3918,.T.);
#11324=EDGE_CURVE('',#5507,#5466,#3926,.T.);
#11336=EDGE_CURVE('',#5824,#4699,#3789,.T.);
#11338=EDGE_CURVE('',#4699,#4700,#3793,.T.);
#11340=EDGE_CURVE('',#4700,#5823,#3797,.T.);
#11351=EDGE_CURVE('',#5832,#4714,#3801,.T.);
#11353=EDGE_CURVE('',#4714,#4712,#3914,.T.);
#11355=EDGE_CURVE('',#4712,#4710,#3806,.T.);
#11357=EDGE_CURVE('',#4710,#4708,#3810,.T.);
#11359=EDGE_CURVE('',#4708,#4706,#3886,.T.);
#11361=EDGE_CURVE('',#4706,#4703,#3814,.T.);
#11363=EDGE_CURVE('',#4703,#4704,#3819,.T.);
#11365=EDGE_CURVE('',#4704,#5838,#3866,.T.);
#11377=EDGE_CURVE('',#5826,#4721,#3836,.T.);
#11379=EDGE_CURVE('',#4721,#4699,#3823,.T.);
#11391=EDGE_CURVE('',#4722,#5828,#3827,.T.);
#11393=EDGE_CURVE('',#4721,#4722,#3831,.T.);
#11406=EDGE_CURVE('',#5840,#4726,#3870,.T.);
#11408=EDGE_CURVE('',#4725,#4726,#3841,.T.);
#11410=EDGE_CURVE('',#4728,#4725,#3845,.T.);
#11412=EDGE_CURVE('',#4728,#4730,#3894,.T.);
#11414=EDGE_CURVE('',#4732,#4730,#3849,.T.);
#11416=EDGE_CURVE('',#4718,#4732,#3854,.T.);
#11418=EDGE_CURVE('',#4718,#4716,#3910,.T.);
#11420=EDGE_CURVE('',#5834,#4716,#3858,.T.);
#11432=EDGE_CURVE('',#4722,#4700,#3862,.T.);
#11457=EDGE_CURVE('',#4726,#4704,#3878,.T.);
#11469=EDGE_CURVE('',#4703,#4725,#3874,.T.);
#11483=EDGE_CURVE('',#4728,#4706,#3882,.T.);
#11495=EDGE_CURVE('',#4730,#4708,#3890,.T.);
#11507=EDGE_CURVE('',#4710,#4732,#3898,.T.);
#11522=EDGE_CURVE('',#4718,#4712,#3902,.T.);
#11533=EDGE_CURVE('',#4716,#4714,#3906,.T.);
#11561=EDGE_CURVE('',#5294,#5507,#3930,.T.);
#11583=EDGE_CURVE('',#5504,#5468,#3942,.T.);
#11587=EDGE_CURVE('',#5288,#5504,#3954,.T.);
#11597=EDGE_CURVE('',#5851,#5858,#3958,.T.);
#11599=EDGE_CURVE('',#5858,#5860,#3962,.T.);
#11601=EDGE_CURVE('',#5856,#5860,#3966,.T.);
#11605=EDGE_CURVE('',#5503,#5504,#4108,.T.);
#11607=EDGE_CURVE('',#5503,#5470,#4116,.T.);
#11619=EDGE_CURVE('',#5844,#4663,#3979,.T.);
#11621=EDGE_CURVE('',#4663,#4664,#3983,.T.);
#11623=EDGE_CURVE('',#4664,#5843,#3987,.T.);
#11634=EDGE_CURVE('',#5852,#4678,#3991,.T.);
#11636=EDGE_CURVE('',#4678,#4676,#4104,.T.);
#11638=EDGE_CURVE('',#4676,#4674,#3996,.T.);
#11640=EDGE_CURVE('',#4674,#4672,#4000,.T.);
#11642=EDGE_CURVE('',#4672,#4670,#4076,.T.);
#11644=EDGE_CURVE('',#4670,#4667,#4004,.T.);
#11646=EDGE_CURVE('',#4667,#4668,#4009,.T.);
#11648=EDGE_CURVE('',#4668,#5858,#4056,.T.);
#11660=EDGE_CURVE('',#5846,#4685,#4026,.T.);
#11662=EDGE_CURVE('',#4685,#4663,#4013,.T.);
#11674=EDGE_CURVE('',#4686,#5848,#4017,.T.);
#11676=EDGE_CURVE('',#4685,#4686,#4021,.T.);
#11689=EDGE_CURVE('',#5860,#4690,#4060,.T.);
#11691=EDGE_CURVE('',#4689,#4690,#4031,.T.);
#11693=EDGE_CURVE('',#4692,#4689,#4035,.T.);
#11695=EDGE_CURVE('',#4692,#4694,#4084,.T.);
#11697=EDGE_CURVE('',#4696,#4694,#4039,.T.);
#11699=EDGE_CURVE('',#4682,#4696,#4044,.T.);
#11701=EDGE_CURVE('',#4682,#4680,#4100,.T.);
#11703=EDGE_CURVE('',#5854,#4680,#4048,.T.);
#11715=EDGE_CURVE('',#4686,#4664,#4052,.T.);
#11740=EDGE_CURVE('',#4690,#4668,#4068,.T.);
#11752=EDGE_CURVE('',#4667,#4689,#4064,.T.);
#11766=EDGE_CURVE('',#4692,#4670,#4072,.T.);
#11778=EDGE_CURVE('',#4694,#4672,#4080,.T.);
#11790=EDGE_CURVE('',#4674,#4696,#4088,.T.);
#11805=EDGE_CURVE('',#4682,#4676,#4092,.T.);
#11816=EDGE_CURVE('',#4680,#4678,#4096,.T.);
#11844=EDGE_CURVE('',#5286,#5503,#4120,.T.);
#11866=EDGE_CURVE('',#5500,#5472,#4132,.T.);
#11870=EDGE_CURVE('',#5280,#5500,#4144,.T.);
#11880=EDGE_CURVE('',#5871,#5878,#4148,.T.);
#11882=EDGE_CURVE('',#5878,#5880,#4152,.T.);
#11884=EDGE_CURVE('',#5876,#5880,#4156,.T.);
#11888=EDGE_CURVE('',#5499,#5500,#4298,.T.);
#11890=EDGE_CURVE('',#5499,#5474,#4306,.T.);
#11902=EDGE_CURVE('',#5864,#4627,#4169,.T.);
#11904=EDGE_CURVE('',#4627,#4628,#4173,.T.);
#11906=EDGE_CURVE('',#4628,#5863,#4177,.T.);
#11917=EDGE_CURVE('',#5872,#4642,#4181,.T.);
#11919=EDGE_CURVE('',#4642,#4640,#4294,.T.);
#11921=EDGE_CURVE('',#4640,#4638,#4186,.T.);
#11923=EDGE_CURVE('',#4638,#4636,#4190,.T.);
#11925=EDGE_CURVE('',#4636,#4634,#4266,.T.);
#11927=EDGE_CURVE('',#4634,#4631,#4194,.T.);
#11929=EDGE_CURVE('',#4631,#4632,#4199,.T.);
#11931=EDGE_CURVE('',#4632,#5878,#4246,.T.);
#11943=EDGE_CURVE('',#5866,#4649,#4216,.T.);
#11945=EDGE_CURVE('',#4649,#4627,#4203,.T.);
#11957=EDGE_CURVE('',#4650,#5868,#4207,.T.);
#11959=EDGE_CURVE('',#4649,#4650,#4211,.T.);
#11972=EDGE_CURVE('',#5880,#4654,#4250,.T.);
#11974=EDGE_CURVE('',#4653,#4654,#4221,.T.);
#11976=EDGE_CURVE('',#4656,#4653,#4225,.T.);
#11978=EDGE_CURVE('',#4656,#4658,#4274,.T.);
#11980=EDGE_CURVE('',#4660,#4658,#4229,.T.);
#11982=EDGE_CURVE('',#4646,#4660,#4234,.T.);
#11984=EDGE_CURVE('',#4646,#4644,#4290,.T.);
#11986=EDGE_CURVE('',#5874,#4644,#4238,.T.);
#11998=EDGE_CURVE('',#4650,#4628,#4242,.T.);
#12023=EDGE_CURVE('',#4654,#4632,#4258,.T.);
#12035=EDGE_CURVE('',#4631,#4653,#4254,.T.);
#12049=EDGE_CURVE('',#4656,#4634,#4262,.T.);
#12061=EDGE_CURVE('',#4658,#4636,#4270,.T.);
#12073=EDGE_CURVE('',#4638,#4660,#4278,.T.);
#12088=EDGE_CURVE('',#4646,#4640,#4282,.T.);
#12099=EDGE_CURVE('',#4644,#4642,#4286,.T.);
#12127=EDGE_CURVE('',#5278,#5499,#4310,.T.);
#12150=EDGE_CURVE('',#5940,#4524,#4322,.T.);
#12152=EDGE_CURVE('',#4524,#4526,#4326,.T.);
#12154=EDGE_CURVE('',#4504,#4526,#4426,.T.);
#12157=EDGE_CURVE('',#4502,#5966,#4434,.T.);
#12170=EDGE_CURVE('',#4542,#5950,#4454,.T.);
#12172=EDGE_CURVE('',#4542,#5954,#4334,.T.);
#12185=EDGE_CURVE('',#4521,#4524,#4342,.T.);
#12198=EDGE_CURVE('',#4538,#4522,#4362,.T.);
#12200=EDGE_CURVE('',#4536,#4538,#4378,.T.);
#12202=EDGE_CURVE('',#4534,#4536,#4386,.T.);
#12204=EDGE_CURVE('',#4534,#4532,#4350,.T.);
#12206=EDGE_CURVE('',#4530,#4532,#4406,.T.);
#12208=EDGE_CURVE('',#4528,#4530,#4418,.T.);
#12210=EDGE_CURVE('',#4526,#4528,#4430,.T.);
#12222=EDGE_CURVE('',#4516,#4538,#4358,.T.);
#12235=EDGE_CURVE('',#4514,#4536,#4374,.T.);
#12247=EDGE_CURVE('',#4512,#4534,#4382,.T.);
#12262=EDGE_CURVE('',#4532,#4510,#4394,.T.);
#12275=EDGE_CURVE('',#4508,#4530,#4402,.T.);
#12287=EDGE_CURVE('',#4506,#4528,#4414,.T.);
#12325=EDGE_CURVE('',#4541,#4542,#4450,.T.);
#12350=EDGE_CURVE('',#5548,#5242,#4482,.T.);
#12352=EDGE_CURVE('',#5548,#5394,#4486,.T.);
#12365=EDGE_CURVE('',#5260,#5548,#4490,.T.);
#12393=ADVANCED_BREP_SHAPE_REPRESENTATION('',(#12384),#12392);
#12400=PRODUCT_DEFINITION('design','',#12399,#12396);
#12401=PRODUCT_DEFINITION_SHAPE('','SHAPE FOR ISFV15R_1STLF.',#12400);
#12402=SHAPE_DEFINITION_REPRESENTATION(#12401,#12393);
ENDSEC;
END-ISO-10303-21;

