ISO-10303-21;
HEADER;
/* Generated by software containing ST-Developer
 * from STEP Tools, Inc. (www.steptools.com) 
 */
/* OPTION: strings as raw bytes, not using required /X/ escapes */

FILE_DESCRIPTION(
/* description */ ('Unknown'),
/* implementation_level */ '2;1');

FILE_NAME(
/* name */ 'ES9822QPRO',
/* time_stamp */ '2024-05-14T14:09:26+02:00',
/* author */ ('Unknown'),
/* organization */ ('Unknown'),
/* preprocessor_version */ 'ST-DEVELOPER v19.4',
/* originating_system */ 'Solid Edge',
/* authorisation */ 'Unknown');

FILE_SCHEMA (('AUTOMOTIVE_DESIGN {1 0 10303 214 3 1 1}'));
ENDSEC;

DATA;
#10=PROPERTY_DEFINITION_REPRESENTATION(#14,#12);
#11=PROPERTY_DEFINITION_REPRESENTATION(#15,#13);
#12=REPRESENTATION('',(#16),#13452);
#13=REPRESENTATION('',(#17),#13452);
#14=PROPERTY_DEFINITION('pmi validation property','',#13457);
#15=PROPERTY_DEFINITION('pmi validation property','',#13457);
#16=VALUE_REPRESENTATION_ITEM('number of annotations',COUNT_MEASURE(0.));
#17=VALUE_REPRESENTATION_ITEM('number of views',COUNT_MEASURE(0.));
#18=SHAPE_REPRESENTATION_RELATIONSHIP('','',#9148,#19);
#19=ADVANCED_BREP_SHAPE_REPRESENTATION('',(#9146),#13452);
#20=CYLINDRICAL_SURFACE('',#9235,0.0963627264173665);
#21=CYLINDRICAL_SURFACE('',#9239,0.0993671237267376);
#22=CYLINDRICAL_SURFACE('',#9245,0.0963627264173665);
#23=CYLINDRICAL_SURFACE('',#9249,0.0993671237267376);
#24=CYLINDRICAL_SURFACE('',#9255,0.0963627264173665);
#25=CYLINDRICAL_SURFACE('',#9259,0.0993671237267376);
#26=CYLINDRICAL_SURFACE('',#9265,0.0963627264173665);
#27=CYLINDRICAL_SURFACE('',#9269,0.0993671237267376);
#28=CYLINDRICAL_SURFACE('',#9275,0.0963627264173665);
#29=CYLINDRICAL_SURFACE('',#9279,0.0993671237267376);
#30=CYLINDRICAL_SURFACE('',#9285,0.0963627264173665);
#31=CYLINDRICAL_SURFACE('',#9289,0.0993671237267376);
#32=CYLINDRICAL_SURFACE('',#9295,0.0963627264173665);
#33=CYLINDRICAL_SURFACE('',#9299,0.0993671237267376);
#34=CYLINDRICAL_SURFACE('',#9305,0.0963627264173665);
#35=CYLINDRICAL_SURFACE('',#9309,0.0993671237267376);
#36=CYLINDRICAL_SURFACE('',#9315,0.0963627264173665);
#37=CYLINDRICAL_SURFACE('',#9319,0.0993671237267376);
#38=CYLINDRICAL_SURFACE('',#9321,0.0993671237267376);
#39=CYLINDRICAL_SURFACE('',#9326,0.0963627264173665);
#40=CYLINDRICAL_SURFACE('',#9333,0.0993671237267376);
#41=CYLINDRICAL_SURFACE('',#9338,0.0963627264173665);
#42=CYLINDRICAL_SURFACE('',#9343,0.0993671237267376);
#43=CYLINDRICAL_SURFACE('',#9348,0.0963627264173665);
#44=CYLINDRICAL_SURFACE('',#9353,0.0993671237267376);
#45=CYLINDRICAL_SURFACE('',#9358,0.0963627264173665);
#46=CYLINDRICAL_SURFACE('',#9363,0.0993671237267376);
#47=CYLINDRICAL_SURFACE('',#9368,0.0963627264173665);
#48=CYLINDRICAL_SURFACE('',#9373,0.0993671237267376);
#49=CYLINDRICAL_SURFACE('',#9378,0.0963627264173665);
#50=CYLINDRICAL_SURFACE('',#9383,0.0993671237267376);
#51=CYLINDRICAL_SURFACE('',#9388,0.0963627264173665);
#52=CYLINDRICAL_SURFACE('',#9393,0.0993671237267376);
#53=CYLINDRICAL_SURFACE('',#9398,0.0963627264173665);
#54=CYLINDRICAL_SURFACE('',#9403,0.0993671237267376);
#55=CYLINDRICAL_SURFACE('',#9408,0.0963627264173665);
#56=CYLINDRICAL_SURFACE('',#9413,0.0993671237267376);
#57=CYLINDRICAL_SURFACE('',#9418,0.0963627264173665);
#58=CYLINDRICAL_SURFACE('',#9422,0.0993671237267376);
#59=CYLINDRICAL_SURFACE('',#9427,0.0963627264173665);
#60=CYLINDRICAL_SURFACE('',#9433,0.0993671237267376);
#61=CYLINDRICAL_SURFACE('',#9438,0.0963627264173665);
#62=CYLINDRICAL_SURFACE('',#9443,0.0993671237267376);
#63=CYLINDRICAL_SURFACE('',#9448,0.0963627264173665);
#64=CYLINDRICAL_SURFACE('',#9453,0.0993671237267376);
#65=CYLINDRICAL_SURFACE('',#9458,0.0963627264173665);
#66=CYLINDRICAL_SURFACE('',#9463,0.0993671237267376);
#67=CYLINDRICAL_SURFACE('',#9468,0.0963627264173665);
#68=CYLINDRICAL_SURFACE('',#9473,0.0993671237267376);
#69=CYLINDRICAL_SURFACE('',#9478,0.0963627264173665);
#70=CYLINDRICAL_SURFACE('',#9483,0.0993671237267376);
#71=CYLINDRICAL_SURFACE('',#9488,0.0963627264173665);
#72=CYLINDRICAL_SURFACE('',#9493,0.0993671237267376);
#73=CYLINDRICAL_SURFACE('',#9498,0.0963627264173665);
#74=CYLINDRICAL_SURFACE('',#9503,0.0993671237267376);
#75=CYLINDRICAL_SURFACE('',#9508,0.0963627264173665);
#76=CYLINDRICAL_SURFACE('',#9513,0.0993671237267376);
#77=CYLINDRICAL_SURFACE('',#9518,0.0963627264173665);
#78=CYLINDRICAL_SURFACE('',#9523,0.0993671237267376);
#79=CYLINDRICAL_SURFACE('',#9528,0.0963627264173665);
#80=CYLINDRICAL_SURFACE('',#9533,0.0993671237267376);
#81=CYLINDRICAL_SURFACE('',#9538,0.0963627264173665);
#82=CYLINDRICAL_SURFACE('',#9543,0.0993671237267376);
#83=CYLINDRICAL_SURFACE('',#9548,0.0963627264173665);
#84=CYLINDRICAL_SURFACE('',#9553,0.0993671237267376);
#85=CYLINDRICAL_SURFACE('',#9558,0.0963627264173665);
#86=CYLINDRICAL_SURFACE('',#9563,0.0993671237267376);
#87=CYLINDRICAL_SURFACE('',#9568,0.0963627264173665);
#88=CYLINDRICAL_SURFACE('',#9573,0.0993671237267376);
#89=CYLINDRICAL_SURFACE('',#9578,0.0963627264173665);
#90=CYLINDRICAL_SURFACE('',#9583,0.0993671237267376);
#91=CYLINDRICAL_SURFACE('',#9588,0.0963627264173665);
#92=CYLINDRICAL_SURFACE('',#9593,0.0993671237267376);
#93=CYLINDRICAL_SURFACE('',#9598,0.0963627264173665);
#94=CYLINDRICAL_SURFACE('',#9603,0.0993671237267376);
#95=CYLINDRICAL_SURFACE('',#9608,0.0963627264173665);
#96=CYLINDRICAL_SURFACE('',#9614,0.0993671237267376);
#97=CYLINDRICAL_SURFACE('',#9619,0.0963627264173665);
#98=CYLINDRICAL_SURFACE('',#9627,0.0993671237267376);
#99=CYLINDRICAL_SURFACE('',#9632,0.0963627264173665);
#100=CYLINDRICAL_SURFACE('',#9643,0.156272748744446);
#101=CIRCLE('',#9151,0.0993671237267376);
#102=CIRCLE('',#9152,0.0963627264173665);
#103=CIRCLE('',#9153,0.0993671237267376);
#104=CIRCLE('',#9154,0.0963627264173665);
#105=CIRCLE('',#9155,0.0993671237267376);
#106=CIRCLE('',#9156,0.0963627264173665);
#107=CIRCLE('',#9157,0.0993671237267376);
#108=CIRCLE('',#9158,0.0963627264173665);
#109=CIRCLE('',#9159,0.0993671237267376);
#110=CIRCLE('',#9160,0.0963627264173665);
#111=CIRCLE('',#9161,0.0993671237267376);
#112=CIRCLE('',#9162,0.0963627264173665);
#113=CIRCLE('',#9163,0.0993671237267376);
#114=CIRCLE('',#9164,0.0963627264173665);
#115=CIRCLE('',#9165,0.0993671237267376);
#116=CIRCLE('',#9166,0.0963627264173665);
#117=CIRCLE('',#9167,0.0993671237267376);
#118=CIRCLE('',#9168,0.0963627264173665);
#119=CIRCLE('',#9169,0.0993671237267376);
#120=CIRCLE('',#9170,0.0963627264173665);
#121=CIRCLE('',#9171,0.0993671237267376);
#122=CIRCLE('',#9172,0.0963627264173665);
#123=CIRCLE('',#9173,0.0993671237267376);
#124=CIRCLE('',#9174,0.0963627264173665);
#125=CIRCLE('',#9175,0.0993671237267376);
#126=CIRCLE('',#9176,0.0963627264173665);
#127=CIRCLE('',#9177,0.0993671237267376);
#128=CIRCLE('',#9178,0.0963627264173665);
#129=CIRCLE('',#9179,0.0993671237267376);
#130=CIRCLE('',#9180,0.0963627264173665);
#131=CIRCLE('',#9181,0.0993671237267376);
#132=CIRCLE('',#9182,0.0963627264173665);
#133=CIRCLE('',#9183,0.0993671237267376);
#134=CIRCLE('',#9184,0.0963627264173665);
#135=CIRCLE('',#9185,0.0993671237267376);
#136=CIRCLE('',#9186,0.0963627264173665);
#137=CIRCLE('',#9187,0.0993671237267376);
#138=CIRCLE('',#9188,0.0963627264173665);
#139=CIRCLE('',#9189,0.0993671237267376);
#140=CIRCLE('',#9190,0.0963627264173665);
#141=CIRCLE('',#9191,0.0963627264173665);
#142=CIRCLE('',#9192,0.0993671237267376);
#143=CIRCLE('',#9193,0.0963627264173665);
#144=CIRCLE('',#9194,0.0993671237267376);
#145=CIRCLE('',#9195,0.0963627264173665);
#146=CIRCLE('',#9196,0.0993671237267376);
#147=CIRCLE('',#9197,0.0963627264173665);
#148=CIRCLE('',#9198,0.0993671237267376);
#149=CIRCLE('',#9199,0.0963627264173665);
#150=CIRCLE('',#9200,0.0993671237267376);
#151=CIRCLE('',#9201,0.0963627264173665);
#152=CIRCLE('',#9202,0.0993671237267376);
#153=CIRCLE('',#9203,0.0963627264173665);
#154=CIRCLE('',#9204,0.0993671237267376);
#155=CIRCLE('',#9205,0.0963627264173665);
#156=CIRCLE('',#9206,0.0993671237267376);
#157=CIRCLE('',#9207,0.0963627264173665);
#158=CIRCLE('',#9208,0.0993671237267376);
#159=CIRCLE('',#9209,0.0963627264173665);
#160=CIRCLE('',#9210,0.0993671237267376);
#161=CIRCLE('',#9211,0.0963627264173665);
#162=CIRCLE('',#9212,0.0993671237267376);
#163=CIRCLE('',#9213,0.0963627264173665);
#164=CIRCLE('',#9214,0.0993671237267376);
#165=CIRCLE('',#9215,0.0963627264173665);
#166=CIRCLE('',#9216,0.0993671237267376);
#167=CIRCLE('',#9217,0.0963627264173665);
#168=CIRCLE('',#9218,0.0993671237267376);
#169=CIRCLE('',#9219,0.0963627264173665);
#170=CIRCLE('',#9220,0.0993671237267376);
#171=CIRCLE('',#9221,0.0963627264173665);
#172=CIRCLE('',#9222,0.0993671237267376);
#173=CIRCLE('',#9223,0.0963627264173665);
#174=CIRCLE('',#9224,0.0993671237267376);
#175=CIRCLE('',#9225,0.0963627264173665);
#176=CIRCLE('',#9226,0.0993671237267376);
#177=CIRCLE('',#9227,0.0963627264173665);
#178=CIRCLE('',#9228,0.0993671237267376);
#179=CIRCLE('',#9229,0.0963627264173665);
#180=CIRCLE('',#9230,0.0993671237267376);
#181=CIRCLE('',#9232,0.0993671237267376);
#182=CIRCLE('',#9233,0.0963627264173665);
#183=CIRCLE('',#9242,0.0993671237267376);
#184=CIRCLE('',#9243,0.0963627264173665);
#185=CIRCLE('',#9252,0.0993671237267376);
#186=CIRCLE('',#9253,0.0963627264173665);
#187=CIRCLE('',#9262,0.0993671237267376);
#188=CIRCLE('',#9263,0.0963627264173665);
#189=CIRCLE('',#9272,0.0993671237267376);
#190=CIRCLE('',#9273,0.0963627264173665);
#191=CIRCLE('',#9282,0.0993671237267376);
#192=CIRCLE('',#9283,0.0963627264173665);
#193=CIRCLE('',#9292,0.0993671237267376);
#194=CIRCLE('',#9293,0.0963627264173665);
#195=CIRCLE('',#9302,0.0993671237267376);
#196=CIRCLE('',#9303,0.0963627264173665);
#197=CIRCLE('',#9312,0.0993671237267376);
#198=CIRCLE('',#9313,0.0963627264173665);
#199=CIRCLE('',#9322,0.0993671237267376);
#200=CIRCLE('',#9327,0.0963627264173665);
#201=CIRCLE('',#9334,0.0993671237267376);
#202=CIRCLE('',#9339,0.0963627264173665);
#203=CIRCLE('',#9344,0.0993671237267376);
#204=CIRCLE('',#9349,0.0963627264173665);
#205=CIRCLE('',#9354,0.0993671237267376);
#206=CIRCLE('',#9359,0.0963627264173665);
#207=CIRCLE('',#9364,0.0993671237267376);
#208=CIRCLE('',#9369,0.0963627264173665);
#209=CIRCLE('',#9374,0.0993671237267376);
#210=CIRCLE('',#9379,0.0963627264173665);
#211=CIRCLE('',#9384,0.0993671237267376);
#212=CIRCLE('',#9389,0.0963627264173665);
#213=CIRCLE('',#9394,0.0993671237267376);
#214=CIRCLE('',#9399,0.0963627264173665);
#215=CIRCLE('',#9404,0.0993671237267376);
#216=CIRCLE('',#9409,0.0963627264173665);
#217=CIRCLE('',#9414,0.0993671237267376);
#218=CIRCLE('',#9419,0.0963627264173665);
#219=CIRCLE('',#9423,0.0993671237267376);
#220=CIRCLE('',#9428,0.0963627264173665);
#221=CIRCLE('',#9434,0.0993671237267376);
#222=CIRCLE('',#9439,0.0963627264173665);
#223=CIRCLE('',#9444,0.0993671237267376);
#224=CIRCLE('',#9449,0.0963627264173665);
#225=CIRCLE('',#9454,0.0993671237267376);
#226=CIRCLE('',#9459,0.0963627264173665);
#227=CIRCLE('',#9464,0.0993671237267376);
#228=CIRCLE('',#9469,0.0963627264173665);
#229=CIRCLE('',#9474,0.0993671237267376);
#230=CIRCLE('',#9479,0.0963627264173665);
#231=CIRCLE('',#9484,0.0993671237267376);
#232=CIRCLE('',#9489,0.0963627264173665);
#233=CIRCLE('',#9494,0.0993671237267376);
#234=CIRCLE('',#9499,0.0963627264173665);
#235=CIRCLE('',#9504,0.0993671237267376);
#236=CIRCLE('',#9509,0.0963627264173665);
#237=CIRCLE('',#9514,0.0993671237267376);
#238=CIRCLE('',#9519,0.0963627264173665);
#239=CIRCLE('',#9524,0.0993671237267376);
#240=CIRCLE('',#9529,0.0963627264173665);
#241=CIRCLE('',#9534,0.0993671237267376);
#242=CIRCLE('',#9539,0.0963627264173665);
#243=CIRCLE('',#9544,0.0993671237267376);
#244=CIRCLE('',#9549,0.0963627264173665);
#245=CIRCLE('',#9554,0.0993671237267376);
#246=CIRCLE('',#9559,0.0963627264173665);
#247=CIRCLE('',#9564,0.0993671237267376);
#248=CIRCLE('',#9569,0.0963627264173665);
#249=CIRCLE('',#9574,0.0993671237267376);
#250=CIRCLE('',#9579,0.0963627264173665);
#251=CIRCLE('',#9584,0.0993671237267376);
#252=CIRCLE('',#9589,0.0963627264173665);
#253=CIRCLE('',#9594,0.0993671237267376);
#254=CIRCLE('',#9599,0.0963627264173665);
#255=CIRCLE('',#9604,0.0993671237267376);
#256=CIRCLE('',#9609,0.0963627264173665);
#257=CIRCLE('',#9615,0.0993671237267376);
#258=CIRCLE('',#9620,0.0963627264173665);
#259=CIRCLE('',#9626,0.156272748744446);
#260=CIRCLE('',#9628,0.0993671237267376);
#261=CIRCLE('',#9633,0.0963627264173665);
#262=CIRCLE('',#9644,0.156272748744446);
#263=ORIENTED_EDGE('',*,*,#2241,.F.);
#264=ORIENTED_EDGE('',*,*,#2242,.F.);
#265=ORIENTED_EDGE('',*,*,#2243,.F.);
#266=ORIENTED_EDGE('',*,*,#2244,.F.);
#267=ORIENTED_EDGE('',*,*,#2245,.F.);
#268=ORIENTED_EDGE('',*,*,#2246,.F.);
#269=ORIENTED_EDGE('',*,*,#2247,.F.);
#270=ORIENTED_EDGE('',*,*,#2248,.F.);
#271=ORIENTED_EDGE('',*,*,#2249,.F.);
#272=ORIENTED_EDGE('',*,*,#2250,.F.);
#273=ORIENTED_EDGE('',*,*,#2251,.F.);
#274=ORIENTED_EDGE('',*,*,#2252,.F.);
#275=ORIENTED_EDGE('',*,*,#2253,.F.);
#276=ORIENTED_EDGE('',*,*,#2254,.F.);
#277=ORIENTED_EDGE('',*,*,#2255,.F.);
#278=ORIENTED_EDGE('',*,*,#2256,.F.);
#279=ORIENTED_EDGE('',*,*,#2257,.F.);
#280=ORIENTED_EDGE('',*,*,#2258,.F.);
#281=ORIENTED_EDGE('',*,*,#2259,.F.);
#282=ORIENTED_EDGE('',*,*,#2260,.F.);
#283=ORIENTED_EDGE('',*,*,#2261,.F.);
#284=ORIENTED_EDGE('',*,*,#2262,.F.);
#285=ORIENTED_EDGE('',*,*,#2263,.F.);
#286=ORIENTED_EDGE('',*,*,#2264,.F.);
#287=ORIENTED_EDGE('',*,*,#2265,.F.);
#288=ORIENTED_EDGE('',*,*,#2266,.F.);
#289=ORIENTED_EDGE('',*,*,#2267,.F.);
#290=ORIENTED_EDGE('',*,*,#2268,.F.);
#291=ORIENTED_EDGE('',*,*,#2269,.F.);
#292=ORIENTED_EDGE('',*,*,#2270,.F.);
#293=ORIENTED_EDGE('',*,*,#2271,.F.);
#294=ORIENTED_EDGE('',*,*,#2272,.F.);
#295=ORIENTED_EDGE('',*,*,#2273,.F.);
#296=ORIENTED_EDGE('',*,*,#2274,.F.);
#297=ORIENTED_EDGE('',*,*,#2275,.F.);
#298=ORIENTED_EDGE('',*,*,#2276,.F.);
#299=ORIENTED_EDGE('',*,*,#2277,.F.);
#300=ORIENTED_EDGE('',*,*,#2278,.F.);
#301=ORIENTED_EDGE('',*,*,#2279,.F.);
#302=ORIENTED_EDGE('',*,*,#2280,.F.);
#303=ORIENTED_EDGE('',*,*,#2281,.F.);
#304=ORIENTED_EDGE('',*,*,#2282,.F.);
#305=ORIENTED_EDGE('',*,*,#2283,.F.);
#306=ORIENTED_EDGE('',*,*,#2284,.F.);
#307=ORIENTED_EDGE('',*,*,#2285,.F.);
#308=ORIENTED_EDGE('',*,*,#2286,.F.);
#309=ORIENTED_EDGE('',*,*,#2287,.F.);
#310=ORIENTED_EDGE('',*,*,#2288,.F.);
#311=ORIENTED_EDGE('',*,*,#2289,.F.);
#312=ORIENTED_EDGE('',*,*,#2290,.F.);
#313=ORIENTED_EDGE('',*,*,#2291,.F.);
#314=ORIENTED_EDGE('',*,*,#2292,.F.);
#315=ORIENTED_EDGE('',*,*,#2293,.F.);
#316=ORIENTED_EDGE('',*,*,#2294,.F.);
#317=ORIENTED_EDGE('',*,*,#2295,.F.);
#318=ORIENTED_EDGE('',*,*,#2296,.F.);
#319=ORIENTED_EDGE('',*,*,#2297,.F.);
#320=ORIENTED_EDGE('',*,*,#2298,.F.);
#321=ORIENTED_EDGE('',*,*,#2299,.F.);
#322=ORIENTED_EDGE('',*,*,#2300,.F.);
#323=ORIENTED_EDGE('',*,*,#2301,.F.);
#324=ORIENTED_EDGE('',*,*,#2302,.F.);
#325=ORIENTED_EDGE('',*,*,#2303,.F.);
#326=ORIENTED_EDGE('',*,*,#2304,.F.);
#327=ORIENTED_EDGE('',*,*,#2305,.F.);
#328=ORIENTED_EDGE('',*,*,#2306,.F.);
#329=ORIENTED_EDGE('',*,*,#2307,.F.);
#330=ORIENTED_EDGE('',*,*,#2308,.F.);
#331=ORIENTED_EDGE('',*,*,#2309,.F.);
#332=ORIENTED_EDGE('',*,*,#2310,.F.);
#333=ORIENTED_EDGE('',*,*,#2311,.F.);
#334=ORIENTED_EDGE('',*,*,#2312,.F.);
#335=ORIENTED_EDGE('',*,*,#2313,.F.);
#336=ORIENTED_EDGE('',*,*,#2314,.F.);
#337=ORIENTED_EDGE('',*,*,#2315,.F.);
#338=ORIENTED_EDGE('',*,*,#2316,.F.);
#339=ORIENTED_EDGE('',*,*,#2317,.F.);
#340=ORIENTED_EDGE('',*,*,#2318,.F.);
#341=ORIENTED_EDGE('',*,*,#2319,.F.);
#342=ORIENTED_EDGE('',*,*,#2320,.F.);
#343=ORIENTED_EDGE('',*,*,#2321,.F.);
#344=ORIENTED_EDGE('',*,*,#2322,.F.);
#345=ORIENTED_EDGE('',*,*,#2323,.F.);
#346=ORIENTED_EDGE('',*,*,#2324,.F.);
#347=ORIENTED_EDGE('',*,*,#2325,.F.);
#348=ORIENTED_EDGE('',*,*,#2326,.F.);
#349=ORIENTED_EDGE('',*,*,#2327,.F.);
#350=ORIENTED_EDGE('',*,*,#2328,.F.);
#351=ORIENTED_EDGE('',*,*,#2329,.F.);
#352=ORIENTED_EDGE('',*,*,#2330,.F.);
#353=ORIENTED_EDGE('',*,*,#2331,.F.);
#354=ORIENTED_EDGE('',*,*,#2332,.F.);
#355=ORIENTED_EDGE('',*,*,#2333,.F.);
#356=ORIENTED_EDGE('',*,*,#2334,.F.);
#357=ORIENTED_EDGE('',*,*,#2335,.F.);
#358=ORIENTED_EDGE('',*,*,#2336,.F.);
#359=ORIENTED_EDGE('',*,*,#2337,.F.);
#360=ORIENTED_EDGE('',*,*,#2338,.F.);
#361=ORIENTED_EDGE('',*,*,#2339,.F.);
#362=ORIENTED_EDGE('',*,*,#2340,.F.);
#363=ORIENTED_EDGE('',*,*,#2341,.F.);
#364=ORIENTED_EDGE('',*,*,#2342,.F.);
#365=ORIENTED_EDGE('',*,*,#2343,.F.);
#366=ORIENTED_EDGE('',*,*,#2344,.F.);
#367=ORIENTED_EDGE('',*,*,#2345,.F.);
#368=ORIENTED_EDGE('',*,*,#2346,.F.);
#369=ORIENTED_EDGE('',*,*,#2347,.F.);
#370=ORIENTED_EDGE('',*,*,#2348,.F.);
#371=ORIENTED_EDGE('',*,*,#2349,.F.);
#372=ORIENTED_EDGE('',*,*,#2350,.F.);
#373=ORIENTED_EDGE('',*,*,#2351,.F.);
#374=ORIENTED_EDGE('',*,*,#2352,.F.);
#375=ORIENTED_EDGE('',*,*,#2353,.F.);
#376=ORIENTED_EDGE('',*,*,#2354,.F.);
#377=ORIENTED_EDGE('',*,*,#2355,.F.);
#378=ORIENTED_EDGE('',*,*,#2356,.F.);
#379=ORIENTED_EDGE('',*,*,#2357,.F.);
#380=ORIENTED_EDGE('',*,*,#2358,.F.);
#381=ORIENTED_EDGE('',*,*,#2359,.F.);
#382=ORIENTED_EDGE('',*,*,#2360,.F.);
#383=ORIENTED_EDGE('',*,*,#2361,.F.);
#384=ORIENTED_EDGE('',*,*,#2362,.F.);
#385=ORIENTED_EDGE('',*,*,#2363,.F.);
#386=ORIENTED_EDGE('',*,*,#2364,.F.);
#387=ORIENTED_EDGE('',*,*,#2365,.F.);
#388=ORIENTED_EDGE('',*,*,#2366,.F.);
#389=ORIENTED_EDGE('',*,*,#2367,.F.);
#390=ORIENTED_EDGE('',*,*,#2368,.F.);
#391=ORIENTED_EDGE('',*,*,#2369,.T.);
#392=ORIENTED_EDGE('',*,*,#2370,.F.);
#393=ORIENTED_EDGE('',*,*,#2371,.F.);
#394=ORIENTED_EDGE('',*,*,#2372,.F.);
#395=ORIENTED_EDGE('',*,*,#2373,.F.);
#396=ORIENTED_EDGE('',*,*,#2374,.F.);
#397=ORIENTED_EDGE('',*,*,#2375,.T.);
#398=ORIENTED_EDGE('',*,*,#2376,.F.);
#399=ORIENTED_EDGE('',*,*,#2377,.F.);
#400=ORIENTED_EDGE('',*,*,#2378,.F.);
#401=ORIENTED_EDGE('',*,*,#2379,.F.);
#402=ORIENTED_EDGE('',*,*,#2380,.F.);
#403=ORIENTED_EDGE('',*,*,#2381,.T.);
#404=ORIENTED_EDGE('',*,*,#2382,.F.);
#405=ORIENTED_EDGE('',*,*,#2383,.F.);
#406=ORIENTED_EDGE('',*,*,#2384,.F.);
#407=ORIENTED_EDGE('',*,*,#2385,.F.);
#408=ORIENTED_EDGE('',*,*,#2386,.F.);
#409=ORIENTED_EDGE('',*,*,#2387,.T.);
#410=ORIENTED_EDGE('',*,*,#2388,.F.);
#411=ORIENTED_EDGE('',*,*,#2389,.F.);
#412=ORIENTED_EDGE('',*,*,#2390,.F.);
#413=ORIENTED_EDGE('',*,*,#2391,.F.);
#414=ORIENTED_EDGE('',*,*,#2392,.F.);
#415=ORIENTED_EDGE('',*,*,#2393,.T.);
#416=ORIENTED_EDGE('',*,*,#2394,.F.);
#417=ORIENTED_EDGE('',*,*,#2395,.F.);
#418=ORIENTED_EDGE('',*,*,#2396,.F.);
#419=ORIENTED_EDGE('',*,*,#2397,.F.);
#420=ORIENTED_EDGE('',*,*,#2398,.F.);
#421=ORIENTED_EDGE('',*,*,#2399,.T.);
#422=ORIENTED_EDGE('',*,*,#2400,.F.);
#423=ORIENTED_EDGE('',*,*,#2401,.F.);
#424=ORIENTED_EDGE('',*,*,#2402,.F.);
#425=ORIENTED_EDGE('',*,*,#2403,.F.);
#426=ORIENTED_EDGE('',*,*,#2404,.F.);
#427=ORIENTED_EDGE('',*,*,#2405,.T.);
#428=ORIENTED_EDGE('',*,*,#2406,.F.);
#429=ORIENTED_EDGE('',*,*,#2407,.F.);
#430=ORIENTED_EDGE('',*,*,#2408,.F.);
#431=ORIENTED_EDGE('',*,*,#2409,.F.);
#432=ORIENTED_EDGE('',*,*,#2410,.F.);
#433=ORIENTED_EDGE('',*,*,#2411,.T.);
#434=ORIENTED_EDGE('',*,*,#2412,.F.);
#435=ORIENTED_EDGE('',*,*,#2413,.F.);
#436=ORIENTED_EDGE('',*,*,#2414,.F.);
#437=ORIENTED_EDGE('',*,*,#2415,.F.);
#438=ORIENTED_EDGE('',*,*,#2416,.F.);
#439=ORIENTED_EDGE('',*,*,#2417,.T.);
#440=ORIENTED_EDGE('',*,*,#2418,.F.);
#441=ORIENTED_EDGE('',*,*,#2419,.F.);
#442=ORIENTED_EDGE('',*,*,#2420,.F.);
#443=ORIENTED_EDGE('',*,*,#2421,.F.);
#444=ORIENTED_EDGE('',*,*,#2422,.F.);
#445=ORIENTED_EDGE('',*,*,#2423,.T.);
#446=ORIENTED_EDGE('',*,*,#2424,.F.);
#447=ORIENTED_EDGE('',*,*,#2425,.F.);
#448=ORIENTED_EDGE('',*,*,#2426,.F.);
#449=ORIENTED_EDGE('',*,*,#2427,.F.);
#450=ORIENTED_EDGE('',*,*,#2428,.F.);
#451=ORIENTED_EDGE('',*,*,#2429,.F.);
#452=ORIENTED_EDGE('',*,*,#2430,.T.);
#453=ORIENTED_EDGE('',*,*,#2431,.F.);
#454=ORIENTED_EDGE('',*,*,#2432,.F.);
#455=ORIENTED_EDGE('',*,*,#2433,.F.);
#456=ORIENTED_EDGE('',*,*,#2434,.F.);
#457=ORIENTED_EDGE('',*,*,#2435,.F.);
#458=ORIENTED_EDGE('',*,*,#2436,.T.);
#459=ORIENTED_EDGE('',*,*,#2437,.F.);
#460=ORIENTED_EDGE('',*,*,#2438,.F.);
#461=ORIENTED_EDGE('',*,*,#2439,.F.);
#462=ORIENTED_EDGE('',*,*,#2440,.F.);
#463=ORIENTED_EDGE('',*,*,#2441,.F.);
#464=ORIENTED_EDGE('',*,*,#2442,.T.);
#465=ORIENTED_EDGE('',*,*,#2443,.F.);
#466=ORIENTED_EDGE('',*,*,#2444,.F.);
#467=ORIENTED_EDGE('',*,*,#2445,.F.);
#468=ORIENTED_EDGE('',*,*,#2446,.F.);
#469=ORIENTED_EDGE('',*,*,#2447,.F.);
#470=ORIENTED_EDGE('',*,*,#2448,.T.);
#471=ORIENTED_EDGE('',*,*,#2449,.F.);
#472=ORIENTED_EDGE('',*,*,#2450,.F.);
#473=ORIENTED_EDGE('',*,*,#2451,.F.);
#474=ORIENTED_EDGE('',*,*,#2452,.F.);
#475=ORIENTED_EDGE('',*,*,#2453,.F.);
#476=ORIENTED_EDGE('',*,*,#2454,.T.);
#477=ORIENTED_EDGE('',*,*,#2455,.F.);
#478=ORIENTED_EDGE('',*,*,#2456,.F.);
#479=ORIENTED_EDGE('',*,*,#2457,.F.);
#480=ORIENTED_EDGE('',*,*,#2458,.F.);
#481=ORIENTED_EDGE('',*,*,#2459,.F.);
#482=ORIENTED_EDGE('',*,*,#2460,.T.);
#483=ORIENTED_EDGE('',*,*,#2461,.F.);
#484=ORIENTED_EDGE('',*,*,#2462,.F.);
#485=ORIENTED_EDGE('',*,*,#2463,.F.);
#486=ORIENTED_EDGE('',*,*,#2464,.F.);
#487=ORIENTED_EDGE('',*,*,#2465,.F.);
#488=ORIENTED_EDGE('',*,*,#2466,.T.);
#489=ORIENTED_EDGE('',*,*,#2467,.F.);
#490=ORIENTED_EDGE('',*,*,#2468,.F.);
#491=ORIENTED_EDGE('',*,*,#2469,.F.);
#492=ORIENTED_EDGE('',*,*,#2470,.F.);
#493=ORIENTED_EDGE('',*,*,#2471,.F.);
#494=ORIENTED_EDGE('',*,*,#2472,.T.);
#495=ORIENTED_EDGE('',*,*,#2473,.F.);
#496=ORIENTED_EDGE('',*,*,#2474,.F.);
#497=ORIENTED_EDGE('',*,*,#2475,.F.);
#498=ORIENTED_EDGE('',*,*,#2476,.F.);
#499=ORIENTED_EDGE('',*,*,#2477,.F.);
#500=ORIENTED_EDGE('',*,*,#2478,.T.);
#501=ORIENTED_EDGE('',*,*,#2479,.F.);
#502=ORIENTED_EDGE('',*,*,#2480,.F.);
#503=ORIENTED_EDGE('',*,*,#2481,.F.);
#504=ORIENTED_EDGE('',*,*,#2482,.F.);
#505=ORIENTED_EDGE('',*,*,#2483,.F.);
#506=ORIENTED_EDGE('',*,*,#2484,.T.);
#507=ORIENTED_EDGE('',*,*,#2485,.F.);
#508=ORIENTED_EDGE('',*,*,#2486,.F.);
#509=ORIENTED_EDGE('',*,*,#2487,.F.);
#510=ORIENTED_EDGE('',*,*,#2488,.F.);
#511=ORIENTED_EDGE('',*,*,#2489,.T.);
#512=ORIENTED_EDGE('',*,*,#2490,.F.);
#513=ORIENTED_EDGE('',*,*,#2491,.F.);
#514=ORIENTED_EDGE('',*,*,#2492,.F.);
#515=ORIENTED_EDGE('',*,*,#2493,.F.);
#516=ORIENTED_EDGE('',*,*,#2494,.F.);
#517=ORIENTED_EDGE('',*,*,#2495,.F.);
#518=ORIENTED_EDGE('',*,*,#2482,.T.);
#519=ORIENTED_EDGE('',*,*,#2496,.F.);
#520=ORIENTED_EDGE('',*,*,#2491,.T.);
#521=ORIENTED_EDGE('',*,*,#2497,.T.);
#522=ORIENTED_EDGE('',*,*,#2481,.T.);
#523=ORIENTED_EDGE('',*,*,#2498,.F.);
#524=ORIENTED_EDGE('',*,*,#2492,.T.);
#525=ORIENTED_EDGE('',*,*,#2496,.T.);
#526=ORIENTED_EDGE('',*,*,#2499,.F.);
#527=ORIENTED_EDGE('',*,*,#2493,.T.);
#528=ORIENTED_EDGE('',*,*,#2498,.T.);
#529=ORIENTED_EDGE('',*,*,#2480,.T.);
#530=ORIENTED_EDGE('',*,*,#2500,.T.);
#531=ORIENTED_EDGE('',*,*,#2501,.F.);
#532=ORIENTED_EDGE('',*,*,#2502,.F.);
#533=ORIENTED_EDGE('',*,*,#2494,.T.);
#534=ORIENTED_EDGE('',*,*,#2499,.T.);
#535=ORIENTED_EDGE('',*,*,#2503,.F.);
#536=ORIENTED_EDGE('',*,*,#2484,.F.);
#537=ORIENTED_EDGE('',*,*,#2504,.F.);
#538=ORIENTED_EDGE('',*,*,#2495,.T.);
#539=ORIENTED_EDGE('',*,*,#2502,.T.);
#540=ORIENTED_EDGE('',*,*,#2505,.F.);
#541=ORIENTED_EDGE('',*,*,#2506,.T.);
#542=ORIENTED_EDGE('',*,*,#2483,.T.);
#543=ORIENTED_EDGE('',*,*,#2497,.F.);
#544=ORIENTED_EDGE('',*,*,#2490,.T.);
#545=ORIENTED_EDGE('',*,*,#2504,.T.);
#546=ORIENTED_EDGE('',*,*,#2501,.T.);
#547=ORIENTED_EDGE('',*,*,#2507,.T.);
#548=ORIENTED_EDGE('',*,*,#2505,.T.);
#549=ORIENTED_EDGE('',*,*,#2503,.T.);
#550=ORIENTED_EDGE('',*,*,#2508,.F.);
#551=ORIENTED_EDGE('',*,*,#2509,.F.);
#552=ORIENTED_EDGE('',*,*,#2510,.F.);
#553=ORIENTED_EDGE('',*,*,#2511,.F.);
#554=ORIENTED_EDGE('',*,*,#2512,.F.);
#555=ORIENTED_EDGE('',*,*,#2513,.F.);
#556=ORIENTED_EDGE('',*,*,#2476,.T.);
#557=ORIENTED_EDGE('',*,*,#2514,.F.);
#558=ORIENTED_EDGE('',*,*,#2509,.T.);
#559=ORIENTED_EDGE('',*,*,#2515,.T.);
#560=ORIENTED_EDGE('',*,*,#2475,.T.);
#561=ORIENTED_EDGE('',*,*,#2516,.F.);
#562=ORIENTED_EDGE('',*,*,#2510,.T.);
#563=ORIENTED_EDGE('',*,*,#2514,.T.);
#564=ORIENTED_EDGE('',*,*,#2517,.F.);
#565=ORIENTED_EDGE('',*,*,#2511,.T.);
#566=ORIENTED_EDGE('',*,*,#2516,.T.);
#567=ORIENTED_EDGE('',*,*,#2474,.T.);
#568=ORIENTED_EDGE('',*,*,#2518,.T.);
#569=ORIENTED_EDGE('',*,*,#2519,.F.);
#570=ORIENTED_EDGE('',*,*,#2520,.F.);
#571=ORIENTED_EDGE('',*,*,#2512,.T.);
#572=ORIENTED_EDGE('',*,*,#2517,.T.);
#573=ORIENTED_EDGE('',*,*,#2521,.F.);
#574=ORIENTED_EDGE('',*,*,#2478,.F.);
#575=ORIENTED_EDGE('',*,*,#2522,.F.);
#576=ORIENTED_EDGE('',*,*,#2513,.T.);
#577=ORIENTED_EDGE('',*,*,#2520,.T.);
#578=ORIENTED_EDGE('',*,*,#2523,.F.);
#579=ORIENTED_EDGE('',*,*,#2524,.T.);
#580=ORIENTED_EDGE('',*,*,#2477,.T.);
#581=ORIENTED_EDGE('',*,*,#2515,.F.);
#582=ORIENTED_EDGE('',*,*,#2508,.T.);
#583=ORIENTED_EDGE('',*,*,#2522,.T.);
#584=ORIENTED_EDGE('',*,*,#2519,.T.);
#585=ORIENTED_EDGE('',*,*,#2525,.T.);
#586=ORIENTED_EDGE('',*,*,#2523,.T.);
#587=ORIENTED_EDGE('',*,*,#2521,.T.);
#588=ORIENTED_EDGE('',*,*,#2526,.F.);
#589=ORIENTED_EDGE('',*,*,#2527,.F.);
#590=ORIENTED_EDGE('',*,*,#2528,.F.);
#591=ORIENTED_EDGE('',*,*,#2529,.F.);
#592=ORIENTED_EDGE('',*,*,#2530,.F.);
#593=ORIENTED_EDGE('',*,*,#2531,.F.);
#594=ORIENTED_EDGE('',*,*,#2470,.T.);
#595=ORIENTED_EDGE('',*,*,#2532,.F.);
#596=ORIENTED_EDGE('',*,*,#2527,.T.);
#597=ORIENTED_EDGE('',*,*,#2533,.T.);
#598=ORIENTED_EDGE('',*,*,#2469,.T.);
#599=ORIENTED_EDGE('',*,*,#2534,.F.);
#600=ORIENTED_EDGE('',*,*,#2528,.T.);
#601=ORIENTED_EDGE('',*,*,#2532,.T.);
#602=ORIENTED_EDGE('',*,*,#2535,.F.);
#603=ORIENTED_EDGE('',*,*,#2529,.T.);
#604=ORIENTED_EDGE('',*,*,#2534,.T.);
#605=ORIENTED_EDGE('',*,*,#2468,.T.);
#606=ORIENTED_EDGE('',*,*,#2536,.T.);
#607=ORIENTED_EDGE('',*,*,#2537,.F.);
#608=ORIENTED_EDGE('',*,*,#2538,.F.);
#609=ORIENTED_EDGE('',*,*,#2530,.T.);
#610=ORIENTED_EDGE('',*,*,#2535,.T.);
#611=ORIENTED_EDGE('',*,*,#2539,.F.);
#612=ORIENTED_EDGE('',*,*,#2472,.F.);
#613=ORIENTED_EDGE('',*,*,#2540,.F.);
#614=ORIENTED_EDGE('',*,*,#2531,.T.);
#615=ORIENTED_EDGE('',*,*,#2538,.T.);
#616=ORIENTED_EDGE('',*,*,#2541,.F.);
#617=ORIENTED_EDGE('',*,*,#2542,.T.);
#618=ORIENTED_EDGE('',*,*,#2471,.T.);
#619=ORIENTED_EDGE('',*,*,#2533,.F.);
#620=ORIENTED_EDGE('',*,*,#2526,.T.);
#621=ORIENTED_EDGE('',*,*,#2540,.T.);
#622=ORIENTED_EDGE('',*,*,#2537,.T.);
#623=ORIENTED_EDGE('',*,*,#2543,.T.);
#624=ORIENTED_EDGE('',*,*,#2541,.T.);
#625=ORIENTED_EDGE('',*,*,#2539,.T.);
#626=ORIENTED_EDGE('',*,*,#2544,.F.);
#627=ORIENTED_EDGE('',*,*,#2545,.F.);
#628=ORIENTED_EDGE('',*,*,#2546,.F.);
#629=ORIENTED_EDGE('',*,*,#2547,.F.);
#630=ORIENTED_EDGE('',*,*,#2548,.F.);
#631=ORIENTED_EDGE('',*,*,#2549,.F.);
#632=ORIENTED_EDGE('',*,*,#2464,.T.);
#633=ORIENTED_EDGE('',*,*,#2550,.F.);
#634=ORIENTED_EDGE('',*,*,#2545,.T.);
#635=ORIENTED_EDGE('',*,*,#2551,.T.);
#636=ORIENTED_EDGE('',*,*,#2463,.T.);
#637=ORIENTED_EDGE('',*,*,#2552,.F.);
#638=ORIENTED_EDGE('',*,*,#2546,.T.);
#639=ORIENTED_EDGE('',*,*,#2550,.T.);
#640=ORIENTED_EDGE('',*,*,#2553,.F.);
#641=ORIENTED_EDGE('',*,*,#2547,.T.);
#642=ORIENTED_EDGE('',*,*,#2552,.T.);
#643=ORIENTED_EDGE('',*,*,#2462,.T.);
#644=ORIENTED_EDGE('',*,*,#2554,.T.);
#645=ORIENTED_EDGE('',*,*,#2555,.F.);
#646=ORIENTED_EDGE('',*,*,#2556,.F.);
#647=ORIENTED_EDGE('',*,*,#2548,.T.);
#648=ORIENTED_EDGE('',*,*,#2553,.T.);
#649=ORIENTED_EDGE('',*,*,#2557,.F.);
#650=ORIENTED_EDGE('',*,*,#2466,.F.);
#651=ORIENTED_EDGE('',*,*,#2558,.F.);
#652=ORIENTED_EDGE('',*,*,#2549,.T.);
#653=ORIENTED_EDGE('',*,*,#2556,.T.);
#654=ORIENTED_EDGE('',*,*,#2559,.F.);
#655=ORIENTED_EDGE('',*,*,#2560,.T.);
#656=ORIENTED_EDGE('',*,*,#2465,.T.);
#657=ORIENTED_EDGE('',*,*,#2551,.F.);
#658=ORIENTED_EDGE('',*,*,#2544,.T.);
#659=ORIENTED_EDGE('',*,*,#2558,.T.);
#660=ORIENTED_EDGE('',*,*,#2555,.T.);
#661=ORIENTED_EDGE('',*,*,#2561,.T.);
#662=ORIENTED_EDGE('',*,*,#2559,.T.);
#663=ORIENTED_EDGE('',*,*,#2557,.T.);
#664=ORIENTED_EDGE('',*,*,#2562,.F.);
#665=ORIENTED_EDGE('',*,*,#2563,.F.);
#666=ORIENTED_EDGE('',*,*,#2564,.F.);
#667=ORIENTED_EDGE('',*,*,#2565,.F.);
#668=ORIENTED_EDGE('',*,*,#2566,.F.);
#669=ORIENTED_EDGE('',*,*,#2567,.F.);
#670=ORIENTED_EDGE('',*,*,#2458,.T.);
#671=ORIENTED_EDGE('',*,*,#2568,.F.);
#672=ORIENTED_EDGE('',*,*,#2563,.T.);
#673=ORIENTED_EDGE('',*,*,#2569,.T.);
#674=ORIENTED_EDGE('',*,*,#2457,.T.);
#675=ORIENTED_EDGE('',*,*,#2570,.F.);
#676=ORIENTED_EDGE('',*,*,#2564,.T.);
#677=ORIENTED_EDGE('',*,*,#2568,.T.);
#678=ORIENTED_EDGE('',*,*,#2571,.F.);
#679=ORIENTED_EDGE('',*,*,#2565,.T.);
#680=ORIENTED_EDGE('',*,*,#2570,.T.);
#681=ORIENTED_EDGE('',*,*,#2456,.T.);
#682=ORIENTED_EDGE('',*,*,#2572,.T.);
#683=ORIENTED_EDGE('',*,*,#2573,.F.);
#684=ORIENTED_EDGE('',*,*,#2574,.F.);
#685=ORIENTED_EDGE('',*,*,#2566,.T.);
#686=ORIENTED_EDGE('',*,*,#2571,.T.);
#687=ORIENTED_EDGE('',*,*,#2575,.F.);
#688=ORIENTED_EDGE('',*,*,#2460,.F.);
#689=ORIENTED_EDGE('',*,*,#2576,.F.);
#690=ORIENTED_EDGE('',*,*,#2567,.T.);
#691=ORIENTED_EDGE('',*,*,#2574,.T.);
#692=ORIENTED_EDGE('',*,*,#2577,.F.);
#693=ORIENTED_EDGE('',*,*,#2578,.T.);
#694=ORIENTED_EDGE('',*,*,#2459,.T.);
#695=ORIENTED_EDGE('',*,*,#2569,.F.);
#696=ORIENTED_EDGE('',*,*,#2562,.T.);
#697=ORIENTED_EDGE('',*,*,#2576,.T.);
#698=ORIENTED_EDGE('',*,*,#2573,.T.);
#699=ORIENTED_EDGE('',*,*,#2579,.T.);
#700=ORIENTED_EDGE('',*,*,#2577,.T.);
#701=ORIENTED_EDGE('',*,*,#2575,.T.);
#702=ORIENTED_EDGE('',*,*,#2580,.F.);
#703=ORIENTED_EDGE('',*,*,#2581,.F.);
#704=ORIENTED_EDGE('',*,*,#2582,.F.);
#705=ORIENTED_EDGE('',*,*,#2583,.F.);
#706=ORIENTED_EDGE('',*,*,#2584,.F.);
#707=ORIENTED_EDGE('',*,*,#2585,.F.);
#708=ORIENTED_EDGE('',*,*,#2452,.T.);
#709=ORIENTED_EDGE('',*,*,#2586,.F.);
#710=ORIENTED_EDGE('',*,*,#2581,.T.);
#711=ORIENTED_EDGE('',*,*,#2587,.T.);
#712=ORIENTED_EDGE('',*,*,#2451,.T.);
#713=ORIENTED_EDGE('',*,*,#2588,.F.);
#714=ORIENTED_EDGE('',*,*,#2582,.T.);
#715=ORIENTED_EDGE('',*,*,#2586,.T.);
#716=ORIENTED_EDGE('',*,*,#2589,.F.);
#717=ORIENTED_EDGE('',*,*,#2583,.T.);
#718=ORIENTED_EDGE('',*,*,#2588,.T.);
#719=ORIENTED_EDGE('',*,*,#2450,.T.);
#720=ORIENTED_EDGE('',*,*,#2590,.T.);
#721=ORIENTED_EDGE('',*,*,#2591,.F.);
#722=ORIENTED_EDGE('',*,*,#2592,.F.);
#723=ORIENTED_EDGE('',*,*,#2584,.T.);
#724=ORIENTED_EDGE('',*,*,#2589,.T.);
#725=ORIENTED_EDGE('',*,*,#2593,.F.);
#726=ORIENTED_EDGE('',*,*,#2454,.F.);
#727=ORIENTED_EDGE('',*,*,#2594,.F.);
#728=ORIENTED_EDGE('',*,*,#2585,.T.);
#729=ORIENTED_EDGE('',*,*,#2592,.T.);
#730=ORIENTED_EDGE('',*,*,#2595,.F.);
#731=ORIENTED_EDGE('',*,*,#2596,.T.);
#732=ORIENTED_EDGE('',*,*,#2453,.T.);
#733=ORIENTED_EDGE('',*,*,#2587,.F.);
#734=ORIENTED_EDGE('',*,*,#2580,.T.);
#735=ORIENTED_EDGE('',*,*,#2594,.T.);
#736=ORIENTED_EDGE('',*,*,#2591,.T.);
#737=ORIENTED_EDGE('',*,*,#2597,.T.);
#738=ORIENTED_EDGE('',*,*,#2595,.T.);
#739=ORIENTED_EDGE('',*,*,#2593,.T.);
#740=ORIENTED_EDGE('',*,*,#2598,.F.);
#741=ORIENTED_EDGE('',*,*,#2599,.F.);
#742=ORIENTED_EDGE('',*,*,#2600,.F.);
#743=ORIENTED_EDGE('',*,*,#2601,.F.);
#744=ORIENTED_EDGE('',*,*,#2602,.F.);
#745=ORIENTED_EDGE('',*,*,#2603,.F.);
#746=ORIENTED_EDGE('',*,*,#2446,.T.);
#747=ORIENTED_EDGE('',*,*,#2604,.F.);
#748=ORIENTED_EDGE('',*,*,#2599,.T.);
#749=ORIENTED_EDGE('',*,*,#2605,.T.);
#750=ORIENTED_EDGE('',*,*,#2445,.T.);
#751=ORIENTED_EDGE('',*,*,#2606,.F.);
#752=ORIENTED_EDGE('',*,*,#2600,.T.);
#753=ORIENTED_EDGE('',*,*,#2604,.T.);
#754=ORIENTED_EDGE('',*,*,#2607,.F.);
#755=ORIENTED_EDGE('',*,*,#2601,.T.);
#756=ORIENTED_EDGE('',*,*,#2606,.T.);
#757=ORIENTED_EDGE('',*,*,#2444,.T.);
#758=ORIENTED_EDGE('',*,*,#2608,.T.);
#759=ORIENTED_EDGE('',*,*,#2609,.F.);
#760=ORIENTED_EDGE('',*,*,#2610,.F.);
#761=ORIENTED_EDGE('',*,*,#2602,.T.);
#762=ORIENTED_EDGE('',*,*,#2607,.T.);
#763=ORIENTED_EDGE('',*,*,#2611,.F.);
#764=ORIENTED_EDGE('',*,*,#2448,.F.);
#765=ORIENTED_EDGE('',*,*,#2612,.F.);
#766=ORIENTED_EDGE('',*,*,#2603,.T.);
#767=ORIENTED_EDGE('',*,*,#2610,.T.);
#768=ORIENTED_EDGE('',*,*,#2613,.F.);
#769=ORIENTED_EDGE('',*,*,#2614,.T.);
#770=ORIENTED_EDGE('',*,*,#2447,.T.);
#771=ORIENTED_EDGE('',*,*,#2605,.F.);
#772=ORIENTED_EDGE('',*,*,#2598,.T.);
#773=ORIENTED_EDGE('',*,*,#2612,.T.);
#774=ORIENTED_EDGE('',*,*,#2609,.T.);
#775=ORIENTED_EDGE('',*,*,#2615,.T.);
#776=ORIENTED_EDGE('',*,*,#2613,.T.);
#777=ORIENTED_EDGE('',*,*,#2611,.T.);
#778=ORIENTED_EDGE('',*,*,#2616,.F.);
#779=ORIENTED_EDGE('',*,*,#2617,.F.);
#780=ORIENTED_EDGE('',*,*,#2618,.F.);
#781=ORIENTED_EDGE('',*,*,#2619,.F.);
#782=ORIENTED_EDGE('',*,*,#2620,.F.);
#783=ORIENTED_EDGE('',*,*,#2621,.F.);
#784=ORIENTED_EDGE('',*,*,#2440,.T.);
#785=ORIENTED_EDGE('',*,*,#2622,.F.);
#786=ORIENTED_EDGE('',*,*,#2617,.T.);
#787=ORIENTED_EDGE('',*,*,#2623,.T.);
#788=ORIENTED_EDGE('',*,*,#2439,.T.);
#789=ORIENTED_EDGE('',*,*,#2624,.F.);
#790=ORIENTED_EDGE('',*,*,#2618,.T.);
#791=ORIENTED_EDGE('',*,*,#2622,.T.);
#792=ORIENTED_EDGE('',*,*,#2625,.F.);
#793=ORIENTED_EDGE('',*,*,#2619,.T.);
#794=ORIENTED_EDGE('',*,*,#2624,.T.);
#795=ORIENTED_EDGE('',*,*,#2438,.T.);
#796=ORIENTED_EDGE('',*,*,#2626,.T.);
#797=ORIENTED_EDGE('',*,*,#2627,.F.);
#798=ORIENTED_EDGE('',*,*,#2628,.F.);
#799=ORIENTED_EDGE('',*,*,#2620,.T.);
#800=ORIENTED_EDGE('',*,*,#2625,.T.);
#801=ORIENTED_EDGE('',*,*,#2629,.F.);
#802=ORIENTED_EDGE('',*,*,#2442,.F.);
#803=ORIENTED_EDGE('',*,*,#2630,.F.);
#804=ORIENTED_EDGE('',*,*,#2621,.T.);
#805=ORIENTED_EDGE('',*,*,#2628,.T.);
#806=ORIENTED_EDGE('',*,*,#2631,.F.);
#807=ORIENTED_EDGE('',*,*,#2632,.T.);
#808=ORIENTED_EDGE('',*,*,#2441,.T.);
#809=ORIENTED_EDGE('',*,*,#2623,.F.);
#810=ORIENTED_EDGE('',*,*,#2616,.T.);
#811=ORIENTED_EDGE('',*,*,#2630,.T.);
#812=ORIENTED_EDGE('',*,*,#2627,.T.);
#813=ORIENTED_EDGE('',*,*,#2633,.T.);
#814=ORIENTED_EDGE('',*,*,#2631,.T.);
#815=ORIENTED_EDGE('',*,*,#2629,.T.);
#816=ORIENTED_EDGE('',*,*,#2634,.F.);
#817=ORIENTED_EDGE('',*,*,#2635,.F.);
#818=ORIENTED_EDGE('',*,*,#2636,.F.);
#819=ORIENTED_EDGE('',*,*,#2637,.F.);
#820=ORIENTED_EDGE('',*,*,#2638,.F.);
#821=ORIENTED_EDGE('',*,*,#2639,.F.);
#822=ORIENTED_EDGE('',*,*,#2434,.T.);
#823=ORIENTED_EDGE('',*,*,#2640,.F.);
#824=ORIENTED_EDGE('',*,*,#2635,.T.);
#825=ORIENTED_EDGE('',*,*,#2641,.T.);
#826=ORIENTED_EDGE('',*,*,#2433,.T.);
#827=ORIENTED_EDGE('',*,*,#2642,.F.);
#828=ORIENTED_EDGE('',*,*,#2636,.T.);
#829=ORIENTED_EDGE('',*,*,#2640,.T.);
#830=ORIENTED_EDGE('',*,*,#2643,.F.);
#831=ORIENTED_EDGE('',*,*,#2637,.T.);
#832=ORIENTED_EDGE('',*,*,#2642,.T.);
#833=ORIENTED_EDGE('',*,*,#2432,.T.);
#834=ORIENTED_EDGE('',*,*,#2644,.T.);
#835=ORIENTED_EDGE('',*,*,#2645,.F.);
#836=ORIENTED_EDGE('',*,*,#2646,.F.);
#837=ORIENTED_EDGE('',*,*,#2638,.T.);
#838=ORIENTED_EDGE('',*,*,#2643,.T.);
#839=ORIENTED_EDGE('',*,*,#2647,.F.);
#840=ORIENTED_EDGE('',*,*,#2436,.F.);
#841=ORIENTED_EDGE('',*,*,#2648,.F.);
#842=ORIENTED_EDGE('',*,*,#2639,.T.);
#843=ORIENTED_EDGE('',*,*,#2646,.T.);
#844=ORIENTED_EDGE('',*,*,#2649,.F.);
#845=ORIENTED_EDGE('',*,*,#2650,.T.);
#846=ORIENTED_EDGE('',*,*,#2435,.T.);
#847=ORIENTED_EDGE('',*,*,#2641,.F.);
#848=ORIENTED_EDGE('',*,*,#2634,.T.);
#849=ORIENTED_EDGE('',*,*,#2648,.T.);
#850=ORIENTED_EDGE('',*,*,#2645,.T.);
#851=ORIENTED_EDGE('',*,*,#2651,.T.);
#852=ORIENTED_EDGE('',*,*,#2649,.T.);
#853=ORIENTED_EDGE('',*,*,#2647,.T.);
#854=ORIENTED_EDGE('',*,*,#2429,.T.);
#855=ORIENTED_EDGE('',*,*,#2652,.F.);
#856=ORIENTED_EDGE('',*,*,#2653,.T.);
#857=ORIENTED_EDGE('',*,*,#2654,.T.);
#858=ORIENTED_EDGE('',*,*,#2430,.F.);
#859=ORIENTED_EDGE('',*,*,#2654,.F.);
#860=ORIENTED_EDGE('',*,*,#2655,.T.);
#861=ORIENTED_EDGE('',*,*,#2656,.T.);
#862=ORIENTED_EDGE('',*,*,#2657,.F.);
#863=ORIENTED_EDGE('',*,*,#2658,.T.);
#864=ORIENTED_EDGE('',*,*,#2656,.F.);
#865=ORIENTED_EDGE('',*,*,#2659,.T.);
#866=ORIENTED_EDGE('',*,*,#2660,.T.);
#867=ORIENTED_EDGE('',*,*,#2661,.F.);
#868=ORIENTED_EDGE('',*,*,#2660,.F.);
#869=ORIENTED_EDGE('',*,*,#2662,.T.);
#870=ORIENTED_EDGE('',*,*,#2663,.T.);
#871=ORIENTED_EDGE('',*,*,#2426,.T.);
#872=ORIENTED_EDGE('',*,*,#2664,.T.);
#873=ORIENTED_EDGE('',*,*,#2665,.F.);
#874=ORIENTED_EDGE('',*,*,#2427,.T.);
#875=ORIENTED_EDGE('',*,*,#2663,.F.);
#876=ORIENTED_EDGE('',*,*,#2666,.T.);
#877=ORIENTED_EDGE('',*,*,#2667,.T.);
#878=ORIENTED_EDGE('',*,*,#2428,.T.);
#879=ORIENTED_EDGE('',*,*,#2667,.F.);
#880=ORIENTED_EDGE('',*,*,#2668,.T.);
#881=ORIENTED_EDGE('',*,*,#2652,.T.);
#882=ORIENTED_EDGE('',*,*,#2653,.F.);
#883=ORIENTED_EDGE('',*,*,#2668,.F.);
#884=ORIENTED_EDGE('',*,*,#2666,.F.);
#885=ORIENTED_EDGE('',*,*,#2662,.F.);
#886=ORIENTED_EDGE('',*,*,#2659,.F.);
#887=ORIENTED_EDGE('',*,*,#2655,.F.);
#888=ORIENTED_EDGE('',*,*,#2665,.T.);
#889=ORIENTED_EDGE('',*,*,#2669,.T.);
#890=ORIENTED_EDGE('',*,*,#2657,.T.);
#891=ORIENTED_EDGE('',*,*,#2661,.T.);
#892=ORIENTED_EDGE('',*,*,#2241,.T.);
#893=ORIENTED_EDGE('',*,*,#2506,.F.);
#894=ORIENTED_EDGE('',*,*,#2507,.F.);
#895=ORIENTED_EDGE('',*,*,#2500,.F.);
#896=ORIENTED_EDGE('',*,*,#2479,.T.);
#897=ORIENTED_EDGE('',*,*,#2524,.F.);
#898=ORIENTED_EDGE('',*,*,#2525,.F.);
#899=ORIENTED_EDGE('',*,*,#2518,.F.);
#900=ORIENTED_EDGE('',*,*,#2473,.T.);
#901=ORIENTED_EDGE('',*,*,#2542,.F.);
#902=ORIENTED_EDGE('',*,*,#2543,.F.);
#903=ORIENTED_EDGE('',*,*,#2536,.F.);
#904=ORIENTED_EDGE('',*,*,#2467,.T.);
#905=ORIENTED_EDGE('',*,*,#2560,.F.);
#906=ORIENTED_EDGE('',*,*,#2561,.F.);
#907=ORIENTED_EDGE('',*,*,#2554,.F.);
#908=ORIENTED_EDGE('',*,*,#2461,.T.);
#909=ORIENTED_EDGE('',*,*,#2578,.F.);
#910=ORIENTED_EDGE('',*,*,#2579,.F.);
#911=ORIENTED_EDGE('',*,*,#2572,.F.);
#912=ORIENTED_EDGE('',*,*,#2455,.T.);
#913=ORIENTED_EDGE('',*,*,#2596,.F.);
#914=ORIENTED_EDGE('',*,*,#2597,.F.);
#915=ORIENTED_EDGE('',*,*,#2590,.F.);
#916=ORIENTED_EDGE('',*,*,#2449,.T.);
#917=ORIENTED_EDGE('',*,*,#2614,.F.);
#918=ORIENTED_EDGE('',*,*,#2615,.F.);
#919=ORIENTED_EDGE('',*,*,#2608,.F.);
#920=ORIENTED_EDGE('',*,*,#2443,.T.);
#921=ORIENTED_EDGE('',*,*,#2632,.F.);
#922=ORIENTED_EDGE('',*,*,#2633,.F.);
#923=ORIENTED_EDGE('',*,*,#2626,.F.);
#924=ORIENTED_EDGE('',*,*,#2437,.T.);
#925=ORIENTED_EDGE('',*,*,#2650,.F.);
#926=ORIENTED_EDGE('',*,*,#2651,.F.);
#927=ORIENTED_EDGE('',*,*,#2644,.F.);
#928=ORIENTED_EDGE('',*,*,#2431,.T.);
#929=ORIENTED_EDGE('',*,*,#2658,.F.);
#930=ORIENTED_EDGE('',*,*,#2669,.F.);
#931=ORIENTED_EDGE('',*,*,#2664,.F.);
#932=ORIENTED_EDGE('',*,*,#2425,.T.);
#933=ORIENTED_EDGE('',*,*,#2670,.F.);
#934=ORIENTED_EDGE('',*,*,#2671,.F.);
#935=ORIENTED_EDGE('',*,*,#2672,.T.);
#936=ORIENTED_EDGE('',*,*,#2673,.T.);
#937=ORIENTED_EDGE('',*,*,#2674,.T.);
#938=ORIENTED_EDGE('',*,*,#2675,.T.);
#939=ORIENTED_EDGE('',*,*,#2676,.T.);
#940=ORIENTED_EDGE('',*,*,#2422,.T.);
#941=ORIENTED_EDGE('',*,*,#2677,.F.);
#942=ORIENTED_EDGE('',*,*,#2678,.T.);
#943=ORIENTED_EDGE('',*,*,#2679,.T.);
#944=ORIENTED_EDGE('',*,*,#2423,.F.);
#945=ORIENTED_EDGE('',*,*,#2679,.F.);
#946=ORIENTED_EDGE('',*,*,#2680,.T.);
#947=ORIENTED_EDGE('',*,*,#2681,.T.);
#948=ORIENTED_EDGE('',*,*,#2675,.F.);
#949=ORIENTED_EDGE('',*,*,#2682,.T.);
#950=ORIENTED_EDGE('',*,*,#2681,.F.);
#951=ORIENTED_EDGE('',*,*,#2683,.T.);
#952=ORIENTED_EDGE('',*,*,#2684,.T.);
#953=ORIENTED_EDGE('',*,*,#2676,.F.);
#954=ORIENTED_EDGE('',*,*,#2684,.F.);
#955=ORIENTED_EDGE('',*,*,#2685,.T.);
#956=ORIENTED_EDGE('',*,*,#2686,.T.);
#957=ORIENTED_EDGE('',*,*,#2419,.T.);
#958=ORIENTED_EDGE('',*,*,#2687,.T.);
#959=ORIENTED_EDGE('',*,*,#2673,.F.);
#960=ORIENTED_EDGE('',*,*,#2420,.T.);
#961=ORIENTED_EDGE('',*,*,#2686,.F.);
#962=ORIENTED_EDGE('',*,*,#2688,.T.);
#963=ORIENTED_EDGE('',*,*,#2689,.T.);
#964=ORIENTED_EDGE('',*,*,#2421,.T.);
#965=ORIENTED_EDGE('',*,*,#2689,.F.);
#966=ORIENTED_EDGE('',*,*,#2690,.T.);
#967=ORIENTED_EDGE('',*,*,#2677,.T.);
#968=ORIENTED_EDGE('',*,*,#2678,.F.);
#969=ORIENTED_EDGE('',*,*,#2690,.F.);
#970=ORIENTED_EDGE('',*,*,#2688,.F.);
#971=ORIENTED_EDGE('',*,*,#2685,.F.);
#972=ORIENTED_EDGE('',*,*,#2683,.F.);
#973=ORIENTED_EDGE('',*,*,#2680,.F.);
#974=ORIENTED_EDGE('',*,*,#2691,.T.);
#975=ORIENTED_EDGE('',*,*,#2692,.T.);
#976=ORIENTED_EDGE('',*,*,#2693,.T.);
#977=ORIENTED_EDGE('',*,*,#2694,.T.);
#978=ORIENTED_EDGE('',*,*,#2416,.T.);
#979=ORIENTED_EDGE('',*,*,#2695,.F.);
#980=ORIENTED_EDGE('',*,*,#2696,.T.);
#981=ORIENTED_EDGE('',*,*,#2697,.T.);
#982=ORIENTED_EDGE('',*,*,#2417,.F.);
#983=ORIENTED_EDGE('',*,*,#2697,.F.);
#984=ORIENTED_EDGE('',*,*,#2698,.T.);
#985=ORIENTED_EDGE('',*,*,#2699,.T.);
#986=ORIENTED_EDGE('',*,*,#2693,.F.);
#987=ORIENTED_EDGE('',*,*,#2700,.T.);
#988=ORIENTED_EDGE('',*,*,#2699,.F.);
#989=ORIENTED_EDGE('',*,*,#2701,.T.);
#990=ORIENTED_EDGE('',*,*,#2702,.T.);
#991=ORIENTED_EDGE('',*,*,#2694,.F.);
#992=ORIENTED_EDGE('',*,*,#2702,.F.);
#993=ORIENTED_EDGE('',*,*,#2703,.T.);
#994=ORIENTED_EDGE('',*,*,#2704,.T.);
#995=ORIENTED_EDGE('',*,*,#2413,.T.);
#996=ORIENTED_EDGE('',*,*,#2705,.T.);
#997=ORIENTED_EDGE('',*,*,#2691,.F.);
#998=ORIENTED_EDGE('',*,*,#2414,.T.);
#999=ORIENTED_EDGE('',*,*,#2704,.F.);
#1000=ORIENTED_EDGE('',*,*,#2706,.T.);
#1001=ORIENTED_EDGE('',*,*,#2707,.T.);
#1002=ORIENTED_EDGE('',*,*,#2415,.T.);
#1003=ORIENTED_EDGE('',*,*,#2707,.F.);
#1004=ORIENTED_EDGE('',*,*,#2708,.T.);
#1005=ORIENTED_EDGE('',*,*,#2695,.T.);
#1006=ORIENTED_EDGE('',*,*,#2696,.F.);
#1007=ORIENTED_EDGE('',*,*,#2708,.F.);
#1008=ORIENTED_EDGE('',*,*,#2706,.F.);
#1009=ORIENTED_EDGE('',*,*,#2703,.F.);
#1010=ORIENTED_EDGE('',*,*,#2701,.F.);
#1011=ORIENTED_EDGE('',*,*,#2698,.F.);
#1012=ORIENTED_EDGE('',*,*,#2709,.T.);
#1013=ORIENTED_EDGE('',*,*,#2710,.T.);
#1014=ORIENTED_EDGE('',*,*,#2711,.T.);
#1015=ORIENTED_EDGE('',*,*,#2712,.T.);
#1016=ORIENTED_EDGE('',*,*,#2410,.T.);
#1017=ORIENTED_EDGE('',*,*,#2713,.F.);
#1018=ORIENTED_EDGE('',*,*,#2714,.T.);
#1019=ORIENTED_EDGE('',*,*,#2715,.T.);
#1020=ORIENTED_EDGE('',*,*,#2411,.F.);
#1021=ORIENTED_EDGE('',*,*,#2715,.F.);
#1022=ORIENTED_EDGE('',*,*,#2716,.T.);
#1023=ORIENTED_EDGE('',*,*,#2717,.T.);
#1024=ORIENTED_EDGE('',*,*,#2711,.F.);
#1025=ORIENTED_EDGE('',*,*,#2718,.T.);
#1026=ORIENTED_EDGE('',*,*,#2717,.F.);
#1027=ORIENTED_EDGE('',*,*,#2719,.T.);
#1028=ORIENTED_EDGE('',*,*,#2720,.T.);
#1029=ORIENTED_EDGE('',*,*,#2712,.F.);
#1030=ORIENTED_EDGE('',*,*,#2720,.F.);
#1031=ORIENTED_EDGE('',*,*,#2721,.T.);
#1032=ORIENTED_EDGE('',*,*,#2722,.T.);
#1033=ORIENTED_EDGE('',*,*,#2407,.T.);
#1034=ORIENTED_EDGE('',*,*,#2723,.T.);
#1035=ORIENTED_EDGE('',*,*,#2709,.F.);
#1036=ORIENTED_EDGE('',*,*,#2408,.T.);
#1037=ORIENTED_EDGE('',*,*,#2722,.F.);
#1038=ORIENTED_EDGE('',*,*,#2724,.T.);
#1039=ORIENTED_EDGE('',*,*,#2725,.T.);
#1040=ORIENTED_EDGE('',*,*,#2409,.T.);
#1041=ORIENTED_EDGE('',*,*,#2725,.F.);
#1042=ORIENTED_EDGE('',*,*,#2726,.T.);
#1043=ORIENTED_EDGE('',*,*,#2713,.T.);
#1044=ORIENTED_EDGE('',*,*,#2714,.F.);
#1045=ORIENTED_EDGE('',*,*,#2726,.F.);
#1046=ORIENTED_EDGE('',*,*,#2724,.F.);
#1047=ORIENTED_EDGE('',*,*,#2721,.F.);
#1048=ORIENTED_EDGE('',*,*,#2719,.F.);
#1049=ORIENTED_EDGE('',*,*,#2716,.F.);
#1050=ORIENTED_EDGE('',*,*,#2727,.T.);
#1051=ORIENTED_EDGE('',*,*,#2728,.T.);
#1052=ORIENTED_EDGE('',*,*,#2729,.T.);
#1053=ORIENTED_EDGE('',*,*,#2730,.T.);
#1054=ORIENTED_EDGE('',*,*,#2404,.T.);
#1055=ORIENTED_EDGE('',*,*,#2731,.F.);
#1056=ORIENTED_EDGE('',*,*,#2732,.T.);
#1057=ORIENTED_EDGE('',*,*,#2733,.T.);
#1058=ORIENTED_EDGE('',*,*,#2405,.F.);
#1059=ORIENTED_EDGE('',*,*,#2733,.F.);
#1060=ORIENTED_EDGE('',*,*,#2734,.T.);
#1061=ORIENTED_EDGE('',*,*,#2735,.T.);
#1062=ORIENTED_EDGE('',*,*,#2729,.F.);
#1063=ORIENTED_EDGE('',*,*,#2736,.T.);
#1064=ORIENTED_EDGE('',*,*,#2735,.F.);
#1065=ORIENTED_EDGE('',*,*,#2737,.T.);
#1066=ORIENTED_EDGE('',*,*,#2738,.T.);
#1067=ORIENTED_EDGE('',*,*,#2730,.F.);
#1068=ORIENTED_EDGE('',*,*,#2738,.F.);
#1069=ORIENTED_EDGE('',*,*,#2739,.T.);
#1070=ORIENTED_EDGE('',*,*,#2740,.T.);
#1071=ORIENTED_EDGE('',*,*,#2401,.T.);
#1072=ORIENTED_EDGE('',*,*,#2741,.T.);
#1073=ORIENTED_EDGE('',*,*,#2727,.F.);
#1074=ORIENTED_EDGE('',*,*,#2402,.T.);
#1075=ORIENTED_EDGE('',*,*,#2740,.F.);
#1076=ORIENTED_EDGE('',*,*,#2742,.T.);
#1077=ORIENTED_EDGE('',*,*,#2743,.T.);
#1078=ORIENTED_EDGE('',*,*,#2403,.T.);
#1079=ORIENTED_EDGE('',*,*,#2743,.F.);
#1080=ORIENTED_EDGE('',*,*,#2744,.T.);
#1081=ORIENTED_EDGE('',*,*,#2731,.T.);
#1082=ORIENTED_EDGE('',*,*,#2732,.F.);
#1083=ORIENTED_EDGE('',*,*,#2744,.F.);
#1084=ORIENTED_EDGE('',*,*,#2742,.F.);
#1085=ORIENTED_EDGE('',*,*,#2739,.F.);
#1086=ORIENTED_EDGE('',*,*,#2737,.F.);
#1087=ORIENTED_EDGE('',*,*,#2734,.F.);
#1088=ORIENTED_EDGE('',*,*,#2745,.T.);
#1089=ORIENTED_EDGE('',*,*,#2746,.T.);
#1090=ORIENTED_EDGE('',*,*,#2747,.T.);
#1091=ORIENTED_EDGE('',*,*,#2748,.T.);
#1092=ORIENTED_EDGE('',*,*,#2398,.T.);
#1093=ORIENTED_EDGE('',*,*,#2749,.F.);
#1094=ORIENTED_EDGE('',*,*,#2750,.T.);
#1095=ORIENTED_EDGE('',*,*,#2751,.T.);
#1096=ORIENTED_EDGE('',*,*,#2399,.F.);
#1097=ORIENTED_EDGE('',*,*,#2751,.F.);
#1098=ORIENTED_EDGE('',*,*,#2752,.T.);
#1099=ORIENTED_EDGE('',*,*,#2753,.T.);
#1100=ORIENTED_EDGE('',*,*,#2747,.F.);
#1101=ORIENTED_EDGE('',*,*,#2754,.T.);
#1102=ORIENTED_EDGE('',*,*,#2753,.F.);
#1103=ORIENTED_EDGE('',*,*,#2755,.T.);
#1104=ORIENTED_EDGE('',*,*,#2756,.T.);
#1105=ORIENTED_EDGE('',*,*,#2748,.F.);
#1106=ORIENTED_EDGE('',*,*,#2756,.F.);
#1107=ORIENTED_EDGE('',*,*,#2757,.T.);
#1108=ORIENTED_EDGE('',*,*,#2758,.T.);
#1109=ORIENTED_EDGE('',*,*,#2395,.T.);
#1110=ORIENTED_EDGE('',*,*,#2759,.T.);
#1111=ORIENTED_EDGE('',*,*,#2745,.F.);
#1112=ORIENTED_EDGE('',*,*,#2396,.T.);
#1113=ORIENTED_EDGE('',*,*,#2758,.F.);
#1114=ORIENTED_EDGE('',*,*,#2760,.T.);
#1115=ORIENTED_EDGE('',*,*,#2761,.T.);
#1116=ORIENTED_EDGE('',*,*,#2397,.T.);
#1117=ORIENTED_EDGE('',*,*,#2761,.F.);
#1118=ORIENTED_EDGE('',*,*,#2762,.T.);
#1119=ORIENTED_EDGE('',*,*,#2749,.T.);
#1120=ORIENTED_EDGE('',*,*,#2750,.F.);
#1121=ORIENTED_EDGE('',*,*,#2762,.F.);
#1122=ORIENTED_EDGE('',*,*,#2760,.F.);
#1123=ORIENTED_EDGE('',*,*,#2757,.F.);
#1124=ORIENTED_EDGE('',*,*,#2755,.F.);
#1125=ORIENTED_EDGE('',*,*,#2752,.F.);
#1126=ORIENTED_EDGE('',*,*,#2763,.T.);
#1127=ORIENTED_EDGE('',*,*,#2764,.T.);
#1128=ORIENTED_EDGE('',*,*,#2765,.T.);
#1129=ORIENTED_EDGE('',*,*,#2766,.T.);
#1130=ORIENTED_EDGE('',*,*,#2392,.T.);
#1131=ORIENTED_EDGE('',*,*,#2767,.F.);
#1132=ORIENTED_EDGE('',*,*,#2768,.T.);
#1133=ORIENTED_EDGE('',*,*,#2769,.T.);
#1134=ORIENTED_EDGE('',*,*,#2393,.F.);
#1135=ORIENTED_EDGE('',*,*,#2769,.F.);
#1136=ORIENTED_EDGE('',*,*,#2770,.T.);
#1137=ORIENTED_EDGE('',*,*,#2771,.T.);
#1138=ORIENTED_EDGE('',*,*,#2765,.F.);
#1139=ORIENTED_EDGE('',*,*,#2772,.T.);
#1140=ORIENTED_EDGE('',*,*,#2771,.F.);
#1141=ORIENTED_EDGE('',*,*,#2773,.T.);
#1142=ORIENTED_EDGE('',*,*,#2774,.T.);
#1143=ORIENTED_EDGE('',*,*,#2766,.F.);
#1144=ORIENTED_EDGE('',*,*,#2774,.F.);
#1145=ORIENTED_EDGE('',*,*,#2775,.T.);
#1146=ORIENTED_EDGE('',*,*,#2776,.T.);
#1147=ORIENTED_EDGE('',*,*,#2389,.T.);
#1148=ORIENTED_EDGE('',*,*,#2777,.T.);
#1149=ORIENTED_EDGE('',*,*,#2763,.F.);
#1150=ORIENTED_EDGE('',*,*,#2390,.T.);
#1151=ORIENTED_EDGE('',*,*,#2776,.F.);
#1152=ORIENTED_EDGE('',*,*,#2778,.T.);
#1153=ORIENTED_EDGE('',*,*,#2779,.T.);
#1154=ORIENTED_EDGE('',*,*,#2391,.T.);
#1155=ORIENTED_EDGE('',*,*,#2779,.F.);
#1156=ORIENTED_EDGE('',*,*,#2780,.T.);
#1157=ORIENTED_EDGE('',*,*,#2767,.T.);
#1158=ORIENTED_EDGE('',*,*,#2768,.F.);
#1159=ORIENTED_EDGE('',*,*,#2780,.F.);
#1160=ORIENTED_EDGE('',*,*,#2778,.F.);
#1161=ORIENTED_EDGE('',*,*,#2775,.F.);
#1162=ORIENTED_EDGE('',*,*,#2773,.F.);
#1163=ORIENTED_EDGE('',*,*,#2770,.F.);
#1164=ORIENTED_EDGE('',*,*,#2781,.T.);
#1165=ORIENTED_EDGE('',*,*,#2782,.T.);
#1166=ORIENTED_EDGE('',*,*,#2783,.T.);
#1167=ORIENTED_EDGE('',*,*,#2784,.T.);
#1168=ORIENTED_EDGE('',*,*,#2386,.T.);
#1169=ORIENTED_EDGE('',*,*,#2785,.F.);
#1170=ORIENTED_EDGE('',*,*,#2786,.T.);
#1171=ORIENTED_EDGE('',*,*,#2787,.T.);
#1172=ORIENTED_EDGE('',*,*,#2387,.F.);
#1173=ORIENTED_EDGE('',*,*,#2787,.F.);
#1174=ORIENTED_EDGE('',*,*,#2788,.T.);
#1175=ORIENTED_EDGE('',*,*,#2789,.T.);
#1176=ORIENTED_EDGE('',*,*,#2783,.F.);
#1177=ORIENTED_EDGE('',*,*,#2790,.T.);
#1178=ORIENTED_EDGE('',*,*,#2789,.F.);
#1179=ORIENTED_EDGE('',*,*,#2791,.T.);
#1180=ORIENTED_EDGE('',*,*,#2792,.T.);
#1181=ORIENTED_EDGE('',*,*,#2784,.F.);
#1182=ORIENTED_EDGE('',*,*,#2792,.F.);
#1183=ORIENTED_EDGE('',*,*,#2793,.T.);
#1184=ORIENTED_EDGE('',*,*,#2794,.T.);
#1185=ORIENTED_EDGE('',*,*,#2383,.T.);
#1186=ORIENTED_EDGE('',*,*,#2795,.T.);
#1187=ORIENTED_EDGE('',*,*,#2781,.F.);
#1188=ORIENTED_EDGE('',*,*,#2384,.T.);
#1189=ORIENTED_EDGE('',*,*,#2794,.F.);
#1190=ORIENTED_EDGE('',*,*,#2796,.T.);
#1191=ORIENTED_EDGE('',*,*,#2797,.T.);
#1192=ORIENTED_EDGE('',*,*,#2385,.T.);
#1193=ORIENTED_EDGE('',*,*,#2797,.F.);
#1194=ORIENTED_EDGE('',*,*,#2798,.T.);
#1195=ORIENTED_EDGE('',*,*,#2785,.T.);
#1196=ORIENTED_EDGE('',*,*,#2786,.F.);
#1197=ORIENTED_EDGE('',*,*,#2798,.F.);
#1198=ORIENTED_EDGE('',*,*,#2796,.F.);
#1199=ORIENTED_EDGE('',*,*,#2793,.F.);
#1200=ORIENTED_EDGE('',*,*,#2791,.F.);
#1201=ORIENTED_EDGE('',*,*,#2788,.F.);
#1202=ORIENTED_EDGE('',*,*,#2799,.T.);
#1203=ORIENTED_EDGE('',*,*,#2800,.T.);
#1204=ORIENTED_EDGE('',*,*,#2801,.T.);
#1205=ORIENTED_EDGE('',*,*,#2802,.T.);
#1206=ORIENTED_EDGE('',*,*,#2380,.T.);
#1207=ORIENTED_EDGE('',*,*,#2803,.F.);
#1208=ORIENTED_EDGE('',*,*,#2804,.T.);
#1209=ORIENTED_EDGE('',*,*,#2805,.T.);
#1210=ORIENTED_EDGE('',*,*,#2381,.F.);
#1211=ORIENTED_EDGE('',*,*,#2805,.F.);
#1212=ORIENTED_EDGE('',*,*,#2806,.T.);
#1213=ORIENTED_EDGE('',*,*,#2807,.T.);
#1214=ORIENTED_EDGE('',*,*,#2801,.F.);
#1215=ORIENTED_EDGE('',*,*,#2808,.T.);
#1216=ORIENTED_EDGE('',*,*,#2807,.F.);
#1217=ORIENTED_EDGE('',*,*,#2809,.T.);
#1218=ORIENTED_EDGE('',*,*,#2810,.T.);
#1219=ORIENTED_EDGE('',*,*,#2802,.F.);
#1220=ORIENTED_EDGE('',*,*,#2810,.F.);
#1221=ORIENTED_EDGE('',*,*,#2811,.T.);
#1222=ORIENTED_EDGE('',*,*,#2812,.T.);
#1223=ORIENTED_EDGE('',*,*,#2377,.T.);
#1224=ORIENTED_EDGE('',*,*,#2813,.T.);
#1225=ORIENTED_EDGE('',*,*,#2799,.F.);
#1226=ORIENTED_EDGE('',*,*,#2378,.T.);
#1227=ORIENTED_EDGE('',*,*,#2812,.F.);
#1228=ORIENTED_EDGE('',*,*,#2814,.T.);
#1229=ORIENTED_EDGE('',*,*,#2815,.T.);
#1230=ORIENTED_EDGE('',*,*,#2379,.T.);
#1231=ORIENTED_EDGE('',*,*,#2815,.F.);
#1232=ORIENTED_EDGE('',*,*,#2816,.T.);
#1233=ORIENTED_EDGE('',*,*,#2803,.T.);
#1234=ORIENTED_EDGE('',*,*,#2804,.F.);
#1235=ORIENTED_EDGE('',*,*,#2816,.F.);
#1236=ORIENTED_EDGE('',*,*,#2814,.F.);
#1237=ORIENTED_EDGE('',*,*,#2811,.F.);
#1238=ORIENTED_EDGE('',*,*,#2809,.F.);
#1239=ORIENTED_EDGE('',*,*,#2806,.F.);
#1240=ORIENTED_EDGE('',*,*,#2817,.T.);
#1241=ORIENTED_EDGE('',*,*,#2818,.T.);
#1242=ORIENTED_EDGE('',*,*,#2819,.T.);
#1243=ORIENTED_EDGE('',*,*,#2820,.T.);
#1244=ORIENTED_EDGE('',*,*,#2374,.T.);
#1245=ORIENTED_EDGE('',*,*,#2821,.F.);
#1246=ORIENTED_EDGE('',*,*,#2822,.T.);
#1247=ORIENTED_EDGE('',*,*,#2823,.T.);
#1248=ORIENTED_EDGE('',*,*,#2375,.F.);
#1249=ORIENTED_EDGE('',*,*,#2823,.F.);
#1250=ORIENTED_EDGE('',*,*,#2824,.T.);
#1251=ORIENTED_EDGE('',*,*,#2825,.T.);
#1252=ORIENTED_EDGE('',*,*,#2819,.F.);
#1253=ORIENTED_EDGE('',*,*,#2826,.T.);
#1254=ORIENTED_EDGE('',*,*,#2825,.F.);
#1255=ORIENTED_EDGE('',*,*,#2827,.T.);
#1256=ORIENTED_EDGE('',*,*,#2828,.T.);
#1257=ORIENTED_EDGE('',*,*,#2820,.F.);
#1258=ORIENTED_EDGE('',*,*,#2828,.F.);
#1259=ORIENTED_EDGE('',*,*,#2829,.T.);
#1260=ORIENTED_EDGE('',*,*,#2830,.T.);
#1261=ORIENTED_EDGE('',*,*,#2371,.T.);
#1262=ORIENTED_EDGE('',*,*,#2831,.T.);
#1263=ORIENTED_EDGE('',*,*,#2817,.F.);
#1264=ORIENTED_EDGE('',*,*,#2372,.T.);
#1265=ORIENTED_EDGE('',*,*,#2830,.F.);
#1266=ORIENTED_EDGE('',*,*,#2832,.T.);
#1267=ORIENTED_EDGE('',*,*,#2833,.T.);
#1268=ORIENTED_EDGE('',*,*,#2373,.T.);
#1269=ORIENTED_EDGE('',*,*,#2833,.F.);
#1270=ORIENTED_EDGE('',*,*,#2834,.T.);
#1271=ORIENTED_EDGE('',*,*,#2821,.T.);
#1272=ORIENTED_EDGE('',*,*,#2822,.F.);
#1273=ORIENTED_EDGE('',*,*,#2834,.F.);
#1274=ORIENTED_EDGE('',*,*,#2832,.F.);
#1275=ORIENTED_EDGE('',*,*,#2829,.F.);
#1276=ORIENTED_EDGE('',*,*,#2827,.F.);
#1277=ORIENTED_EDGE('',*,*,#2824,.F.);
#1278=ORIENTED_EDGE('',*,*,#2368,.T.);
#1279=ORIENTED_EDGE('',*,*,#2835,.F.);
#1280=ORIENTED_EDGE('',*,*,#2836,.T.);
#1281=ORIENTED_EDGE('',*,*,#2837,.T.);
#1282=ORIENTED_EDGE('',*,*,#2369,.F.);
#1283=ORIENTED_EDGE('',*,*,#2837,.F.);
#1284=ORIENTED_EDGE('',*,*,#2838,.T.);
#1285=ORIENTED_EDGE('',*,*,#2839,.T.);
#1286=ORIENTED_EDGE('',*,*,#2840,.F.);
#1287=ORIENTED_EDGE('',*,*,#2841,.T.);
#1288=ORIENTED_EDGE('',*,*,#2839,.F.);
#1289=ORIENTED_EDGE('',*,*,#2842,.T.);
#1290=ORIENTED_EDGE('',*,*,#2843,.T.);
#1291=ORIENTED_EDGE('',*,*,#2844,.F.);
#1292=ORIENTED_EDGE('',*,*,#2843,.F.);
#1293=ORIENTED_EDGE('',*,*,#2845,.T.);
#1294=ORIENTED_EDGE('',*,*,#2846,.T.);
#1295=ORIENTED_EDGE('',*,*,#2365,.T.);
#1296=ORIENTED_EDGE('',*,*,#2847,.T.);
#1297=ORIENTED_EDGE('',*,*,#2848,.F.);
#1298=ORIENTED_EDGE('',*,*,#2366,.T.);
#1299=ORIENTED_EDGE('',*,*,#2846,.F.);
#1300=ORIENTED_EDGE('',*,*,#2849,.T.);
#1301=ORIENTED_EDGE('',*,*,#2850,.T.);
#1302=ORIENTED_EDGE('',*,*,#2367,.T.);
#1303=ORIENTED_EDGE('',*,*,#2850,.F.);
#1304=ORIENTED_EDGE('',*,*,#2851,.T.);
#1305=ORIENTED_EDGE('',*,*,#2835,.T.);
#1306=ORIENTED_EDGE('',*,*,#2836,.F.);
#1307=ORIENTED_EDGE('',*,*,#2851,.F.);
#1308=ORIENTED_EDGE('',*,*,#2849,.F.);
#1309=ORIENTED_EDGE('',*,*,#2845,.F.);
#1310=ORIENTED_EDGE('',*,*,#2842,.F.);
#1311=ORIENTED_EDGE('',*,*,#2838,.F.);
#1312=ORIENTED_EDGE('',*,*,#2848,.T.);
#1313=ORIENTED_EDGE('',*,*,#2852,.T.);
#1314=ORIENTED_EDGE('',*,*,#2840,.T.);
#1315=ORIENTED_EDGE('',*,*,#2844,.T.);
#1316=ORIENTED_EDGE('',*,*,#2424,.T.);
#1317=ORIENTED_EDGE('',*,*,#2682,.F.);
#1318=ORIENTED_EDGE('',*,*,#2674,.F.);
#1319=ORIENTED_EDGE('',*,*,#2687,.F.);
#1320=ORIENTED_EDGE('',*,*,#2418,.T.);
#1321=ORIENTED_EDGE('',*,*,#2700,.F.);
#1322=ORIENTED_EDGE('',*,*,#2692,.F.);
#1323=ORIENTED_EDGE('',*,*,#2705,.F.);
#1324=ORIENTED_EDGE('',*,*,#2412,.T.);
#1325=ORIENTED_EDGE('',*,*,#2718,.F.);
#1326=ORIENTED_EDGE('',*,*,#2710,.F.);
#1327=ORIENTED_EDGE('',*,*,#2723,.F.);
#1328=ORIENTED_EDGE('',*,*,#2406,.T.);
#1329=ORIENTED_EDGE('',*,*,#2736,.F.);
#1330=ORIENTED_EDGE('',*,*,#2728,.F.);
#1331=ORIENTED_EDGE('',*,*,#2741,.F.);
#1332=ORIENTED_EDGE('',*,*,#2400,.T.);
#1333=ORIENTED_EDGE('',*,*,#2754,.F.);
#1334=ORIENTED_EDGE('',*,*,#2746,.F.);
#1335=ORIENTED_EDGE('',*,*,#2759,.F.);
#1336=ORIENTED_EDGE('',*,*,#2394,.T.);
#1337=ORIENTED_EDGE('',*,*,#2772,.F.);
#1338=ORIENTED_EDGE('',*,*,#2764,.F.);
#1339=ORIENTED_EDGE('',*,*,#2777,.F.);
#1340=ORIENTED_EDGE('',*,*,#2388,.T.);
#1341=ORIENTED_EDGE('',*,*,#2790,.F.);
#1342=ORIENTED_EDGE('',*,*,#2782,.F.);
#1343=ORIENTED_EDGE('',*,*,#2795,.F.);
#1344=ORIENTED_EDGE('',*,*,#2382,.T.);
#1345=ORIENTED_EDGE('',*,*,#2808,.F.);
#1346=ORIENTED_EDGE('',*,*,#2800,.F.);
#1347=ORIENTED_EDGE('',*,*,#2813,.F.);
#1348=ORIENTED_EDGE('',*,*,#2376,.T.);
#1349=ORIENTED_EDGE('',*,*,#2826,.F.);
#1350=ORIENTED_EDGE('',*,*,#2818,.F.);
#1351=ORIENTED_EDGE('',*,*,#2831,.F.);
#1352=ORIENTED_EDGE('',*,*,#2370,.T.);
#1353=ORIENTED_EDGE('',*,*,#2841,.F.);
#1354=ORIENTED_EDGE('',*,*,#2852,.F.);
#1355=ORIENTED_EDGE('',*,*,#2847,.F.);
#1356=ORIENTED_EDGE('',*,*,#2364,.T.);
#1357=ORIENTED_EDGE('',*,*,#2853,.F.);
#1358=ORIENTED_EDGE('',*,*,#2854,.F.);
#1359=ORIENTED_EDGE('',*,*,#2670,.T.);
#1360=ORIENTED_EDGE('',*,*,#2244,.T.);
#1361=ORIENTED_EDGE('',*,*,#2855,.F.);
#1362=ORIENTED_EDGE('',*,*,#2856,.F.);
#1363=ORIENTED_EDGE('',*,*,#2857,.T.);
#1364=ORIENTED_EDGE('',*,*,#2243,.T.);
#1365=ORIENTED_EDGE('',*,*,#2858,.F.);
#1366=ORIENTED_EDGE('',*,*,#2859,.T.);
#1367=ORIENTED_EDGE('',*,*,#2860,.F.);
#1368=ORIENTED_EDGE('',*,*,#2861,.F.);
#1369=ORIENTED_EDGE('',*,*,#2855,.T.);
#1370=ORIENTED_EDGE('',*,*,#2860,.T.);
#1371=ORIENTED_EDGE('',*,*,#2862,.T.);
#1372=ORIENTED_EDGE('',*,*,#2863,.F.);
#1373=ORIENTED_EDGE('',*,*,#2864,.F.);
#1374=ORIENTED_EDGE('',*,*,#2863,.T.);
#1375=ORIENTED_EDGE('',*,*,#2865,.T.);
#1376=ORIENTED_EDGE('',*,*,#2866,.T.);
#1377=ORIENTED_EDGE('',*,*,#2247,.T.);
#1378=ORIENTED_EDGE('',*,*,#2867,.F.);
#1379=ORIENTED_EDGE('',*,*,#2868,.F.);
#1380=ORIENTED_EDGE('',*,*,#2246,.T.);
#1381=ORIENTED_EDGE('',*,*,#2869,.F.);
#1382=ORIENTED_EDGE('',*,*,#2870,.F.);
#1383=ORIENTED_EDGE('',*,*,#2867,.T.);
#1384=ORIENTED_EDGE('',*,*,#2245,.T.);
#1385=ORIENTED_EDGE('',*,*,#2857,.F.);
#1386=ORIENTED_EDGE('',*,*,#2871,.F.);
#1387=ORIENTED_EDGE('',*,*,#2869,.T.);
#1388=ORIENTED_EDGE('',*,*,#2856,.T.);
#1389=ORIENTED_EDGE('',*,*,#2861,.T.);
#1390=ORIENTED_EDGE('',*,*,#2864,.T.);
#1391=ORIENTED_EDGE('',*,*,#2868,.T.);
#1392=ORIENTED_EDGE('',*,*,#2870,.T.);
#1393=ORIENTED_EDGE('',*,*,#2871,.T.);
#1394=ORIENTED_EDGE('',*,*,#2865,.F.);
#1395=ORIENTED_EDGE('',*,*,#2862,.F.);
#1396=ORIENTED_EDGE('',*,*,#2859,.F.);
#1397=ORIENTED_EDGE('',*,*,#2872,.T.);
#1398=ORIENTED_EDGE('',*,*,#2250,.T.);
#1399=ORIENTED_EDGE('',*,*,#2873,.F.);
#1400=ORIENTED_EDGE('',*,*,#2874,.F.);
#1401=ORIENTED_EDGE('',*,*,#2875,.T.);
#1402=ORIENTED_EDGE('',*,*,#2249,.T.);
#1403=ORIENTED_EDGE('',*,*,#2876,.F.);
#1404=ORIENTED_EDGE('',*,*,#2877,.T.);
#1405=ORIENTED_EDGE('',*,*,#2878,.F.);
#1406=ORIENTED_EDGE('',*,*,#2879,.F.);
#1407=ORIENTED_EDGE('',*,*,#2873,.T.);
#1408=ORIENTED_EDGE('',*,*,#2878,.T.);
#1409=ORIENTED_EDGE('',*,*,#2880,.T.);
#1410=ORIENTED_EDGE('',*,*,#2881,.F.);
#1411=ORIENTED_EDGE('',*,*,#2882,.F.);
#1412=ORIENTED_EDGE('',*,*,#2881,.T.);
#1413=ORIENTED_EDGE('',*,*,#2883,.T.);
#1414=ORIENTED_EDGE('',*,*,#2884,.T.);
#1415=ORIENTED_EDGE('',*,*,#2253,.T.);
#1416=ORIENTED_EDGE('',*,*,#2885,.F.);
#1417=ORIENTED_EDGE('',*,*,#2886,.F.);
#1418=ORIENTED_EDGE('',*,*,#2252,.T.);
#1419=ORIENTED_EDGE('',*,*,#2887,.F.);
#1420=ORIENTED_EDGE('',*,*,#2888,.F.);
#1421=ORIENTED_EDGE('',*,*,#2885,.T.);
#1422=ORIENTED_EDGE('',*,*,#2251,.T.);
#1423=ORIENTED_EDGE('',*,*,#2875,.F.);
#1424=ORIENTED_EDGE('',*,*,#2889,.F.);
#1425=ORIENTED_EDGE('',*,*,#2887,.T.);
#1426=ORIENTED_EDGE('',*,*,#2874,.T.);
#1427=ORIENTED_EDGE('',*,*,#2879,.T.);
#1428=ORIENTED_EDGE('',*,*,#2882,.T.);
#1429=ORIENTED_EDGE('',*,*,#2886,.T.);
#1430=ORIENTED_EDGE('',*,*,#2888,.T.);
#1431=ORIENTED_EDGE('',*,*,#2889,.T.);
#1432=ORIENTED_EDGE('',*,*,#2883,.F.);
#1433=ORIENTED_EDGE('',*,*,#2880,.F.);
#1434=ORIENTED_EDGE('',*,*,#2877,.F.);
#1435=ORIENTED_EDGE('',*,*,#2890,.T.);
#1436=ORIENTED_EDGE('',*,*,#2256,.T.);
#1437=ORIENTED_EDGE('',*,*,#2891,.F.);
#1438=ORIENTED_EDGE('',*,*,#2892,.F.);
#1439=ORIENTED_EDGE('',*,*,#2893,.T.);
#1440=ORIENTED_EDGE('',*,*,#2255,.T.);
#1441=ORIENTED_EDGE('',*,*,#2894,.F.);
#1442=ORIENTED_EDGE('',*,*,#2895,.T.);
#1443=ORIENTED_EDGE('',*,*,#2896,.F.);
#1444=ORIENTED_EDGE('',*,*,#2897,.F.);
#1445=ORIENTED_EDGE('',*,*,#2891,.T.);
#1446=ORIENTED_EDGE('',*,*,#2896,.T.);
#1447=ORIENTED_EDGE('',*,*,#2898,.T.);
#1448=ORIENTED_EDGE('',*,*,#2899,.F.);
#1449=ORIENTED_EDGE('',*,*,#2900,.F.);
#1450=ORIENTED_EDGE('',*,*,#2899,.T.);
#1451=ORIENTED_EDGE('',*,*,#2901,.T.);
#1452=ORIENTED_EDGE('',*,*,#2902,.T.);
#1453=ORIENTED_EDGE('',*,*,#2259,.T.);
#1454=ORIENTED_EDGE('',*,*,#2903,.F.);
#1455=ORIENTED_EDGE('',*,*,#2904,.F.);
#1456=ORIENTED_EDGE('',*,*,#2258,.T.);
#1457=ORIENTED_EDGE('',*,*,#2905,.F.);
#1458=ORIENTED_EDGE('',*,*,#2906,.F.);
#1459=ORIENTED_EDGE('',*,*,#2903,.T.);
#1460=ORIENTED_EDGE('',*,*,#2257,.T.);
#1461=ORIENTED_EDGE('',*,*,#2893,.F.);
#1462=ORIENTED_EDGE('',*,*,#2907,.F.);
#1463=ORIENTED_EDGE('',*,*,#2905,.T.);
#1464=ORIENTED_EDGE('',*,*,#2892,.T.);
#1465=ORIENTED_EDGE('',*,*,#2897,.T.);
#1466=ORIENTED_EDGE('',*,*,#2900,.T.);
#1467=ORIENTED_EDGE('',*,*,#2904,.T.);
#1468=ORIENTED_EDGE('',*,*,#2906,.T.);
#1469=ORIENTED_EDGE('',*,*,#2907,.T.);
#1470=ORIENTED_EDGE('',*,*,#2901,.F.);
#1471=ORIENTED_EDGE('',*,*,#2898,.F.);
#1472=ORIENTED_EDGE('',*,*,#2895,.F.);
#1473=ORIENTED_EDGE('',*,*,#2908,.T.);
#1474=ORIENTED_EDGE('',*,*,#2262,.T.);
#1475=ORIENTED_EDGE('',*,*,#2909,.F.);
#1476=ORIENTED_EDGE('',*,*,#2910,.F.);
#1477=ORIENTED_EDGE('',*,*,#2911,.T.);
#1478=ORIENTED_EDGE('',*,*,#2261,.T.);
#1479=ORIENTED_EDGE('',*,*,#2912,.F.);
#1480=ORIENTED_EDGE('',*,*,#2913,.T.);
#1481=ORIENTED_EDGE('',*,*,#2914,.F.);
#1482=ORIENTED_EDGE('',*,*,#2915,.F.);
#1483=ORIENTED_EDGE('',*,*,#2909,.T.);
#1484=ORIENTED_EDGE('',*,*,#2914,.T.);
#1485=ORIENTED_EDGE('',*,*,#2916,.T.);
#1486=ORIENTED_EDGE('',*,*,#2917,.F.);
#1487=ORIENTED_EDGE('',*,*,#2918,.F.);
#1488=ORIENTED_EDGE('',*,*,#2917,.T.);
#1489=ORIENTED_EDGE('',*,*,#2919,.T.);
#1490=ORIENTED_EDGE('',*,*,#2920,.T.);
#1491=ORIENTED_EDGE('',*,*,#2265,.T.);
#1492=ORIENTED_EDGE('',*,*,#2921,.F.);
#1493=ORIENTED_EDGE('',*,*,#2922,.F.);
#1494=ORIENTED_EDGE('',*,*,#2264,.T.);
#1495=ORIENTED_EDGE('',*,*,#2923,.F.);
#1496=ORIENTED_EDGE('',*,*,#2924,.F.);
#1497=ORIENTED_EDGE('',*,*,#2921,.T.);
#1498=ORIENTED_EDGE('',*,*,#2263,.T.);
#1499=ORIENTED_EDGE('',*,*,#2911,.F.);
#1500=ORIENTED_EDGE('',*,*,#2925,.F.);
#1501=ORIENTED_EDGE('',*,*,#2923,.T.);
#1502=ORIENTED_EDGE('',*,*,#2910,.T.);
#1503=ORIENTED_EDGE('',*,*,#2915,.T.);
#1504=ORIENTED_EDGE('',*,*,#2918,.T.);
#1505=ORIENTED_EDGE('',*,*,#2922,.T.);
#1506=ORIENTED_EDGE('',*,*,#2924,.T.);
#1507=ORIENTED_EDGE('',*,*,#2925,.T.);
#1508=ORIENTED_EDGE('',*,*,#2919,.F.);
#1509=ORIENTED_EDGE('',*,*,#2916,.F.);
#1510=ORIENTED_EDGE('',*,*,#2913,.F.);
#1511=ORIENTED_EDGE('',*,*,#2926,.T.);
#1512=ORIENTED_EDGE('',*,*,#2268,.T.);
#1513=ORIENTED_EDGE('',*,*,#2927,.F.);
#1514=ORIENTED_EDGE('',*,*,#2928,.F.);
#1515=ORIENTED_EDGE('',*,*,#2929,.T.);
#1516=ORIENTED_EDGE('',*,*,#2267,.T.);
#1517=ORIENTED_EDGE('',*,*,#2930,.F.);
#1518=ORIENTED_EDGE('',*,*,#2931,.T.);
#1519=ORIENTED_EDGE('',*,*,#2932,.F.);
#1520=ORIENTED_EDGE('',*,*,#2933,.F.);
#1521=ORIENTED_EDGE('',*,*,#2927,.T.);
#1522=ORIENTED_EDGE('',*,*,#2932,.T.);
#1523=ORIENTED_EDGE('',*,*,#2934,.T.);
#1524=ORIENTED_EDGE('',*,*,#2935,.F.);
#1525=ORIENTED_EDGE('',*,*,#2936,.F.);
#1526=ORIENTED_EDGE('',*,*,#2935,.T.);
#1527=ORIENTED_EDGE('',*,*,#2937,.T.);
#1528=ORIENTED_EDGE('',*,*,#2938,.T.);
#1529=ORIENTED_EDGE('',*,*,#2271,.T.);
#1530=ORIENTED_EDGE('',*,*,#2939,.F.);
#1531=ORIENTED_EDGE('',*,*,#2940,.F.);
#1532=ORIENTED_EDGE('',*,*,#2270,.T.);
#1533=ORIENTED_EDGE('',*,*,#2941,.F.);
#1534=ORIENTED_EDGE('',*,*,#2942,.F.);
#1535=ORIENTED_EDGE('',*,*,#2939,.T.);
#1536=ORIENTED_EDGE('',*,*,#2269,.T.);
#1537=ORIENTED_EDGE('',*,*,#2929,.F.);
#1538=ORIENTED_EDGE('',*,*,#2943,.F.);
#1539=ORIENTED_EDGE('',*,*,#2941,.T.);
#1540=ORIENTED_EDGE('',*,*,#2928,.T.);
#1541=ORIENTED_EDGE('',*,*,#2933,.T.);
#1542=ORIENTED_EDGE('',*,*,#2936,.T.);
#1543=ORIENTED_EDGE('',*,*,#2940,.T.);
#1544=ORIENTED_EDGE('',*,*,#2942,.T.);
#1545=ORIENTED_EDGE('',*,*,#2943,.T.);
#1546=ORIENTED_EDGE('',*,*,#2937,.F.);
#1547=ORIENTED_EDGE('',*,*,#2934,.F.);
#1548=ORIENTED_EDGE('',*,*,#2931,.F.);
#1549=ORIENTED_EDGE('',*,*,#2944,.T.);
#1550=ORIENTED_EDGE('',*,*,#2274,.T.);
#1551=ORIENTED_EDGE('',*,*,#2945,.F.);
#1552=ORIENTED_EDGE('',*,*,#2946,.F.);
#1553=ORIENTED_EDGE('',*,*,#2947,.T.);
#1554=ORIENTED_EDGE('',*,*,#2273,.T.);
#1555=ORIENTED_EDGE('',*,*,#2948,.F.);
#1556=ORIENTED_EDGE('',*,*,#2949,.T.);
#1557=ORIENTED_EDGE('',*,*,#2950,.F.);
#1558=ORIENTED_EDGE('',*,*,#2951,.F.);
#1559=ORIENTED_EDGE('',*,*,#2945,.T.);
#1560=ORIENTED_EDGE('',*,*,#2950,.T.);
#1561=ORIENTED_EDGE('',*,*,#2952,.T.);
#1562=ORIENTED_EDGE('',*,*,#2953,.F.);
#1563=ORIENTED_EDGE('',*,*,#2954,.F.);
#1564=ORIENTED_EDGE('',*,*,#2953,.T.);
#1565=ORIENTED_EDGE('',*,*,#2955,.T.);
#1566=ORIENTED_EDGE('',*,*,#2956,.T.);
#1567=ORIENTED_EDGE('',*,*,#2277,.T.);
#1568=ORIENTED_EDGE('',*,*,#2957,.F.);
#1569=ORIENTED_EDGE('',*,*,#2958,.F.);
#1570=ORIENTED_EDGE('',*,*,#2276,.T.);
#1571=ORIENTED_EDGE('',*,*,#2959,.F.);
#1572=ORIENTED_EDGE('',*,*,#2960,.F.);
#1573=ORIENTED_EDGE('',*,*,#2957,.T.);
#1574=ORIENTED_EDGE('',*,*,#2275,.T.);
#1575=ORIENTED_EDGE('',*,*,#2947,.F.);
#1576=ORIENTED_EDGE('',*,*,#2961,.F.);
#1577=ORIENTED_EDGE('',*,*,#2959,.T.);
#1578=ORIENTED_EDGE('',*,*,#2946,.T.);
#1579=ORIENTED_EDGE('',*,*,#2951,.T.);
#1580=ORIENTED_EDGE('',*,*,#2954,.T.);
#1581=ORIENTED_EDGE('',*,*,#2958,.T.);
#1582=ORIENTED_EDGE('',*,*,#2960,.T.);
#1583=ORIENTED_EDGE('',*,*,#2961,.T.);
#1584=ORIENTED_EDGE('',*,*,#2955,.F.);
#1585=ORIENTED_EDGE('',*,*,#2952,.F.);
#1586=ORIENTED_EDGE('',*,*,#2949,.F.);
#1587=ORIENTED_EDGE('',*,*,#2962,.T.);
#1588=ORIENTED_EDGE('',*,*,#2280,.T.);
#1589=ORIENTED_EDGE('',*,*,#2963,.F.);
#1590=ORIENTED_EDGE('',*,*,#2964,.F.);
#1591=ORIENTED_EDGE('',*,*,#2965,.T.);
#1592=ORIENTED_EDGE('',*,*,#2279,.T.);
#1593=ORIENTED_EDGE('',*,*,#2966,.F.);
#1594=ORIENTED_EDGE('',*,*,#2967,.T.);
#1595=ORIENTED_EDGE('',*,*,#2968,.F.);
#1596=ORIENTED_EDGE('',*,*,#2969,.F.);
#1597=ORIENTED_EDGE('',*,*,#2963,.T.);
#1598=ORIENTED_EDGE('',*,*,#2968,.T.);
#1599=ORIENTED_EDGE('',*,*,#2970,.T.);
#1600=ORIENTED_EDGE('',*,*,#2971,.F.);
#1601=ORIENTED_EDGE('',*,*,#2972,.F.);
#1602=ORIENTED_EDGE('',*,*,#2971,.T.);
#1603=ORIENTED_EDGE('',*,*,#2973,.T.);
#1604=ORIENTED_EDGE('',*,*,#2974,.T.);
#1605=ORIENTED_EDGE('',*,*,#2283,.T.);
#1606=ORIENTED_EDGE('',*,*,#2975,.F.);
#1607=ORIENTED_EDGE('',*,*,#2976,.F.);
#1608=ORIENTED_EDGE('',*,*,#2282,.T.);
#1609=ORIENTED_EDGE('',*,*,#2977,.F.);
#1610=ORIENTED_EDGE('',*,*,#2978,.F.);
#1611=ORIENTED_EDGE('',*,*,#2975,.T.);
#1612=ORIENTED_EDGE('',*,*,#2281,.T.);
#1613=ORIENTED_EDGE('',*,*,#2965,.F.);
#1614=ORIENTED_EDGE('',*,*,#2979,.F.);
#1615=ORIENTED_EDGE('',*,*,#2977,.T.);
#1616=ORIENTED_EDGE('',*,*,#2964,.T.);
#1617=ORIENTED_EDGE('',*,*,#2969,.T.);
#1618=ORIENTED_EDGE('',*,*,#2972,.T.);
#1619=ORIENTED_EDGE('',*,*,#2976,.T.);
#1620=ORIENTED_EDGE('',*,*,#2978,.T.);
#1621=ORIENTED_EDGE('',*,*,#2979,.T.);
#1622=ORIENTED_EDGE('',*,*,#2973,.F.);
#1623=ORIENTED_EDGE('',*,*,#2970,.F.);
#1624=ORIENTED_EDGE('',*,*,#2967,.F.);
#1625=ORIENTED_EDGE('',*,*,#2980,.T.);
#1626=ORIENTED_EDGE('',*,*,#2286,.T.);
#1627=ORIENTED_EDGE('',*,*,#2981,.F.);
#1628=ORIENTED_EDGE('',*,*,#2982,.F.);
#1629=ORIENTED_EDGE('',*,*,#2983,.T.);
#1630=ORIENTED_EDGE('',*,*,#2285,.T.);
#1631=ORIENTED_EDGE('',*,*,#2984,.F.);
#1632=ORIENTED_EDGE('',*,*,#2985,.T.);
#1633=ORIENTED_EDGE('',*,*,#2986,.F.);
#1634=ORIENTED_EDGE('',*,*,#2987,.F.);
#1635=ORIENTED_EDGE('',*,*,#2981,.T.);
#1636=ORIENTED_EDGE('',*,*,#2986,.T.);
#1637=ORIENTED_EDGE('',*,*,#2988,.T.);
#1638=ORIENTED_EDGE('',*,*,#2989,.F.);
#1639=ORIENTED_EDGE('',*,*,#2990,.F.);
#1640=ORIENTED_EDGE('',*,*,#2989,.T.);
#1641=ORIENTED_EDGE('',*,*,#2991,.T.);
#1642=ORIENTED_EDGE('',*,*,#2992,.T.);
#1643=ORIENTED_EDGE('',*,*,#2289,.T.);
#1644=ORIENTED_EDGE('',*,*,#2993,.F.);
#1645=ORIENTED_EDGE('',*,*,#2994,.F.);
#1646=ORIENTED_EDGE('',*,*,#2288,.T.);
#1647=ORIENTED_EDGE('',*,*,#2995,.F.);
#1648=ORIENTED_EDGE('',*,*,#2996,.F.);
#1649=ORIENTED_EDGE('',*,*,#2993,.T.);
#1650=ORIENTED_EDGE('',*,*,#2287,.T.);
#1651=ORIENTED_EDGE('',*,*,#2983,.F.);
#1652=ORIENTED_EDGE('',*,*,#2997,.F.);
#1653=ORIENTED_EDGE('',*,*,#2995,.T.);
#1654=ORIENTED_EDGE('',*,*,#2982,.T.);
#1655=ORIENTED_EDGE('',*,*,#2987,.T.);
#1656=ORIENTED_EDGE('',*,*,#2990,.T.);
#1657=ORIENTED_EDGE('',*,*,#2994,.T.);
#1658=ORIENTED_EDGE('',*,*,#2996,.T.);
#1659=ORIENTED_EDGE('',*,*,#2997,.T.);
#1660=ORIENTED_EDGE('',*,*,#2991,.F.);
#1661=ORIENTED_EDGE('',*,*,#2988,.F.);
#1662=ORIENTED_EDGE('',*,*,#2985,.F.);
#1663=ORIENTED_EDGE('',*,*,#2998,.T.);
#1664=ORIENTED_EDGE('',*,*,#2292,.T.);
#1665=ORIENTED_EDGE('',*,*,#2999,.F.);
#1666=ORIENTED_EDGE('',*,*,#3000,.F.);
#1667=ORIENTED_EDGE('',*,*,#3001,.T.);
#1668=ORIENTED_EDGE('',*,*,#2291,.T.);
#1669=ORIENTED_EDGE('',*,*,#3002,.F.);
#1670=ORIENTED_EDGE('',*,*,#3003,.T.);
#1671=ORIENTED_EDGE('',*,*,#3004,.F.);
#1672=ORIENTED_EDGE('',*,*,#3005,.F.);
#1673=ORIENTED_EDGE('',*,*,#2999,.T.);
#1674=ORIENTED_EDGE('',*,*,#3004,.T.);
#1675=ORIENTED_EDGE('',*,*,#3006,.T.);
#1676=ORIENTED_EDGE('',*,*,#3007,.F.);
#1677=ORIENTED_EDGE('',*,*,#3008,.F.);
#1678=ORIENTED_EDGE('',*,*,#3007,.T.);
#1679=ORIENTED_EDGE('',*,*,#3009,.T.);
#1680=ORIENTED_EDGE('',*,*,#3010,.T.);
#1681=ORIENTED_EDGE('',*,*,#2295,.T.);
#1682=ORIENTED_EDGE('',*,*,#3011,.F.);
#1683=ORIENTED_EDGE('',*,*,#3012,.F.);
#1684=ORIENTED_EDGE('',*,*,#2294,.T.);
#1685=ORIENTED_EDGE('',*,*,#3013,.F.);
#1686=ORIENTED_EDGE('',*,*,#3014,.F.);
#1687=ORIENTED_EDGE('',*,*,#3011,.T.);
#1688=ORIENTED_EDGE('',*,*,#2293,.T.);
#1689=ORIENTED_EDGE('',*,*,#3001,.F.);
#1690=ORIENTED_EDGE('',*,*,#3015,.F.);
#1691=ORIENTED_EDGE('',*,*,#3013,.T.);
#1692=ORIENTED_EDGE('',*,*,#3000,.T.);
#1693=ORIENTED_EDGE('',*,*,#3005,.T.);
#1694=ORIENTED_EDGE('',*,*,#3008,.T.);
#1695=ORIENTED_EDGE('',*,*,#3012,.T.);
#1696=ORIENTED_EDGE('',*,*,#3014,.T.);
#1697=ORIENTED_EDGE('',*,*,#3015,.T.);
#1698=ORIENTED_EDGE('',*,*,#3009,.F.);
#1699=ORIENTED_EDGE('',*,*,#3006,.F.);
#1700=ORIENTED_EDGE('',*,*,#3003,.F.);
#1701=ORIENTED_EDGE('',*,*,#3016,.T.);
#1702=ORIENTED_EDGE('',*,*,#2305,.T.);
#1703=ORIENTED_EDGE('',*,*,#3017,.F.);
#1704=ORIENTED_EDGE('',*,*,#3018,.F.);
#1705=ORIENTED_EDGE('',*,*,#3019,.T.);
#1706=ORIENTED_EDGE('',*,*,#2304,.T.);
#1707=ORIENTED_EDGE('',*,*,#3020,.F.);
#1708=ORIENTED_EDGE('',*,*,#3021,.T.);
#1709=ORIENTED_EDGE('',*,*,#3022,.F.);
#1710=ORIENTED_EDGE('',*,*,#3023,.F.);
#1711=ORIENTED_EDGE('',*,*,#3017,.T.);
#1712=ORIENTED_EDGE('',*,*,#3022,.T.);
#1713=ORIENTED_EDGE('',*,*,#3024,.T.);
#1714=ORIENTED_EDGE('',*,*,#3025,.F.);
#1715=ORIENTED_EDGE('',*,*,#3026,.F.);
#1716=ORIENTED_EDGE('',*,*,#3025,.T.);
#1717=ORIENTED_EDGE('',*,*,#3027,.T.);
#1718=ORIENTED_EDGE('',*,*,#3028,.T.);
#1719=ORIENTED_EDGE('',*,*,#2308,.T.);
#1720=ORIENTED_EDGE('',*,*,#3029,.F.);
#1721=ORIENTED_EDGE('',*,*,#3030,.F.);
#1722=ORIENTED_EDGE('',*,*,#2307,.T.);
#1723=ORIENTED_EDGE('',*,*,#3031,.F.);
#1724=ORIENTED_EDGE('',*,*,#3032,.F.);
#1725=ORIENTED_EDGE('',*,*,#3029,.T.);
#1726=ORIENTED_EDGE('',*,*,#2306,.T.);
#1727=ORIENTED_EDGE('',*,*,#3019,.F.);
#1728=ORIENTED_EDGE('',*,*,#3033,.F.);
#1729=ORIENTED_EDGE('',*,*,#3031,.T.);
#1730=ORIENTED_EDGE('',*,*,#3018,.T.);
#1731=ORIENTED_EDGE('',*,*,#3023,.T.);
#1732=ORIENTED_EDGE('',*,*,#3026,.T.);
#1733=ORIENTED_EDGE('',*,*,#3030,.T.);
#1734=ORIENTED_EDGE('',*,*,#3032,.T.);
#1735=ORIENTED_EDGE('',*,*,#3033,.T.);
#1736=ORIENTED_EDGE('',*,*,#3027,.F.);
#1737=ORIENTED_EDGE('',*,*,#3024,.F.);
#1738=ORIENTED_EDGE('',*,*,#3021,.F.);
#1739=ORIENTED_EDGE('',*,*,#3034,.F.);
#1740=ORIENTED_EDGE('',*,*,#2311,.T.);
#1741=ORIENTED_EDGE('',*,*,#3035,.F.);
#1742=ORIENTED_EDGE('',*,*,#3036,.F.);
#1743=ORIENTED_EDGE('',*,*,#3037,.T.);
#1744=ORIENTED_EDGE('',*,*,#2310,.T.);
#1745=ORIENTED_EDGE('',*,*,#3038,.F.);
#1746=ORIENTED_EDGE('',*,*,#3039,.T.);
#1747=ORIENTED_EDGE('',*,*,#3040,.F.);
#1748=ORIENTED_EDGE('',*,*,#3041,.F.);
#1749=ORIENTED_EDGE('',*,*,#3035,.T.);
#1750=ORIENTED_EDGE('',*,*,#3040,.T.);
#1751=ORIENTED_EDGE('',*,*,#3042,.T.);
#1752=ORIENTED_EDGE('',*,*,#3043,.F.);
#1753=ORIENTED_EDGE('',*,*,#3044,.F.);
#1754=ORIENTED_EDGE('',*,*,#3043,.T.);
#1755=ORIENTED_EDGE('',*,*,#3045,.T.);
#1756=ORIENTED_EDGE('',*,*,#3046,.T.);
#1757=ORIENTED_EDGE('',*,*,#2314,.T.);
#1758=ORIENTED_EDGE('',*,*,#3047,.F.);
#1759=ORIENTED_EDGE('',*,*,#3048,.F.);
#1760=ORIENTED_EDGE('',*,*,#2313,.T.);
#1761=ORIENTED_EDGE('',*,*,#3049,.F.);
#1762=ORIENTED_EDGE('',*,*,#3050,.F.);
#1763=ORIENTED_EDGE('',*,*,#3047,.T.);
#1764=ORIENTED_EDGE('',*,*,#2312,.T.);
#1765=ORIENTED_EDGE('',*,*,#3037,.F.);
#1766=ORIENTED_EDGE('',*,*,#3051,.F.);
#1767=ORIENTED_EDGE('',*,*,#3049,.T.);
#1768=ORIENTED_EDGE('',*,*,#3036,.T.);
#1769=ORIENTED_EDGE('',*,*,#3041,.T.);
#1770=ORIENTED_EDGE('',*,*,#3044,.T.);
#1771=ORIENTED_EDGE('',*,*,#3048,.T.);
#1772=ORIENTED_EDGE('',*,*,#3050,.T.);
#1773=ORIENTED_EDGE('',*,*,#3051,.T.);
#1774=ORIENTED_EDGE('',*,*,#3045,.F.);
#1775=ORIENTED_EDGE('',*,*,#3042,.F.);
#1776=ORIENTED_EDGE('',*,*,#3039,.F.);
#1777=ORIENTED_EDGE('',*,*,#3052,.F.);
#1778=ORIENTED_EDGE('',*,*,#2317,.T.);
#1779=ORIENTED_EDGE('',*,*,#3053,.F.);
#1780=ORIENTED_EDGE('',*,*,#3054,.F.);
#1781=ORIENTED_EDGE('',*,*,#3055,.T.);
#1782=ORIENTED_EDGE('',*,*,#2316,.T.);
#1783=ORIENTED_EDGE('',*,*,#3056,.F.);
#1784=ORIENTED_EDGE('',*,*,#3057,.T.);
#1785=ORIENTED_EDGE('',*,*,#3058,.F.);
#1786=ORIENTED_EDGE('',*,*,#3059,.F.);
#1787=ORIENTED_EDGE('',*,*,#3053,.T.);
#1788=ORIENTED_EDGE('',*,*,#3058,.T.);
#1789=ORIENTED_EDGE('',*,*,#3060,.T.);
#1790=ORIENTED_EDGE('',*,*,#3061,.F.);
#1791=ORIENTED_EDGE('',*,*,#3062,.F.);
#1792=ORIENTED_EDGE('',*,*,#3061,.T.);
#1793=ORIENTED_EDGE('',*,*,#3063,.T.);
#1794=ORIENTED_EDGE('',*,*,#3064,.T.);
#1795=ORIENTED_EDGE('',*,*,#2320,.T.);
#1796=ORIENTED_EDGE('',*,*,#3065,.F.);
#1797=ORIENTED_EDGE('',*,*,#3066,.F.);
#1798=ORIENTED_EDGE('',*,*,#2319,.T.);
#1799=ORIENTED_EDGE('',*,*,#3067,.F.);
#1800=ORIENTED_EDGE('',*,*,#3068,.F.);
#1801=ORIENTED_EDGE('',*,*,#3065,.T.);
#1802=ORIENTED_EDGE('',*,*,#2318,.T.);
#1803=ORIENTED_EDGE('',*,*,#3055,.F.);
#1804=ORIENTED_EDGE('',*,*,#3069,.F.);
#1805=ORIENTED_EDGE('',*,*,#3067,.T.);
#1806=ORIENTED_EDGE('',*,*,#3054,.T.);
#1807=ORIENTED_EDGE('',*,*,#3059,.T.);
#1808=ORIENTED_EDGE('',*,*,#3062,.T.);
#1809=ORIENTED_EDGE('',*,*,#3066,.T.);
#1810=ORIENTED_EDGE('',*,*,#3068,.T.);
#1811=ORIENTED_EDGE('',*,*,#3069,.T.);
#1812=ORIENTED_EDGE('',*,*,#3063,.F.);
#1813=ORIENTED_EDGE('',*,*,#3060,.F.);
#1814=ORIENTED_EDGE('',*,*,#3057,.F.);
#1815=ORIENTED_EDGE('',*,*,#3070,.F.);
#1816=ORIENTED_EDGE('',*,*,#2323,.T.);
#1817=ORIENTED_EDGE('',*,*,#3071,.F.);
#1818=ORIENTED_EDGE('',*,*,#3072,.F.);
#1819=ORIENTED_EDGE('',*,*,#3073,.T.);
#1820=ORIENTED_EDGE('',*,*,#2322,.T.);
#1821=ORIENTED_EDGE('',*,*,#3074,.F.);
#1822=ORIENTED_EDGE('',*,*,#3075,.T.);
#1823=ORIENTED_EDGE('',*,*,#3076,.F.);
#1824=ORIENTED_EDGE('',*,*,#3077,.F.);
#1825=ORIENTED_EDGE('',*,*,#3071,.T.);
#1826=ORIENTED_EDGE('',*,*,#3076,.T.);
#1827=ORIENTED_EDGE('',*,*,#3078,.T.);
#1828=ORIENTED_EDGE('',*,*,#3079,.F.);
#1829=ORIENTED_EDGE('',*,*,#3080,.F.);
#1830=ORIENTED_EDGE('',*,*,#3079,.T.);
#1831=ORIENTED_EDGE('',*,*,#3081,.T.);
#1832=ORIENTED_EDGE('',*,*,#3082,.T.);
#1833=ORIENTED_EDGE('',*,*,#2326,.T.);
#1834=ORIENTED_EDGE('',*,*,#3083,.F.);
#1835=ORIENTED_EDGE('',*,*,#3084,.F.);
#1836=ORIENTED_EDGE('',*,*,#2325,.T.);
#1837=ORIENTED_EDGE('',*,*,#3085,.F.);
#1838=ORIENTED_EDGE('',*,*,#3086,.F.);
#1839=ORIENTED_EDGE('',*,*,#3083,.T.);
#1840=ORIENTED_EDGE('',*,*,#2324,.T.);
#1841=ORIENTED_EDGE('',*,*,#3073,.F.);
#1842=ORIENTED_EDGE('',*,*,#3087,.F.);
#1843=ORIENTED_EDGE('',*,*,#3085,.T.);
#1844=ORIENTED_EDGE('',*,*,#3072,.T.);
#1845=ORIENTED_EDGE('',*,*,#3077,.T.);
#1846=ORIENTED_EDGE('',*,*,#3080,.T.);
#1847=ORIENTED_EDGE('',*,*,#3084,.T.);
#1848=ORIENTED_EDGE('',*,*,#3086,.T.);
#1849=ORIENTED_EDGE('',*,*,#3087,.T.);
#1850=ORIENTED_EDGE('',*,*,#3081,.F.);
#1851=ORIENTED_EDGE('',*,*,#3078,.F.);
#1852=ORIENTED_EDGE('',*,*,#3075,.F.);
#1853=ORIENTED_EDGE('',*,*,#3088,.F.);
#1854=ORIENTED_EDGE('',*,*,#2329,.T.);
#1855=ORIENTED_EDGE('',*,*,#3089,.F.);
#1856=ORIENTED_EDGE('',*,*,#3090,.F.);
#1857=ORIENTED_EDGE('',*,*,#3091,.T.);
#1858=ORIENTED_EDGE('',*,*,#2328,.T.);
#1859=ORIENTED_EDGE('',*,*,#3092,.F.);
#1860=ORIENTED_EDGE('',*,*,#3093,.T.);
#1861=ORIENTED_EDGE('',*,*,#3094,.F.);
#1862=ORIENTED_EDGE('',*,*,#3095,.F.);
#1863=ORIENTED_EDGE('',*,*,#3089,.T.);
#1864=ORIENTED_EDGE('',*,*,#3094,.T.);
#1865=ORIENTED_EDGE('',*,*,#3096,.T.);
#1866=ORIENTED_EDGE('',*,*,#3097,.F.);
#1867=ORIENTED_EDGE('',*,*,#3098,.F.);
#1868=ORIENTED_EDGE('',*,*,#3097,.T.);
#1869=ORIENTED_EDGE('',*,*,#3099,.T.);
#1870=ORIENTED_EDGE('',*,*,#3100,.T.);
#1871=ORIENTED_EDGE('',*,*,#2332,.T.);
#1872=ORIENTED_EDGE('',*,*,#3101,.F.);
#1873=ORIENTED_EDGE('',*,*,#3102,.F.);
#1874=ORIENTED_EDGE('',*,*,#2331,.T.);
#1875=ORIENTED_EDGE('',*,*,#3103,.F.);
#1876=ORIENTED_EDGE('',*,*,#3104,.F.);
#1877=ORIENTED_EDGE('',*,*,#3101,.T.);
#1878=ORIENTED_EDGE('',*,*,#2330,.T.);
#1879=ORIENTED_EDGE('',*,*,#3091,.F.);
#1880=ORIENTED_EDGE('',*,*,#3105,.F.);
#1881=ORIENTED_EDGE('',*,*,#3103,.T.);
#1882=ORIENTED_EDGE('',*,*,#3090,.T.);
#1883=ORIENTED_EDGE('',*,*,#3095,.T.);
#1884=ORIENTED_EDGE('',*,*,#3098,.T.);
#1885=ORIENTED_EDGE('',*,*,#3102,.T.);
#1886=ORIENTED_EDGE('',*,*,#3104,.T.);
#1887=ORIENTED_EDGE('',*,*,#3105,.T.);
#1888=ORIENTED_EDGE('',*,*,#3099,.F.);
#1889=ORIENTED_EDGE('',*,*,#3096,.F.);
#1890=ORIENTED_EDGE('',*,*,#3093,.F.);
#1891=ORIENTED_EDGE('',*,*,#3106,.F.);
#1892=ORIENTED_EDGE('',*,*,#2335,.T.);
#1893=ORIENTED_EDGE('',*,*,#3107,.F.);
#1894=ORIENTED_EDGE('',*,*,#3108,.F.);
#1895=ORIENTED_EDGE('',*,*,#3109,.T.);
#1896=ORIENTED_EDGE('',*,*,#2334,.T.);
#1897=ORIENTED_EDGE('',*,*,#3110,.F.);
#1898=ORIENTED_EDGE('',*,*,#3111,.T.);
#1899=ORIENTED_EDGE('',*,*,#3112,.F.);
#1900=ORIENTED_EDGE('',*,*,#3113,.F.);
#1901=ORIENTED_EDGE('',*,*,#3107,.T.);
#1902=ORIENTED_EDGE('',*,*,#3112,.T.);
#1903=ORIENTED_EDGE('',*,*,#3114,.T.);
#1904=ORIENTED_EDGE('',*,*,#3115,.F.);
#1905=ORIENTED_EDGE('',*,*,#3116,.F.);
#1906=ORIENTED_EDGE('',*,*,#3115,.T.);
#1907=ORIENTED_EDGE('',*,*,#3117,.T.);
#1908=ORIENTED_EDGE('',*,*,#3118,.T.);
#1909=ORIENTED_EDGE('',*,*,#2338,.T.);
#1910=ORIENTED_EDGE('',*,*,#3119,.F.);
#1911=ORIENTED_EDGE('',*,*,#3120,.F.);
#1912=ORIENTED_EDGE('',*,*,#2337,.T.);
#1913=ORIENTED_EDGE('',*,*,#3121,.F.);
#1914=ORIENTED_EDGE('',*,*,#3122,.F.);
#1915=ORIENTED_EDGE('',*,*,#3119,.T.);
#1916=ORIENTED_EDGE('',*,*,#2336,.T.);
#1917=ORIENTED_EDGE('',*,*,#3109,.F.);
#1918=ORIENTED_EDGE('',*,*,#3123,.F.);
#1919=ORIENTED_EDGE('',*,*,#3121,.T.);
#1920=ORIENTED_EDGE('',*,*,#3108,.T.);
#1921=ORIENTED_EDGE('',*,*,#3113,.T.);
#1922=ORIENTED_EDGE('',*,*,#3116,.T.);
#1923=ORIENTED_EDGE('',*,*,#3120,.T.);
#1924=ORIENTED_EDGE('',*,*,#3122,.T.);
#1925=ORIENTED_EDGE('',*,*,#3123,.T.);
#1926=ORIENTED_EDGE('',*,*,#3117,.F.);
#1927=ORIENTED_EDGE('',*,*,#3114,.F.);
#1928=ORIENTED_EDGE('',*,*,#3111,.F.);
#1929=ORIENTED_EDGE('',*,*,#3124,.F.);
#1930=ORIENTED_EDGE('',*,*,#2341,.T.);
#1931=ORIENTED_EDGE('',*,*,#3125,.F.);
#1932=ORIENTED_EDGE('',*,*,#3126,.F.);
#1933=ORIENTED_EDGE('',*,*,#3127,.T.);
#1934=ORIENTED_EDGE('',*,*,#2340,.T.);
#1935=ORIENTED_EDGE('',*,*,#3128,.F.);
#1936=ORIENTED_EDGE('',*,*,#3129,.T.);
#1937=ORIENTED_EDGE('',*,*,#3130,.F.);
#1938=ORIENTED_EDGE('',*,*,#3131,.F.);
#1939=ORIENTED_EDGE('',*,*,#3125,.T.);
#1940=ORIENTED_EDGE('',*,*,#3130,.T.);
#1941=ORIENTED_EDGE('',*,*,#3132,.T.);
#1942=ORIENTED_EDGE('',*,*,#3133,.F.);
#1943=ORIENTED_EDGE('',*,*,#3134,.F.);
#1944=ORIENTED_EDGE('',*,*,#3133,.T.);
#1945=ORIENTED_EDGE('',*,*,#3135,.T.);
#1946=ORIENTED_EDGE('',*,*,#3136,.T.);
#1947=ORIENTED_EDGE('',*,*,#2344,.T.);
#1948=ORIENTED_EDGE('',*,*,#3137,.F.);
#1949=ORIENTED_EDGE('',*,*,#3138,.F.);
#1950=ORIENTED_EDGE('',*,*,#2343,.T.);
#1951=ORIENTED_EDGE('',*,*,#3139,.F.);
#1952=ORIENTED_EDGE('',*,*,#3140,.F.);
#1953=ORIENTED_EDGE('',*,*,#3137,.T.);
#1954=ORIENTED_EDGE('',*,*,#2342,.T.);
#1955=ORIENTED_EDGE('',*,*,#3127,.F.);
#1956=ORIENTED_EDGE('',*,*,#3141,.F.);
#1957=ORIENTED_EDGE('',*,*,#3139,.T.);
#1958=ORIENTED_EDGE('',*,*,#3126,.T.);
#1959=ORIENTED_EDGE('',*,*,#3131,.T.);
#1960=ORIENTED_EDGE('',*,*,#3134,.T.);
#1961=ORIENTED_EDGE('',*,*,#3138,.T.);
#1962=ORIENTED_EDGE('',*,*,#3140,.T.);
#1963=ORIENTED_EDGE('',*,*,#3141,.T.);
#1964=ORIENTED_EDGE('',*,*,#3135,.F.);
#1965=ORIENTED_EDGE('',*,*,#3132,.F.);
#1966=ORIENTED_EDGE('',*,*,#3129,.F.);
#1967=ORIENTED_EDGE('',*,*,#3142,.F.);
#1968=ORIENTED_EDGE('',*,*,#2347,.T.);
#1969=ORIENTED_EDGE('',*,*,#3143,.F.);
#1970=ORIENTED_EDGE('',*,*,#3144,.F.);
#1971=ORIENTED_EDGE('',*,*,#3145,.T.);
#1972=ORIENTED_EDGE('',*,*,#2346,.T.);
#1973=ORIENTED_EDGE('',*,*,#3146,.F.);
#1974=ORIENTED_EDGE('',*,*,#3147,.T.);
#1975=ORIENTED_EDGE('',*,*,#3148,.F.);
#1976=ORIENTED_EDGE('',*,*,#3149,.F.);
#1977=ORIENTED_EDGE('',*,*,#3143,.T.);
#1978=ORIENTED_EDGE('',*,*,#3148,.T.);
#1979=ORIENTED_EDGE('',*,*,#3150,.T.);
#1980=ORIENTED_EDGE('',*,*,#3151,.F.);
#1981=ORIENTED_EDGE('',*,*,#3152,.F.);
#1982=ORIENTED_EDGE('',*,*,#3151,.T.);
#1983=ORIENTED_EDGE('',*,*,#3153,.T.);
#1984=ORIENTED_EDGE('',*,*,#3154,.T.);
#1985=ORIENTED_EDGE('',*,*,#2350,.T.);
#1986=ORIENTED_EDGE('',*,*,#3155,.F.);
#1987=ORIENTED_EDGE('',*,*,#3156,.F.);
#1988=ORIENTED_EDGE('',*,*,#2349,.T.);
#1989=ORIENTED_EDGE('',*,*,#3157,.F.);
#1990=ORIENTED_EDGE('',*,*,#3158,.F.);
#1991=ORIENTED_EDGE('',*,*,#3155,.T.);
#1992=ORIENTED_EDGE('',*,*,#2348,.T.);
#1993=ORIENTED_EDGE('',*,*,#3145,.F.);
#1994=ORIENTED_EDGE('',*,*,#3159,.F.);
#1995=ORIENTED_EDGE('',*,*,#3157,.T.);
#1996=ORIENTED_EDGE('',*,*,#3144,.T.);
#1997=ORIENTED_EDGE('',*,*,#3149,.T.);
#1998=ORIENTED_EDGE('',*,*,#3152,.T.);
#1999=ORIENTED_EDGE('',*,*,#3156,.T.);
#2000=ORIENTED_EDGE('',*,*,#3158,.T.);
#2001=ORIENTED_EDGE('',*,*,#3159,.T.);
#2002=ORIENTED_EDGE('',*,*,#3153,.F.);
#2003=ORIENTED_EDGE('',*,*,#3150,.F.);
#2004=ORIENTED_EDGE('',*,*,#3147,.F.);
#2005=ORIENTED_EDGE('',*,*,#3160,.F.);
#2006=ORIENTED_EDGE('',*,*,#2353,.T.);
#2007=ORIENTED_EDGE('',*,*,#3161,.F.);
#2008=ORIENTED_EDGE('',*,*,#3162,.F.);
#2009=ORIENTED_EDGE('',*,*,#3163,.T.);
#2010=ORIENTED_EDGE('',*,*,#2352,.T.);
#2011=ORIENTED_EDGE('',*,*,#3164,.F.);
#2012=ORIENTED_EDGE('',*,*,#3165,.T.);
#2013=ORIENTED_EDGE('',*,*,#3166,.F.);
#2014=ORIENTED_EDGE('',*,*,#3167,.F.);
#2015=ORIENTED_EDGE('',*,*,#3161,.T.);
#2016=ORIENTED_EDGE('',*,*,#3166,.T.);
#2017=ORIENTED_EDGE('',*,*,#3168,.T.);
#2018=ORIENTED_EDGE('',*,*,#3169,.F.);
#2019=ORIENTED_EDGE('',*,*,#3170,.F.);
#2020=ORIENTED_EDGE('',*,*,#3169,.T.);
#2021=ORIENTED_EDGE('',*,*,#3171,.T.);
#2022=ORIENTED_EDGE('',*,*,#3172,.T.);
#2023=ORIENTED_EDGE('',*,*,#2356,.T.);
#2024=ORIENTED_EDGE('',*,*,#3173,.F.);
#2025=ORIENTED_EDGE('',*,*,#3174,.F.);
#2026=ORIENTED_EDGE('',*,*,#2355,.T.);
#2027=ORIENTED_EDGE('',*,*,#3175,.F.);
#2028=ORIENTED_EDGE('',*,*,#3176,.F.);
#2029=ORIENTED_EDGE('',*,*,#3173,.T.);
#2030=ORIENTED_EDGE('',*,*,#2354,.T.);
#2031=ORIENTED_EDGE('',*,*,#3163,.F.);
#2032=ORIENTED_EDGE('',*,*,#3177,.F.);
#2033=ORIENTED_EDGE('',*,*,#3175,.T.);
#2034=ORIENTED_EDGE('',*,*,#3162,.T.);
#2035=ORIENTED_EDGE('',*,*,#3167,.T.);
#2036=ORIENTED_EDGE('',*,*,#3170,.T.);
#2037=ORIENTED_EDGE('',*,*,#3174,.T.);
#2038=ORIENTED_EDGE('',*,*,#3176,.T.);
#2039=ORIENTED_EDGE('',*,*,#3177,.T.);
#2040=ORIENTED_EDGE('',*,*,#3171,.F.);
#2041=ORIENTED_EDGE('',*,*,#3168,.F.);
#2042=ORIENTED_EDGE('',*,*,#3165,.F.);
#2043=ORIENTED_EDGE('',*,*,#3178,.F.);
#2044=ORIENTED_EDGE('',*,*,#3179,.F.);
#2045=ORIENTED_EDGE('',*,*,#3180,.F.);
#2046=ORIENTED_EDGE('',*,*,#3181,.F.);
#2047=ORIENTED_EDGE('',*,*,#3182,.T.);
#2048=ORIENTED_EDGE('',*,*,#2298,.T.);
#2049=ORIENTED_EDGE('',*,*,#3183,.F.);
#2050=ORIENTED_EDGE('',*,*,#3184,.F.);
#2051=ORIENTED_EDGE('',*,*,#3185,.T.);
#2052=ORIENTED_EDGE('',*,*,#2297,.T.);
#2053=ORIENTED_EDGE('',*,*,#3186,.F.);
#2054=ORIENTED_EDGE('',*,*,#3181,.T.);
#2055=ORIENTED_EDGE('',*,*,#3187,.F.);
#2056=ORIENTED_EDGE('',*,*,#3188,.F.);
#2057=ORIENTED_EDGE('',*,*,#3183,.T.);
#2058=ORIENTED_EDGE('',*,*,#3187,.T.);
#2059=ORIENTED_EDGE('',*,*,#3180,.T.);
#2060=ORIENTED_EDGE('',*,*,#3189,.F.);
#2061=ORIENTED_EDGE('',*,*,#3190,.F.);
#2062=ORIENTED_EDGE('',*,*,#3189,.T.);
#2063=ORIENTED_EDGE('',*,*,#3179,.T.);
#2064=ORIENTED_EDGE('',*,*,#3191,.T.);
#2065=ORIENTED_EDGE('',*,*,#2301,.T.);
#2066=ORIENTED_EDGE('',*,*,#3192,.F.);
#2067=ORIENTED_EDGE('',*,*,#3193,.F.);
#2068=ORIENTED_EDGE('',*,*,#2300,.T.);
#2069=ORIENTED_EDGE('',*,*,#3194,.F.);
#2070=ORIENTED_EDGE('',*,*,#3195,.F.);
#2071=ORIENTED_EDGE('',*,*,#3192,.T.);
#2072=ORIENTED_EDGE('',*,*,#2299,.T.);
#2073=ORIENTED_EDGE('',*,*,#3185,.F.);
#2074=ORIENTED_EDGE('',*,*,#3196,.F.);
#2075=ORIENTED_EDGE('',*,*,#3194,.T.);
#2076=ORIENTED_EDGE('',*,*,#3184,.T.);
#2077=ORIENTED_EDGE('',*,*,#3188,.T.);
#2078=ORIENTED_EDGE('',*,*,#3190,.T.);
#2079=ORIENTED_EDGE('',*,*,#3193,.T.);
#2080=ORIENTED_EDGE('',*,*,#3195,.T.);
#2081=ORIENTED_EDGE('',*,*,#3196,.T.);
#2082=ORIENTED_EDGE('',*,*,#2309,.T.);
#2083=ORIENTED_EDGE('',*,*,#3028,.F.);
#2084=ORIENTED_EDGE('',*,*,#3034,.T.);
#2085=ORIENTED_EDGE('',*,*,#3020,.T.);
#2086=ORIENTED_EDGE('',*,*,#2303,.T.);
#2087=ORIENTED_EDGE('',*,*,#3197,.F.);
#2088=ORIENTED_EDGE('',*,*,#3198,.F.);
#2089=ORIENTED_EDGE('',*,*,#2853,.T.);
#2090=ORIENTED_EDGE('',*,*,#2363,.T.);
#2091=ORIENTED_EDGE('',*,*,#3199,.F.);
#2092=ORIENTED_EDGE('',*,*,#3200,.T.);
#2093=ORIENTED_EDGE('',*,*,#3201,.T.);
#2094=ORIENTED_EDGE('',*,*,#2357,.T.);
#2095=ORIENTED_EDGE('',*,*,#3172,.F.);
#2096=ORIENTED_EDGE('',*,*,#3178,.T.);
#2097=ORIENTED_EDGE('',*,*,#3164,.T.);
#2098=ORIENTED_EDGE('',*,*,#2351,.T.);
#2099=ORIENTED_EDGE('',*,*,#3154,.F.);
#2100=ORIENTED_EDGE('',*,*,#3160,.T.);
#2101=ORIENTED_EDGE('',*,*,#3146,.T.);
#2102=ORIENTED_EDGE('',*,*,#2345,.T.);
#2103=ORIENTED_EDGE('',*,*,#3136,.F.);
#2104=ORIENTED_EDGE('',*,*,#3142,.T.);
#2105=ORIENTED_EDGE('',*,*,#3128,.T.);
#2106=ORIENTED_EDGE('',*,*,#2339,.T.);
#2107=ORIENTED_EDGE('',*,*,#3118,.F.);
#2108=ORIENTED_EDGE('',*,*,#3124,.T.);
#2109=ORIENTED_EDGE('',*,*,#3110,.T.);
#2110=ORIENTED_EDGE('',*,*,#2333,.T.);
#2111=ORIENTED_EDGE('',*,*,#3100,.F.);
#2112=ORIENTED_EDGE('',*,*,#3106,.T.);
#2113=ORIENTED_EDGE('',*,*,#3092,.T.);
#2114=ORIENTED_EDGE('',*,*,#2327,.T.);
#2115=ORIENTED_EDGE('',*,*,#3082,.F.);
#2116=ORIENTED_EDGE('',*,*,#3088,.T.);
#2117=ORIENTED_EDGE('',*,*,#3074,.T.);
#2118=ORIENTED_EDGE('',*,*,#2321,.T.);
#2119=ORIENTED_EDGE('',*,*,#3064,.F.);
#2120=ORIENTED_EDGE('',*,*,#3070,.T.);
#2121=ORIENTED_EDGE('',*,*,#3056,.T.);
#2122=ORIENTED_EDGE('',*,*,#2315,.T.);
#2123=ORIENTED_EDGE('',*,*,#3046,.F.);
#2124=ORIENTED_EDGE('',*,*,#3052,.T.);
#2125=ORIENTED_EDGE('',*,*,#3038,.T.);
#2126=ORIENTED_EDGE('',*,*,#2248,.T.);
#2127=ORIENTED_EDGE('',*,*,#2866,.F.);
#2128=ORIENTED_EDGE('',*,*,#2872,.F.);
#2129=ORIENTED_EDGE('',*,*,#2858,.T.);
#2130=ORIENTED_EDGE('',*,*,#2242,.T.);
#2131=ORIENTED_EDGE('',*,*,#2672,.F.);
#2132=ORIENTED_EDGE('',*,*,#3202,.F.);
#2133=ORIENTED_EDGE('',*,*,#3197,.T.);
#2134=ORIENTED_EDGE('',*,*,#2302,.T.);
#2135=ORIENTED_EDGE('',*,*,#3191,.F.);
#2136=ORIENTED_EDGE('',*,*,#3182,.F.);
#2137=ORIENTED_EDGE('',*,*,#3186,.T.);
#2138=ORIENTED_EDGE('',*,*,#2296,.T.);
#2139=ORIENTED_EDGE('',*,*,#3010,.F.);
#2140=ORIENTED_EDGE('',*,*,#3016,.F.);
#2141=ORIENTED_EDGE('',*,*,#3002,.T.);
#2142=ORIENTED_EDGE('',*,*,#2290,.T.);
#2143=ORIENTED_EDGE('',*,*,#2992,.F.);
#2144=ORIENTED_EDGE('',*,*,#2998,.F.);
#2145=ORIENTED_EDGE('',*,*,#2984,.T.);
#2146=ORIENTED_EDGE('',*,*,#2284,.T.);
#2147=ORIENTED_EDGE('',*,*,#2974,.F.);
#2148=ORIENTED_EDGE('',*,*,#2980,.F.);
#2149=ORIENTED_EDGE('',*,*,#2966,.T.);
#2150=ORIENTED_EDGE('',*,*,#2278,.T.);
#2151=ORIENTED_EDGE('',*,*,#2956,.F.);
#2152=ORIENTED_EDGE('',*,*,#2962,.F.);
#2153=ORIENTED_EDGE('',*,*,#2948,.T.);
#2154=ORIENTED_EDGE('',*,*,#2272,.T.);
#2155=ORIENTED_EDGE('',*,*,#2938,.F.);
#2156=ORIENTED_EDGE('',*,*,#2944,.F.);
#2157=ORIENTED_EDGE('',*,*,#2930,.T.);
#2158=ORIENTED_EDGE('',*,*,#2266,.T.);
#2159=ORIENTED_EDGE('',*,*,#2920,.F.);
#2160=ORIENTED_EDGE('',*,*,#2926,.F.);
#2161=ORIENTED_EDGE('',*,*,#2912,.T.);
#2162=ORIENTED_EDGE('',*,*,#2260,.T.);
#2163=ORIENTED_EDGE('',*,*,#2902,.F.);
#2164=ORIENTED_EDGE('',*,*,#2908,.F.);
#2165=ORIENTED_EDGE('',*,*,#2894,.T.);
#2166=ORIENTED_EDGE('',*,*,#2254,.T.);
#2167=ORIENTED_EDGE('',*,*,#2884,.F.);
#2168=ORIENTED_EDGE('',*,*,#2890,.F.);
#2169=ORIENTED_EDGE('',*,*,#2876,.T.);
#2170=ORIENTED_EDGE('',*,*,#3203,.T.);
#2171=ORIENTED_EDGE('',*,*,#2671,.T.);
#2172=ORIENTED_EDGE('',*,*,#2854,.T.);
#2173=ORIENTED_EDGE('',*,*,#3198,.T.);
#2174=ORIENTED_EDGE('',*,*,#3202,.T.);
#2175=ORIENTED_EDGE('',*,*,#2359,.T.);
#2176=ORIENTED_EDGE('',*,*,#3204,.F.);
#2177=ORIENTED_EDGE('',*,*,#3205,.F.);
#2178=ORIENTED_EDGE('',*,*,#3206,.T.);
#2179=ORIENTED_EDGE('',*,*,#2358,.T.);
#2180=ORIENTED_EDGE('',*,*,#3201,.F.);
#2181=ORIENTED_EDGE('',*,*,#3207,.T.);
#2182=ORIENTED_EDGE('',*,*,#3208,.F.);
#2183=ORIENTED_EDGE('',*,*,#3209,.F.);
#2184=ORIENTED_EDGE('',*,*,#3204,.T.);
#2185=ORIENTED_EDGE('',*,*,#3208,.T.);
#2186=ORIENTED_EDGE('',*,*,#3210,.T.);
#2187=ORIENTED_EDGE('',*,*,#3211,.F.);
#2188=ORIENTED_EDGE('',*,*,#3212,.F.);
#2189=ORIENTED_EDGE('',*,*,#3211,.T.);
#2190=ORIENTED_EDGE('',*,*,#3213,.T.);
#2191=ORIENTED_EDGE('',*,*,#3199,.T.);
#2192=ORIENTED_EDGE('',*,*,#2362,.T.);
#2193=ORIENTED_EDGE('',*,*,#3214,.F.);
#2194=ORIENTED_EDGE('',*,*,#3215,.F.);
#2195=ORIENTED_EDGE('',*,*,#2361,.T.);
#2196=ORIENTED_EDGE('',*,*,#3216,.F.);
#2197=ORIENTED_EDGE('',*,*,#3217,.F.);
#2198=ORIENTED_EDGE('',*,*,#3214,.T.);
#2199=ORIENTED_EDGE('',*,*,#2360,.T.);
#2200=ORIENTED_EDGE('',*,*,#3206,.F.);
#2201=ORIENTED_EDGE('',*,*,#3218,.F.);
#2202=ORIENTED_EDGE('',*,*,#3216,.T.);
#2203=ORIENTED_EDGE('',*,*,#3205,.T.);
#2204=ORIENTED_EDGE('',*,*,#3209,.T.);
#2205=ORIENTED_EDGE('',*,*,#3212,.T.);
#2206=ORIENTED_EDGE('',*,*,#3215,.T.);
#2207=ORIENTED_EDGE('',*,*,#3217,.T.);
#2208=ORIENTED_EDGE('',*,*,#3218,.T.);
#2209=ORIENTED_EDGE('',*,*,#3213,.F.);
#2210=ORIENTED_EDGE('',*,*,#3210,.F.);
#2211=ORIENTED_EDGE('',*,*,#3207,.F.);
#2212=ORIENTED_EDGE('',*,*,#3200,.F.);
#2213=ORIENTED_EDGE('',*,*,#2485,.T.);
#2214=ORIENTED_EDGE('',*,*,#3219,.T.);
#2215=ORIENTED_EDGE('',*,*,#3220,.F.);
#2216=ORIENTED_EDGE('',*,*,#3221,.T.);
#2217=ORIENTED_EDGE('',*,*,#3222,.F.);
#2218=ORIENTED_EDGE('',*,*,#3223,.T.);
#2219=ORIENTED_EDGE('',*,*,#2488,.T.);
#2220=ORIENTED_EDGE('',*,*,#3224,.F.);
#2221=ORIENTED_EDGE('',*,*,#2487,.T.);
#2222=ORIENTED_EDGE('',*,*,#3225,.F.);
#2223=ORIENTED_EDGE('',*,*,#3226,.F.);
#2224=ORIENTED_EDGE('',*,*,#3224,.T.);
#2225=ORIENTED_EDGE('',*,*,#2486,.T.);
#2226=ORIENTED_EDGE('',*,*,#3221,.F.);
#2227=ORIENTED_EDGE('',*,*,#3227,.F.);
#2228=ORIENTED_EDGE('',*,*,#3225,.T.);
#2229=ORIENTED_EDGE('',*,*,#3220,.T.);
#2230=ORIENTED_EDGE('',*,*,#3228,.T.);
#2231=ORIENTED_EDGE('',*,*,#3222,.T.);
#2232=ORIENTED_EDGE('',*,*,#3226,.T.);
#2233=ORIENTED_EDGE('',*,*,#3227,.T.);
#2234=ORIENTED_EDGE('',*,*,#3228,.F.);
#2235=ORIENTED_EDGE('',*,*,#3219,.F.);
#2236=ORIENTED_EDGE('',*,*,#2489,.F.);
#2237=ORIENTED_EDGE('',*,*,#3223,.F.);
#2238=ORIENTED_EDGE('',*,*,#3229,.T.);
#2239=ORIENTED_EDGE('',*,*,#3203,.F.);
#2240=ORIENTED_EDGE('',*,*,#3229,.F.);
#2241=EDGE_CURVE('',#3230,#3231,#3890,.T.);
#2242=EDGE_CURVE('',#3232,#3230,#3891,.T.);
#2243=EDGE_CURVE('',#3233,#3232,#3892,.T.);
#2244=EDGE_CURVE('',#3234,#3233,#101,.F.);
#2245=EDGE_CURVE('',#3235,#3234,#3893,.T.);
#2246=EDGE_CURVE('',#3236,#3235,#102,.F.);
#2247=EDGE_CURVE('',#3237,#3236,#3894,.T.);
#2248=EDGE_CURVE('',#3238,#3237,#3895,.T.);
#2249=EDGE_CURVE('',#3239,#3238,#3896,.T.);
#2250=EDGE_CURVE('',#3240,#3239,#103,.F.);
#2251=EDGE_CURVE('',#3241,#3240,#3897,.T.);
#2252=EDGE_CURVE('',#3242,#3241,#104,.F.);
#2253=EDGE_CURVE('',#3243,#3242,#3898,.T.);
#2254=EDGE_CURVE('',#3244,#3243,#3899,.T.);
#2255=EDGE_CURVE('',#3245,#3244,#3900,.T.);
#2256=EDGE_CURVE('',#3246,#3245,#105,.F.);
#2257=EDGE_CURVE('',#3247,#3246,#3901,.T.);
#2258=EDGE_CURVE('',#3248,#3247,#106,.F.);
#2259=EDGE_CURVE('',#3249,#3248,#3902,.T.);
#2260=EDGE_CURVE('',#3250,#3249,#3903,.T.);
#2261=EDGE_CURVE('',#3251,#3250,#3904,.T.);
#2262=EDGE_CURVE('',#3252,#3251,#107,.F.);
#2263=EDGE_CURVE('',#3253,#3252,#3905,.T.);
#2264=EDGE_CURVE('',#3254,#3253,#108,.F.);
#2265=EDGE_CURVE('',#3255,#3254,#3906,.T.);
#2266=EDGE_CURVE('',#3256,#3255,#3907,.T.);
#2267=EDGE_CURVE('',#3257,#3256,#3908,.T.);
#2268=EDGE_CURVE('',#3258,#3257,#109,.F.);
#2269=EDGE_CURVE('',#3259,#3258,#3909,.T.);
#2270=EDGE_CURVE('',#3260,#3259,#110,.F.);
#2271=EDGE_CURVE('',#3261,#3260,#3910,.T.);
#2272=EDGE_CURVE('',#3262,#3261,#3911,.T.);
#2273=EDGE_CURVE('',#3263,#3262,#3912,.T.);
#2274=EDGE_CURVE('',#3264,#3263,#111,.F.);
#2275=EDGE_CURVE('',#3265,#3264,#3913,.T.);
#2276=EDGE_CURVE('',#3266,#3265,#112,.F.);
#2277=EDGE_CURVE('',#3267,#3266,#3914,.T.);
#2278=EDGE_CURVE('',#3268,#3267,#3915,.T.);
#2279=EDGE_CURVE('',#3269,#3268,#3916,.T.);
#2280=EDGE_CURVE('',#3270,#3269,#113,.F.);
#2281=EDGE_CURVE('',#3271,#3270,#3917,.T.);
#2282=EDGE_CURVE('',#3272,#3271,#114,.F.);
#2283=EDGE_CURVE('',#3273,#3272,#3918,.T.);
#2284=EDGE_CURVE('',#3274,#3273,#3919,.T.);
#2285=EDGE_CURVE('',#3275,#3274,#3920,.T.);
#2286=EDGE_CURVE('',#3276,#3275,#115,.F.);
#2287=EDGE_CURVE('',#3277,#3276,#3921,.T.);
#2288=EDGE_CURVE('',#3278,#3277,#116,.F.);
#2289=EDGE_CURVE('',#3279,#3278,#3922,.T.);
#2290=EDGE_CURVE('',#3280,#3279,#3923,.T.);
#2291=EDGE_CURVE('',#3281,#3280,#3924,.T.);
#2292=EDGE_CURVE('',#3282,#3281,#117,.F.);
#2293=EDGE_CURVE('',#3283,#3282,#3925,.T.);
#2294=EDGE_CURVE('',#3284,#3283,#118,.F.);
#2295=EDGE_CURVE('',#3285,#3284,#3926,.T.);
#2296=EDGE_CURVE('',#3286,#3285,#3927,.T.);
#2297=EDGE_CURVE('',#3287,#3286,#3928,.T.);
#2298=EDGE_CURVE('',#3288,#3287,#119,.F.);
#2299=EDGE_CURVE('',#3289,#3288,#3929,.T.);
#2300=EDGE_CURVE('',#3290,#3289,#120,.F.);
#2301=EDGE_CURVE('',#3291,#3290,#3930,.T.);
#2302=EDGE_CURVE('',#3292,#3291,#3931,.T.);
#2303=EDGE_CURVE('',#3293,#3292,#3932,.T.);
#2304=EDGE_CURVE('',#3294,#3293,#3933,.T.);
#2305=EDGE_CURVE('',#3295,#3294,#121,.T.);
#2306=EDGE_CURVE('',#3296,#3295,#3934,.T.);
#2307=EDGE_CURVE('',#3297,#3296,#122,.T.);
#2308=EDGE_CURVE('',#3298,#3297,#3935,.T.);
#2309=EDGE_CURVE('',#3299,#3298,#3936,.T.);
#2310=EDGE_CURVE('',#3300,#3299,#3937,.T.);
#2311=EDGE_CURVE('',#3301,#3300,#123,.T.);
#2312=EDGE_CURVE('',#3302,#3301,#3938,.T.);
#2313=EDGE_CURVE('',#3303,#3302,#124,.T.);
#2314=EDGE_CURVE('',#3304,#3303,#3939,.T.);
#2315=EDGE_CURVE('',#3305,#3304,#3940,.T.);
#2316=EDGE_CURVE('',#3306,#3305,#3941,.T.);
#2317=EDGE_CURVE('',#3307,#3306,#125,.T.);
#2318=EDGE_CURVE('',#3308,#3307,#3942,.T.);
#2319=EDGE_CURVE('',#3309,#3308,#126,.T.);
#2320=EDGE_CURVE('',#3310,#3309,#3943,.T.);
#2321=EDGE_CURVE('',#3311,#3310,#3944,.T.);
#2322=EDGE_CURVE('',#3312,#3311,#3945,.T.);
#2323=EDGE_CURVE('',#3313,#3312,#127,.T.);
#2324=EDGE_CURVE('',#3314,#3313,#3946,.T.);
#2325=EDGE_CURVE('',#3315,#3314,#128,.T.);
#2326=EDGE_CURVE('',#3316,#3315,#3947,.T.);
#2327=EDGE_CURVE('',#3317,#3316,#3948,.T.);
#2328=EDGE_CURVE('',#3318,#3317,#3949,.T.);
#2329=EDGE_CURVE('',#3319,#3318,#129,.T.);
#2330=EDGE_CURVE('',#3320,#3319,#3950,.T.);
#2331=EDGE_CURVE('',#3321,#3320,#130,.T.);
#2332=EDGE_CURVE('',#3322,#3321,#3951,.T.);
#2333=EDGE_CURVE('',#3323,#3322,#3952,.T.);
#2334=EDGE_CURVE('',#3324,#3323,#3953,.T.);
#2335=EDGE_CURVE('',#3325,#3324,#131,.T.);
#2336=EDGE_CURVE('',#3326,#3325,#3954,.T.);
#2337=EDGE_CURVE('',#3327,#3326,#132,.T.);
#2338=EDGE_CURVE('',#3328,#3327,#3955,.T.);
#2339=EDGE_CURVE('',#3329,#3328,#3956,.T.);
#2340=EDGE_CURVE('',#3330,#3329,#3957,.T.);
#2341=EDGE_CURVE('',#3331,#3330,#133,.T.);
#2342=EDGE_CURVE('',#3332,#3331,#3958,.T.);
#2343=EDGE_CURVE('',#3333,#3332,#134,.T.);
#2344=EDGE_CURVE('',#3334,#3333,#3959,.T.);
#2345=EDGE_CURVE('',#3335,#3334,#3960,.T.);
#2346=EDGE_CURVE('',#3336,#3335,#3961,.T.);
#2347=EDGE_CURVE('',#3337,#3336,#135,.T.);
#2348=EDGE_CURVE('',#3338,#3337,#3962,.T.);
#2349=EDGE_CURVE('',#3339,#3338,#136,.T.);
#2350=EDGE_CURVE('',#3340,#3339,#3963,.T.);
#2351=EDGE_CURVE('',#3341,#3340,#3964,.T.);
#2352=EDGE_CURVE('',#3342,#3341,#3965,.T.);
#2353=EDGE_CURVE('',#3343,#3342,#137,.T.);
#2354=EDGE_CURVE('',#3344,#3343,#3966,.T.);
#2355=EDGE_CURVE('',#3345,#3344,#138,.T.);
#2356=EDGE_CURVE('',#3346,#3345,#3967,.T.);
#2357=EDGE_CURVE('',#3347,#3346,#3968,.T.);
#2358=EDGE_CURVE('',#3348,#3347,#3969,.T.);
#2359=EDGE_CURVE('',#3349,#3348,#139,.T.);
#2360=EDGE_CURVE('',#3350,#3349,#3970,.T.);
#2361=EDGE_CURVE('',#3351,#3350,#140,.T.);
#2362=EDGE_CURVE('',#3352,#3351,#3971,.T.);
#2363=EDGE_CURVE('',#3353,#3352,#3972,.T.);
#2364=EDGE_CURVE('',#3354,#3353,#3973,.T.);
#2365=EDGE_CURVE('',#3355,#3354,#3974,.T.);
#2366=EDGE_CURVE('',#3356,#3355,#141,.F.);
#2367=EDGE_CURVE('',#3357,#3356,#3975,.T.);
#2368=EDGE_CURVE('',#3358,#3357,#142,.F.);
#2369=EDGE_CURVE('',#3358,#3359,#3976,.T.);
#2370=EDGE_CURVE('',#3360,#3359,#3977,.T.);
#2371=EDGE_CURVE('',#3361,#3360,#3978,.T.);
#2372=EDGE_CURVE('',#3362,#3361,#143,.F.);
#2373=EDGE_CURVE('',#3363,#3362,#3979,.T.);
#2374=EDGE_CURVE('',#3364,#3363,#144,.F.);
#2375=EDGE_CURVE('',#3364,#3365,#3980,.T.);
#2376=EDGE_CURVE('',#3366,#3365,#3981,.T.);
#2377=EDGE_CURVE('',#3367,#3366,#3982,.T.);
#2378=EDGE_CURVE('',#3368,#3367,#145,.F.);
#2379=EDGE_CURVE('',#3369,#3368,#3983,.T.);
#2380=EDGE_CURVE('',#3370,#3369,#146,.F.);
#2381=EDGE_CURVE('',#3370,#3371,#3984,.T.);
#2382=EDGE_CURVE('',#3372,#3371,#3985,.T.);
#2383=EDGE_CURVE('',#3373,#3372,#3986,.T.);
#2384=EDGE_CURVE('',#3374,#3373,#147,.F.);
#2385=EDGE_CURVE('',#3375,#3374,#3987,.T.);
#2386=EDGE_CURVE('',#3376,#3375,#148,.F.);
#2387=EDGE_CURVE('',#3376,#3377,#3988,.T.);
#2388=EDGE_CURVE('',#3378,#3377,#3989,.T.);
#2389=EDGE_CURVE('',#3379,#3378,#3990,.T.);
#2390=EDGE_CURVE('',#3380,#3379,#149,.F.);
#2391=EDGE_CURVE('',#3381,#3380,#3991,.T.);
#2392=EDGE_CURVE('',#3382,#3381,#150,.F.);
#2393=EDGE_CURVE('',#3382,#3383,#3992,.T.);
#2394=EDGE_CURVE('',#3384,#3383,#3993,.T.);
#2395=EDGE_CURVE('',#3385,#3384,#3994,.T.);
#2396=EDGE_CURVE('',#3386,#3385,#151,.F.);
#2397=EDGE_CURVE('',#3387,#3386,#3995,.T.);
#2398=EDGE_CURVE('',#3388,#3387,#152,.F.);
#2399=EDGE_CURVE('',#3388,#3389,#3996,.T.);
#2400=EDGE_CURVE('',#3390,#3389,#3997,.T.);
#2401=EDGE_CURVE('',#3391,#3390,#3998,.T.);
#2402=EDGE_CURVE('',#3392,#3391,#153,.F.);
#2403=EDGE_CURVE('',#3393,#3392,#3999,.T.);
#2404=EDGE_CURVE('',#3394,#3393,#154,.F.);
#2405=EDGE_CURVE('',#3394,#3395,#4000,.T.);
#2406=EDGE_CURVE('',#3396,#3395,#4001,.T.);
#2407=EDGE_CURVE('',#3397,#3396,#4002,.T.);
#2408=EDGE_CURVE('',#3398,#3397,#155,.F.);
#2409=EDGE_CURVE('',#3399,#3398,#4003,.T.);
#2410=EDGE_CURVE('',#3400,#3399,#156,.F.);
#2411=EDGE_CURVE('',#3400,#3401,#4004,.T.);
#2412=EDGE_CURVE('',#3402,#3401,#4005,.T.);
#2413=EDGE_CURVE('',#3403,#3402,#4006,.T.);
#2414=EDGE_CURVE('',#3404,#3403,#157,.F.);
#2415=EDGE_CURVE('',#3405,#3404,#4007,.T.);
#2416=EDGE_CURVE('',#3406,#3405,#158,.F.);
#2417=EDGE_CURVE('',#3406,#3407,#4008,.T.);
#2418=EDGE_CURVE('',#3408,#3407,#4009,.T.);
#2419=EDGE_CURVE('',#3409,#3408,#4010,.T.);
#2420=EDGE_CURVE('',#3410,#3409,#159,.F.);
#2421=EDGE_CURVE('',#3411,#3410,#4011,.T.);
#2422=EDGE_CURVE('',#3412,#3411,#160,.F.);
#2423=EDGE_CURVE('',#3412,#3413,#4012,.T.);
#2424=EDGE_CURVE('',#3414,#3413,#4013,.T.);
#2425=EDGE_CURVE('',#3415,#3414,#4014,.T.);
#2426=EDGE_CURVE('',#3416,#3415,#4015,.T.);
#2427=EDGE_CURVE('',#3417,#3416,#161,.F.);
#2428=EDGE_CURVE('',#3418,#3417,#4016,.T.);
#2429=EDGE_CURVE('',#3419,#3418,#162,.F.);
#2430=EDGE_CURVE('',#3419,#3420,#4017,.T.);
#2431=EDGE_CURVE('',#3421,#3420,#4018,.T.);
#2432=EDGE_CURVE('',#3422,#3421,#4019,.T.);
#2433=EDGE_CURVE('',#3423,#3422,#163,.F.);
#2434=EDGE_CURVE('',#3424,#3423,#4020,.T.);
#2435=EDGE_CURVE('',#3425,#3424,#164,.F.);
#2436=EDGE_CURVE('',#3425,#3426,#4021,.T.);
#2437=EDGE_CURVE('',#3427,#3426,#4022,.T.);
#2438=EDGE_CURVE('',#3428,#3427,#4023,.T.);
#2439=EDGE_CURVE('',#3429,#3428,#165,.F.);
#2440=EDGE_CURVE('',#3430,#3429,#4024,.T.);
#2441=EDGE_CURVE('',#3431,#3430,#166,.F.);
#2442=EDGE_CURVE('',#3431,#3432,#4025,.T.);
#2443=EDGE_CURVE('',#3433,#3432,#4026,.T.);
#2444=EDGE_CURVE('',#3434,#3433,#4027,.T.);
#2445=EDGE_CURVE('',#3435,#3434,#167,.F.);
#2446=EDGE_CURVE('',#3436,#3435,#4028,.T.);
#2447=EDGE_CURVE('',#3437,#3436,#168,.F.);
#2448=EDGE_CURVE('',#3437,#3438,#4029,.T.);
#2449=EDGE_CURVE('',#3439,#3438,#4030,.T.);
#2450=EDGE_CURVE('',#3440,#3439,#4031,.T.);
#2451=EDGE_CURVE('',#3441,#3440,#169,.F.);
#2452=EDGE_CURVE('',#3442,#3441,#4032,.T.);
#2453=EDGE_CURVE('',#3443,#3442,#170,.F.);
#2454=EDGE_CURVE('',#3443,#3444,#4033,.T.);
#2455=EDGE_CURVE('',#3445,#3444,#4034,.T.);
#2456=EDGE_CURVE('',#3446,#3445,#4035,.T.);
#2457=EDGE_CURVE('',#3447,#3446,#171,.F.);
#2458=EDGE_CURVE('',#3448,#3447,#4036,.T.);
#2459=EDGE_CURVE('',#3449,#3448,#172,.F.);
#2460=EDGE_CURVE('',#3449,#3450,#4037,.T.);
#2461=EDGE_CURVE('',#3451,#3450,#4038,.T.);
#2462=EDGE_CURVE('',#3452,#3451,#4039,.T.);
#2463=EDGE_CURVE('',#3453,#3452,#173,.F.);
#2464=EDGE_CURVE('',#3454,#3453,#4040,.T.);
#2465=EDGE_CURVE('',#3455,#3454,#174,.F.);
#2466=EDGE_CURVE('',#3455,#3456,#4041,.T.);
#2467=EDGE_CURVE('',#3457,#3456,#4042,.T.);
#2468=EDGE_CURVE('',#3458,#3457,#4043,.T.);
#2469=EDGE_CURVE('',#3459,#3458,#175,.F.);
#2470=EDGE_CURVE('',#3460,#3459,#4044,.T.);
#2471=EDGE_CURVE('',#3461,#3460,#176,.F.);
#2472=EDGE_CURVE('',#3461,#3462,#4045,.T.);
#2473=EDGE_CURVE('',#3463,#3462,#4046,.T.);
#2474=EDGE_CURVE('',#3464,#3463,#4047,.T.);
#2475=EDGE_CURVE('',#3465,#3464,#177,.F.);
#2476=EDGE_CURVE('',#3466,#3465,#4048,.T.);
#2477=EDGE_CURVE('',#3467,#3466,#178,.F.);
#2478=EDGE_CURVE('',#3467,#3468,#4049,.T.);
#2479=EDGE_CURVE('',#3469,#3468,#4050,.T.);
#2480=EDGE_CURVE('',#3470,#3469,#4051,.T.);
#2481=EDGE_CURVE('',#3471,#3470,#179,.F.);
#2482=EDGE_CURVE('',#3472,#3471,#4052,.T.);
#2483=EDGE_CURVE('',#3473,#3472,#180,.F.);
#2484=EDGE_CURVE('',#3473,#3231,#4053,.T.);
#2485=EDGE_CURVE('',#3474,#3475,#4054,.T.);
#2486=EDGE_CURVE('',#3476,#3474,#4055,.T.);
#2487=EDGE_CURVE('',#3477,#3476,#4056,.T.);
#2488=EDGE_CURVE('',#3478,#3477,#4057,.T.);
#2489=EDGE_CURVE('',#3478,#3475,#4058,.F.);
#2490=EDGE_CURVE('',#3479,#3480,#181,.T.);
#2491=EDGE_CURVE('',#3481,#3479,#4059,.T.);
#2492=EDGE_CURVE('',#3482,#3481,#182,.T.);
#2493=EDGE_CURVE('',#3483,#3482,#4060,.T.);
#2494=EDGE_CURVE('',#3484,#3483,#4061,.T.);
#2495=EDGE_CURVE('',#3480,#3484,#4062,.T.);
#2496=EDGE_CURVE('',#3481,#3471,#4063,.T.);
#2497=EDGE_CURVE('',#3479,#3472,#4064,.T.);
#2498=EDGE_CURVE('',#3482,#3470,#4065,.T.);
#2499=EDGE_CURVE('',#3483,#3485,#4066,.T.);
#2500=EDGE_CURVE('',#3469,#3486,#4067,.T.);
#2501=EDGE_CURVE('',#3485,#3486,#4068,.T.);
#2502=EDGE_CURVE('',#3484,#3487,#4069,.T.);
#2503=EDGE_CURVE('',#3487,#3485,#4070,.T.);
#2504=EDGE_CURVE('',#3480,#3473,#4071,.T.);
#2505=EDGE_CURVE('',#3488,#3487,#4072,.T.);
#2506=EDGE_CURVE('',#3488,#3231,#4073,.T.);
#2507=EDGE_CURVE('',#3486,#3488,#4074,.T.);
#2508=EDGE_CURVE('',#3489,#3490,#183,.T.);
#2509=EDGE_CURVE('',#3491,#3489,#4075,.T.);
#2510=EDGE_CURVE('',#3492,#3491,#184,.T.);
#2511=EDGE_CURVE('',#3493,#3492,#4076,.T.);
#2512=EDGE_CURVE('',#3494,#3493,#4077,.T.);
#2513=EDGE_CURVE('',#3490,#3494,#4078,.T.);
#2514=EDGE_CURVE('',#3491,#3465,#4079,.T.);
#2515=EDGE_CURVE('',#3489,#3466,#4080,.T.);
#2516=EDGE_CURVE('',#3492,#3464,#4081,.T.);
#2517=EDGE_CURVE('',#3493,#3495,#4082,.T.);
#2518=EDGE_CURVE('',#3463,#3496,#4083,.T.);
#2519=EDGE_CURVE('',#3495,#3496,#4084,.T.);
#2520=EDGE_CURVE('',#3494,#3497,#4085,.T.);
#2521=EDGE_CURVE('',#3497,#3495,#4086,.T.);
#2522=EDGE_CURVE('',#3490,#3467,#4087,.T.);
#2523=EDGE_CURVE('',#3498,#3497,#4088,.T.);
#2524=EDGE_CURVE('',#3498,#3468,#4089,.T.);
#2525=EDGE_CURVE('',#3496,#3498,#4090,.T.);
#2526=EDGE_CURVE('',#3499,#3500,#185,.T.);
#2527=EDGE_CURVE('',#3501,#3499,#4091,.T.);
#2528=EDGE_CURVE('',#3502,#3501,#186,.T.);
#2529=EDGE_CURVE('',#3503,#3502,#4092,.T.);
#2530=EDGE_CURVE('',#3504,#3503,#4093,.T.);
#2531=EDGE_CURVE('',#3500,#3504,#4094,.T.);
#2532=EDGE_CURVE('',#3501,#3459,#4095,.T.);
#2533=EDGE_CURVE('',#3499,#3460,#4096,.T.);
#2534=EDGE_CURVE('',#3502,#3458,#4097,.T.);
#2535=EDGE_CURVE('',#3503,#3505,#4098,.T.);
#2536=EDGE_CURVE('',#3457,#3506,#4099,.T.);
#2537=EDGE_CURVE('',#3505,#3506,#4100,.T.);
#2538=EDGE_CURVE('',#3504,#3507,#4101,.T.);
#2539=EDGE_CURVE('',#3507,#3505,#4102,.T.);
#2540=EDGE_CURVE('',#3500,#3461,#4103,.T.);
#2541=EDGE_CURVE('',#3508,#3507,#4104,.T.);
#2542=EDGE_CURVE('',#3508,#3462,#4105,.T.);
#2543=EDGE_CURVE('',#3506,#3508,#4106,.T.);
#2544=EDGE_CURVE('',#3509,#3510,#187,.T.);
#2545=EDGE_CURVE('',#3511,#3509,#4107,.T.);
#2546=EDGE_CURVE('',#3512,#3511,#188,.T.);
#2547=EDGE_CURVE('',#3513,#3512,#4108,.T.);
#2548=EDGE_CURVE('',#3514,#3513,#4109,.T.);
#2549=EDGE_CURVE('',#3510,#3514,#4110,.T.);
#2550=EDGE_CURVE('',#3511,#3453,#4111,.T.);
#2551=EDGE_CURVE('',#3509,#3454,#4112,.T.);
#2552=EDGE_CURVE('',#3512,#3452,#4113,.T.);
#2553=EDGE_CURVE('',#3513,#3515,#4114,.T.);
#2554=EDGE_CURVE('',#3451,#3516,#4115,.T.);
#2555=EDGE_CURVE('',#3515,#3516,#4116,.T.);
#2556=EDGE_CURVE('',#3514,#3517,#4117,.T.);
#2557=EDGE_CURVE('',#3517,#3515,#4118,.T.);
#2558=EDGE_CURVE('',#3510,#3455,#4119,.T.);
#2559=EDGE_CURVE('',#3518,#3517,#4120,.T.);
#2560=EDGE_CURVE('',#3518,#3456,#4121,.T.);
#2561=EDGE_CURVE('',#3516,#3518,#4122,.T.);
#2562=EDGE_CURVE('',#3519,#3520,#189,.T.);
#2563=EDGE_CURVE('',#3521,#3519,#4123,.T.);
#2564=EDGE_CURVE('',#3522,#3521,#190,.T.);
#2565=EDGE_CURVE('',#3523,#3522,#4124,.T.);
#2566=EDGE_CURVE('',#3524,#3523,#4125,.T.);
#2567=EDGE_CURVE('',#3520,#3524,#4126,.T.);
#2568=EDGE_CURVE('',#3521,#3447,#4127,.T.);
#2569=EDGE_CURVE('',#3519,#3448,#4128,.T.);
#2570=EDGE_CURVE('',#3522,#3446,#4129,.T.);
#2571=EDGE_CURVE('',#3523,#3525,#4130,.T.);
#2572=EDGE_CURVE('',#3445,#3526,#4131,.T.);
#2573=EDGE_CURVE('',#3525,#3526,#4132,.T.);
#2574=EDGE_CURVE('',#3524,#3527,#4133,.T.);
#2575=EDGE_CURVE('',#3527,#3525,#4134,.T.);
#2576=EDGE_CURVE('',#3520,#3449,#4135,.T.);
#2577=EDGE_CURVE('',#3528,#3527,#4136,.T.);
#2578=EDGE_CURVE('',#3528,#3450,#4137,.T.);
#2579=EDGE_CURVE('',#3526,#3528,#4138,.T.);
#2580=EDGE_CURVE('',#3529,#3530,#191,.T.);
#2581=EDGE_CURVE('',#3531,#3529,#4139,.T.);
#2582=EDGE_CURVE('',#3532,#3531,#192,.T.);
#2583=EDGE_CURVE('',#3533,#3532,#4140,.T.);
#2584=EDGE_CURVE('',#3534,#3533,#4141,.T.);
#2585=EDGE_CURVE('',#3530,#3534,#4142,.T.);
#2586=EDGE_CURVE('',#3531,#3441,#4143,.T.);
#2587=EDGE_CURVE('',#3529,#3442,#4144,.T.);
#2588=EDGE_CURVE('',#3532,#3440,#4145,.T.);
#2589=EDGE_CURVE('',#3533,#3535,#4146,.T.);
#2590=EDGE_CURVE('',#3439,#3536,#4147,.T.);
#2591=EDGE_CURVE('',#3535,#3536,#4148,.T.);
#2592=EDGE_CURVE('',#3534,#3537,#4149,.T.);
#2593=EDGE_CURVE('',#3537,#3535,#4150,.T.);
#2594=EDGE_CURVE('',#3530,#3443,#4151,.T.);
#2595=EDGE_CURVE('',#3538,#3537,#4152,.T.);
#2596=EDGE_CURVE('',#3538,#3444,#4153,.T.);
#2597=EDGE_CURVE('',#3536,#3538,#4154,.T.);
#2598=EDGE_CURVE('',#3539,#3540,#193,.T.);
#2599=EDGE_CURVE('',#3541,#3539,#4155,.T.);
#2600=EDGE_CURVE('',#3542,#3541,#194,.T.);
#2601=EDGE_CURVE('',#3543,#3542,#4156,.T.);
#2602=EDGE_CURVE('',#3544,#3543,#4157,.T.);
#2603=EDGE_CURVE('',#3540,#3544,#4158,.T.);
#2604=EDGE_CURVE('',#3541,#3435,#4159,.T.);
#2605=EDGE_CURVE('',#3539,#3436,#4160,.T.);
#2606=EDGE_CURVE('',#3542,#3434,#4161,.T.);
#2607=EDGE_CURVE('',#3543,#3545,#4162,.T.);
#2608=EDGE_CURVE('',#3433,#3546,#4163,.T.);
#2609=EDGE_CURVE('',#3545,#3546,#4164,.T.);
#2610=EDGE_CURVE('',#3544,#3547,#4165,.T.);
#2611=EDGE_CURVE('',#3547,#3545,#4166,.T.);
#2612=EDGE_CURVE('',#3540,#3437,#4167,.T.);
#2613=EDGE_CURVE('',#3548,#3547,#4168,.T.);
#2614=EDGE_CURVE('',#3548,#3438,#4169,.T.);
#2615=EDGE_CURVE('',#3546,#3548,#4170,.T.);
#2616=EDGE_CURVE('',#3549,#3550,#195,.T.);
#2617=EDGE_CURVE('',#3551,#3549,#4171,.T.);
#2618=EDGE_CURVE('',#3552,#3551,#196,.T.);
#2619=EDGE_CURVE('',#3553,#3552,#4172,.T.);
#2620=EDGE_CURVE('',#3554,#3553,#4173,.T.);
#2621=EDGE_CURVE('',#3550,#3554,#4174,.T.);
#2622=EDGE_CURVE('',#3551,#3429,#4175,.T.);
#2623=EDGE_CURVE('',#3549,#3430,#4176,.T.);
#2624=EDGE_CURVE('',#3552,#3428,#4177,.T.);
#2625=EDGE_CURVE('',#3553,#3555,#4178,.T.);
#2626=EDGE_CURVE('',#3427,#3556,#4179,.T.);
#2627=EDGE_CURVE('',#3555,#3556,#4180,.T.);
#2628=EDGE_CURVE('',#3554,#3557,#4181,.T.);
#2629=EDGE_CURVE('',#3557,#3555,#4182,.T.);
#2630=EDGE_CURVE('',#3550,#3431,#4183,.T.);
#2631=EDGE_CURVE('',#3558,#3557,#4184,.T.);
#2632=EDGE_CURVE('',#3558,#3432,#4185,.T.);
#2633=EDGE_CURVE('',#3556,#3558,#4186,.T.);
#2634=EDGE_CURVE('',#3559,#3560,#197,.T.);
#2635=EDGE_CURVE('',#3561,#3559,#4187,.T.);
#2636=EDGE_CURVE('',#3562,#3561,#198,.T.);
#2637=EDGE_CURVE('',#3563,#3562,#4188,.T.);
#2638=EDGE_CURVE('',#3564,#3563,#4189,.T.);
#2639=EDGE_CURVE('',#3560,#3564,#4190,.T.);
#2640=EDGE_CURVE('',#3561,#3423,#4191,.T.);
#2641=EDGE_CURVE('',#3559,#3424,#4192,.T.);
#2642=EDGE_CURVE('',#3562,#3422,#4193,.T.);
#2643=EDGE_CURVE('',#3563,#3565,#4194,.T.);
#2644=EDGE_CURVE('',#3421,#3566,#4195,.T.);
#2645=EDGE_CURVE('',#3565,#3566,#4196,.T.);
#2646=EDGE_CURVE('',#3564,#3567,#4197,.T.);
#2647=EDGE_CURVE('',#3567,#3565,#4198,.T.);
#2648=EDGE_CURVE('',#3560,#3425,#4199,.T.);
#2649=EDGE_CURVE('',#3568,#3567,#4200,.T.);
#2650=EDGE_CURVE('',#3568,#3426,#4201,.T.);
#2651=EDGE_CURVE('',#3566,#3568,#4202,.T.);
#2652=EDGE_CURVE('',#3569,#3418,#4203,.T.);
#2653=EDGE_CURVE('',#3569,#3570,#199,.T.);
#2654=EDGE_CURVE('',#3570,#3419,#4204,.T.);
#2655=EDGE_CURVE('',#3570,#3571,#4205,.T.);
#2656=EDGE_CURVE('',#3571,#3572,#4206,.T.);
#2657=EDGE_CURVE('',#3573,#3572,#4207,.T.);
#2658=EDGE_CURVE('',#3573,#3420,#4208,.T.);
#2659=EDGE_CURVE('',#3571,#3574,#4209,.T.);
#2660=EDGE_CURVE('',#3574,#3575,#4210,.T.);
#2661=EDGE_CURVE('',#3572,#3575,#4211,.T.);
#2662=EDGE_CURVE('',#3574,#3576,#4212,.T.);
#2663=EDGE_CURVE('',#3576,#3416,#4213,.T.);
#2664=EDGE_CURVE('',#3415,#3577,#4214,.T.);
#2665=EDGE_CURVE('',#3575,#3577,#4215,.T.);
#2666=EDGE_CURVE('',#3576,#3578,#200,.T.);
#2667=EDGE_CURVE('',#3578,#3417,#4216,.T.);
#2668=EDGE_CURVE('',#3578,#3569,#4217,.T.);
#2669=EDGE_CURVE('',#3577,#3573,#4218,.T.);
#2670=EDGE_CURVE('',#3579,#3414,#4219,.T.);
#2671=EDGE_CURVE('',#3580,#3579,#4220,.T.);
#2672=EDGE_CURVE('',#3580,#3230,#4221,.T.);
#2673=EDGE_CURVE('',#3581,#3582,#4222,.T.);
#2674=EDGE_CURVE('',#3582,#3583,#4223,.T.);
#2675=EDGE_CURVE('',#3583,#3584,#4224,.T.);
#2676=EDGE_CURVE('',#3584,#3581,#4225,.T.);
#2677=EDGE_CURVE('',#3585,#3411,#4226,.T.);
#2678=EDGE_CURVE('',#3585,#3586,#201,.T.);
#2679=EDGE_CURVE('',#3586,#3412,#4227,.T.);
#2680=EDGE_CURVE('',#3586,#3587,#4228,.T.);
#2681=EDGE_CURVE('',#3587,#3584,#4229,.T.);
#2682=EDGE_CURVE('',#3583,#3413,#4230,.T.);
#2683=EDGE_CURVE('',#3587,#3588,#4231,.T.);
#2684=EDGE_CURVE('',#3588,#3581,#4232,.T.);
#2685=EDGE_CURVE('',#3588,#3589,#4233,.T.);
#2686=EDGE_CURVE('',#3589,#3409,#4234,.T.);
#2687=EDGE_CURVE('',#3408,#3582,#4235,.T.);
#2688=EDGE_CURVE('',#3589,#3590,#202,.T.);
#2689=EDGE_CURVE('',#3590,#3410,#4236,.T.);
#2690=EDGE_CURVE('',#3590,#3585,#4237,.T.);
#2691=EDGE_CURVE('',#3591,#3592,#4238,.T.);
#2692=EDGE_CURVE('',#3592,#3593,#4239,.T.);
#2693=EDGE_CURVE('',#3593,#3594,#4240,.T.);
#2694=EDGE_CURVE('',#3594,#3591,#4241,.T.);
#2695=EDGE_CURVE('',#3595,#3405,#4242,.T.);
#2696=EDGE_CURVE('',#3595,#3596,#203,.T.);
#2697=EDGE_CURVE('',#3596,#3406,#4243,.T.);
#2698=EDGE_CURVE('',#3596,#3597,#4244,.T.);
#2699=EDGE_CURVE('',#3597,#3594,#4245,.T.);
#2700=EDGE_CURVE('',#3593,#3407,#4246,.T.);
#2701=EDGE_CURVE('',#3597,#3598,#4247,.T.);
#2702=EDGE_CURVE('',#3598,#3591,#4248,.T.);
#2703=EDGE_CURVE('',#3598,#3599,#4249,.T.);
#2704=EDGE_CURVE('',#3599,#3403,#4250,.T.);
#2705=EDGE_CURVE('',#3402,#3592,#4251,.T.);
#2706=EDGE_CURVE('',#3599,#3600,#204,.T.);
#2707=EDGE_CURVE('',#3600,#3404,#4252,.T.);
#2708=EDGE_CURVE('',#3600,#3595,#4253,.T.);
#2709=EDGE_CURVE('',#3601,#3602,#4254,.T.);
#2710=EDGE_CURVE('',#3602,#3603,#4255,.T.);
#2711=EDGE_CURVE('',#3603,#3604,#4256,.T.);
#2712=EDGE_CURVE('',#3604,#3601,#4257,.T.);
#2713=EDGE_CURVE('',#3605,#3399,#4258,.T.);
#2714=EDGE_CURVE('',#3605,#3606,#205,.T.);
#2715=EDGE_CURVE('',#3606,#3400,#4259,.T.);
#2716=EDGE_CURVE('',#3606,#3607,#4260,.T.);
#2717=EDGE_CURVE('',#3607,#3604,#4261,.T.);
#2718=EDGE_CURVE('',#3603,#3401,#4262,.T.);
#2719=EDGE_CURVE('',#3607,#3608,#4263,.T.);
#2720=EDGE_CURVE('',#3608,#3601,#4264,.T.);
#2721=EDGE_CURVE('',#3608,#3609,#4265,.T.);
#2722=EDGE_CURVE('',#3609,#3397,#4266,.T.);
#2723=EDGE_CURVE('',#3396,#3602,#4267,.T.);
#2724=EDGE_CURVE('',#3609,#3610,#206,.T.);
#2725=EDGE_CURVE('',#3610,#3398,#4268,.T.);
#2726=EDGE_CURVE('',#3610,#3605,#4269,.T.);
#2727=EDGE_CURVE('',#3611,#3612,#4270,.T.);
#2728=EDGE_CURVE('',#3612,#3613,#4271,.T.);
#2729=EDGE_CURVE('',#3613,#3614,#4272,.T.);
#2730=EDGE_CURVE('',#3614,#3611,#4273,.T.);
#2731=EDGE_CURVE('',#3615,#3393,#4274,.T.);
#2732=EDGE_CURVE('',#3615,#3616,#207,.T.);
#2733=EDGE_CURVE('',#3616,#3394,#4275,.T.);
#2734=EDGE_CURVE('',#3616,#3617,#4276,.T.);
#2735=EDGE_CURVE('',#3617,#3614,#4277,.T.);
#2736=EDGE_CURVE('',#3613,#3395,#4278,.T.);
#2737=EDGE_CURVE('',#3617,#3618,#4279,.T.);
#2738=EDGE_CURVE('',#3618,#3611,#4280,.T.);
#2739=EDGE_CURVE('',#3618,#3619,#4281,.T.);
#2740=EDGE_CURVE('',#3619,#3391,#4282,.T.);
#2741=EDGE_CURVE('',#3390,#3612,#4283,.T.);
#2742=EDGE_CURVE('',#3619,#3620,#208,.T.);
#2743=EDGE_CURVE('',#3620,#3392,#4284,.T.);
#2744=EDGE_CURVE('',#3620,#3615,#4285,.T.);
#2745=EDGE_CURVE('',#3621,#3622,#4286,.T.);
#2746=EDGE_CURVE('',#3622,#3623,#4287,.T.);
#2747=EDGE_CURVE('',#3623,#3624,#4288,.T.);
#2748=EDGE_CURVE('',#3624,#3621,#4289,.T.);
#2749=EDGE_CURVE('',#3625,#3387,#4290,.T.);
#2750=EDGE_CURVE('',#3625,#3626,#209,.T.);
#2751=EDGE_CURVE('',#3626,#3388,#4291,.T.);
#2752=EDGE_CURVE('',#3626,#3627,#4292,.T.);
#2753=EDGE_CURVE('',#3627,#3624,#4293,.T.);
#2754=EDGE_CURVE('',#3623,#3389,#4294,.T.);
#2755=EDGE_CURVE('',#3627,#3628,#4295,.T.);
#2756=EDGE_CURVE('',#3628,#3621,#4296,.T.);
#2757=EDGE_CURVE('',#3628,#3629,#4297,.T.);
#2758=EDGE_CURVE('',#3629,#3385,#4298,.T.);
#2759=EDGE_CURVE('',#3384,#3622,#4299,.T.);
#2760=EDGE_CURVE('',#3629,#3630,#210,.T.);
#2761=EDGE_CURVE('',#3630,#3386,#4300,.T.);
#2762=EDGE_CURVE('',#3630,#3625,#4301,.T.);
#2763=EDGE_CURVE('',#3631,#3632,#4302,.T.);
#2764=EDGE_CURVE('',#3632,#3633,#4303,.T.);
#2765=EDGE_CURVE('',#3633,#3634,#4304,.T.);
#2766=EDGE_CURVE('',#3634,#3631,#4305,.T.);
#2767=EDGE_CURVE('',#3635,#3381,#4306,.T.);
#2768=EDGE_CURVE('',#3635,#3636,#211,.T.);
#2769=EDGE_CURVE('',#3636,#3382,#4307,.T.);
#2770=EDGE_CURVE('',#3636,#3637,#4308,.T.);
#2771=EDGE_CURVE('',#3637,#3634,#4309,.T.);
#2772=EDGE_CURVE('',#3633,#3383,#4310,.T.);
#2773=EDGE_CURVE('',#3637,#3638,#4311,.T.);
#2774=EDGE_CURVE('',#3638,#3631,#4312,.T.);
#2775=EDGE_CURVE('',#3638,#3639,#4313,.T.);
#2776=EDGE_CURVE('',#3639,#3379,#4314,.T.);
#2777=EDGE_CURVE('',#3378,#3632,#4315,.T.);
#2778=EDGE_CURVE('',#3639,#3640,#212,.T.);
#2779=EDGE_CURVE('',#3640,#3380,#4316,.T.);
#2780=EDGE_CURVE('',#3640,#3635,#4317,.T.);
#2781=EDGE_CURVE('',#3641,#3642,#4318,.T.);
#2782=EDGE_CURVE('',#3642,#3643,#4319,.T.);
#2783=EDGE_CURVE('',#3643,#3644,#4320,.T.);
#2784=EDGE_CURVE('',#3644,#3641,#4321,.T.);
#2785=EDGE_CURVE('',#3645,#3375,#4322,.T.);
#2786=EDGE_CURVE('',#3645,#3646,#213,.T.);
#2787=EDGE_CURVE('',#3646,#3376,#4323,.T.);
#2788=EDGE_CURVE('',#3646,#3647,#4324,.T.);
#2789=EDGE_CURVE('',#3647,#3644,#4325,.T.);
#2790=EDGE_CURVE('',#3643,#3377,#4326,.T.);
#2791=EDGE_CURVE('',#3647,#3648,#4327,.T.);
#2792=EDGE_CURVE('',#3648,#3641,#4328,.T.);
#2793=EDGE_CURVE('',#3648,#3649,#4329,.T.);
#2794=EDGE_CURVE('',#3649,#3373,#4330,.T.);
#2795=EDGE_CURVE('',#3372,#3642,#4331,.T.);
#2796=EDGE_CURVE('',#3649,#3650,#214,.T.);
#2797=EDGE_CURVE('',#3650,#3374,#4332,.T.);
#2798=EDGE_CURVE('',#3650,#3645,#4333,.T.);
#2799=EDGE_CURVE('',#3651,#3652,#4334,.T.);
#2800=EDGE_CURVE('',#3652,#3653,#4335,.T.);
#2801=EDGE_CURVE('',#3653,#3654,#4336,.T.);
#2802=EDGE_CURVE('',#3654,#3651,#4337,.T.);
#2803=EDGE_CURVE('',#3655,#3369,#4338,.T.);
#2804=EDGE_CURVE('',#3655,#3656,#215,.T.);
#2805=EDGE_CURVE('',#3656,#3370,#4339,.T.);
#2806=EDGE_CURVE('',#3656,#3657,#4340,.T.);
#2807=EDGE_CURVE('',#3657,#3654,#4341,.T.);
#2808=EDGE_CURVE('',#3653,#3371,#4342,.T.);
#2809=EDGE_CURVE('',#3657,#3658,#4343,.T.);
#2810=EDGE_CURVE('',#3658,#3651,#4344,.T.);
#2811=EDGE_CURVE('',#3658,#3659,#4345,.T.);
#2812=EDGE_CURVE('',#3659,#3367,#4346,.T.);
#2813=EDGE_CURVE('',#3366,#3652,#4347,.T.);
#2814=EDGE_CURVE('',#3659,#3660,#216,.T.);
#2815=EDGE_CURVE('',#3660,#3368,#4348,.T.);
#2816=EDGE_CURVE('',#3660,#3655,#4349,.T.);
#2817=EDGE_CURVE('',#3661,#3662,#4350,.T.);
#2818=EDGE_CURVE('',#3662,#3663,#4351,.T.);
#2819=EDGE_CURVE('',#3663,#3664,#4352,.T.);
#2820=EDGE_CURVE('',#3664,#3661,#4353,.T.);
#2821=EDGE_CURVE('',#3665,#3363,#4354,.T.);
#2822=EDGE_CURVE('',#3665,#3666,#217,.T.);
#2823=EDGE_CURVE('',#3666,#3364,#4355,.T.);
#2824=EDGE_CURVE('',#3666,#3667,#4356,.T.);
#2825=EDGE_CURVE('',#3667,#3664,#4357,.T.);
#2826=EDGE_CURVE('',#3663,#3365,#4358,.T.);
#2827=EDGE_CURVE('',#3667,#3668,#4359,.T.);
#2828=EDGE_CURVE('',#3668,#3661,#4360,.T.);
#2829=EDGE_CURVE('',#3668,#3669,#4361,.T.);
#2830=EDGE_CURVE('',#3669,#3361,#4362,.T.);
#2831=EDGE_CURVE('',#3360,#3662,#4363,.T.);
#2832=EDGE_CURVE('',#3669,#3670,#218,.T.);
#2833=EDGE_CURVE('',#3670,#3362,#4364,.T.);
#2834=EDGE_CURVE('',#3670,#3665,#4365,.T.);
#2835=EDGE_CURVE('',#3671,#3357,#4366,.T.);
#2836=EDGE_CURVE('',#3671,#3672,#219,.T.);
#2837=EDGE_CURVE('',#3672,#3358,#4367,.T.);
#2838=EDGE_CURVE('',#3672,#3673,#4368,.T.);
#2839=EDGE_CURVE('',#3673,#3674,#4369,.T.);
#2840=EDGE_CURVE('',#3675,#3674,#4370,.T.);
#2841=EDGE_CURVE('',#3675,#3359,#4371,.T.);
#2842=EDGE_CURVE('',#3673,#3676,#4372,.T.);
#2843=EDGE_CURVE('',#3676,#3677,#4373,.T.);
#2844=EDGE_CURVE('',#3674,#3677,#4374,.T.);
#2845=EDGE_CURVE('',#3676,#3678,#4375,.T.);
#2846=EDGE_CURVE('',#3678,#3355,#4376,.T.);
#2847=EDGE_CURVE('',#3354,#3679,#4377,.T.);
#2848=EDGE_CURVE('',#3677,#3679,#4378,.T.);
#2849=EDGE_CURVE('',#3678,#3680,#220,.T.);
#2850=EDGE_CURVE('',#3680,#3356,#4379,.T.);
#2851=EDGE_CURVE('',#3680,#3671,#4380,.T.);
#2852=EDGE_CURVE('',#3679,#3675,#4381,.T.);
#2853=EDGE_CURVE('',#3681,#3353,#4382,.T.);
#2854=EDGE_CURVE('',#3579,#3681,#4383,.T.);
#2855=EDGE_CURVE('',#3682,#3233,#4384,.T.);
#2856=EDGE_CURVE('',#3683,#3682,#221,.T.);
#2857=EDGE_CURVE('',#3683,#3234,#4385,.T.);
#2858=EDGE_CURVE('',#3684,#3232,#4386,.T.);
#2859=EDGE_CURVE('',#3684,#3685,#4387,.T.);
#2860=EDGE_CURVE('',#3686,#3685,#4388,.T.);
#2861=EDGE_CURVE('',#3682,#3686,#4389,.T.);
#2862=EDGE_CURVE('',#3685,#3687,#4390,.T.);
#2863=EDGE_CURVE('',#3688,#3687,#4391,.T.);
#2864=EDGE_CURVE('',#3686,#3688,#4392,.T.);
#2865=EDGE_CURVE('',#3687,#3689,#4393,.T.);
#2866=EDGE_CURVE('',#3689,#3237,#4394,.T.);
#2867=EDGE_CURVE('',#3690,#3236,#4395,.T.);
#2868=EDGE_CURVE('',#3688,#3690,#4396,.T.);
#2869=EDGE_CURVE('',#3691,#3235,#4397,.T.);
#2870=EDGE_CURVE('',#3690,#3691,#222,.T.);
#2871=EDGE_CURVE('',#3691,#3683,#4398,.T.);
#2872=EDGE_CURVE('',#3684,#3689,#4399,.T.);
#2873=EDGE_CURVE('',#3692,#3239,#4400,.T.);
#2874=EDGE_CURVE('',#3693,#3692,#223,.T.);
#2875=EDGE_CURVE('',#3693,#3240,#4401,.T.);
#2876=EDGE_CURVE('',#3694,#3238,#4402,.T.);
#2877=EDGE_CURVE('',#3694,#3695,#4403,.T.);
#2878=EDGE_CURVE('',#3696,#3695,#4404,.T.);
#2879=EDGE_CURVE('',#3692,#3696,#4405,.T.);
#2880=EDGE_CURVE('',#3695,#3697,#4406,.T.);
#2881=EDGE_CURVE('',#3698,#3697,#4407,.T.);
#2882=EDGE_CURVE('',#3696,#3698,#4408,.T.);
#2883=EDGE_CURVE('',#3697,#3699,#4409,.T.);
#2884=EDGE_CURVE('',#3699,#3243,#4410,.T.);
#2885=EDGE_CURVE('',#3700,#3242,#4411,.T.);
#2886=EDGE_CURVE('',#3698,#3700,#4412,.T.);
#2887=EDGE_CURVE('',#3701,#3241,#4413,.T.);
#2888=EDGE_CURVE('',#3700,#3701,#224,.T.);
#2889=EDGE_CURVE('',#3701,#3693,#4414,.T.);
#2890=EDGE_CURVE('',#3694,#3699,#4415,.T.);
#2891=EDGE_CURVE('',#3702,#3245,#4416,.T.);
#2892=EDGE_CURVE('',#3703,#3702,#225,.T.);
#2893=EDGE_CURVE('',#3703,#3246,#4417,.T.);
#2894=EDGE_CURVE('',#3704,#3244,#4418,.T.);
#2895=EDGE_CURVE('',#3704,#3705,#4419,.T.);
#2896=EDGE_CURVE('',#3706,#3705,#4420,.T.);
#2897=EDGE_CURVE('',#3702,#3706,#4421,.T.);
#2898=EDGE_CURVE('',#3705,#3707,#4422,.T.);
#2899=EDGE_CURVE('',#3708,#3707,#4423,.T.);
#2900=EDGE_CURVE('',#3706,#3708,#4424,.T.);
#2901=EDGE_CURVE('',#3707,#3709,#4425,.T.);
#2902=EDGE_CURVE('',#3709,#3249,#4426,.T.);
#2903=EDGE_CURVE('',#3710,#3248,#4427,.T.);
#2904=EDGE_CURVE('',#3708,#3710,#4428,.T.);
#2905=EDGE_CURVE('',#3711,#3247,#4429,.T.);
#2906=EDGE_CURVE('',#3710,#3711,#226,.T.);
#2907=EDGE_CURVE('',#3711,#3703,#4430,.T.);
#2908=EDGE_CURVE('',#3704,#3709,#4431,.T.);
#2909=EDGE_CURVE('',#3712,#3251,#4432,.T.);
#2910=EDGE_CURVE('',#3713,#3712,#227,.T.);
#2911=EDGE_CURVE('',#3713,#3252,#4433,.T.);
#2912=EDGE_CURVE('',#3714,#3250,#4434,.T.);
#2913=EDGE_CURVE('',#3714,#3715,#4435,.T.);
#2914=EDGE_CURVE('',#3716,#3715,#4436,.T.);
#2915=EDGE_CURVE('',#3712,#3716,#4437,.T.);
#2916=EDGE_CURVE('',#3715,#3717,#4438,.T.);
#2917=EDGE_CURVE('',#3718,#3717,#4439,.T.);
#2918=EDGE_CURVE('',#3716,#3718,#4440,.T.);
#2919=EDGE_CURVE('',#3717,#3719,#4441,.T.);
#2920=EDGE_CURVE('',#3719,#3255,#4442,.T.);
#2921=EDGE_CURVE('',#3720,#3254,#4443,.T.);
#2922=EDGE_CURVE('',#3718,#3720,#4444,.T.);
#2923=EDGE_CURVE('',#3721,#3253,#4445,.T.);
#2924=EDGE_CURVE('',#3720,#3721,#228,.T.);
#2925=EDGE_CURVE('',#3721,#3713,#4446,.T.);
#2926=EDGE_CURVE('',#3714,#3719,#4447,.T.);
#2927=EDGE_CURVE('',#3722,#3257,#4448,.T.);
#2928=EDGE_CURVE('',#3723,#3722,#229,.T.);
#2929=EDGE_CURVE('',#3723,#3258,#4449,.T.);
#2930=EDGE_CURVE('',#3724,#3256,#4450,.T.);
#2931=EDGE_CURVE('',#3724,#3725,#4451,.T.);
#2932=EDGE_CURVE('',#3726,#3725,#4452,.T.);
#2933=EDGE_CURVE('',#3722,#3726,#4453,.T.);
#2934=EDGE_CURVE('',#3725,#3727,#4454,.T.);
#2935=EDGE_CURVE('',#3728,#3727,#4455,.T.);
#2936=EDGE_CURVE('',#3726,#3728,#4456,.T.);
#2937=EDGE_CURVE('',#3727,#3729,#4457,.T.);
#2938=EDGE_CURVE('',#3729,#3261,#4458,.T.);
#2939=EDGE_CURVE('',#3730,#3260,#4459,.T.);
#2940=EDGE_CURVE('',#3728,#3730,#4460,.T.);
#2941=EDGE_CURVE('',#3731,#3259,#4461,.T.);
#2942=EDGE_CURVE('',#3730,#3731,#230,.T.);
#2943=EDGE_CURVE('',#3731,#3723,#4462,.T.);
#2944=EDGE_CURVE('',#3724,#3729,#4463,.T.);
#2945=EDGE_CURVE('',#3732,#3263,#4464,.T.);
#2946=EDGE_CURVE('',#3733,#3732,#231,.T.);
#2947=EDGE_CURVE('',#3733,#3264,#4465,.T.);
#2948=EDGE_CURVE('',#3734,#3262,#4466,.T.);
#2949=EDGE_CURVE('',#3734,#3735,#4467,.T.);
#2950=EDGE_CURVE('',#3736,#3735,#4468,.T.);
#2951=EDGE_CURVE('',#3732,#3736,#4469,.T.);
#2952=EDGE_CURVE('',#3735,#3737,#4470,.T.);
#2953=EDGE_CURVE('',#3738,#3737,#4471,.T.);
#2954=EDGE_CURVE('',#3736,#3738,#4472,.T.);
#2955=EDGE_CURVE('',#3737,#3739,#4473,.T.);
#2956=EDGE_CURVE('',#3739,#3267,#4474,.T.);
#2957=EDGE_CURVE('',#3740,#3266,#4475,.T.);
#2958=EDGE_CURVE('',#3738,#3740,#4476,.T.);
#2959=EDGE_CURVE('',#3741,#3265,#4477,.T.);
#2960=EDGE_CURVE('',#3740,#3741,#232,.T.);
#2961=EDGE_CURVE('',#3741,#3733,#4478,.T.);
#2962=EDGE_CURVE('',#3734,#3739,#4479,.T.);
#2963=EDGE_CURVE('',#3742,#3269,#4480,.T.);
#2964=EDGE_CURVE('',#3743,#3742,#233,.T.);
#2965=EDGE_CURVE('',#3743,#3270,#4481,.T.);
#2966=EDGE_CURVE('',#3744,#3268,#4482,.T.);
#2967=EDGE_CURVE('',#3744,#3745,#4483,.T.);
#2968=EDGE_CURVE('',#3746,#3745,#4484,.T.);
#2969=EDGE_CURVE('',#3742,#3746,#4485,.T.);
#2970=EDGE_CURVE('',#3745,#3747,#4486,.T.);
#2971=EDGE_CURVE('',#3748,#3747,#4487,.T.);
#2972=EDGE_CURVE('',#3746,#3748,#4488,.T.);
#2973=EDGE_CURVE('',#3747,#3749,#4489,.T.);
#2974=EDGE_CURVE('',#3749,#3273,#4490,.T.);
#2975=EDGE_CURVE('',#3750,#3272,#4491,.T.);
#2976=EDGE_CURVE('',#3748,#3750,#4492,.T.);
#2977=EDGE_CURVE('',#3751,#3271,#4493,.T.);
#2978=EDGE_CURVE('',#3750,#3751,#234,.T.);
#2979=EDGE_CURVE('',#3751,#3743,#4494,.T.);
#2980=EDGE_CURVE('',#3744,#3749,#4495,.T.);
#2981=EDGE_CURVE('',#3752,#3275,#4496,.T.);
#2982=EDGE_CURVE('',#3753,#3752,#235,.T.);
#2983=EDGE_CURVE('',#3753,#3276,#4497,.T.);
#2984=EDGE_CURVE('',#3754,#3274,#4498,.T.);
#2985=EDGE_CURVE('',#3754,#3755,#4499,.T.);
#2986=EDGE_CURVE('',#3756,#3755,#4500,.T.);
#2987=EDGE_CURVE('',#3752,#3756,#4501,.T.);
#2988=EDGE_CURVE('',#3755,#3757,#4502,.T.);
#2989=EDGE_CURVE('',#3758,#3757,#4503,.T.);
#2990=EDGE_CURVE('',#3756,#3758,#4504,.T.);
#2991=EDGE_CURVE('',#3757,#3759,#4505,.T.);
#2992=EDGE_CURVE('',#3759,#3279,#4506,.T.);
#2993=EDGE_CURVE('',#3760,#3278,#4507,.T.);
#2994=EDGE_CURVE('',#3758,#3760,#4508,.T.);
#2995=EDGE_CURVE('',#3761,#3277,#4509,.T.);
#2996=EDGE_CURVE('',#3760,#3761,#236,.T.);
#2997=EDGE_CURVE('',#3761,#3753,#4510,.T.);
#2998=EDGE_CURVE('',#3754,#3759,#4511,.T.);
#2999=EDGE_CURVE('',#3762,#3281,#4512,.T.);
#3000=EDGE_CURVE('',#3763,#3762,#237,.T.);
#3001=EDGE_CURVE('',#3763,#3282,#4513,.T.);
#3002=EDGE_CURVE('',#3764,#3280,#4514,.T.);
#3003=EDGE_CURVE('',#3764,#3765,#4515,.T.);
#3004=EDGE_CURVE('',#3766,#3765,#4516,.T.);
#3005=EDGE_CURVE('',#3762,#3766,#4517,.T.);
#3006=EDGE_CURVE('',#3765,#3767,#4518,.T.);
#3007=EDGE_CURVE('',#3768,#3767,#4519,.T.);
#3008=EDGE_CURVE('',#3766,#3768,#4520,.T.);
#3009=EDGE_CURVE('',#3767,#3769,#4521,.T.);
#3010=EDGE_CURVE('',#3769,#3285,#4522,.T.);
#3011=EDGE_CURVE('',#3770,#3284,#4523,.T.);
#3012=EDGE_CURVE('',#3768,#3770,#4524,.T.);
#3013=EDGE_CURVE('',#3771,#3283,#4525,.T.);
#3014=EDGE_CURVE('',#3770,#3771,#238,.T.);
#3015=EDGE_CURVE('',#3771,#3763,#4526,.T.);
#3016=EDGE_CURVE('',#3764,#3769,#4527,.T.);
#3017=EDGE_CURVE('',#3772,#3294,#4528,.T.);
#3018=EDGE_CURVE('',#3773,#3772,#239,.T.);
#3019=EDGE_CURVE('',#3773,#3295,#4529,.T.);
#3020=EDGE_CURVE('',#3774,#3293,#4530,.T.);
#3021=EDGE_CURVE('',#3774,#3775,#4531,.T.);
#3022=EDGE_CURVE('',#3776,#3775,#4532,.T.);
#3023=EDGE_CURVE('',#3772,#3776,#4533,.T.);
#3024=EDGE_CURVE('',#3775,#3777,#4534,.T.);
#3025=EDGE_CURVE('',#3778,#3777,#4535,.T.);
#3026=EDGE_CURVE('',#3776,#3778,#4536,.T.);
#3027=EDGE_CURVE('',#3777,#3779,#4537,.T.);
#3028=EDGE_CURVE('',#3779,#3298,#4538,.T.);
#3029=EDGE_CURVE('',#3780,#3297,#4539,.T.);
#3030=EDGE_CURVE('',#3778,#3780,#4540,.T.);
#3031=EDGE_CURVE('',#3781,#3296,#4541,.T.);
#3032=EDGE_CURVE('',#3780,#3781,#240,.T.);
#3033=EDGE_CURVE('',#3781,#3773,#4542,.T.);
#3034=EDGE_CURVE('',#3779,#3774,#4543,.T.);
#3035=EDGE_CURVE('',#3782,#3300,#4544,.T.);
#3036=EDGE_CURVE('',#3783,#3782,#241,.T.);
#3037=EDGE_CURVE('',#3783,#3301,#4545,.T.);
#3038=EDGE_CURVE('',#3784,#3299,#4546,.T.);
#3039=EDGE_CURVE('',#3784,#3785,#4547,.T.);
#3040=EDGE_CURVE('',#3786,#3785,#4548,.T.);
#3041=EDGE_CURVE('',#3782,#3786,#4549,.T.);
#3042=EDGE_CURVE('',#3785,#3787,#4550,.T.);
#3043=EDGE_CURVE('',#3788,#3787,#4551,.T.);
#3044=EDGE_CURVE('',#3786,#3788,#4552,.T.);
#3045=EDGE_CURVE('',#3787,#3789,#4553,.T.);
#3046=EDGE_CURVE('',#3789,#3304,#4554,.T.);
#3047=EDGE_CURVE('',#3790,#3303,#4555,.T.);
#3048=EDGE_CURVE('',#3788,#3790,#4556,.T.);
#3049=EDGE_CURVE('',#3791,#3302,#4557,.T.);
#3050=EDGE_CURVE('',#3790,#3791,#242,.T.);
#3051=EDGE_CURVE('',#3791,#3783,#4558,.T.);
#3052=EDGE_CURVE('',#3789,#3784,#4559,.T.);
#3053=EDGE_CURVE('',#3792,#3306,#4560,.T.);
#3054=EDGE_CURVE('',#3793,#3792,#243,.T.);
#3055=EDGE_CURVE('',#3793,#3307,#4561,.T.);
#3056=EDGE_CURVE('',#3794,#3305,#4562,.T.);
#3057=EDGE_CURVE('',#3794,#3795,#4563,.T.);
#3058=EDGE_CURVE('',#3796,#3795,#4564,.T.);
#3059=EDGE_CURVE('',#3792,#3796,#4565,.T.);
#3060=EDGE_CURVE('',#3795,#3797,#4566,.T.);
#3061=EDGE_CURVE('',#3798,#3797,#4567,.T.);
#3062=EDGE_CURVE('',#3796,#3798,#4568,.T.);
#3063=EDGE_CURVE('',#3797,#3799,#4569,.T.);
#3064=EDGE_CURVE('',#3799,#3310,#4570,.T.);
#3065=EDGE_CURVE('',#3800,#3309,#4571,.T.);
#3066=EDGE_CURVE('',#3798,#3800,#4572,.T.);
#3067=EDGE_CURVE('',#3801,#3308,#4573,.T.);
#3068=EDGE_CURVE('',#3800,#3801,#244,.T.);
#3069=EDGE_CURVE('',#3801,#3793,#4574,.T.);
#3070=EDGE_CURVE('',#3799,#3794,#4575,.T.);
#3071=EDGE_CURVE('',#3802,#3312,#4576,.T.);
#3072=EDGE_CURVE('',#3803,#3802,#245,.T.);
#3073=EDGE_CURVE('',#3803,#3313,#4577,.T.);
#3074=EDGE_CURVE('',#3804,#3311,#4578,.T.);
#3075=EDGE_CURVE('',#3804,#3805,#4579,.T.);
#3076=EDGE_CURVE('',#3806,#3805,#4580,.T.);
#3077=EDGE_CURVE('',#3802,#3806,#4581,.T.);
#3078=EDGE_CURVE('',#3805,#3807,#4582,.T.);
#3079=EDGE_CURVE('',#3808,#3807,#4583,.T.);
#3080=EDGE_CURVE('',#3806,#3808,#4584,.T.);
#3081=EDGE_CURVE('',#3807,#3809,#4585,.T.);
#3082=EDGE_CURVE('',#3809,#3316,#4586,.T.);
#3083=EDGE_CURVE('',#3810,#3315,#4587,.T.);
#3084=EDGE_CURVE('',#3808,#3810,#4588,.T.);
#3085=EDGE_CURVE('',#3811,#3314,#4589,.T.);
#3086=EDGE_CURVE('',#3810,#3811,#246,.T.);
#3087=EDGE_CURVE('',#3811,#3803,#4590,.T.);
#3088=EDGE_CURVE('',#3809,#3804,#4591,.T.);
#3089=EDGE_CURVE('',#3812,#3318,#4592,.T.);
#3090=EDGE_CURVE('',#3813,#3812,#247,.T.);
#3091=EDGE_CURVE('',#3813,#3319,#4593,.T.);
#3092=EDGE_CURVE('',#3814,#3317,#4594,.T.);
#3093=EDGE_CURVE('',#3814,#3815,#4595,.T.);
#3094=EDGE_CURVE('',#3816,#3815,#4596,.T.);
#3095=EDGE_CURVE('',#3812,#3816,#4597,.T.);
#3096=EDGE_CURVE('',#3815,#3817,#4598,.T.);
#3097=EDGE_CURVE('',#3818,#3817,#4599,.T.);
#3098=EDGE_CURVE('',#3816,#3818,#4600,.T.);
#3099=EDGE_CURVE('',#3817,#3819,#4601,.T.);
#3100=EDGE_CURVE('',#3819,#3322,#4602,.T.);
#3101=EDGE_CURVE('',#3820,#3321,#4603,.T.);
#3102=EDGE_CURVE('',#3818,#3820,#4604,.T.);
#3103=EDGE_CURVE('',#3821,#3320,#4605,.T.);
#3104=EDGE_CURVE('',#3820,#3821,#248,.T.);
#3105=EDGE_CURVE('',#3821,#3813,#4606,.T.);
#3106=EDGE_CURVE('',#3819,#3814,#4607,.T.);
#3107=EDGE_CURVE('',#3822,#3324,#4608,.T.);
#3108=EDGE_CURVE('',#3823,#3822,#249,.T.);
#3109=EDGE_CURVE('',#3823,#3325,#4609,.T.);
#3110=EDGE_CURVE('',#3824,#3323,#4610,.T.);
#3111=EDGE_CURVE('',#3824,#3825,#4611,.T.);
#3112=EDGE_CURVE('',#3826,#3825,#4612,.T.);
#3113=EDGE_CURVE('',#3822,#3826,#4613,.T.);
#3114=EDGE_CURVE('',#3825,#3827,#4614,.T.);
#3115=EDGE_CURVE('',#3828,#3827,#4615,.T.);
#3116=EDGE_CURVE('',#3826,#3828,#4616,.T.);
#3117=EDGE_CURVE('',#3827,#3829,#4617,.T.);
#3118=EDGE_CURVE('',#3829,#3328,#4618,.T.);
#3119=EDGE_CURVE('',#3830,#3327,#4619,.T.);
#3120=EDGE_CURVE('',#3828,#3830,#4620,.T.);
#3121=EDGE_CURVE('',#3831,#3326,#4621,.T.);
#3122=EDGE_CURVE('',#3830,#3831,#250,.T.);
#3123=EDGE_CURVE('',#3831,#3823,#4622,.T.);
#3124=EDGE_CURVE('',#3829,#3824,#4623,.T.);
#3125=EDGE_CURVE('',#3832,#3330,#4624,.T.);
#3126=EDGE_CURVE('',#3833,#3832,#251,.T.);
#3127=EDGE_CURVE('',#3833,#3331,#4625,.T.);
#3128=EDGE_CURVE('',#3834,#3329,#4626,.T.);
#3129=EDGE_CURVE('',#3834,#3835,#4627,.T.);
#3130=EDGE_CURVE('',#3836,#3835,#4628,.T.);
#3131=EDGE_CURVE('',#3832,#3836,#4629,.T.);
#3132=EDGE_CURVE('',#3835,#3837,#4630,.T.);
#3133=EDGE_CURVE('',#3838,#3837,#4631,.T.);
#3134=EDGE_CURVE('',#3836,#3838,#4632,.T.);
#3135=EDGE_CURVE('',#3837,#3839,#4633,.T.);
#3136=EDGE_CURVE('',#3839,#3334,#4634,.T.);
#3137=EDGE_CURVE('',#3840,#3333,#4635,.T.);
#3138=EDGE_CURVE('',#3838,#3840,#4636,.T.);
#3139=EDGE_CURVE('',#3841,#3332,#4637,.T.);
#3140=EDGE_CURVE('',#3840,#3841,#252,.T.);
#3141=EDGE_CURVE('',#3841,#3833,#4638,.T.);
#3142=EDGE_CURVE('',#3839,#3834,#4639,.T.);
#3143=EDGE_CURVE('',#3842,#3336,#4640,.T.);
#3144=EDGE_CURVE('',#3843,#3842,#253,.T.);
#3145=EDGE_CURVE('',#3843,#3337,#4641,.T.);
#3146=EDGE_CURVE('',#3844,#3335,#4642,.T.);
#3147=EDGE_CURVE('',#3844,#3845,#4643,.T.);
#3148=EDGE_CURVE('',#3846,#3845,#4644,.T.);
#3149=EDGE_CURVE('',#3842,#3846,#4645,.T.);
#3150=EDGE_CURVE('',#3845,#3847,#4646,.T.);
#3151=EDGE_CURVE('',#3848,#3847,#4647,.T.);
#3152=EDGE_CURVE('',#3846,#3848,#4648,.T.);
#3153=EDGE_CURVE('',#3847,#3849,#4649,.T.);
#3154=EDGE_CURVE('',#3849,#3340,#4650,.T.);
#3155=EDGE_CURVE('',#3850,#3339,#4651,.T.);
#3156=EDGE_CURVE('',#3848,#3850,#4652,.T.);
#3157=EDGE_CURVE('',#3851,#3338,#4653,.T.);
#3158=EDGE_CURVE('',#3850,#3851,#254,.T.);
#3159=EDGE_CURVE('',#3851,#3843,#4654,.T.);
#3160=EDGE_CURVE('',#3849,#3844,#4655,.T.);
#3161=EDGE_CURVE('',#3852,#3342,#4656,.T.);
#3162=EDGE_CURVE('',#3853,#3852,#255,.T.);
#3163=EDGE_CURVE('',#3853,#3343,#4657,.T.);
#3164=EDGE_CURVE('',#3854,#3341,#4658,.T.);
#3165=EDGE_CURVE('',#3854,#3855,#4659,.T.);
#3166=EDGE_CURVE('',#3856,#3855,#4660,.T.);
#3167=EDGE_CURVE('',#3852,#3856,#4661,.T.);
#3168=EDGE_CURVE('',#3855,#3857,#4662,.T.);
#3169=EDGE_CURVE('',#3858,#3857,#4663,.T.);
#3170=EDGE_CURVE('',#3856,#3858,#4664,.T.);
#3171=EDGE_CURVE('',#3857,#3859,#4665,.T.);
#3172=EDGE_CURVE('',#3859,#3346,#4666,.T.);
#3173=EDGE_CURVE('',#3860,#3345,#4667,.T.);
#3174=EDGE_CURVE('',#3858,#3860,#4668,.T.);
#3175=EDGE_CURVE('',#3861,#3344,#4669,.T.);
#3176=EDGE_CURVE('',#3860,#3861,#256,.T.);
#3177=EDGE_CURVE('',#3861,#3853,#4670,.T.);
#3178=EDGE_CURVE('',#3859,#3854,#4671,.T.);
#3179=EDGE_CURVE('',#3862,#3863,#4672,.T.);
#3180=EDGE_CURVE('',#3864,#3862,#4673,.T.);
#3181=EDGE_CURVE('',#3865,#3864,#4674,.T.);
#3182=EDGE_CURVE('',#3865,#3863,#4675,.T.);
#3183=EDGE_CURVE('',#3866,#3287,#4676,.T.);
#3184=EDGE_CURVE('',#3867,#3866,#257,.T.);
#3185=EDGE_CURVE('',#3867,#3288,#4677,.T.);
#3186=EDGE_CURVE('',#3865,#3286,#4678,.T.);
#3187=EDGE_CURVE('',#3868,#3864,#4679,.T.);
#3188=EDGE_CURVE('',#3866,#3868,#4680,.T.);
#3189=EDGE_CURVE('',#3869,#3862,#4681,.T.);
#3190=EDGE_CURVE('',#3868,#3869,#4682,.T.);
#3191=EDGE_CURVE('',#3863,#3291,#4683,.T.);
#3192=EDGE_CURVE('',#3870,#3290,#4684,.T.);
#3193=EDGE_CURVE('',#3869,#3870,#4685,.T.);
#3194=EDGE_CURVE('',#3871,#3289,#4686,.T.);
#3195=EDGE_CURVE('',#3870,#3871,#258,.T.);
#3196=EDGE_CURVE('',#3871,#3867,#4687,.T.);
#3197=EDGE_CURVE('',#3872,#3292,#4688,.T.);
#3198=EDGE_CURVE('',#3681,#3872,#4689,.T.);
#3199=EDGE_CURVE('',#3873,#3352,#4690,.T.);
#3200=EDGE_CURVE('',#3873,#3874,#4691,.T.);
#3201=EDGE_CURVE('',#3874,#3347,#4692,.T.);
#3202=EDGE_CURVE('',#3872,#3580,#4693,.T.);
#3203=EDGE_CURVE('',#3875,#3875,#259,.T.);
#3204=EDGE_CURVE('',#3876,#3348,#4694,.T.);
#3205=EDGE_CURVE('',#3877,#3876,#260,.T.);
#3206=EDGE_CURVE('',#3877,#3349,#4695,.T.);
#3207=EDGE_CURVE('',#3874,#3878,#4696,.T.);
#3208=EDGE_CURVE('',#3879,#3878,#4697,.T.);
#3209=EDGE_CURVE('',#3876,#3879,#4698,.T.);
#3210=EDGE_CURVE('',#3878,#3880,#4699,.T.);
#3211=EDGE_CURVE('',#3881,#3880,#4700,.T.);
#3212=EDGE_CURVE('',#3879,#3881,#4701,.T.);
#3213=EDGE_CURVE('',#3880,#3873,#4702,.T.);
#3214=EDGE_CURVE('',#3882,#3351,#4703,.T.);
#3215=EDGE_CURVE('',#3881,#3882,#4704,.T.);
#3216=EDGE_CURVE('',#3883,#3350,#4705,.T.);
#3217=EDGE_CURVE('',#3882,#3883,#261,.T.);
#3218=EDGE_CURVE('',#3883,#3877,#4706,.T.);
#3219=EDGE_CURVE('',#3475,#3884,#4707,.T.);
#3220=EDGE_CURVE('',#3885,#3884,#4708,.T.);
#3221=EDGE_CURVE('',#3885,#3474,#4709,.T.);
#3222=EDGE_CURVE('',#3886,#3887,#4710,.T.);
#3223=EDGE_CURVE('',#3886,#3478,#4711,.T.);
#3224=EDGE_CURVE('',#3887,#3477,#4712,.T.);
#3225=EDGE_CURVE('',#3888,#3476,#4713,.T.);
#3226=EDGE_CURVE('',#3887,#3888,#4714,.T.);
#3227=EDGE_CURVE('',#3888,#3885,#4715,.T.);
#3228=EDGE_CURVE('',#3884,#3886,#4716,.F.);
#3229=EDGE_CURVE('',#3889,#3889,#262,.T.);
#3230=VERTEX_POINT('',#11470);
#3231=VERTEX_POINT('',#11471);
#3232=VERTEX_POINT('',#11473);
#3233=VERTEX_POINT('',#11475);
#3234=VERTEX_POINT('',#11477);
#3235=VERTEX_POINT('',#11479);
#3236=VERTEX_POINT('',#11481);
#3237=VERTEX_POINT('',#11483);
#3238=VERTEX_POINT('',#11485);
#3239=VERTEX_POINT('',#11487);
#3240=VERTEX_POINT('',#11489);
#3241=VERTEX_POINT('',#11491);
#3242=VERTEX_POINT('',#11493);
#3243=VERTEX_POINT('',#11495);
#3244=VERTEX_POINT('',#11497);
#3245=VERTEX_POINT('',#11499);
#3246=VERTEX_POINT('',#11501);
#3247=VERTEX_POINT('',#11503);
#3248=VERTEX_POINT('',#11505);
#3249=VERTEX_POINT('',#11507);
#3250=VERTEX_POINT('',#11509);
#3251=VERTEX_POINT('',#11511);
#3252=VERTEX_POINT('',#11513);
#3253=VERTEX_POINT('',#11515);
#3254=VERTEX_POINT('',#11517);
#3255=VERTEX_POINT('',#11519);
#3256=VERTEX_POINT('',#11521);
#3257=VERTEX_POINT('',#11523);
#3258=VERTEX_POINT('',#11525);
#3259=VERTEX_POINT('',#11527);
#3260=VERTEX_POINT('',#11529);
#3261=VERTEX_POINT('',#11531);
#3262=VERTEX_POINT('',#11533);
#3263=VERTEX_POINT('',#11535);
#3264=VERTEX_POINT('',#11537);
#3265=VERTEX_POINT('',#11539);
#3266=VERTEX_POINT('',#11541);
#3267=VERTEX_POINT('',#11543);
#3268=VERTEX_POINT('',#11545);
#3269=VERTEX_POINT('',#11547);
#3270=VERTEX_POINT('',#11549);
#3271=VERTEX_POINT('',#11551);
#3272=VERTEX_POINT('',#11553);
#3273=VERTEX_POINT('',#11555);
#3274=VERTEX_POINT('',#11557);
#3275=VERTEX_POINT('',#11559);
#3276=VERTEX_POINT('',#11561);
#3277=VERTEX_POINT('',#11563);
#3278=VERTEX_POINT('',#11565);
#3279=VERTEX_POINT('',#11567);
#3280=VERTEX_POINT('',#11569);
#3281=VERTEX_POINT('',#11571);
#3282=VERTEX_POINT('',#11573);
#3283=VERTEX_POINT('',#11575);
#3284=VERTEX_POINT('',#11577);
#3285=VERTEX_POINT('',#11579);
#3286=VERTEX_POINT('',#11581);
#3287=VERTEX_POINT('',#11583);
#3288=VERTEX_POINT('',#11585);
#3289=VERTEX_POINT('',#11587);
#3290=VERTEX_POINT('',#11589);
#3291=VERTEX_POINT('',#11591);
#3292=VERTEX_POINT('',#11593);
#3293=VERTEX_POINT('',#11595);
#3294=VERTEX_POINT('',#11597);
#3295=VERTEX_POINT('',#11599);
#3296=VERTEX_POINT('',#11601);
#3297=VERTEX_POINT('',#11603);
#3298=VERTEX_POINT('',#11605);
#3299=VERTEX_POINT('',#11607);
#3300=VERTEX_POINT('',#11609);
#3301=VERTEX_POINT('',#11611);
#3302=VERTEX_POINT('',#11613);
#3303=VERTEX_POINT('',#11615);
#3304=VERTEX_POINT('',#11617);
#3305=VERTEX_POINT('',#11619);
#3306=VERTEX_POINT('',#11621);
#3307=VERTEX_POINT('',#11623);
#3308=VERTEX_POINT('',#11625);
#3309=VERTEX_POINT('',#11627);
#3310=VERTEX_POINT('',#11629);
#3311=VERTEX_POINT('',#11631);
#3312=VERTEX_POINT('',#11633);
#3313=VERTEX_POINT('',#11635);
#3314=VERTEX_POINT('',#11637);
#3315=VERTEX_POINT('',#11639);
#3316=VERTEX_POINT('',#11641);
#3317=VERTEX_POINT('',#11643);
#3318=VERTEX_POINT('',#11645);
#3319=VERTEX_POINT('',#11647);
#3320=VERTEX_POINT('',#11649);
#3321=VERTEX_POINT('',#11651);
#3322=VERTEX_POINT('',#11653);
#3323=VERTEX_POINT('',#11655);
#3324=VERTEX_POINT('',#11657);
#3325=VERTEX_POINT('',#11659);
#3326=VERTEX_POINT('',#11661);
#3327=VERTEX_POINT('',#11663);
#3328=VERTEX_POINT('',#11665);
#3329=VERTEX_POINT('',#11667);
#3330=VERTEX_POINT('',#11669);
#3331=VERTEX_POINT('',#11671);
#3332=VERTEX_POINT('',#11673);
#3333=VERTEX_POINT('',#11675);
#3334=VERTEX_POINT('',#11677);
#3335=VERTEX_POINT('',#11679);
#3336=VERTEX_POINT('',#11681);
#3337=VERTEX_POINT('',#11683);
#3338=VERTEX_POINT('',#11685);
#3339=VERTEX_POINT('',#11687);
#3340=VERTEX_POINT('',#11689);
#3341=VERTEX_POINT('',#11691);
#3342=VERTEX_POINT('',#11693);
#3343=VERTEX_POINT('',#11695);
#3344=VERTEX_POINT('',#11697);
#3345=VERTEX_POINT('',#11699);
#3346=VERTEX_POINT('',#11701);
#3347=VERTEX_POINT('',#11703);
#3348=VERTEX_POINT('',#11705);
#3349=VERTEX_POINT('',#11707);
#3350=VERTEX_POINT('',#11709);
#3351=VERTEX_POINT('',#11711);
#3352=VERTEX_POINT('',#11713);
#3353=VERTEX_POINT('',#11715);
#3354=VERTEX_POINT('',#11717);
#3355=VERTEX_POINT('',#11719);
#3356=VERTEX_POINT('',#11721);
#3357=VERTEX_POINT('',#11723);
#3358=VERTEX_POINT('',#11725);
#3359=VERTEX_POINT('',#11727);
#3360=VERTEX_POINT('',#11729);
#3361=VERTEX_POINT('',#11731);
#3362=VERTEX_POINT('',#11733);
#3363=VERTEX_POINT('',#11735);
#3364=VERTEX_POINT('',#11737);
#3365=VERTEX_POINT('',#11739);
#3366=VERTEX_POINT('',#11741);
#3367=VERTEX_POINT('',#11743);
#3368=VERTEX_POINT('',#11745);
#3369=VERTEX_POINT('',#11747);
#3370=VERTEX_POINT('',#11749);
#3371=VERTEX_POINT('',#11751);
#3372=VERTEX_POINT('',#11753);
#3373=VERTEX_POINT('',#11755);
#3374=VERTEX_POINT('',#11757);
#3375=VERTEX_POINT('',#11759);
#3376=VERTEX_POINT('',#11761);
#3377=VERTEX_POINT('',#11763);
#3378=VERTEX_POINT('',#11765);
#3379=VERTEX_POINT('',#11767);
#3380=VERTEX_POINT('',#11769);
#3381=VERTEX_POINT('',#11771);
#3382=VERTEX_POINT('',#11773);
#3383=VERTEX_POINT('',#11775);
#3384=VERTEX_POINT('',#11777);
#3385=VERTEX_POINT('',#11779);
#3386=VERTEX_POINT('',#11781);
#3387=VERTEX_POINT('',#11783);
#3388=VERTEX_POINT('',#11785);
#3389=VERTEX_POINT('',#11787);
#3390=VERTEX_POINT('',#11789);
#3391=VERTEX_POINT('',#11791);
#3392=VERTEX_POINT('',#11793);
#3393=VERTEX_POINT('',#11795);
#3394=VERTEX_POINT('',#11797);
#3395=VERTEX_POINT('',#11799);
#3396=VERTEX_POINT('',#11801);
#3397=VERTEX_POINT('',#11803);
#3398=VERTEX_POINT('',#11805);
#3399=VERTEX_POINT('',#11807);
#3400=VERTEX_POINT('',#11809);
#3401=VERTEX_POINT('',#11811);
#3402=VERTEX_POINT('',#11813);
#3403=VERTEX_POINT('',#11815);
#3404=VERTEX_POINT('',#11817);
#3405=VERTEX_POINT('',#11819);
#3406=VERTEX_POINT('',#11821);
#3407=VERTEX_POINT('',#11823);
#3408=VERTEX_POINT('',#11825);
#3409=VERTEX_POINT('',#11827);
#3410=VERTEX_POINT('',#11829);
#3411=VERTEX_POINT('',#11831);
#3412=VERTEX_POINT('',#11833);
#3413=VERTEX_POINT('',#11835);
#3414=VERTEX_POINT('',#11837);
#3415=VERTEX_POINT('',#11839);
#3416=VERTEX_POINT('',#11841);
#3417=VERTEX_POINT('',#11843);
#3418=VERTEX_POINT('',#11845);
#3419=VERTEX_POINT('',#11847);
#3420=VERTEX_POINT('',#11849);
#3421=VERTEX_POINT('',#11851);
#3422=VERTEX_POINT('',#11853);
#3423=VERTEX_POINT('',#11855);
#3424=VERTEX_POINT('',#11857);
#3425=VERTEX_POINT('',#11859);
#3426=VERTEX_POINT('',#11861);
#3427=VERTEX_POINT('',#11863);
#3428=VERTEX_POINT('',#11865);
#3429=VERTEX_POINT('',#11867);
#3430=VERTEX_POINT('',#11869);
#3431=VERTEX_POINT('',#11871);
#3432=VERTEX_POINT('',#11873);
#3433=VERTEX_POINT('',#11875);
#3434=VERTEX_POINT('',#11877);
#3435=VERTEX_POINT('',#11879);
#3436=VERTEX_POINT('',#11881);
#3437=VERTEX_POINT('',#11883);
#3438=VERTEX_POINT('',#11885);
#3439=VERTEX_POINT('',#11887);
#3440=VERTEX_POINT('',#11889);
#3441=VERTEX_POINT('',#11891);
#3442=VERTEX_POINT('',#11893);
#3443=VERTEX_POINT('',#11895);
#3444=VERTEX_POINT('',#11897);
#3445=VERTEX_POINT('',#11899);
#3446=VERTEX_POINT('',#11901);
#3447=VERTEX_POINT('',#11903);
#3448=VERTEX_POINT('',#11905);
#3449=VERTEX_POINT('',#11907);
#3450=VERTEX_POINT('',#11909);
#3451=VERTEX_POINT('',#11911);
#3452=VERTEX_POINT('',#11913);
#3453=VERTEX_POINT('',#11915);
#3454=VERTEX_POINT('',#11917);
#3455=VERTEX_POINT('',#11919);
#3456=VERTEX_POINT('',#11921);
#3457=VERTEX_POINT('',#11923);
#3458=VERTEX_POINT('',#11925);
#3459=VERTEX_POINT('',#11927);
#3460=VERTEX_POINT('',#11929);
#3461=VERTEX_POINT('',#11931);
#3462=VERTEX_POINT('',#11933);
#3463=VERTEX_POINT('',#11935);
#3464=VERTEX_POINT('',#11937);
#3465=VERTEX_POINT('',#11939);
#3466=VERTEX_POINT('',#11941);
#3467=VERTEX_POINT('',#11943);
#3468=VERTEX_POINT('',#11945);
#3469=VERTEX_POINT('',#11947);
#3470=VERTEX_POINT('',#11949);
#3471=VERTEX_POINT('',#11951);
#3472=VERTEX_POINT('',#11953);
#3473=VERTEX_POINT('',#11955);
#3474=VERTEX_POINT('',#11958);
#3475=VERTEX_POINT('',#11959);
#3476=VERTEX_POINT('',#11961);
#3477=VERTEX_POINT('',#11963);
#3478=VERTEX_POINT('',#11965);
#3479=VERTEX_POINT('',#11969);
#3480=VERTEX_POINT('',#11970);
#3481=VERTEX_POINT('',#11972);
#3482=VERTEX_POINT('',#11974);
#3483=VERTEX_POINT('',#11976);
#3484=VERTEX_POINT('',#11978);
#3485=VERTEX_POINT('',#11987);
#3486=VERTEX_POINT('',#11989);
#3487=VERTEX_POINT('',#11993);
#3488=VERTEX_POINT('',#11998);
#3489=VERTEX_POINT('',#12005);
#3490=VERTEX_POINT('',#12006);
#3491=VERTEX_POINT('',#12008);
#3492=VERTEX_POINT('',#12010);
#3493=VERTEX_POINT('',#12012);
#3494=VERTEX_POINT('',#12014);
#3495=VERTEX_POINT('',#12023);
#3496=VERTEX_POINT('',#12025);
#3497=VERTEX_POINT('',#12029);
#3498=VERTEX_POINT('',#12034);
#3499=VERTEX_POINT('',#12041);
#3500=VERTEX_POINT('',#12042);
#3501=VERTEX_POINT('',#12044);
#3502=VERTEX_POINT('',#12046);
#3503=VERTEX_POINT('',#12048);
#3504=VERTEX_POINT('',#12050);
#3505=VERTEX_POINT('',#12059);
#3506=VERTEX_POINT('',#12061);
#3507=VERTEX_POINT('',#12065);
#3508=VERTEX_POINT('',#12070);
#3509=VERTEX_POINT('',#12077);
#3510=VERTEX_POINT('',#12078);
#3511=VERTEX_POINT('',#12080);
#3512=VERTEX_POINT('',#12082);
#3513=VERTEX_POINT('',#12084);
#3514=VERTEX_POINT('',#12086);
#3515=VERTEX_POINT('',#12095);
#3516=VERTEX_POINT('',#12097);
#3517=VERTEX_POINT('',#12101);
#3518=VERTEX_POINT('',#12106);
#3519=VERTEX_POINT('',#12113);
#3520=VERTEX_POINT('',#12114);
#3521=VERTEX_POINT('',#12116);
#3522=VERTEX_POINT('',#12118);
#3523=VERTEX_POINT('',#12120);
#3524=VERTEX_POINT('',#12122);
#3525=VERTEX_POINT('',#12131);
#3526=VERTEX_POINT('',#12133);
#3527=VERTEX_POINT('',#12137);
#3528=VERTEX_POINT('',#12142);
#3529=VERTEX_POINT('',#12149);
#3530=VERTEX_POINT('',#12150);
#3531=VERTEX_POINT('',#12152);
#3532=VERTEX_POINT('',#12154);
#3533=VERTEX_POINT('',#12156);
#3534=VERTEX_POINT('',#12158);
#3535=VERTEX_POINT('',#12167);
#3536=VERTEX_POINT('',#12169);
#3537=VERTEX_POINT('',#12173);
#3538=VERTEX_POINT('',#12178);
#3539=VERTEX_POINT('',#12185);
#3540=VERTEX_POINT('',#12186);
#3541=VERTEX_POINT('',#12188);
#3542=VERTEX_POINT('',#12190);
#3543=VERTEX_POINT('',#12192);
#3544=VERTEX_POINT('',#12194);
#3545=VERTEX_POINT('',#12203);
#3546=VERTEX_POINT('',#12205);
#3547=VERTEX_POINT('',#12209);
#3548=VERTEX_POINT('',#12214);
#3549=VERTEX_POINT('',#12221);
#3550=VERTEX_POINT('',#12222);
#3551=VERTEX_POINT('',#12224);
#3552=VERTEX_POINT('',#12226);
#3553=VERTEX_POINT('',#12228);
#3554=VERTEX_POINT('',#12230);
#3555=VERTEX_POINT('',#12239);
#3556=VERTEX_POINT('',#12241);
#3557=VERTEX_POINT('',#12245);
#3558=VERTEX_POINT('',#12250);
#3559=VERTEX_POINT('',#12257);
#3560=VERTEX_POINT('',#12258);
#3561=VERTEX_POINT('',#12260);
#3562=VERTEX_POINT('',#12262);
#3563=VERTEX_POINT('',#12264);
#3564=VERTEX_POINT('',#12266);
#3565=VERTEX_POINT('',#12275);
#3566=VERTEX_POINT('',#12277);
#3567=VERTEX_POINT('',#12281);
#3568=VERTEX_POINT('',#12286);
#3569=VERTEX_POINT('',#12293);
#3570=VERTEX_POINT('',#12295);
#3571=VERTEX_POINT('',#12299);
#3572=VERTEX_POINT('',#12301);
#3573=VERTEX_POINT('',#12303);
#3574=VERTEX_POINT('',#12307);
#3575=VERTEX_POINT('',#12309);
#3576=VERTEX_POINT('',#12313);
#3577=VERTEX_POINT('',#12316);
#3578=VERTEX_POINT('',#12320);
#3579=VERTEX_POINT('',#12329);
#3580=VERTEX_POINT('',#12331);
#3581=VERTEX_POINT('',#12335);
#3582=VERTEX_POINT('',#12336);
#3583=VERTEX_POINT('',#12338);
#3584=VERTEX_POINT('',#12340);
#3585=VERTEX_POINT('',#12344);
#3586=VERTEX_POINT('',#12346);
#3587=VERTEX_POINT('',#12350);
#3588=VERTEX_POINT('',#12355);
#3589=VERTEX_POINT('',#12359);
#3590=VERTEX_POINT('',#12364);
#3591=VERTEX_POINT('',#12371);
#3592=VERTEX_POINT('',#12372);
#3593=VERTEX_POINT('',#12374);
#3594=VERTEX_POINT('',#12376);
#3595=VERTEX_POINT('',#12380);
#3596=VERTEX_POINT('',#12382);
#3597=VERTEX_POINT('',#12386);
#3598=VERTEX_POINT('',#12391);
#3599=VERTEX_POINT('',#12395);
#3600=VERTEX_POINT('',#12400);
#3601=VERTEX_POINT('',#12407);
#3602=VERTEX_POINT('',#12408);
#3603=VERTEX_POINT('',#12410);
#3604=VERTEX_POINT('',#12412);
#3605=VERTEX_POINT('',#12416);
#3606=VERTEX_POINT('',#12418);
#3607=VERTEX_POINT('',#12422);
#3608=VERTEX_POINT('',#12427);
#3609=VERTEX_POINT('',#12431);
#3610=VERTEX_POINT('',#12436);
#3611=VERTEX_POINT('',#12443);
#3612=VERTEX_POINT('',#12444);
#3613=VERTEX_POINT('',#12446);
#3614=VERTEX_POINT('',#12448);
#3615=VERTEX_POINT('',#12452);
#3616=VERTEX_POINT('',#12454);
#3617=VERTEX_POINT('',#12458);
#3618=VERTEX_POINT('',#12463);
#3619=VERTEX_POINT('',#12467);
#3620=VERTEX_POINT('',#12472);
#3621=VERTEX_POINT('',#12479);
#3622=VERTEX_POINT('',#12480);
#3623=VERTEX_POINT('',#12482);
#3624=VERTEX_POINT('',#12484);
#3625=VERTEX_POINT('',#12488);
#3626=VERTEX_POINT('',#12490);
#3627=VERTEX_POINT('',#12494);
#3628=VERTEX_POINT('',#12499);
#3629=VERTEX_POINT('',#12503);
#3630=VERTEX_POINT('',#12508);
#3631=VERTEX_POINT('',#12515);
#3632=VERTEX_POINT('',#12516);
#3633=VERTEX_POINT('',#12518);
#3634=VERTEX_POINT('',#12520);
#3635=VERTEX_POINT('',#12524);
#3636=VERTEX_POINT('',#12526);
#3637=VERTEX_POINT('',#12530);
#3638=VERTEX_POINT('',#12535);
#3639=VERTEX_POINT('',#12539);
#3640=VERTEX_POINT('',#12544);
#3641=VERTEX_POINT('',#12551);
#3642=VERTEX_POINT('',#12552);
#3643=VERTEX_POINT('',#12554);
#3644=VERTEX_POINT('',#12556);
#3645=VERTEX_POINT('',#12560);
#3646=VERTEX_POINT('',#12562);
#3647=VERTEX_POINT('',#12566);
#3648=VERTEX_POINT('',#12571);
#3649=VERTEX_POINT('',#12575);
#3650=VERTEX_POINT('',#12580);
#3651=VERTEX_POINT('',#12587);
#3652=VERTEX_POINT('',#12588);
#3653=VERTEX_POINT('',#12590);
#3654=VERTEX_POINT('',#12592);
#3655=VERTEX_POINT('',#12596);
#3656=VERTEX_POINT('',#12598);
#3657=VERTEX_POINT('',#12602);
#3658=VERTEX_POINT('',#12607);
#3659=VERTEX_POINT('',#12611);
#3660=VERTEX_POINT('',#12616);
#3661=VERTEX_POINT('',#12623);
#3662=VERTEX_POINT('',#12624);
#3663=VERTEX_POINT('',#12626);
#3664=VERTEX_POINT('',#12628);
#3665=VERTEX_POINT('',#12632);
#3666=VERTEX_POINT('',#12634);
#3667=VERTEX_POINT('',#12638);
#3668=VERTEX_POINT('',#12643);
#3669=VERTEX_POINT('',#12647);
#3670=VERTEX_POINT('',#12652);
#3671=VERTEX_POINT('',#12659);
#3672=VERTEX_POINT('',#12661);
#3673=VERTEX_POINT('',#12665);
#3674=VERTEX_POINT('',#12667);
#3675=VERTEX_POINT('',#12669);
#3676=VERTEX_POINT('',#12673);
#3677=VERTEX_POINT('',#12675);
#3678=VERTEX_POINT('',#12679);
#3679=VERTEX_POINT('',#12682);
#3680=VERTEX_POINT('',#12686);
#3681=VERTEX_POINT('',#12695);
#3682=VERTEX_POINT('',#12699);
#3683=VERTEX_POINT('',#12701);
#3684=VERTEX_POINT('',#12705);
#3685=VERTEX_POINT('',#12707);
#3686=VERTEX_POINT('',#12709);
#3687=VERTEX_POINT('',#12713);
#3688=VERTEX_POINT('',#12715);
#3689=VERTEX_POINT('',#12719);
#3690=VERTEX_POINT('',#12722);
#3691=VERTEX_POINT('',#12726);
#3692=VERTEX_POINT('',#12735);
#3693=VERTEX_POINT('',#12737);
#3694=VERTEX_POINT('',#12741);
#3695=VERTEX_POINT('',#12743);
#3696=VERTEX_POINT('',#12745);
#3697=VERTEX_POINT('',#12749);
#3698=VERTEX_POINT('',#12751);
#3699=VERTEX_POINT('',#12755);
#3700=VERTEX_POINT('',#12758);
#3701=VERTEX_POINT('',#12762);
#3702=VERTEX_POINT('',#12771);
#3703=VERTEX_POINT('',#12773);
#3704=VERTEX_POINT('',#12777);
#3705=VERTEX_POINT('',#12779);
#3706=VERTEX_POINT('',#12781);
#3707=VERTEX_POINT('',#12785);
#3708=VERTEX_POINT('',#12787);
#3709=VERTEX_POINT('',#12791);
#3710=VERTEX_POINT('',#12794);
#3711=VERTEX_POINT('',#12798);
#3712=VERTEX_POINT('',#12807);
#3713=VERTEX_POINT('',#12809);
#3714=VERTEX_POINT('',#12813);
#3715=VERTEX_POINT('',#12815);
#3716=VERTEX_POINT('',#12817);
#3717=VERTEX_POINT('',#12821);
#3718=VERTEX_POINT('',#12823);
#3719=VERTEX_POINT('',#12827);
#3720=VERTEX_POINT('',#12830);
#3721=VERTEX_POINT('',#12834);
#3722=VERTEX_POINT('',#12843);
#3723=VERTEX_POINT('',#12845);
#3724=VERTEX_POINT('',#12849);
#3725=VERTEX_POINT('',#12851);
#3726=VERTEX_POINT('',#12853);
#3727=VERTEX_POINT('',#12857);
#3728=VERTEX_POINT('',#12859);
#3729=VERTEX_POINT('',#12863);
#3730=VERTEX_POINT('',#12866);
#3731=VERTEX_POINT('',#12870);
#3732=VERTEX_POINT('',#12879);
#3733=VERTEX_POINT('',#12881);
#3734=VERTEX_POINT('',#12885);
#3735=VERTEX_POINT('',#12887);
#3736=VERTEX_POINT('',#12889);
#3737=VERTEX_POINT('',#12893);
#3738=VERTEX_POINT('',#12895);
#3739=VERTEX_POINT('',#12899);
#3740=VERTEX_POINT('',#12902);
#3741=VERTEX_POINT('',#12906);
#3742=VERTEX_POINT('',#12915);
#3743=VERTEX_POINT('',#12917);
#3744=VERTEX_POINT('',#12921);
#3745=VERTEX_POINT('',#12923);
#3746=VERTEX_POINT('',#12925);
#3747=VERTEX_POINT('',#12929);
#3748=VERTEX_POINT('',#12931);
#3749=VERTEX_POINT('',#12935);
#3750=VERTEX_POINT('',#12938);
#3751=VERTEX_POINT('',#12942);
#3752=VERTEX_POINT('',#12951);
#3753=VERTEX_POINT('',#12953);
#3754=VERTEX_POINT('',#12957);
#3755=VERTEX_POINT('',#12959);
#3756=VERTEX_POINT('',#12961);
#3757=VERTEX_POINT('',#12965);
#3758=VERTEX_POINT('',#12967);
#3759=VERTEX_POINT('',#12971);
#3760=VERTEX_POINT('',#12974);
#3761=VERTEX_POINT('',#12978);
#3762=VERTEX_POINT('',#12987);
#3763=VERTEX_POINT('',#12989);
#3764=VERTEX_POINT('',#12993);
#3765=VERTEX_POINT('',#12995);
#3766=VERTEX_POINT('',#12997);
#3767=VERTEX_POINT('',#13001);
#3768=VERTEX_POINT('',#13003);
#3769=VERTEX_POINT('',#13007);
#3770=VERTEX_POINT('',#13010);
#3771=VERTEX_POINT('',#13014);
#3772=VERTEX_POINT('',#13023);
#3773=VERTEX_POINT('',#13025);
#3774=VERTEX_POINT('',#13029);
#3775=VERTEX_POINT('',#13031);
#3776=VERTEX_POINT('',#13033);
#3777=VERTEX_POINT('',#13037);
#3778=VERTEX_POINT('',#13039);
#3779=VERTEX_POINT('',#13043);
#3780=VERTEX_POINT('',#13046);
#3781=VERTEX_POINT('',#13050);
#3782=VERTEX_POINT('',#13059);
#3783=VERTEX_POINT('',#13061);
#3784=VERTEX_POINT('',#13065);
#3785=VERTEX_POINT('',#13067);
#3786=VERTEX_POINT('',#13069);
#3787=VERTEX_POINT('',#13073);
#3788=VERTEX_POINT('',#13075);
#3789=VERTEX_POINT('',#13079);
#3790=VERTEX_POINT('',#13082);
#3791=VERTEX_POINT('',#13086);
#3792=VERTEX_POINT('',#13095);
#3793=VERTEX_POINT('',#13097);
#3794=VERTEX_POINT('',#13101);
#3795=VERTEX_POINT('',#13103);
#3796=VERTEX_POINT('',#13105);
#3797=VERTEX_POINT('',#13109);
#3798=VERTEX_POINT('',#13111);
#3799=VERTEX_POINT('',#13115);
#3800=VERTEX_POINT('',#13118);
#3801=VERTEX_POINT('',#13122);
#3802=VERTEX_POINT('',#13131);
#3803=VERTEX_POINT('',#13133);
#3804=VERTEX_POINT('',#13137);
#3805=VERTEX_POINT('',#13139);
#3806=VERTEX_POINT('',#13141);
#3807=VERTEX_POINT('',#13145);
#3808=VERTEX_POINT('',#13147);
#3809=VERTEX_POINT('',#13151);
#3810=VERTEX_POINT('',#13154);
#3811=VERTEX_POINT('',#13158);
#3812=VERTEX_POINT('',#13167);
#3813=VERTEX_POINT('',#13169);
#3814=VERTEX_POINT('',#13173);
#3815=VERTEX_POINT('',#13175);
#3816=VERTEX_POINT('',#13177);
#3817=VERTEX_POINT('',#13181);
#3818=VERTEX_POINT('',#13183);
#3819=VERTEX_POINT('',#13187);
#3820=VERTEX_POINT('',#13190);
#3821=VERTEX_POINT('',#13194);
#3822=VERTEX_POINT('',#13203);
#3823=VERTEX_POINT('',#13205);
#3824=VERTEX_POINT('',#13209);
#3825=VERTEX_POINT('',#13211);
#3826=VERTEX_POINT('',#13213);
#3827=VERTEX_POINT('',#13217);
#3828=VERTEX_POINT('',#13219);
#3829=VERTEX_POINT('',#13223);
#3830=VERTEX_POINT('',#13226);
#3831=VERTEX_POINT('',#13230);
#3832=VERTEX_POINT('',#13239);
#3833=VERTEX_POINT('',#13241);
#3834=VERTEX_POINT('',#13245);
#3835=VERTEX_POINT('',#13247);
#3836=VERTEX_POINT('',#13249);
#3837=VERTEX_POINT('',#13253);
#3838=VERTEX_POINT('',#13255);
#3839=VERTEX_POINT('',#13259);
#3840=VERTEX_POINT('',#13262);
#3841=VERTEX_POINT('',#13266);
#3842=VERTEX_POINT('',#13275);
#3843=VERTEX_POINT('',#13277);
#3844=VERTEX_POINT('',#13281);
#3845=VERTEX_POINT('',#13283);
#3846=VERTEX_POINT('',#13285);
#3847=VERTEX_POINT('',#13289);
#3848=VERTEX_POINT('',#13291);
#3849=VERTEX_POINT('',#13295);
#3850=VERTEX_POINT('',#13298);
#3851=VERTEX_POINT('',#13302);
#3852=VERTEX_POINT('',#13311);
#3853=VERTEX_POINT('',#13313);
#3854=VERTEX_POINT('',#13317);
#3855=VERTEX_POINT('',#13319);
#3856=VERTEX_POINT('',#13321);
#3857=VERTEX_POINT('',#13325);
#3858=VERTEX_POINT('',#13327);
#3859=VERTEX_POINT('',#13331);
#3860=VERTEX_POINT('',#13334);
#3861=VERTEX_POINT('',#13338);
#3862=VERTEX_POINT('',#13347);
#3863=VERTEX_POINT('',#13348);
#3864=VERTEX_POINT('',#13350);
#3865=VERTEX_POINT('',#13352);
#3866=VERTEX_POINT('',#13356);
#3867=VERTEX_POINT('',#13358);
#3868=VERTEX_POINT('',#13363);
#3869=VERTEX_POINT('',#13367);
#3870=VERTEX_POINT('',#13372);
#3871=VERTEX_POINT('',#13376);
#3872=VERTEX_POINT('',#13383);
#3873=VERTEX_POINT('',#13386);
#3874=VERTEX_POINT('',#13388);
#3875=VERTEX_POINT('',#13394);
#3876=VERTEX_POINT('',#13397);
#3877=VERTEX_POINT('',#13399);
#3878=VERTEX_POINT('',#13403);
#3879=VERTEX_POINT('',#13405);
#3880=VERTEX_POINT('',#13409);
#3881=VERTEX_POINT('',#13411);
#3882=VERTEX_POINT('',#13416);
#3883=VERTEX_POINT('',#13420);
#3884=VERTEX_POINT('',#13428);
#3885=VERTEX_POINT('',#13430);
#3886=VERTEX_POINT('',#13434);
#3887=VERTEX_POINT('',#13435);
#3888=VERTEX_POINT('',#13440);
#3889=VERTEX_POINT('',#13449);
#3890=LINE('',#11469,#4717);
#3891=LINE('',#11472,#4718);
#3892=LINE('',#11474,#4719);
#3893=LINE('',#11478,#4720);
#3894=LINE('',#11482,#4721);
#3895=LINE('',#11484,#4722);
#3896=LINE('',#11486,#4723);
#3897=LINE('',#11490,#4724);
#3898=LINE('',#11494,#4725);
#3899=LINE('',#11496,#4726);
#3900=LINE('',#11498,#4727);
#3901=LINE('',#11502,#4728);
#3902=LINE('',#11506,#4729);
#3903=LINE('',#11508,#4730);
#3904=LINE('',#11510,#4731);
#3905=LINE('',#11514,#4732);
#3906=LINE('',#11518,#4733);
#3907=LINE('',#11520,#4734);
#3908=LINE('',#11522,#4735);
#3909=LINE('',#11526,#4736);
#3910=LINE('',#11530,#4737);
#3911=LINE('',#11532,#4738);
#3912=LINE('',#11534,#4739);
#3913=LINE('',#11538,#4740);
#3914=LINE('',#11542,#4741);
#3915=LINE('',#11544,#4742);
#3916=LINE('',#11546,#4743);
#3917=LINE('',#11550,#4744);
#3918=LINE('',#11554,#4745);
#3919=LINE('',#11556,#4746);
#3920=LINE('',#11558,#4747);
#3921=LINE('',#11562,#4748);
#3922=LINE('',#11566,#4749);
#3923=LINE('',#11568,#4750);
#3924=LINE('',#11570,#4751);
#3925=LINE('',#11574,#4752);
#3926=LINE('',#11578,#4753);
#3927=LINE('',#11580,#4754);
#3928=LINE('',#11582,#4755);
#3929=LINE('',#11586,#4756);
#3930=LINE('',#11590,#4757);
#3931=LINE('',#11592,#4758);
#3932=LINE('',#11594,#4759);
#3933=LINE('',#11596,#4760);
#3934=LINE('',#11600,#4761);
#3935=LINE('',#11604,#4762);
#3936=LINE('',#11606,#4763);
#3937=LINE('',#11608,#4764);
#3938=LINE('',#11612,#4765);
#3939=LINE('',#11616,#4766);
#3940=LINE('',#11618,#4767);
#3941=LINE('',#11620,#4768);
#3942=LINE('',#11624,#4769);
#3943=LINE('',#11628,#4770);
#3944=LINE('',#11630,#4771);
#3945=LINE('',#11632,#4772);
#3946=LINE('',#11636,#4773);
#3947=LINE('',#11640,#4774);
#3948=LINE('',#11642,#4775);
#3949=LINE('',#11644,#4776);
#3950=LINE('',#11648,#4777);
#3951=LINE('',#11652,#4778);
#3952=LINE('',#11654,#4779);
#3953=LINE('',#11656,#4780);
#3954=LINE('',#11660,#4781);
#3955=LINE('',#11664,#4782);
#3956=LINE('',#11666,#4783);
#3957=LINE('',#11668,#4784);
#3958=LINE('',#11672,#4785);
#3959=LINE('',#11676,#4786);
#3960=LINE('',#11678,#4787);
#3961=LINE('',#11680,#4788);
#3962=LINE('',#11684,#4789);
#3963=LINE('',#11688,#4790);
#3964=LINE('',#11690,#4791);
#3965=LINE('',#11692,#4792);
#3966=LINE('',#11696,#4793);
#3967=LINE('',#11700,#4794);
#3968=LINE('',#11702,#4795);
#3969=LINE('',#11704,#4796);
#3970=LINE('',#11708,#4797);
#3971=LINE('',#11712,#4798);
#3972=LINE('',#11714,#4799);
#3973=LINE('',#11716,#4800);
#3974=LINE('',#11718,#4801);
#3975=LINE('',#11722,#4802);
#3976=LINE('',#11726,#4803);
#3977=LINE('',#11728,#4804);
#3978=LINE('',#11730,#4805);
#3979=LINE('',#11734,#4806);
#3980=LINE('',#11738,#4807);
#3981=LINE('',#11740,#4808);
#3982=LINE('',#11742,#4809);
#3983=LINE('',#11746,#4810);
#3984=LINE('',#11750,#4811);
#3985=LINE('',#11752,#4812);
#3986=LINE('',#11754,#4813);
#3987=LINE('',#11758,#4814);
#3988=LINE('',#11762,#4815);
#3989=LINE('',#11764,#4816);
#3990=LINE('',#11766,#4817);
#3991=LINE('',#11770,#4818);
#3992=LINE('',#11774,#4819);
#3993=LINE('',#11776,#4820);
#3994=LINE('',#11778,#4821);
#3995=LINE('',#11782,#4822);
#3996=LINE('',#11786,#4823);
#3997=LINE('',#11788,#4824);
#3998=LINE('',#11790,#4825);
#3999=LINE('',#11794,#4826);
#4000=LINE('',#11798,#4827);
#4001=LINE('',#11800,#4828);
#4002=LINE('',#11802,#4829);
#4003=LINE('',#11806,#4830);
#4004=LINE('',#11810,#4831);
#4005=LINE('',#11812,#4832);
#4006=LINE('',#11814,#4833);
#4007=LINE('',#11818,#4834);
#4008=LINE('',#11822,#4835);
#4009=LINE('',#11824,#4836);
#4010=LINE('',#11826,#4837);
#4011=LINE('',#11830,#4838);
#4012=LINE('',#11834,#4839);
#4013=LINE('',#11836,#4840);
#4014=LINE('',#11838,#4841);
#4015=LINE('',#11840,#4842);
#4016=LINE('',#11844,#4843);
#4017=LINE('',#11848,#4844);
#4018=LINE('',#11850,#4845);
#4019=LINE('',#11852,#4846);
#4020=LINE('',#11856,#4847);
#4021=LINE('',#11860,#4848);
#4022=LINE('',#11862,#4849);
#4023=LINE('',#11864,#4850);
#4024=LINE('',#11868,#4851);
#4025=LINE('',#11872,#4852);
#4026=LINE('',#11874,#4853);
#4027=LINE('',#11876,#4854);
#4028=LINE('',#11880,#4855);
#4029=LINE('',#11884,#4856);
#4030=LINE('',#11886,#4857);
#4031=LINE('',#11888,#4858);
#4032=LINE('',#11892,#4859);
#4033=LINE('',#11896,#4860);
#4034=LINE('',#11898,#4861);
#4035=LINE('',#11900,#4862);
#4036=LINE('',#11904,#4863);
#4037=LINE('',#11908,#4864);
#4038=LINE('',#11910,#4865);
#4039=LINE('',#11912,#4866);
#4040=LINE('',#11916,#4867);
#4041=LINE('',#11920,#4868);
#4042=LINE('',#11922,#4869);
#4043=LINE('',#11924,#4870);
#4044=LINE('',#11928,#4871);
#4045=LINE('',#11932,#4872);
#4046=LINE('',#11934,#4873);
#4047=LINE('',#11936,#4874);
#4048=LINE('',#11940,#4875);
#4049=LINE('',#11944,#4876);
#4050=LINE('',#11946,#4877);
#4051=LINE('',#11948,#4878);
#4052=LINE('',#11952,#4879);
#4053=LINE('',#11956,#4880);
#4054=LINE('',#11957,#4881);
#4055=LINE('',#11960,#4882);
#4056=LINE('',#11962,#4883);
#4057=LINE('',#11964,#4884);
#4058=LINE('',#11966,#4885);
#4059=LINE('',#11971,#4886);
#4060=LINE('',#11975,#4887);
#4061=LINE('',#11977,#4888);
#4062=LINE('',#11979,#4889);
#4063=LINE('',#11981,#4890);
#4064=LINE('',#11982,#4891);
#4065=LINE('',#11984,#4892);
#4066=LINE('',#11986,#4893);
#4067=LINE('',#11988,#4894);
#4068=LINE('',#11990,#4895);
#4069=LINE('',#11992,#4896);
#4070=LINE('',#11994,#4897);
#4071=LINE('',#11996,#4898);
#4072=LINE('',#11997,#4899);
#4073=LINE('',#11999,#4900);
#4074=LINE('',#12002,#4901);
#4075=LINE('',#12007,#4902);
#4076=LINE('',#12011,#4903);
#4077=LINE('',#12013,#4904);
#4078=LINE('',#12015,#4905);
#4079=LINE('',#12017,#4906);
#4080=LINE('',#12018,#4907);
#4081=LINE('',#12020,#4908);
#4082=LINE('',#12022,#4909);
#4083=LINE('',#12024,#4910);
#4084=LINE('',#12026,#4911);
#4085=LINE('',#12028,#4912);
#4086=LINE('',#12030,#4913);
#4087=LINE('',#12032,#4914);
#4088=LINE('',#12033,#4915);
#4089=LINE('',#12035,#4916);
#4090=LINE('',#12038,#4917);
#4091=LINE('',#12043,#4918);
#4092=LINE('',#12047,#4919);
#4093=LINE('',#12049,#4920);
#4094=LINE('',#12051,#4921);
#4095=LINE('',#12053,#4922);
#4096=LINE('',#12054,#4923);
#4097=LINE('',#12056,#4924);
#4098=LINE('',#12058,#4925);
#4099=LINE('',#12060,#4926);
#4100=LINE('',#12062,#4927);
#4101=LINE('',#12064,#4928);
#4102=LINE('',#12066,#4929);
#4103=LINE('',#12068,#4930);
#4104=LINE('',#12069,#4931);
#4105=LINE('',#12071,#4932);
#4106=LINE('',#12074,#4933);
#4107=LINE('',#12079,#4934);
#4108=LINE('',#12083,#4935);
#4109=LINE('',#12085,#4936);
#4110=LINE('',#12087,#4937);
#4111=LINE('',#12089,#4938);
#4112=LINE('',#12090,#4939);
#4113=LINE('',#12092,#4940);
#4114=LINE('',#12094,#4941);
#4115=LINE('',#12096,#4942);
#4116=LINE('',#12098,#4943);
#4117=LINE('',#12100,#4944);
#4118=LINE('',#12102,#4945);
#4119=LINE('',#12104,#4946);
#4120=LINE('',#12105,#4947);
#4121=LINE('',#12107,#4948);
#4122=LINE('',#12110,#4949);
#4123=LINE('',#12115,#4950);
#4124=LINE('',#12119,#4951);
#4125=LINE('',#12121,#4952);
#4126=LINE('',#12123,#4953);
#4127=LINE('',#12125,#4954);
#4128=LINE('',#12126,#4955);
#4129=LINE('',#12128,#4956);
#4130=LINE('',#12130,#4957);
#4131=LINE('',#12132,#4958);
#4132=LINE('',#12134,#4959);
#4133=LINE('',#12136,#4960);
#4134=LINE('',#12138,#4961);
#4135=LINE('',#12140,#4962);
#4136=LINE('',#12141,#4963);
#4137=LINE('',#12143,#4964);
#4138=LINE('',#12146,#4965);
#4139=LINE('',#12151,#4966);
#4140=LINE('',#12155,#4967);
#4141=LINE('',#12157,#4968);
#4142=LINE('',#12159,#4969);
#4143=LINE('',#12161,#4970);
#4144=LINE('',#12162,#4971);
#4145=LINE('',#12164,#4972);
#4146=LINE('',#12166,#4973);
#4147=LINE('',#12168,#4974);
#4148=LINE('',#12170,#4975);
#4149=LINE('',#12172,#4976);
#4150=LINE('',#12174,#4977);
#4151=LINE('',#12176,#4978);
#4152=LINE('',#12177,#4979);
#4153=LINE('',#12179,#4980);
#4154=LINE('',#12182,#4981);
#4155=LINE('',#12187,#4982);
#4156=LINE('',#12191,#4983);
#4157=LINE('',#12193,#4984);
#4158=LINE('',#12195,#4985);
#4159=LINE('',#12197,#4986);
#4160=LINE('',#12198,#4987);
#4161=LINE('',#12200,#4988);
#4162=LINE('',#12202,#4989);
#4163=LINE('',#12204,#4990);
#4164=LINE('',#12206,#4991);
#4165=LINE('',#12208,#4992);
#4166=LINE('',#12210,#4993);
#4167=LINE('',#12212,#4994);
#4168=LINE('',#12213,#4995);
#4169=LINE('',#12215,#4996);
#4170=LINE('',#12218,#4997);
#4171=LINE('',#12223,#4998);
#4172=LINE('',#12227,#4999);
#4173=LINE('',#12229,#5000);
#4174=LINE('',#12231,#5001);
#4175=LINE('',#12233,#5002);
#4176=LINE('',#12234,#5003);
#4177=LINE('',#12236,#5004);
#4178=LINE('',#12238,#5005);
#4179=LINE('',#12240,#5006);
#4180=LINE('',#12242,#5007);
#4181=LINE('',#12244,#5008);
#4182=LINE('',#12246,#5009);
#4183=LINE('',#12248,#5010);
#4184=LINE('',#12249,#5011);
#4185=LINE('',#12251,#5012);
#4186=LINE('',#12254,#5013);
#4187=LINE('',#12259,#5014);
#4188=LINE('',#12263,#5015);
#4189=LINE('',#12265,#5016);
#4190=LINE('',#12267,#5017);
#4191=LINE('',#12269,#5018);
#4192=LINE('',#12270,#5019);
#4193=LINE('',#12272,#5020);
#4194=LINE('',#12274,#5021);
#4195=LINE('',#12276,#5022);
#4196=LINE('',#12278,#5023);
#4197=LINE('',#12280,#5024);
#4198=LINE('',#12282,#5025);
#4199=LINE('',#12284,#5026);
#4200=LINE('',#12285,#5027);
#4201=LINE('',#12287,#5028);
#4202=LINE('',#12290,#5029);
#4203=LINE('',#12292,#5030);
#4204=LINE('',#12296,#5031);
#4205=LINE('',#12298,#5032);
#4206=LINE('',#12300,#5033);
#4207=LINE('',#12302,#5034);
#4208=LINE('',#12304,#5035);
#4209=LINE('',#12306,#5036);
#4210=LINE('',#12308,#5037);
#4211=LINE('',#12310,#5038);
#4212=LINE('',#12312,#5039);
#4213=LINE('',#12314,#5040);
#4214=LINE('',#12315,#5041);
#4215=LINE('',#12317,#5042);
#4216=LINE('',#12321,#5043);
#4217=LINE('',#12323,#5044);
#4218=LINE('',#12326,#5045);
#4219=LINE('',#12328,#5046);
#4220=LINE('',#12330,#5047);
#4221=LINE('',#12332,#5048);
#4222=LINE('',#12334,#5049);
#4223=LINE('',#12337,#5050);
#4224=LINE('',#12339,#5051);
#4225=LINE('',#12341,#5052);
#4226=LINE('',#12343,#5053);
#4227=LINE('',#12347,#5054);
#4228=LINE('',#12349,#5055);
#4229=LINE('',#12351,#5056);
#4230=LINE('',#12352,#5057);
#4231=LINE('',#12354,#5058);
#4232=LINE('',#12356,#5059);
#4233=LINE('',#12358,#5060);
#4234=LINE('',#12360,#5061);
#4235=LINE('',#12361,#5062);
#4236=LINE('',#12365,#5063);
#4237=LINE('',#12367,#5064);
#4238=LINE('',#12370,#5065);
#4239=LINE('',#12373,#5066);
#4240=LINE('',#12375,#5067);
#4241=LINE('',#12377,#5068);
#4242=LINE('',#12379,#5069);
#4243=LINE('',#12383,#5070);
#4244=LINE('',#12385,#5071);
#4245=LINE('',#12387,#5072);
#4246=LINE('',#12388,#5073);
#4247=LINE('',#12390,#5074);
#4248=LINE('',#12392,#5075);
#4249=LINE('',#12394,#5076);
#4250=LINE('',#12396,#5077);
#4251=LINE('',#12397,#5078);
#4252=LINE('',#12401,#5079);
#4253=LINE('',#12403,#5080);
#4254=LINE('',#12406,#5081);
#4255=LINE('',#12409,#5082);
#4256=LINE('',#12411,#5083);
#4257=LINE('',#12413,#5084);
#4258=LINE('',#12415,#5085);
#4259=LINE('',#12419,#5086);
#4260=LINE('',#12421,#5087);
#4261=LINE('',#12423,#5088);
#4262=LINE('',#12424,#5089);
#4263=LINE('',#12426,#5090);
#4264=LINE('',#12428,#5091);
#4265=LINE('',#12430,#5092);
#4266=LINE('',#12432,#5093);
#4267=LINE('',#12433,#5094);
#4268=LINE('',#12437,#5095);
#4269=LINE('',#12439,#5096);
#4270=LINE('',#12442,#5097);
#4271=LINE('',#12445,#5098);
#4272=LINE('',#12447,#5099);
#4273=LINE('',#12449,#5100);
#4274=LINE('',#12451,#5101);
#4275=LINE('',#12455,#5102);
#4276=LINE('',#12457,#5103);
#4277=LINE('',#12459,#5104);
#4278=LINE('',#12460,#5105);
#4279=LINE('',#12462,#5106);
#4280=LINE('',#12464,#5107);
#4281=LINE('',#12466,#5108);
#4282=LINE('',#12468,#5109);
#4283=LINE('',#12469,#5110);
#4284=LINE('',#12473,#5111);
#4285=LINE('',#12475,#5112);
#4286=LINE('',#12478,#5113);
#4287=LINE('',#12481,#5114);
#4288=LINE('',#12483,#5115);
#4289=LINE('',#12485,#5116);
#4290=LINE('',#12487,#5117);
#4291=LINE('',#12491,#5118);
#4292=LINE('',#12493,#5119);
#4293=LINE('',#12495,#5120);
#4294=LINE('',#12496,#5121);
#4295=LINE('',#12498,#5122);
#4296=LINE('',#12500,#5123);
#4297=LINE('',#12502,#5124);
#4298=LINE('',#12504,#5125);
#4299=LINE('',#12505,#5126);
#4300=LINE('',#12509,#5127);
#4301=LINE('',#12511,#5128);
#4302=LINE('',#12514,#5129);
#4303=LINE('',#12517,#5130);
#4304=LINE('',#12519,#5131);
#4305=LINE('',#12521,#5132);
#4306=LINE('',#12523,#5133);
#4307=LINE('',#12527,#5134);
#4308=LINE('',#12529,#5135);
#4309=LINE('',#12531,#5136);
#4310=LINE('',#12532,#5137);
#4311=LINE('',#12534,#5138);
#4312=LINE('',#12536,#5139);
#4313=LINE('',#12538,#5140);
#4314=LINE('',#12540,#5141);
#4315=LINE('',#12541,#5142);
#4316=LINE('',#12545,#5143);
#4317=LINE('',#12547,#5144);
#4318=LINE('',#12550,#5145);
#4319=LINE('',#12553,#5146);
#4320=LINE('',#12555,#5147);
#4321=LINE('',#12557,#5148);
#4322=LINE('',#12559,#5149);
#4323=LINE('',#12563,#5150);
#4324=LINE('',#12565,#5151);
#4325=LINE('',#12567,#5152);
#4326=LINE('',#12568,#5153);
#4327=LINE('',#12570,#5154);
#4328=LINE('',#12572,#5155);
#4329=LINE('',#12574,#5156);
#4330=LINE('',#12576,#5157);
#4331=LINE('',#12577,#5158);
#4332=LINE('',#12581,#5159);
#4333=LINE('',#12583,#5160);
#4334=LINE('',#12586,#5161);
#4335=LINE('',#12589,#5162);
#4336=LINE('',#12591,#5163);
#4337=LINE('',#12593,#5164);
#4338=LINE('',#12595,#5165);
#4339=LINE('',#12599,#5166);
#4340=LINE('',#12601,#5167);
#4341=LINE('',#12603,#5168);
#4342=LINE('',#12604,#5169);
#4343=LINE('',#12606,#5170);
#4344=LINE('',#12608,#5171);
#4345=LINE('',#12610,#5172);
#4346=LINE('',#12612,#5173);
#4347=LINE('',#12613,#5174);
#4348=LINE('',#12617,#5175);
#4349=LINE('',#12619,#5176);
#4350=LINE('',#12622,#5177);
#4351=LINE('',#12625,#5178);
#4352=LINE('',#12627,#5179);
#4353=LINE('',#12629,#5180);
#4354=LINE('',#12631,#5181);
#4355=LINE('',#12635,#5182);
#4356=LINE('',#12637,#5183);
#4357=LINE('',#12639,#5184);
#4358=LINE('',#12640,#5185);
#4359=LINE('',#12642,#5186);
#4360=LINE('',#12644,#5187);
#4361=LINE('',#12646,#5188);
#4362=LINE('',#12648,#5189);
#4363=LINE('',#12649,#5190);
#4364=LINE('',#12653,#5191);
#4365=LINE('',#12655,#5192);
#4366=LINE('',#12658,#5193);
#4367=LINE('',#12662,#5194);
#4368=LINE('',#12664,#5195);
#4369=LINE('',#12666,#5196);
#4370=LINE('',#12668,#5197);
#4371=LINE('',#12670,#5198);
#4372=LINE('',#12672,#5199);
#4373=LINE('',#12674,#5200);
#4374=LINE('',#12676,#5201);
#4375=LINE('',#12678,#5202);
#4376=LINE('',#12680,#5203);
#4377=LINE('',#12681,#5204);
#4378=LINE('',#12683,#5205);
#4379=LINE('',#12687,#5206);
#4380=LINE('',#12689,#5207);
#4381=LINE('',#12692,#5208);
#4382=LINE('',#12694,#5209);
#4383=LINE('',#12696,#5210);
#4384=LINE('',#12698,#5211);
#4385=LINE('',#12702,#5212);
#4386=LINE('',#12704,#5213);
#4387=LINE('',#12706,#5214);
#4388=LINE('',#12708,#5215);
#4389=LINE('',#12710,#5216);
#4390=LINE('',#12712,#5217);
#4391=LINE('',#12714,#5218);
#4392=LINE('',#12716,#5219);
#4393=LINE('',#12718,#5220);
#4394=LINE('',#12720,#5221);
#4395=LINE('',#12721,#5222);
#4396=LINE('',#12723,#5223);
#4397=LINE('',#12725,#5224);
#4398=LINE('',#12729,#5225);
#4399=LINE('',#12732,#5226);
#4400=LINE('',#12734,#5227);
#4401=LINE('',#12738,#5228);
#4402=LINE('',#12740,#5229);
#4403=LINE('',#12742,#5230);
#4404=LINE('',#12744,#5231);
#4405=LINE('',#12746,#5232);
#4406=LINE('',#12748,#5233);
#4407=LINE('',#12750,#5234);
#4408=LINE('',#12752,#5235);
#4409=LINE('',#12754,#5236);
#4410=LINE('',#12756,#5237);
#4411=LINE('',#12757,#5238);
#4412=LINE('',#12759,#5239);
#4413=LINE('',#12761,#5240);
#4414=LINE('',#12765,#5241);
#4415=LINE('',#12768,#5242);
#4416=LINE('',#12770,#5243);
#4417=LINE('',#12774,#5244);
#4418=LINE('',#12776,#5245);
#4419=LINE('',#12778,#5246);
#4420=LINE('',#12780,#5247);
#4421=LINE('',#12782,#5248);
#4422=LINE('',#12784,#5249);
#4423=LINE('',#12786,#5250);
#4424=LINE('',#12788,#5251);
#4425=LINE('',#12790,#5252);
#4426=LINE('',#12792,#5253);
#4427=LINE('',#12793,#5254);
#4428=LINE('',#12795,#5255);
#4429=LINE('',#12797,#5256);
#4430=LINE('',#12801,#5257);
#4431=LINE('',#12804,#5258);
#4432=LINE('',#12806,#5259);
#4433=LINE('',#12810,#5260);
#4434=LINE('',#12812,#5261);
#4435=LINE('',#12814,#5262);
#4436=LINE('',#12816,#5263);
#4437=LINE('',#12818,#5264);
#4438=LINE('',#12820,#5265);
#4439=LINE('',#12822,#5266);
#4440=LINE('',#12824,#5267);
#4441=LINE('',#12826,#5268);
#4442=LINE('',#12828,#5269);
#4443=LINE('',#12829,#5270);
#4444=LINE('',#12831,#5271);
#4445=LINE('',#12833,#5272);
#4446=LINE('',#12837,#5273);
#4447=LINE('',#12840,#5274);
#4448=LINE('',#12842,#5275);
#4449=LINE('',#12846,#5276);
#4450=LINE('',#12848,#5277);
#4451=LINE('',#12850,#5278);
#4452=LINE('',#12852,#5279);
#4453=LINE('',#12854,#5280);
#4454=LINE('',#12856,#5281);
#4455=LINE('',#12858,#5282);
#4456=LINE('',#12860,#5283);
#4457=LINE('',#12862,#5284);
#4458=LINE('',#12864,#5285);
#4459=LINE('',#12865,#5286);
#4460=LINE('',#12867,#5287);
#4461=LINE('',#12869,#5288);
#4462=LINE('',#12873,#5289);
#4463=LINE('',#12876,#5290);
#4464=LINE('',#12878,#5291);
#4465=LINE('',#12882,#5292);
#4466=LINE('',#12884,#5293);
#4467=LINE('',#12886,#5294);
#4468=LINE('',#12888,#5295);
#4469=LINE('',#12890,#5296);
#4470=LINE('',#12892,#5297);
#4471=LINE('',#12894,#5298);
#4472=LINE('',#12896,#5299);
#4473=LINE('',#12898,#5300);
#4474=LINE('',#12900,#5301);
#4475=LINE('',#12901,#5302);
#4476=LINE('',#12903,#5303);
#4477=LINE('',#12905,#5304);
#4478=LINE('',#12909,#5305);
#4479=LINE('',#12912,#5306);
#4480=LINE('',#12914,#5307);
#4481=LINE('',#12918,#5308);
#4482=LINE('',#12920,#5309);
#4483=LINE('',#12922,#5310);
#4484=LINE('',#12924,#5311);
#4485=LINE('',#12926,#5312);
#4486=LINE('',#12928,#5313);
#4487=LINE('',#12930,#5314);
#4488=LINE('',#12932,#5315);
#4489=LINE('',#12934,#5316);
#4490=LINE('',#12936,#5317);
#4491=LINE('',#12937,#5318);
#4492=LINE('',#12939,#5319);
#4493=LINE('',#12941,#5320);
#4494=LINE('',#12945,#5321);
#4495=LINE('',#12948,#5322);
#4496=LINE('',#12950,#5323);
#4497=LINE('',#12954,#5324);
#4498=LINE('',#12956,#5325);
#4499=LINE('',#12958,#5326);
#4500=LINE('',#12960,#5327);
#4501=LINE('',#12962,#5328);
#4502=LINE('',#12964,#5329);
#4503=LINE('',#12966,#5330);
#4504=LINE('',#12968,#5331);
#4505=LINE('',#12970,#5332);
#4506=LINE('',#12972,#5333);
#4507=LINE('',#12973,#5334);
#4508=LINE('',#12975,#5335);
#4509=LINE('',#12977,#5336);
#4510=LINE('',#12981,#5337);
#4511=LINE('',#12984,#5338);
#4512=LINE('',#12986,#5339);
#4513=LINE('',#12990,#5340);
#4514=LINE('',#12992,#5341);
#4515=LINE('',#12994,#5342);
#4516=LINE('',#12996,#5343);
#4517=LINE('',#12998,#5344);
#4518=LINE('',#13000,#5345);
#4519=LINE('',#13002,#5346);
#4520=LINE('',#13004,#5347);
#4521=LINE('',#13006,#5348);
#4522=LINE('',#13008,#5349);
#4523=LINE('',#13009,#5350);
#4524=LINE('',#13011,#5351);
#4525=LINE('',#13013,#5352);
#4526=LINE('',#13017,#5353);
#4527=LINE('',#13020,#5354);
#4528=LINE('',#13022,#5355);
#4529=LINE('',#13026,#5356);
#4530=LINE('',#13028,#5357);
#4531=LINE('',#13030,#5358);
#4532=LINE('',#13032,#5359);
#4533=LINE('',#13034,#5360);
#4534=LINE('',#13036,#5361);
#4535=LINE('',#13038,#5362);
#4536=LINE('',#13040,#5363);
#4537=LINE('',#13042,#5364);
#4538=LINE('',#13044,#5365);
#4539=LINE('',#13045,#5366);
#4540=LINE('',#13047,#5367);
#4541=LINE('',#13049,#5368);
#4542=LINE('',#13053,#5369);
#4543=LINE('',#13056,#5370);
#4544=LINE('',#13058,#5371);
#4545=LINE('',#13062,#5372);
#4546=LINE('',#13064,#5373);
#4547=LINE('',#13066,#5374);
#4548=LINE('',#13068,#5375);
#4549=LINE('',#13070,#5376);
#4550=LINE('',#13072,#5377);
#4551=LINE('',#13074,#5378);
#4552=LINE('',#13076,#5379);
#4553=LINE('',#13078,#5380);
#4554=LINE('',#13080,#5381);
#4555=LINE('',#13081,#5382);
#4556=LINE('',#13083,#5383);
#4557=LINE('',#13085,#5384);
#4558=LINE('',#13089,#5385);
#4559=LINE('',#13092,#5386);
#4560=LINE('',#13094,#5387);
#4561=LINE('',#13098,#5388);
#4562=LINE('',#13100,#5389);
#4563=LINE('',#13102,#5390);
#4564=LINE('',#13104,#5391);
#4565=LINE('',#13106,#5392);
#4566=LINE('',#13108,#5393);
#4567=LINE('',#13110,#5394);
#4568=LINE('',#13112,#5395);
#4569=LINE('',#13114,#5396);
#4570=LINE('',#13116,#5397);
#4571=LINE('',#13117,#5398);
#4572=LINE('',#13119,#5399);
#4573=LINE('',#13121,#5400);
#4574=LINE('',#13125,#5401);
#4575=LINE('',#13128,#5402);
#4576=LINE('',#13130,#5403);
#4577=LINE('',#13134,#5404);
#4578=LINE('',#13136,#5405);
#4579=LINE('',#13138,#5406);
#4580=LINE('',#13140,#5407);
#4581=LINE('',#13142,#5408);
#4582=LINE('',#13144,#5409);
#4583=LINE('',#13146,#5410);
#4584=LINE('',#13148,#5411);
#4585=LINE('',#13150,#5412);
#4586=LINE('',#13152,#5413);
#4587=LINE('',#13153,#5414);
#4588=LINE('',#13155,#5415);
#4589=LINE('',#13157,#5416);
#4590=LINE('',#13161,#5417);
#4591=LINE('',#13164,#5418);
#4592=LINE('',#13166,#5419);
#4593=LINE('',#13170,#5420);
#4594=LINE('',#13172,#5421);
#4595=LINE('',#13174,#5422);
#4596=LINE('',#13176,#5423);
#4597=LINE('',#13178,#5424);
#4598=LINE('',#13180,#5425);
#4599=LINE('',#13182,#5426);
#4600=LINE('',#13184,#5427);
#4601=LINE('',#13186,#5428);
#4602=LINE('',#13188,#5429);
#4603=LINE('',#13189,#5430);
#4604=LINE('',#13191,#5431);
#4605=LINE('',#13193,#5432);
#4606=LINE('',#13197,#5433);
#4607=LINE('',#13200,#5434);
#4608=LINE('',#13202,#5435);
#4609=LINE('',#13206,#5436);
#4610=LINE('',#13208,#5437);
#4611=LINE('',#13210,#5438);
#4612=LINE('',#13212,#5439);
#4613=LINE('',#13214,#5440);
#4614=LINE('',#13216,#5441);
#4615=LINE('',#13218,#5442);
#4616=LINE('',#13220,#5443);
#4617=LINE('',#13222,#5444);
#4618=LINE('',#13224,#5445);
#4619=LINE('',#13225,#5446);
#4620=LINE('',#13227,#5447);
#4621=LINE('',#13229,#5448);
#4622=LINE('',#13233,#5449);
#4623=LINE('',#13236,#5450);
#4624=LINE('',#13238,#5451);
#4625=LINE('',#13242,#5452);
#4626=LINE('',#13244,#5453);
#4627=LINE('',#13246,#5454);
#4628=LINE('',#13248,#5455);
#4629=LINE('',#13250,#5456);
#4630=LINE('',#13252,#5457);
#4631=LINE('',#13254,#5458);
#4632=LINE('',#13256,#5459);
#4633=LINE('',#13258,#5460);
#4634=LINE('',#13260,#5461);
#4635=LINE('',#13261,#5462);
#4636=LINE('',#13263,#5463);
#4637=LINE('',#13265,#5464);
#4638=LINE('',#13269,#5465);
#4639=LINE('',#13272,#5466);
#4640=LINE('',#13274,#5467);
#4641=LINE('',#13278,#5468);
#4642=LINE('',#13280,#5469);
#4643=LINE('',#13282,#5470);
#4644=LINE('',#13284,#5471);
#4645=LINE('',#13286,#5472);
#4646=LINE('',#13288,#5473);
#4647=LINE('',#13290,#5474);
#4648=LINE('',#13292,#5475);
#4649=LINE('',#13294,#5476);
#4650=LINE('',#13296,#5477);
#4651=LINE('',#13297,#5478);
#4652=LINE('',#13299,#5479);
#4653=LINE('',#13301,#5480);
#4654=LINE('',#13305,#5481);
#4655=LINE('',#13308,#5482);
#4656=LINE('',#13310,#5483);
#4657=LINE('',#13314,#5484);
#4658=LINE('',#13316,#5485);
#4659=LINE('',#13318,#5486);
#4660=LINE('',#13320,#5487);
#4661=LINE('',#13322,#5488);
#4662=LINE('',#13324,#5489);
#4663=LINE('',#13326,#5490);
#4664=LINE('',#13328,#5491);
#4665=LINE('',#13330,#5492);
#4666=LINE('',#13332,#5493);
#4667=LINE('',#13333,#5494);
#4668=LINE('',#13335,#5495);
#4669=LINE('',#13337,#5496);
#4670=LINE('',#13341,#5497);
#4671=LINE('',#13344,#5498);
#4672=LINE('',#13346,#5499);
#4673=LINE('',#13349,#5500);
#4674=LINE('',#13351,#5501);
#4675=LINE('',#13353,#5502);
#4676=LINE('',#13355,#5503);
#4677=LINE('',#13359,#5504);
#4678=LINE('',#13361,#5505);
#4679=LINE('',#13362,#5506);
#4680=LINE('',#13364,#5507);
#4681=LINE('',#13366,#5508);
#4682=LINE('',#13368,#5509);
#4683=LINE('',#13370,#5510);
#4684=LINE('',#13371,#5511);
#4685=LINE('',#13373,#5512);
#4686=LINE('',#13375,#5513);
#4687=LINE('',#13379,#5514);
#4688=LINE('',#13382,#5515);
#4689=LINE('',#13384,#5516);
#4690=LINE('',#13385,#5517);
#4691=LINE('',#13387,#5518);
#4692=LINE('',#13389,#5519);
#4693=LINE('',#13391,#5520);
#4694=LINE('',#13396,#5521);
#4695=LINE('',#13400,#5522);
#4696=LINE('',#13402,#5523);
#4697=LINE('',#13404,#5524);
#4698=LINE('',#13406,#5525);
#4699=LINE('',#13408,#5526);
#4700=LINE('',#13410,#5527);
#4701=LINE('',#13412,#5528);
#4702=LINE('',#13414,#5529);
#4703=LINE('',#13415,#5530);
#4704=LINE('',#13417,#5531);
#4705=LINE('',#13419,#5532);
#4706=LINE('',#13423,#5533);
#4707=LINE('',#13427,#5534);
#4708=LINE('',#13429,#5535);
#4709=LINE('',#13431,#5536);
#4710=LINE('',#13433,#5537);
#4711=LINE('',#13436,#5538);
#4712=LINE('',#13437,#5539);
#4713=LINE('',#13439,#5540);
#4714=LINE('',#13441,#5541);
#4715=LINE('',#13443,#5542);
#4716=LINE('',#13445,#5543);
#4717=VECTOR('',#9650,1000.);
#4718=VECTOR('',#9651,1000.);
#4719=VECTOR('',#9652,1000.);
#4720=VECTOR('',#9655,1000.);
#4721=VECTOR('',#9658,1000.);
#4722=VECTOR('',#9659,1000.);
#4723=VECTOR('',#9660,1000.);
#4724=VECTOR('',#9663,1000.);
#4725=VECTOR('',#9666,1000.);
#4726=VECTOR('',#9667,1000.);
#4727=VECTOR('',#9668,1000.);
#4728=VECTOR('',#9671,1000.);
#4729=VECTOR('',#9674,1000.);
#4730=VECTOR('',#9675,1000.);
#4731=VECTOR('',#9676,1000.);
#4732=VECTOR('',#9679,1000.);
#4733=VECTOR('',#9682,1000.);
#4734=VECTOR('',#9683,1000.);
#4735=VECTOR('',#9684,1000.);
#4736=VECTOR('',#9687,1000.);
#4737=VECTOR('',#9690,1000.);
#4738=VECTOR('',#9691,1000.);
#4739=VECTOR('',#9692,1000.);
#4740=VECTOR('',#9695,1000.);
#4741=VECTOR('',#9698,1000.);
#4742=VECTOR('',#9699,1000.);
#4743=VECTOR('',#9700,1000.);
#4744=VECTOR('',#9703,1000.);
#4745=VECTOR('',#9706,1000.);
#4746=VECTOR('',#9707,1000.);
#4747=VECTOR('',#9708,1000.);
#4748=VECTOR('',#9711,1000.);
#4749=VECTOR('',#9714,1000.);
#4750=VECTOR('',#9715,1000.);
#4751=VECTOR('',#9716,1000.);
#4752=VECTOR('',#9719,1000.);
#4753=VECTOR('',#9722,1000.);
#4754=VECTOR('',#9723,1000.);
#4755=VECTOR('',#9724,1000.);
#4756=VECTOR('',#9727,1000.);
#4757=VECTOR('',#9730,1000.);
#4758=VECTOR('',#9731,1000.);
#4759=VECTOR('',#9732,1000.);
#4760=VECTOR('',#9733,1000.);
#4761=VECTOR('',#9736,1000.);
#4762=VECTOR('',#9739,1000.);
#4763=VECTOR('',#9740,1000.);
#4764=VECTOR('',#9741,1000.);
#4765=VECTOR('',#9744,1000.);
#4766=VECTOR('',#9747,1000.);
#4767=VECTOR('',#9748,1000.);
#4768=VECTOR('',#9749,1000.);
#4769=VECTOR('',#9752,1000.);
#4770=VECTOR('',#9755,1000.);
#4771=VECTOR('',#9756,1000.);
#4772=VECTOR('',#9757,1000.);
#4773=VECTOR('',#9760,1000.);
#4774=VECTOR('',#9763,1000.);
#4775=VECTOR('',#9764,1000.);
#4776=VECTOR('',#9765,1000.);
#4777=VECTOR('',#9768,1000.);
#4778=VECTOR('',#9771,1000.);
#4779=VECTOR('',#9772,1000.);
#4780=VECTOR('',#9773,1000.);
#4781=VECTOR('',#9776,1000.);
#4782=VECTOR('',#9779,1000.);
#4783=VECTOR('',#9780,1000.);
#4784=VECTOR('',#9781,1000.);
#4785=VECTOR('',#9784,1000.);
#4786=VECTOR('',#9787,1000.);
#4787=VECTOR('',#9788,1000.);
#4788=VECTOR('',#9789,1000.);
#4789=VECTOR('',#9792,1000.);
#4790=VECTOR('',#9795,1000.);
#4791=VECTOR('',#9796,1000.);
#4792=VECTOR('',#9797,1000.);
#4793=VECTOR('',#9800,1000.);
#4794=VECTOR('',#9803,1000.);
#4795=VECTOR('',#9804,1000.);
#4796=VECTOR('',#9805,1000.);
#4797=VECTOR('',#9808,1000.);
#4798=VECTOR('',#9811,1000.);
#4799=VECTOR('',#9812,1000.);
#4800=VECTOR('',#9813,1000.);
#4801=VECTOR('',#9814,1000.);
#4802=VECTOR('',#9817,1000.);
#4803=VECTOR('',#9820,1000.);
#4804=VECTOR('',#9821,1000.);
#4805=VECTOR('',#9822,1000.);
#4806=VECTOR('',#9825,1000.);
#4807=VECTOR('',#9828,1000.);
#4808=VECTOR('',#9829,1000.);
#4809=VECTOR('',#9830,1000.);
#4810=VECTOR('',#9833,1000.);
#4811=VECTOR('',#9836,1000.);
#4812=VECTOR('',#9837,1000.);
#4813=VECTOR('',#9838,1000.);
#4814=VECTOR('',#9841,1000.);
#4815=VECTOR('',#9844,1000.);
#4816=VECTOR('',#9845,1000.);
#4817=VECTOR('',#9846,1000.);
#4818=VECTOR('',#9849,1000.);
#4819=VECTOR('',#9852,1000.);
#4820=VECTOR('',#9853,1000.);
#4821=VECTOR('',#9854,1000.);
#4822=VECTOR('',#9857,1000.);
#4823=VECTOR('',#9860,1000.);
#4824=VECTOR('',#9861,1000.);
#4825=VECTOR('',#9862,1000.);
#4826=VECTOR('',#9865,1000.);
#4827=VECTOR('',#9868,1000.);
#4828=VECTOR('',#9869,1000.);
#4829=VECTOR('',#9870,1000.);
#4830=VECTOR('',#9873,1000.);
#4831=VECTOR('',#9876,1000.);
#4832=VECTOR('',#9877,1000.);
#4833=VECTOR('',#9878,1000.);
#4834=VECTOR('',#9881,1000.);
#4835=VECTOR('',#9884,1000.);
#4836=VECTOR('',#9885,1000.);
#4837=VECTOR('',#9886,1000.);
#4838=VECTOR('',#9889,1000.);
#4839=VECTOR('',#9892,1000.);
#4840=VECTOR('',#9893,1000.);
#4841=VECTOR('',#9894,1000.);
#4842=VECTOR('',#9895,1000.);
#4843=VECTOR('',#9898,1000.);
#4844=VECTOR('',#9901,1000.);
#4845=VECTOR('',#9902,1000.);
#4846=VECTOR('',#9903,1000.);
#4847=VECTOR('',#9906,1000.);
#4848=VECTOR('',#9909,1000.);
#4849=VECTOR('',#9910,1000.);
#4850=VECTOR('',#9911,1000.);
#4851=VECTOR('',#9914,1000.);
#4852=VECTOR('',#9917,1000.);
#4853=VECTOR('',#9918,1000.);
#4854=VECTOR('',#9919,1000.);
#4855=VECTOR('',#9922,1000.);
#4856=VECTOR('',#9925,1000.);
#4857=VECTOR('',#9926,1000.);
#4858=VECTOR('',#9927,1000.);
#4859=VECTOR('',#9930,1000.);
#4860=VECTOR('',#9933,1000.);
#4861=VECTOR('',#9934,1000.);
#4862=VECTOR('',#9935,1000.);
#4863=VECTOR('',#9938,1000.);
#4864=VECTOR('',#9941,1000.);
#4865=VECTOR('',#9942,1000.);
#4866=VECTOR('',#9943,1000.);
#4867=VECTOR('',#9946,1000.);
#4868=VECTOR('',#9949,1000.);
#4869=VECTOR('',#9950,1000.);
#4870=VECTOR('',#9951,1000.);
#4871=VECTOR('',#9954,1000.);
#4872=VECTOR('',#9957,1000.);
#4873=VECTOR('',#9958,1000.);
#4874=VECTOR('',#9959,1000.);
#4875=VECTOR('',#9962,1000.);
#4876=VECTOR('',#9965,1000.);
#4877=VECTOR('',#9966,1000.);
#4878=VECTOR('',#9967,1000.);
#4879=VECTOR('',#9970,1000.);
#4880=VECTOR('',#9973,1000.);
#4881=VECTOR('',#9974,1000.);
#4882=VECTOR('',#9975,1000.);
#4883=VECTOR('',#9976,1000.);
#4884=VECTOR('',#9977,1000.);
#4885=VECTOR('',#9978,1000.);
#4886=VECTOR('',#9983,1000.);
#4887=VECTOR('',#9986,1000.);
#4888=VECTOR('',#9987,1000.);
#4889=VECTOR('',#9988,1000.);
#4890=VECTOR('',#9991,1000.);
#4891=VECTOR('',#9992,1000.);
#4892=VECTOR('',#9995,1000.);
#4893=VECTOR('',#9998,1000.);
#4894=VECTOR('',#9999,1000.);
#4895=VECTOR('',#10000,1000.);
#4896=VECTOR('',#10003,1000.);
#4897=VECTOR('',#10004,1000.);
#4898=VECTOR('',#10007,1000.);
#4899=VECTOR('',#10008,1000.);
#4900=VECTOR('',#10009,1000.);
#4901=VECTOR('',#10014,1000.);
#4902=VECTOR('',#10019,1000.);
#4903=VECTOR('',#10022,1000.);
#4904=VECTOR('',#10023,1000.);
#4905=VECTOR('',#10024,1000.);
#4906=VECTOR('',#10027,1000.);
#4907=VECTOR('',#10028,1000.);
#4908=VECTOR('',#10031,1000.);
#4909=VECTOR('',#10034,1000.);
#4910=VECTOR('',#10035,1000.);
#4911=VECTOR('',#10036,1000.);
#4912=VECTOR('',#10039,1000.);
#4913=VECTOR('',#10040,1000.);
#4914=VECTOR('',#10043,1000.);
#4915=VECTOR('',#10044,1000.);
#4916=VECTOR('',#10045,1000.);
#4917=VECTOR('',#10050,1000.);
#4918=VECTOR('',#10055,1000.);
#4919=VECTOR('',#10058,1000.);
#4920=VECTOR('',#10059,1000.);
#4921=VECTOR('',#10060,1000.);
#4922=VECTOR('',#10063,1000.);
#4923=VECTOR('',#10064,1000.);
#4924=VECTOR('',#10067,1000.);
#4925=VECTOR('',#10070,1000.);
#4926=VECTOR('',#10071,1000.);
#4927=VECTOR('',#10072,1000.);
#4928=VECTOR('',#10075,1000.);
#4929=VECTOR('',#10076,1000.);
#4930=VECTOR('',#10079,1000.);
#4931=VECTOR('',#10080,1000.);
#4932=VECTOR('',#10081,1000.);
#4933=VECTOR('',#10086,1000.);
#4934=VECTOR('',#10091,1000.);
#4935=VECTOR('',#10094,1000.);
#4936=VECTOR('',#10095,1000.);
#4937=VECTOR('',#10096,1000.);
#4938=VECTOR('',#10099,1000.);
#4939=VECTOR('',#10100,1000.);
#4940=VECTOR('',#10103,1000.);
#4941=VECTOR('',#10106,1000.);
#4942=VECTOR('',#10107,1000.);
#4943=VECTOR('',#10108,1000.);
#4944=VECTOR('',#10111,1000.);
#4945=VECTOR('',#10112,1000.);
#4946=VECTOR('',#10115,1000.);
#4947=VECTOR('',#10116,1000.);
#4948=VECTOR('',#10117,1000.);
#4949=VECTOR('',#10122,1000.);
#4950=VECTOR('',#10127,1000.);
#4951=VECTOR('',#10130,1000.);
#4952=VECTOR('',#10131,1000.);
#4953=VECTOR('',#10132,1000.);
#4954=VECTOR('',#10135,1000.);
#4955=VECTOR('',#10136,1000.);
#4956=VECTOR('',#10139,1000.);
#4957=VECTOR('',#10142,1000.);
#4958=VECTOR('',#10143,1000.);
#4959=VECTOR('',#10144,1000.);
#4960=VECTOR('',#10147,1000.);
#4961=VECTOR('',#10148,1000.);
#4962=VECTOR('',#10151,1000.);
#4963=VECTOR('',#10152,1000.);
#4964=VECTOR('',#10153,1000.);
#4965=VECTOR('',#10158,1000.);
#4966=VECTOR('',#10163,1000.);
#4967=VECTOR('',#10166,1000.);
#4968=VECTOR('',#10167,1000.);
#4969=VECTOR('',#10168,1000.);
#4970=VECTOR('',#10171,1000.);
#4971=VECTOR('',#10172,1000.);
#4972=VECTOR('',#10175,1000.);
#4973=VECTOR('',#10178,1000.);
#4974=VECTOR('',#10179,1000.);
#4975=VECTOR('',#10180,1000.);
#4976=VECTOR('',#10183,1000.);
#4977=VECTOR('',#10184,1000.);
#4978=VECTOR('',#10187,1000.);
#4979=VECTOR('',#10188,1000.);
#4980=VECTOR('',#10189,1000.);
#4981=VECTOR('',#10194,1000.);
#4982=VECTOR('',#10199,1000.);
#4983=VECTOR('',#10202,1000.);
#4984=VECTOR('',#10203,1000.);
#4985=VECTOR('',#10204,1000.);
#4986=VECTOR('',#10207,1000.);
#4987=VECTOR('',#10208,1000.);
#4988=VECTOR('',#10211,1000.);
#4989=VECTOR('',#10214,1000.);
#4990=VECTOR('',#10215,1000.);
#4991=VECTOR('',#10216,1000.);
#4992=VECTOR('',#10219,1000.);
#4993=VECTOR('',#10220,1000.);
#4994=VECTOR('',#10223,1000.);
#4995=VECTOR('',#10224,1000.);
#4996=VECTOR('',#10225,1000.);
#4997=VECTOR('',#10230,1000.);
#4998=VECTOR('',#10235,1000.);
#4999=VECTOR('',#10238,1000.);
#5000=VECTOR('',#10239,1000.);
#5001=VECTOR('',#10240,1000.);
#5002=VECTOR('',#10243,1000.);
#5003=VECTOR('',#10244,1000.);
#5004=VECTOR('',#10247,1000.);
#5005=VECTOR('',#10250,1000.);
#5006=VECTOR('',#10251,1000.);
#5007=VECTOR('',#10252,1000.);
#5008=VECTOR('',#10255,1000.);
#5009=VECTOR('',#10256,1000.);
#5010=VECTOR('',#10259,1000.);
#5011=VECTOR('',#10260,1000.);
#5012=VECTOR('',#10261,1000.);
#5013=VECTOR('',#10266,1000.);
#5014=VECTOR('',#10271,1000.);
#5015=VECTOR('',#10274,1000.);
#5016=VECTOR('',#10275,1000.);
#5017=VECTOR('',#10276,1000.);
#5018=VECTOR('',#10279,1000.);
#5019=VECTOR('',#10280,1000.);
#5020=VECTOR('',#10283,1000.);
#5021=VECTOR('',#10286,1000.);
#5022=VECTOR('',#10287,1000.);
#5023=VECTOR('',#10288,1000.);
#5024=VECTOR('',#10291,1000.);
#5025=VECTOR('',#10292,1000.);
#5026=VECTOR('',#10295,1000.);
#5027=VECTOR('',#10296,1000.);
#5028=VECTOR('',#10297,1000.);
#5029=VECTOR('',#10302,1000.);
#5030=VECTOR('',#10305,1000.);
#5031=VECTOR('',#10308,1000.);
#5032=VECTOR('',#10311,1000.);
#5033=VECTOR('',#10312,1000.);
#5034=VECTOR('',#10313,1000.);
#5035=VECTOR('',#10314,1000.);
#5036=VECTOR('',#10317,1000.);
#5037=VECTOR('',#10318,1000.);
#5038=VECTOR('',#10319,1000.);
#5039=VECTOR('',#10322,1000.);
#5040=VECTOR('',#10323,1000.);
#5041=VECTOR('',#10324,1000.);
#5042=VECTOR('',#10325,1000.);
#5043=VECTOR('',#10330,1000.);
#5044=VECTOR('',#10333,1000.);
#5045=VECTOR('',#10338,1000.);
#5046=VECTOR('',#10341,1000.);
#5047=VECTOR('',#10342,1000.);
#5048=VECTOR('',#10343,1000.);
#5049=VECTOR('',#10346,1000.);
#5050=VECTOR('',#10347,1000.);
#5051=VECTOR('',#10348,1000.);
#5052=VECTOR('',#10349,1000.);
#5053=VECTOR('',#10352,1000.);
#5054=VECTOR('',#10355,1000.);
#5055=VECTOR('',#10358,1000.);
#5056=VECTOR('',#10359,1000.);
#5057=VECTOR('',#10360,1000.);
#5058=VECTOR('',#10363,1000.);
#5059=VECTOR('',#10364,1000.);
#5060=VECTOR('',#10367,1000.);
#5061=VECTOR('',#10368,1000.);
#5062=VECTOR('',#10369,1000.);
#5063=VECTOR('',#10374,1000.);
#5064=VECTOR('',#10377,1000.);
#5065=VECTOR('',#10382,1000.);
#5066=VECTOR('',#10383,1000.);
#5067=VECTOR('',#10384,1000.);
#5068=VECTOR('',#10385,1000.);
#5069=VECTOR('',#10388,1000.);
#5070=VECTOR('',#10391,1000.);
#5071=VECTOR('',#10394,1000.);
#5072=VECTOR('',#10395,1000.);
#5073=VECTOR('',#10396,1000.);
#5074=VECTOR('',#10399,1000.);
#5075=VECTOR('',#10400,1000.);
#5076=VECTOR('',#10403,1000.);
#5077=VECTOR('',#10404,1000.);
#5078=VECTOR('',#10405,1000.);
#5079=VECTOR('',#10410,1000.);
#5080=VECTOR('',#10413,1000.);
#5081=VECTOR('',#10418,1000.);
#5082=VECTOR('',#10419,1000.);
#5083=VECTOR('',#10420,1000.);
#5084=VECTOR('',#10421,1000.);
#5085=VECTOR('',#10424,1000.);
#5086=VECTOR('',#10427,1000.);
#5087=VECTOR('',#10430,1000.);
#5088=VECTOR('',#10431,1000.);
#5089=VECTOR('',#10432,1000.);
#5090=VECTOR('',#10435,1000.);
#5091=VECTOR('',#10436,1000.);
#5092=VECTOR('',#10439,1000.);
#5093=VECTOR('',#10440,1000.);
#5094=VECTOR('',#10441,1000.);
#5095=VECTOR('',#10446,1000.);
#5096=VECTOR('',#10449,1000.);
#5097=VECTOR('',#10454,1000.);
#5098=VECTOR('',#10455,1000.);
#5099=VECTOR('',#10456,1000.);
#5100=VECTOR('',#10457,1000.);
#5101=VECTOR('',#10460,1000.);
#5102=VECTOR('',#10463,1000.);
#5103=VECTOR('',#10466,1000.);
#5104=VECTOR('',#10467,1000.);
#5105=VECTOR('',#10468,1000.);
#5106=VECTOR('',#10471,1000.);
#5107=VECTOR('',#10472,1000.);
#5108=VECTOR('',#10475,1000.);
#5109=VECTOR('',#10476,1000.);
#5110=VECTOR('',#10477,1000.);
#5111=VECTOR('',#10482,1000.);
#5112=VECTOR('',#10485,1000.);
#5113=VECTOR('',#10490,1000.);
#5114=VECTOR('',#10491,1000.);
#5115=VECTOR('',#10492,1000.);
#5116=VECTOR('',#10493,1000.);
#5117=VECTOR('',#10496,1000.);
#5118=VECTOR('',#10499,1000.);
#5119=VECTOR('',#10502,1000.);
#5120=VECTOR('',#10503,1000.);
#5121=VECTOR('',#10504,1000.);
#5122=VECTOR('',#10507,1000.);
#5123=VECTOR('',#10508,1000.);
#5124=VECTOR('',#10511,1000.);
#5125=VECTOR('',#10512,1000.);
#5126=VECTOR('',#10513,1000.);
#5127=VECTOR('',#10518,1000.);
#5128=VECTOR('',#10521,1000.);
#5129=VECTOR('',#10526,1000.);
#5130=VECTOR('',#10527,1000.);
#5131=VECTOR('',#10528,1000.);
#5132=VECTOR('',#10529,1000.);
#5133=VECTOR('',#10532,1000.);
#5134=VECTOR('',#10535,1000.);
#5135=VECTOR('',#10538,1000.);
#5136=VECTOR('',#10539,1000.);
#5137=VECTOR('',#10540,1000.);
#5138=VECTOR('',#10543,1000.);
#5139=VECTOR('',#10544,1000.);
#5140=VECTOR('',#10547,1000.);
#5141=VECTOR('',#10548,1000.);
#5142=VECTOR('',#10549,1000.);
#5143=VECTOR('',#10554,1000.);
#5144=VECTOR('',#10557,1000.);
#5145=VECTOR('',#10562,1000.);
#5146=VECTOR('',#10563,1000.);
#5147=VECTOR('',#10564,1000.);
#5148=VECTOR('',#10565,1000.);
#5149=VECTOR('',#10568,1000.);
#5150=VECTOR('',#10571,1000.);
#5151=VECTOR('',#10574,1000.);
#5152=VECTOR('',#10575,1000.);
#5153=VECTOR('',#10576,1000.);
#5154=VECTOR('',#10579,1000.);
#5155=VECTOR('',#10580,1000.);
#5156=VECTOR('',#10583,1000.);
#5157=VECTOR('',#10584,1000.);
#5158=VECTOR('',#10585,1000.);
#5159=VECTOR('',#10590,1000.);
#5160=VECTOR('',#10593,1000.);
#5161=VECTOR('',#10598,1000.);
#5162=VECTOR('',#10599,1000.);
#5163=VECTOR('',#10600,1000.);
#5164=VECTOR('',#10601,1000.);
#5165=VECTOR('',#10604,1000.);
#5166=VECTOR('',#10607,1000.);
#5167=VECTOR('',#10610,1000.);
#5168=VECTOR('',#10611,1000.);
#5169=VECTOR('',#10612,1000.);
#5170=VECTOR('',#10615,1000.);
#5171=VECTOR('',#10616,1000.);
#5172=VECTOR('',#10619,1000.);
#5173=VECTOR('',#10620,1000.);
#5174=VECTOR('',#10621,1000.);
#5175=VECTOR('',#10626,1000.);
#5176=VECTOR('',#10629,1000.);
#5177=VECTOR('',#10634,1000.);
#5178=VECTOR('',#10635,1000.);
#5179=VECTOR('',#10636,1000.);
#5180=VECTOR('',#10637,1000.);
#5181=VECTOR('',#10640,1000.);
#5182=VECTOR('',#10643,1000.);
#5183=VECTOR('',#10646,1000.);
#5184=VECTOR('',#10647,1000.);
#5185=VECTOR('',#10648,1000.);
#5186=VECTOR('',#10651,1000.);
#5187=VECTOR('',#10652,1000.);
#5188=VECTOR('',#10655,1000.);
#5189=VECTOR('',#10656,1000.);
#5190=VECTOR('',#10657,1000.);
#5191=VECTOR('',#10662,1000.);
#5192=VECTOR('',#10665,1000.);
#5193=VECTOR('',#10670,1000.);
#5194=VECTOR('',#10673,1000.);
#5195=VECTOR('',#10676,1000.);
#5196=VECTOR('',#10677,1000.);
#5197=VECTOR('',#10678,1000.);
#5198=VECTOR('',#10679,1000.);
#5199=VECTOR('',#10682,1000.);
#5200=VECTOR('',#10683,1000.);
#5201=VECTOR('',#10684,1000.);
#5202=VECTOR('',#10687,1000.);
#5203=VECTOR('',#10688,1000.);
#5204=VECTOR('',#10689,1000.);
#5205=VECTOR('',#10690,1000.);
#5206=VECTOR('',#10695,1000.);
#5207=VECTOR('',#10698,1000.);
#5208=VECTOR('',#10703,1000.);
#5209=VECTOR('',#10706,1000.);
#5210=VECTOR('',#10707,1000.);
#5211=VECTOR('',#10710,1000.);
#5212=VECTOR('',#10713,1000.);
#5213=VECTOR('',#10716,1000.);
#5214=VECTOR('',#10717,1000.);
#5215=VECTOR('',#10718,1000.);
#5216=VECTOR('',#10719,1000.);
#5217=VECTOR('',#10722,1000.);
#5218=VECTOR('',#10723,1000.);
#5219=VECTOR('',#10724,1000.);
#5220=VECTOR('',#10727,1000.);
#5221=VECTOR('',#10728,1000.);
#5222=VECTOR('',#10729,1000.);
#5223=VECTOR('',#10730,1000.);
#5224=VECTOR('',#10733,1000.);
#5225=VECTOR('',#10738,1000.);
#5226=VECTOR('',#10743,1000.);
#5227=VECTOR('',#10746,1000.);
#5228=VECTOR('',#10749,1000.);
#5229=VECTOR('',#10752,1000.);
#5230=VECTOR('',#10753,1000.);
#5231=VECTOR('',#10754,1000.);
#5232=VECTOR('',#10755,1000.);
#5233=VECTOR('',#10758,1000.);
#5234=VECTOR('',#10759,1000.);
#5235=VECTOR('',#10760,1000.);
#5236=VECTOR('',#10763,1000.);
#5237=VECTOR('',#10764,1000.);
#5238=VECTOR('',#10765,1000.);
#5239=VECTOR('',#10766,1000.);
#5240=VECTOR('',#10769,1000.);
#5241=VECTOR('',#10774,1000.);
#5242=VECTOR('',#10779,1000.);
#5243=VECTOR('',#10782,1000.);
#5244=VECTOR('',#10785,1000.);
#5245=VECTOR('',#10788,1000.);
#5246=VECTOR('',#10789,1000.);
#5247=VECTOR('',#10790,1000.);
#5248=VECTOR('',#10791,1000.);
#5249=VECTOR('',#10794,1000.);
#5250=VECTOR('',#10795,1000.);
#5251=VECTOR('',#10796,1000.);
#5252=VECTOR('',#10799,1000.);
#5253=VECTOR('',#10800,1000.);
#5254=VECTOR('',#10801,1000.);
#5255=VECTOR('',#10802,1000.);
#5256=VECTOR('',#10805,1000.);
#5257=VECTOR('',#10810,1000.);
#5258=VECTOR('',#10815,1000.);
#5259=VECTOR('',#10818,1000.);
#5260=VECTOR('',#10821,1000.);
#5261=VECTOR('',#10824,1000.);
#5262=VECTOR('',#10825,1000.);
#5263=VECTOR('',#10826,1000.);
#5264=VECTOR('',#10827,1000.);
#5265=VECTOR('',#10830,1000.);
#5266=VECTOR('',#10831,1000.);
#5267=VECTOR('',#10832,1000.);
#5268=VECTOR('',#10835,1000.);
#5269=VECTOR('',#10836,1000.);
#5270=VECTOR('',#10837,1000.);
#5271=VECTOR('',#10838,1000.);
#5272=VECTOR('',#10841,1000.);
#5273=VECTOR('',#10846,1000.);
#5274=VECTOR('',#10851,1000.);
#5275=VECTOR('',#10854,1000.);
#5276=VECTOR('',#10857,1000.);
#5277=VECTOR('',#10860,1000.);
#5278=VECTOR('',#10861,1000.);
#5279=VECTOR('',#10862,1000.);
#5280=VECTOR('',#10863,1000.);
#5281=VECTOR('',#10866,1000.);
#5282=VECTOR('',#10867,1000.);
#5283=VECTOR('',#10868,1000.);
#5284=VECTOR('',#10871,1000.);
#5285=VECTOR('',#10872,1000.);
#5286=VECTOR('',#10873,1000.);
#5287=VECTOR('',#10874,1000.);
#5288=VECTOR('',#10877,1000.);
#5289=VECTOR('',#10882,1000.);
#5290=VECTOR('',#10887,1000.);
#5291=VECTOR('',#10890,1000.);
#5292=VECTOR('',#10893,1000.);
#5293=VECTOR('',#10896,1000.);
#5294=VECTOR('',#10897,1000.);
#5295=VECTOR('',#10898,1000.);
#5296=VECTOR('',#10899,1000.);
#5297=VECTOR('',#10902,1000.);
#5298=VECTOR('',#10903,1000.);
#5299=VECTOR('',#10904,1000.);
#5300=VECTOR('',#10907,1000.);
#5301=VECTOR('',#10908,1000.);
#5302=VECTOR('',#10909,1000.);
#5303=VECTOR('',#10910,1000.);
#5304=VECTOR('',#10913,1000.);
#5305=VECTOR('',#10918,1000.);
#5306=VECTOR('',#10923,1000.);
#5307=VECTOR('',#10926,1000.);
#5308=VECTOR('',#10929,1000.);
#5309=VECTOR('',#10932,1000.);
#5310=VECTOR('',#10933,1000.);
#5311=VECTOR('',#10934,1000.);
#5312=VECTOR('',#10935,1000.);
#5313=VECTOR('',#10938,1000.);
#5314=VECTOR('',#10939,1000.);
#5315=VECTOR('',#10940,1000.);
#5316=VECTOR('',#10943,1000.);
#5317=VECTOR('',#10944,1000.);
#5318=VECTOR('',#10945,1000.);
#5319=VECTOR('',#10946,1000.);
#5320=VECTOR('',#10949,1000.);
#5321=VECTOR('',#10954,1000.);
#5322=VECTOR('',#10959,1000.);
#5323=VECTOR('',#10962,1000.);
#5324=VECTOR('',#10965,1000.);
#5325=VECTOR('',#10968,1000.);
#5326=VECTOR('',#10969,1000.);
#5327=VECTOR('',#10970,1000.);
#5328=VECTOR('',#10971,1000.);
#5329=VECTOR('',#10974,1000.);
#5330=VECTOR('',#10975,1000.);
#5331=VECTOR('',#10976,1000.);
#5332=VECTOR('',#10979,1000.);
#5333=VECTOR('',#10980,1000.);
#5334=VECTOR('',#10981,1000.);
#5335=VECTOR('',#10982,1000.);
#5336=VECTOR('',#10985,1000.);
#5337=VECTOR('',#10990,1000.);
#5338=VECTOR('',#10995,1000.);
#5339=VECTOR('',#10998,1000.);
#5340=VECTOR('',#11001,1000.);
#5341=VECTOR('',#11004,1000.);
#5342=VECTOR('',#11005,1000.);
#5343=VECTOR('',#11006,1000.);
#5344=VECTOR('',#11007,1000.);
#5345=VECTOR('',#11010,1000.);
#5346=VECTOR('',#11011,1000.);
#5347=VECTOR('',#11012,1000.);
#5348=VECTOR('',#11015,1000.);
#5349=VECTOR('',#11016,1000.);
#5350=VECTOR('',#11017,1000.);
#5351=VECTOR('',#11018,1000.);
#5352=VECTOR('',#11021,1000.);
#5353=VECTOR('',#11026,1000.);
#5354=VECTOR('',#11031,1000.);
#5355=VECTOR('',#11034,1000.);
#5356=VECTOR('',#11037,1000.);
#5357=VECTOR('',#11040,1000.);
#5358=VECTOR('',#11041,1000.);
#5359=VECTOR('',#11042,1000.);
#5360=VECTOR('',#11043,1000.);
#5361=VECTOR('',#11046,1000.);
#5362=VECTOR('',#11047,1000.);
#5363=VECTOR('',#11048,1000.);
#5364=VECTOR('',#11051,1000.);
#5365=VECTOR('',#11052,1000.);
#5366=VECTOR('',#11053,1000.);
#5367=VECTOR('',#11054,1000.);
#5368=VECTOR('',#11057,1000.);
#5369=VECTOR('',#11062,1000.);
#5370=VECTOR('',#11067,1000.);
#5371=VECTOR('',#11070,1000.);
#5372=VECTOR('',#11073,1000.);
#5373=VECTOR('',#11076,1000.);
#5374=VECTOR('',#11077,1000.);
#5375=VECTOR('',#11078,1000.);
#5376=VECTOR('',#11079,1000.);
#5377=VECTOR('',#11082,1000.);
#5378=VECTOR('',#11083,1000.);
#5379=VECTOR('',#11084,1000.);
#5380=VECTOR('',#11087,1000.);
#5381=VECTOR('',#11088,1000.);
#5382=VECTOR('',#11089,1000.);
#5383=VECTOR('',#11090,1000.);
#5384=VECTOR('',#11093,1000.);
#5385=VECTOR('',#11098,1000.);
#5386=VECTOR('',#11103,1000.);
#5387=VECTOR('',#11106,1000.);
#5388=VECTOR('',#11109,1000.);
#5389=VECTOR('',#11112,1000.);
#5390=VECTOR('',#11113,1000.);
#5391=VECTOR('',#11114,1000.);
#5392=VECTOR('',#11115,1000.);
#5393=VECTOR('',#11118,1000.);
#5394=VECTOR('',#11119,1000.);
#5395=VECTOR('',#11120,1000.);
#5396=VECTOR('',#11123,1000.);
#5397=VECTOR('',#11124,1000.);
#5398=VECTOR('',#11125,1000.);
#5399=VECTOR('',#11126,1000.);
#5400=VECTOR('',#11129,1000.);
#5401=VECTOR('',#11134,1000.);
#5402=VECTOR('',#11139,1000.);
#5403=VECTOR('',#11142,1000.);
#5404=VECTOR('',#11145,1000.);
#5405=VECTOR('',#11148,1000.);
#5406=VECTOR('',#11149,1000.);
#5407=VECTOR('',#11150,1000.);
#5408=VECTOR('',#11151,1000.);
#5409=VECTOR('',#11154,1000.);
#5410=VECTOR('',#11155,1000.);
#5411=VECTOR('',#11156,1000.);
#5412=VECTOR('',#11159,1000.);
#5413=VECTOR('',#11160,1000.);
#5414=VECTOR('',#11161,1000.);
#5415=VECTOR('',#11162,1000.);
#5416=VECTOR('',#11165,1000.);
#5417=VECTOR('',#11170,1000.);
#5418=VECTOR('',#11175,1000.);
#5419=VECTOR('',#11178,1000.);
#5420=VECTOR('',#11181,1000.);
#5421=VECTOR('',#11184,1000.);
#5422=VECTOR('',#11185,1000.);
#5423=VECTOR('',#11186,1000.);
#5424=VECTOR('',#11187,1000.);
#5425=VECTOR('',#11190,1000.);
#5426=VECTOR('',#11191,1000.);
#5427=VECTOR('',#11192,1000.);
#5428=VECTOR('',#11195,1000.);
#5429=VECTOR('',#11196,1000.);
#5430=VECTOR('',#11197,1000.);
#5431=VECTOR('',#11198,1000.);
#5432=VECTOR('',#11201,1000.);
#5433=VECTOR('',#11206,1000.);
#5434=VECTOR('',#11211,1000.);
#5435=VECTOR('',#11214,1000.);
#5436=VECTOR('',#11217,1000.);
#5437=VECTOR('',#11220,1000.);
#5438=VECTOR('',#11221,1000.);
#5439=VECTOR('',#11222,1000.);
#5440=VECTOR('',#11223,1000.);
#5441=VECTOR('',#11226,1000.);
#5442=VECTOR('',#11227,1000.);
#5443=VECTOR('',#11228,1000.);
#5444=VECTOR('',#11231,1000.);
#5445=VECTOR('',#11232,1000.);
#5446=VECTOR('',#11233,1000.);
#5447=VECTOR('',#11234,1000.);
#5448=VECTOR('',#11237,1000.);
#5449=VECTOR('',#11242,1000.);
#5450=VECTOR('',#11247,1000.);
#5451=VECTOR('',#11250,1000.);
#5452=VECTOR('',#11253,1000.);
#5453=VECTOR('',#11256,1000.);
#5454=VECTOR('',#11257,1000.);
#5455=VECTOR('',#11258,1000.);
#5456=VECTOR('',#11259,1000.);
#5457=VECTOR('',#11262,1000.);
#5458=VECTOR('',#11263,1000.);
#5459=VECTOR('',#11264,1000.);
#5460=VECTOR('',#11267,1000.);
#5461=VECTOR('',#11268,1000.);
#5462=VECTOR('',#11269,1000.);
#5463=VECTOR('',#11270,1000.);
#5464=VECTOR('',#11273,1000.);
#5465=VECTOR('',#11278,1000.);
#5466=VECTOR('',#11283,1000.);
#5467=VECTOR('',#11286,1000.);
#5468=VECTOR('',#11289,1000.);
#5469=VECTOR('',#11292,1000.);
#5470=VECTOR('',#11293,1000.);
#5471=VECTOR('',#11294,1000.);
#5472=VECTOR('',#11295,1000.);
#5473=VECTOR('',#11298,1000.);
#5474=VECTOR('',#11299,1000.);
#5475=VECTOR('',#11300,1000.);
#5476=VECTOR('',#11303,1000.);
#5477=VECTOR('',#11304,1000.);
#5478=VECTOR('',#11305,1000.);
#5479=VECTOR('',#11306,1000.);
#5480=VECTOR('',#11309,1000.);
#5481=VECTOR('',#11314,1000.);
#5482=VECTOR('',#11319,1000.);
#5483=VECTOR('',#11322,1000.);
#5484=VECTOR('',#11325,1000.);
#5485=VECTOR('',#11328,1000.);
#5486=VECTOR('',#11329,1000.);
#5487=VECTOR('',#11330,1000.);
#5488=VECTOR('',#11331,1000.);
#5489=VECTOR('',#11334,1000.);
#5490=VECTOR('',#11335,1000.);
#5491=VECTOR('',#11336,1000.);
#5492=VECTOR('',#11339,1000.);
#5493=VECTOR('',#11340,1000.);
#5494=VECTOR('',#11341,1000.);
#5495=VECTOR('',#11342,1000.);
#5496=VECTOR('',#11345,1000.);
#5497=VECTOR('',#11350,1000.);
#5498=VECTOR('',#11355,1000.);
#5499=VECTOR('',#11358,1000.);
#5500=VECTOR('',#11359,1000.);
#5501=VECTOR('',#11360,1000.);
#5502=VECTOR('',#11361,1000.);
#5503=VECTOR('',#11364,1000.);
#5504=VECTOR('',#11367,1000.);
#5505=VECTOR('',#11370,1000.);
#5506=VECTOR('',#11371,1000.);
#5507=VECTOR('',#11372,1000.);
#5508=VECTOR('',#11375,1000.);
#5509=VECTOR('',#11376,1000.);
#5510=VECTOR('',#11379,1000.);
#5511=VECTOR('',#11380,1000.);
#5512=VECTOR('',#11381,1000.);
#5513=VECTOR('',#11384,1000.);
#5514=VECTOR('',#11389,1000.);
#5515=VECTOR('',#11394,1000.);
#5516=VECTOR('',#11395,1000.);
#5517=VECTOR('',#11396,1000.);
#5518=VECTOR('',#11397,1000.);
#5519=VECTOR('',#11398,1000.);
#5520=VECTOR('',#11401,1000.);
#5521=VECTOR('',#11408,1000.);
#5522=VECTOR('',#11411,1000.);
#5523=VECTOR('',#11414,1000.);
#5524=VECTOR('',#11415,1000.);
#5525=VECTOR('',#11416,1000.);
#5526=VECTOR('',#11419,1000.);
#5527=VECTOR('',#11420,1000.);
#5528=VECTOR('',#11421,1000.);
#5529=VECTOR('',#11424,1000.);
#5530=VECTOR('',#11425,1000.);
#5531=VECTOR('',#11426,1000.);
#5532=VECTOR('',#11429,1000.);
#5533=VECTOR('',#11434,1000.);
#5534=VECTOR('',#11441,1000.);
#5535=VECTOR('',#11442,1000.);
#5536=VECTOR('',#11443,1000.);
#5537=VECTOR('',#11446,1000.);
#5538=VECTOR('',#11447,1000.);
#5539=VECTOR('',#11448,1000.);
#5540=VECTOR('',#11451,1000.);
#5541=VECTOR('',#11452,1000.);
#5542=VECTOR('',#11455,1000.);
#5543=VECTOR('',#11458,1000.);
#5544=EDGE_LOOP('',(#263,#264,#265,#266,#267,#268,#269,#270,#271,#272,#273,
#274,#275,#276,#277,#278,#279,#280,#281,#282,#283,#284,#285,#286,#287,#288,
#289,#290,#291,#292,#293,#294,#295,#296,#297,#298,#299,#300,#301,#302,#303,
#304,#305,#306,#307,#308,#309,#310,#311,#312,#313,#314,#315,#316,#317,#318,
#319,#320,#321,#322,#323,#324,#325,#326,#327,#328,#329,#330,#331,#332,#333,
#334,#335,#336,#337,#338,#339,#340,#341,#342,#343,#344,#345,#346,#347,#348,
#349,#350,#351,#352,#353,#354,#355,#356,#357,#358,#359,#360,#361,#362,#363,
#364,#365,#366,#367,#368,#369,#370,#371,#372,#373,#374,#375,#376,#377,#378,
#379,#380,#381,#382,#383,#384,#385,#386,#387,#388,#389,#390,#391,#392,#393,
#394,#395,#396,#397,#398,#399,#400,#401,#402,#403,#404,#405,#406,#407,#408,
#409,#410,#411,#412,#413,#414,#415,#416,#417,#418,#419,#420,#421,#422,#423,
#424,#425,#426,#427,#428,#429,#430,#431,#432,#433,#434,#435,#436,#437,#438,
#439,#440,#441,#442,#443,#444,#445,#446,#447,#448,#449,#450,#451,#452,#453,
#454,#455,#456,#457,#458,#459,#460,#461,#462,#463,#464,#465,#466,#467,#468,
#469,#470,#471,#472,#473,#474,#475,#476,#477,#478,#479,#480,#481,#482,#483,
#484,#485,#486,#487,#488,#489,#490,#491,#492,#493,#494,#495,#496,#497,#498,
#499,#500,#501,#502,#503,#504,#505,#506));
#5545=EDGE_LOOP('',(#507,#508,#509,#510,#511));
#5546=EDGE_LOOP('',(#512,#513,#514,#515,#516,#517));
#5547=EDGE_LOOP('',(#518,#519,#520,#521));
#5548=EDGE_LOOP('',(#522,#523,#524,#525));
#5549=EDGE_LOOP('',(#526,#527,#528,#529,#530,#531));
#5550=EDGE_LOOP('',(#532,#533,#534,#535));
#5551=EDGE_LOOP('',(#536,#537,#538,#539,#540,#541));
#5552=EDGE_LOOP('',(#542,#543,#544,#545));
#5553=EDGE_LOOP('',(#546,#547,#548,#549));
#5554=EDGE_LOOP('',(#550,#551,#552,#553,#554,#555));
#5555=EDGE_LOOP('',(#556,#557,#558,#559));
#5556=EDGE_LOOP('',(#560,#561,#562,#563));
#5557=EDGE_LOOP('',(#564,#565,#566,#567,#568,#569));
#5558=EDGE_LOOP('',(#570,#571,#572,#573));
#5559=EDGE_LOOP('',(#574,#575,#576,#577,#578,#579));
#5560=EDGE_LOOP('',(#580,#581,#582,#583));
#5561=EDGE_LOOP('',(#584,#585,#586,#587));
#5562=EDGE_LOOP('',(#588,#589,#590,#591,#592,#593));
#5563=EDGE_LOOP('',(#594,#595,#596,#597));
#5564=EDGE_LOOP('',(#598,#599,#600,#601));
#5565=EDGE_LOOP('',(#602,#603,#604,#605,#606,#607));
#5566=EDGE_LOOP('',(#608,#609,#610,#611));
#5567=EDGE_LOOP('',(#612,#613,#614,#615,#616,#617));
#5568=EDGE_LOOP('',(#618,#619,#620,#621));
#5569=EDGE_LOOP('',(#622,#623,#624,#625));
#5570=EDGE_LOOP('',(#626,#627,#628,#629,#630,#631));
#5571=EDGE_LOOP('',(#632,#633,#634,#635));
#5572=EDGE_LOOP('',(#636,#637,#638,#639));
#5573=EDGE_LOOP('',(#640,#641,#642,#643,#644,#645));
#5574=EDGE_LOOP('',(#646,#647,#648,#649));
#5575=EDGE_LOOP('',(#650,#651,#652,#653,#654,#655));
#5576=EDGE_LOOP('',(#656,#657,#658,#659));
#5577=EDGE_LOOP('',(#660,#661,#662,#663));
#5578=EDGE_LOOP('',(#664,#665,#666,#667,#668,#669));
#5579=EDGE_LOOP('',(#670,#671,#672,#673));
#5580=EDGE_LOOP('',(#674,#675,#676,#677));
#5581=EDGE_LOOP('',(#678,#679,#680,#681,#682,#683));
#5582=EDGE_LOOP('',(#684,#685,#686,#687));
#5583=EDGE_LOOP('',(#688,#689,#690,#691,#692,#693));
#5584=EDGE_LOOP('',(#694,#695,#696,#697));
#5585=EDGE_LOOP('',(#698,#699,#700,#701));
#5586=EDGE_LOOP('',(#702,#703,#704,#705,#706,#707));
#5587=EDGE_LOOP('',(#708,#709,#710,#711));
#5588=EDGE_LOOP('',(#712,#713,#714,#715));
#5589=EDGE_LOOP('',(#716,#717,#718,#719,#720,#721));
#5590=EDGE_LOOP('',(#722,#723,#724,#725));
#5591=EDGE_LOOP('',(#726,#727,#728,#729,#730,#731));
#5592=EDGE_LOOP('',(#732,#733,#734,#735));
#5593=EDGE_LOOP('',(#736,#737,#738,#739));
#5594=EDGE_LOOP('',(#740,#741,#742,#743,#744,#745));
#5595=EDGE_LOOP('',(#746,#747,#748,#749));
#5596=EDGE_LOOP('',(#750,#751,#752,#753));
#5597=EDGE_LOOP('',(#754,#755,#756,#757,#758,#759));
#5598=EDGE_LOOP('',(#760,#761,#762,#763));
#5599=EDGE_LOOP('',(#764,#765,#766,#767,#768,#769));
#5600=EDGE_LOOP('',(#770,#771,#772,#773));
#5601=EDGE_LOOP('',(#774,#775,#776,#777));
#5602=EDGE_LOOP('',(#778,#779,#780,#781,#782,#783));
#5603=EDGE_LOOP('',(#784,#785,#786,#787));
#5604=EDGE_LOOP('',(#788,#789,#790,#791));
#5605=EDGE_LOOP('',(#792,#793,#794,#795,#796,#797));
#5606=EDGE_LOOP('',(#798,#799,#800,#801));
#5607=EDGE_LOOP('',(#802,#803,#804,#805,#806,#807));
#5608=EDGE_LOOP('',(#808,#809,#810,#811));
#5609=EDGE_LOOP('',(#812,#813,#814,#815));
#5610=EDGE_LOOP('',(#816,#817,#818,#819,#820,#821));
#5611=EDGE_LOOP('',(#822,#823,#824,#825));
#5612=EDGE_LOOP('',(#826,#827,#828,#829));
#5613=EDGE_LOOP('',(#830,#831,#832,#833,#834,#835));
#5614=EDGE_LOOP('',(#836,#837,#838,#839));
#5615=EDGE_LOOP('',(#840,#841,#842,#843,#844,#845));
#5616=EDGE_LOOP('',(#846,#847,#848,#849));
#5617=EDGE_LOOP('',(#850,#851,#852,#853));
#5618=EDGE_LOOP('',(#854,#855,#856,#857));
#5619=EDGE_LOOP('',(#858,#859,#860,#861,#862,#863));
#5620=EDGE_LOOP('',(#864,#865,#866,#867));
#5621=EDGE_LOOP('',(#868,#869,#870,#871,#872,#873));
#5622=EDGE_LOOP('',(#874,#875,#876,#877));
#5623=EDGE_LOOP('',(#878,#879,#880,#881));
#5624=EDGE_LOOP('',(#882,#883,#884,#885,#886,#887));
#5625=EDGE_LOOP('',(#888,#889,#890,#891));
#5626=EDGE_LOOP('',(#892,#893,#894,#895,#896,#897,#898,#899,#900,#901,#902,
#903,#904,#905,#906,#907,#908,#909,#910,#911,#912,#913,#914,#915,#916,#917,
#918,#919,#920,#921,#922,#923,#924,#925,#926,#927,#928,#929,#930,#931,#932,
#933,#934,#935));
#5627=EDGE_LOOP('',(#936,#937,#938,#939));
#5628=EDGE_LOOP('',(#940,#941,#942,#943));
#5629=EDGE_LOOP('',(#944,#945,#946,#947,#948,#949));
#5630=EDGE_LOOP('',(#950,#951,#952,#953));
#5631=EDGE_LOOP('',(#954,#955,#956,#957,#958,#959));
#5632=EDGE_LOOP('',(#960,#961,#962,#963));
#5633=EDGE_LOOP('',(#964,#965,#966,#967));
#5634=EDGE_LOOP('',(#968,#969,#970,#971,#972,#973));
#5635=EDGE_LOOP('',(#974,#975,#976,#977));
#5636=EDGE_LOOP('',(#978,#979,#980,#981));
#5637=EDGE_LOOP('',(#982,#983,#984,#985,#986,#987));
#5638=EDGE_LOOP('',(#988,#989,#990,#991));
#5639=EDGE_LOOP('',(#992,#993,#994,#995,#996,#997));
#5640=EDGE_LOOP('',(#998,#999,#1000,#1001));
#5641=EDGE_LOOP('',(#1002,#1003,#1004,#1005));
#5642=EDGE_LOOP('',(#1006,#1007,#1008,#1009,#1010,#1011));
#5643=EDGE_LOOP('',(#1012,#1013,#1014,#1015));
#5644=EDGE_LOOP('',(#1016,#1017,#1018,#1019));
#5645=EDGE_LOOP('',(#1020,#1021,#1022,#1023,#1024,#1025));
#5646=EDGE_LOOP('',(#1026,#1027,#1028,#1029));
#5647=EDGE_LOOP('',(#1030,#1031,#1032,#1033,#1034,#1035));
#5648=EDGE_LOOP('',(#1036,#1037,#1038,#1039));
#5649=EDGE_LOOP('',(#1040,#1041,#1042,#1043));
#5650=EDGE_LOOP('',(#1044,#1045,#1046,#1047,#1048,#1049));
#5651=EDGE_LOOP('',(#1050,#1051,#1052,#1053));
#5652=EDGE_LOOP('',(#1054,#1055,#1056,#1057));
#5653=EDGE_LOOP('',(#1058,#1059,#1060,#1061,#1062,#1063));
#5654=EDGE_LOOP('',(#1064,#1065,#1066,#1067));
#5655=EDGE_LOOP('',(#1068,#1069,#1070,#1071,#1072,#1073));
#5656=EDGE_LOOP('',(#1074,#1075,#1076,#1077));
#5657=EDGE_LOOP('',(#1078,#1079,#1080,#1081));
#5658=EDGE_LOOP('',(#1082,#1083,#1084,#1085,#1086,#1087));
#5659=EDGE_LOOP('',(#1088,#1089,#1090,#1091));
#5660=EDGE_LOOP('',(#1092,#1093,#1094,#1095));
#5661=EDGE_LOOP('',(#1096,#1097,#1098,#1099,#1100,#1101));
#5662=EDGE_LOOP('',(#1102,#1103,#1104,#1105));
#5663=EDGE_LOOP('',(#1106,#1107,#1108,#1109,#1110,#1111));
#5664=EDGE_LOOP('',(#1112,#1113,#1114,#1115));
#5665=EDGE_LOOP('',(#1116,#1117,#1118,#1119));
#5666=EDGE_LOOP('',(#1120,#1121,#1122,#1123,#1124,#1125));
#5667=EDGE_LOOP('',(#1126,#1127,#1128,#1129));
#5668=EDGE_LOOP('',(#1130,#1131,#1132,#1133));
#5669=EDGE_LOOP('',(#1134,#1135,#1136,#1137,#1138,#1139));
#5670=EDGE_LOOP('',(#1140,#1141,#1142,#1143));
#5671=EDGE_LOOP('',(#1144,#1145,#1146,#1147,#1148,#1149));
#5672=EDGE_LOOP('',(#1150,#1151,#1152,#1153));
#5673=EDGE_LOOP('',(#1154,#1155,#1156,#1157));
#5674=EDGE_LOOP('',(#1158,#1159,#1160,#1161,#1162,#1163));
#5675=EDGE_LOOP('',(#1164,#1165,#1166,#1167));
#5676=EDGE_LOOP('',(#1168,#1169,#1170,#1171));
#5677=EDGE_LOOP('',(#1172,#1173,#1174,#1175,#1176,#1177));
#5678=EDGE_LOOP('',(#1178,#1179,#1180,#1181));
#5679=EDGE_LOOP('',(#1182,#1183,#1184,#1185,#1186,#1187));
#5680=EDGE_LOOP('',(#1188,#1189,#1190,#1191));
#5681=EDGE_LOOP('',(#1192,#1193,#1194,#1195));
#5682=EDGE_LOOP('',(#1196,#1197,#1198,#1199,#1200,#1201));
#5683=EDGE_LOOP('',(#1202,#1203,#1204,#1205));
#5684=EDGE_LOOP('',(#1206,#1207,#1208,#1209));
#5685=EDGE_LOOP('',(#1210,#1211,#1212,#1213,#1214,#1215));
#5686=EDGE_LOOP('',(#1216,#1217,#1218,#1219));
#5687=EDGE_LOOP('',(#1220,#1221,#1222,#1223,#1224,#1225));
#5688=EDGE_LOOP('',(#1226,#1227,#1228,#1229));
#5689=EDGE_LOOP('',(#1230,#1231,#1232,#1233));
#5690=EDGE_LOOP('',(#1234,#1235,#1236,#1237,#1238,#1239));
#5691=EDGE_LOOP('',(#1240,#1241,#1242,#1243));
#5692=EDGE_LOOP('',(#1244,#1245,#1246,#1247));
#5693=EDGE_LOOP('',(#1248,#1249,#1250,#1251,#1252,#1253));
#5694=EDGE_LOOP('',(#1254,#1255,#1256,#1257));
#5695=EDGE_LOOP('',(#1258,#1259,#1260,#1261,#1262,#1263));
#5696=EDGE_LOOP('',(#1264,#1265,#1266,#1267));
#5697=EDGE_LOOP('',(#1268,#1269,#1270,#1271));
#5698=EDGE_LOOP('',(#1272,#1273,#1274,#1275,#1276,#1277));
#5699=EDGE_LOOP('',(#1278,#1279,#1280,#1281));
#5700=EDGE_LOOP('',(#1282,#1283,#1284,#1285,#1286,#1287));
#5701=EDGE_LOOP('',(#1288,#1289,#1290,#1291));
#5702=EDGE_LOOP('',(#1292,#1293,#1294,#1295,#1296,#1297));
#5703=EDGE_LOOP('',(#1298,#1299,#1300,#1301));
#5704=EDGE_LOOP('',(#1302,#1303,#1304,#1305));
#5705=EDGE_LOOP('',(#1306,#1307,#1308,#1309,#1310,#1311));
#5706=EDGE_LOOP('',(#1312,#1313,#1314,#1315));
#5707=EDGE_LOOP('',(#1316,#1317,#1318,#1319,#1320,#1321,#1322,#1323,#1324,
#1325,#1326,#1327,#1328,#1329,#1330,#1331,#1332,#1333,#1334,#1335,#1336,
#1337,#1338,#1339,#1340,#1341,#1342,#1343,#1344,#1345,#1346,#1347,#1348,
#1349,#1350,#1351,#1352,#1353,#1354,#1355,#1356,#1357,#1358,#1359));
#5708=EDGE_LOOP('',(#1360,#1361,#1362,#1363));
#5709=EDGE_LOOP('',(#1364,#1365,#1366,#1367,#1368,#1369));
#5710=EDGE_LOOP('',(#1370,#1371,#1372,#1373));
#5711=EDGE_LOOP('',(#1374,#1375,#1376,#1377,#1378,#1379));
#5712=EDGE_LOOP('',(#1380,#1381,#1382,#1383));
#5713=EDGE_LOOP('',(#1384,#1385,#1386,#1387));
#5714=EDGE_LOOP('',(#1388,#1389,#1390,#1391,#1392,#1393));
#5715=EDGE_LOOP('',(#1394,#1395,#1396,#1397));
#5716=EDGE_LOOP('',(#1398,#1399,#1400,#1401));
#5717=EDGE_LOOP('',(#1402,#1403,#1404,#1405,#1406,#1407));
#5718=EDGE_LOOP('',(#1408,#1409,#1410,#1411));
#5719=EDGE_LOOP('',(#1412,#1413,#1414,#1415,#1416,#1417));
#5720=EDGE_LOOP('',(#1418,#1419,#1420,#1421));
#5721=EDGE_LOOP('',(#1422,#1423,#1424,#1425));
#5722=EDGE_LOOP('',(#1426,#1427,#1428,#1429,#1430,#1431));
#5723=EDGE_LOOP('',(#1432,#1433,#1434,#1435));
#5724=EDGE_LOOP('',(#1436,#1437,#1438,#1439));
#5725=EDGE_LOOP('',(#1440,#1441,#1442,#1443,#1444,#1445));
#5726=EDGE_LOOP('',(#1446,#1447,#1448,#1449));
#5727=EDGE_LOOP('',(#1450,#1451,#1452,#1453,#1454,#1455));
#5728=EDGE_LOOP('',(#1456,#1457,#1458,#1459));
#5729=EDGE_LOOP('',(#1460,#1461,#1462,#1463));
#5730=EDGE_LOOP('',(#1464,#1465,#1466,#1467,#1468,#1469));
#5731=EDGE_LOOP('',(#1470,#1471,#1472,#1473));
#5732=EDGE_LOOP('',(#1474,#1475,#1476,#1477));
#5733=EDGE_LOOP('',(#1478,#1479,#1480,#1481,#1482,#1483));
#5734=EDGE_LOOP('',(#1484,#1485,#1486,#1487));
#5735=EDGE_LOOP('',(#1488,#1489,#1490,#1491,#1492,#1493));
#5736=EDGE_LOOP('',(#1494,#1495,#1496,#1497));
#5737=EDGE_LOOP('',(#1498,#1499,#1500,#1501));
#5738=EDGE_LOOP('',(#1502,#1503,#1504,#1505,#1506,#1507));
#5739=EDGE_LOOP('',(#1508,#1509,#1510,#1511));
#5740=EDGE_LOOP('',(#1512,#1513,#1514,#1515));
#5741=EDGE_LOOP('',(#1516,#1517,#1518,#1519,#1520,#1521));
#5742=EDGE_LOOP('',(#1522,#1523,#1524,#1525));
#5743=EDGE_LOOP('',(#1526,#1527,#1528,#1529,#1530,#1531));
#5744=EDGE_LOOP('',(#1532,#1533,#1534,#1535));
#5745=EDGE_LOOP('',(#1536,#1537,#1538,#1539));
#5746=EDGE_LOOP('',(#1540,#1541,#1542,#1543,#1544,#1545));
#5747=EDGE_LOOP('',(#1546,#1547,#1548,#1549));
#5748=EDGE_LOOP('',(#1550,#1551,#1552,#1553));
#5749=EDGE_LOOP('',(#1554,#1555,#1556,#1557,#1558,#1559));
#5750=EDGE_LOOP('',(#1560,#1561,#1562,#1563));
#5751=EDGE_LOOP('',(#1564,#1565,#1566,#1567,#1568,#1569));
#5752=EDGE_LOOP('',(#1570,#1571,#1572,#1573));
#5753=EDGE_LOOP('',(#1574,#1575,#1576,#1577));
#5754=EDGE_LOOP('',(#1578,#1579,#1580,#1581,#1582,#1583));
#5755=EDGE_LOOP('',(#1584,#1585,#1586,#1587));
#5756=EDGE_LOOP('',(#1588,#1589,#1590,#1591));
#5757=EDGE_LOOP('',(#1592,#1593,#1594,#1595,#1596,#1597));
#5758=EDGE_LOOP('',(#1598,#1599,#1600,#1601));
#5759=EDGE_LOOP('',(#1602,#1603,#1604,#1605,#1606,#1607));
#5760=EDGE_LOOP('',(#1608,#1609,#1610,#1611));
#5761=EDGE_LOOP('',(#1612,#1613,#1614,#1615));
#5762=EDGE_LOOP('',(#1616,#1617,#1618,#1619,#1620,#1621));
#5763=EDGE_LOOP('',(#1622,#1623,#1624,#1625));
#5764=EDGE_LOOP('',(#1626,#1627,#1628,#1629));
#5765=EDGE_LOOP('',(#1630,#1631,#1632,#1633,#1634,#1635));
#5766=EDGE_LOOP('',(#1636,#1637,#1638,#1639));
#5767=EDGE_LOOP('',(#1640,#1641,#1642,#1643,#1644,#1645));
#5768=EDGE_LOOP('',(#1646,#1647,#1648,#1649));
#5769=EDGE_LOOP('',(#1650,#1651,#1652,#1653));
#5770=EDGE_LOOP('',(#1654,#1655,#1656,#1657,#1658,#1659));
#5771=EDGE_LOOP('',(#1660,#1661,#1662,#1663));
#5772=EDGE_LOOP('',(#1664,#1665,#1666,#1667));
#5773=EDGE_LOOP('',(#1668,#1669,#1670,#1671,#1672,#1673));
#5774=EDGE_LOOP('',(#1674,#1675,#1676,#1677));
#5775=EDGE_LOOP('',(#1678,#1679,#1680,#1681,#1682,#1683));
#5776=EDGE_LOOP('',(#1684,#1685,#1686,#1687));
#5777=EDGE_LOOP('',(#1688,#1689,#1690,#1691));
#5778=EDGE_LOOP('',(#1692,#1693,#1694,#1695,#1696,#1697));
#5779=EDGE_LOOP('',(#1698,#1699,#1700,#1701));
#5780=EDGE_LOOP('',(#1702,#1703,#1704,#1705));
#5781=EDGE_LOOP('',(#1706,#1707,#1708,#1709,#1710,#1711));
#5782=EDGE_LOOP('',(#1712,#1713,#1714,#1715));
#5783=EDGE_LOOP('',(#1716,#1717,#1718,#1719,#1720,#1721));
#5784=EDGE_LOOP('',(#1722,#1723,#1724,#1725));
#5785=EDGE_LOOP('',(#1726,#1727,#1728,#1729));
#5786=EDGE_LOOP('',(#1730,#1731,#1732,#1733,#1734,#1735));
#5787=EDGE_LOOP('',(#1736,#1737,#1738,#1739));
#5788=EDGE_LOOP('',(#1740,#1741,#1742,#1743));
#5789=EDGE_LOOP('',(#1744,#1745,#1746,#1747,#1748,#1749));
#5790=EDGE_LOOP('',(#1750,#1751,#1752,#1753));
#5791=EDGE_LOOP('',(#1754,#1755,#1756,#1757,#1758,#1759));
#5792=EDGE_LOOP('',(#1760,#1761,#1762,#1763));
#5793=EDGE_LOOP('',(#1764,#1765,#1766,#1767));
#5794=EDGE_LOOP('',(#1768,#1769,#1770,#1771,#1772,#1773));
#5795=EDGE_LOOP('',(#1774,#1775,#1776,#1777));
#5796=EDGE_LOOP('',(#1778,#1779,#1780,#1781));
#5797=EDGE_LOOP('',(#1782,#1783,#1784,#1785,#1786,#1787));
#5798=EDGE_LOOP('',(#1788,#1789,#1790,#1791));
#5799=EDGE_LOOP('',(#1792,#1793,#1794,#1795,#1796,#1797));
#5800=EDGE_LOOP('',(#1798,#1799,#1800,#1801));
#5801=EDGE_LOOP('',(#1802,#1803,#1804,#1805));
#5802=EDGE_LOOP('',(#1806,#1807,#1808,#1809,#1810,#1811));
#5803=EDGE_LOOP('',(#1812,#1813,#1814,#1815));
#5804=EDGE_LOOP('',(#1816,#1817,#1818,#1819));
#5805=EDGE_LOOP('',(#1820,#1821,#1822,#1823,#1824,#1825));
#5806=EDGE_LOOP('',(#1826,#1827,#1828,#1829));
#5807=EDGE_LOOP('',(#1830,#1831,#1832,#1833,#1834,#1835));
#5808=EDGE_LOOP('',(#1836,#1837,#1838,#1839));
#5809=EDGE_LOOP('',(#1840,#1841,#1842,#1843));
#5810=EDGE_LOOP('',(#1844,#1845,#1846,#1847,#1848,#1849));
#5811=EDGE_LOOP('',(#1850,#1851,#1852,#1853));
#5812=EDGE_LOOP('',(#1854,#1855,#1856,#1857));
#5813=EDGE_LOOP('',(#1858,#1859,#1860,#1861,#1862,#1863));
#5814=EDGE_LOOP('',(#1864,#1865,#1866,#1867));
#5815=EDGE_LOOP('',(#1868,#1869,#1870,#1871,#1872,#1873));
#5816=EDGE_LOOP('',(#1874,#1875,#1876,#1877));
#5817=EDGE_LOOP('',(#1878,#1879,#1880,#1881));
#5818=EDGE_LOOP('',(#1882,#1883,#1884,#1885,#1886,#1887));
#5819=EDGE_LOOP('',(#1888,#1889,#1890,#1891));
#5820=EDGE_LOOP('',(#1892,#1893,#1894,#1895));
#5821=EDGE_LOOP('',(#1896,#1897,#1898,#1899,#1900,#1901));
#5822=EDGE_LOOP('',(#1902,#1903,#1904,#1905));
#5823=EDGE_LOOP('',(#1906,#1907,#1908,#1909,#1910,#1911));
#5824=EDGE_LOOP('',(#1912,#1913,#1914,#1915));
#5825=EDGE_LOOP('',(#1916,#1917,#1918,#1919));
#5826=EDGE_LOOP('',(#1920,#1921,#1922,#1923,#1924,#1925));
#5827=EDGE_LOOP('',(#1926,#1927,#1928,#1929));
#5828=EDGE_LOOP('',(#1930,#1931,#1932,#1933));
#5829=EDGE_LOOP('',(#1934,#1935,#1936,#1937,#1938,#1939));
#5830=EDGE_LOOP('',(#1940,#1941,#1942,#1943));
#5831=EDGE_LOOP('',(#1944,#1945,#1946,#1947,#1948,#1949));
#5832=EDGE_LOOP('',(#1950,#1951,#1952,#1953));
#5833=EDGE_LOOP('',(#1954,#1955,#1956,#1957));
#5834=EDGE_LOOP('',(#1958,#1959,#1960,#1961,#1962,#1963));
#5835=EDGE_LOOP('',(#1964,#1965,#1966,#1967));
#5836=EDGE_LOOP('',(#1968,#1969,#1970,#1971));
#5837=EDGE_LOOP('',(#1972,#1973,#1974,#1975,#1976,#1977));
#5838=EDGE_LOOP('',(#1978,#1979,#1980,#1981));
#5839=EDGE_LOOP('',(#1982,#1983,#1984,#1985,#1986,#1987));
#5840=EDGE_LOOP('',(#1988,#1989,#1990,#1991));
#5841=EDGE_LOOP('',(#1992,#1993,#1994,#1995));
#5842=EDGE_LOOP('',(#1996,#1997,#1998,#1999,#2000,#2001));
#5843=EDGE_LOOP('',(#2002,#2003,#2004,#2005));
#5844=EDGE_LOOP('',(#2006,#2007,#2008,#2009));
#5845=EDGE_LOOP('',(#2010,#2011,#2012,#2013,#2014,#2015));
#5846=EDGE_LOOP('',(#2016,#2017,#2018,#2019));
#5847=EDGE_LOOP('',(#2020,#2021,#2022,#2023,#2024,#2025));
#5848=EDGE_LOOP('',(#2026,#2027,#2028,#2029));
#5849=EDGE_LOOP('',(#2030,#2031,#2032,#2033));
#5850=EDGE_LOOP('',(#2034,#2035,#2036,#2037,#2038,#2039));
#5851=EDGE_LOOP('',(#2040,#2041,#2042,#2043));
#5852=EDGE_LOOP('',(#2044,#2045,#2046,#2047));
#5853=EDGE_LOOP('',(#2048,#2049,#2050,#2051));
#5854=EDGE_LOOP('',(#2052,#2053,#2054,#2055,#2056,#2057));
#5855=EDGE_LOOP('',(#2058,#2059,#2060,#2061));
#5856=EDGE_LOOP('',(#2062,#2063,#2064,#2065,#2066,#2067));
#5857=EDGE_LOOP('',(#2068,#2069,#2070,#2071));
#5858=EDGE_LOOP('',(#2072,#2073,#2074,#2075));
#5859=EDGE_LOOP('',(#2076,#2077,#2078,#2079,#2080,#2081));
#5860=EDGE_LOOP('',(#2082,#2083,#2084,#2085,#2086,#2087,#2088,#2089,#2090,
#2091,#2092,#2093,#2094,#2095,#2096,#2097,#2098,#2099,#2100,#2101,#2102,
#2103,#2104,#2105,#2106,#2107,#2108,#2109,#2110,#2111,#2112,#2113,#2114,
#2115,#2116,#2117,#2118,#2119,#2120,#2121,#2122,#2123,#2124,#2125));
#5861=EDGE_LOOP('',(#2126,#2127,#2128,#2129,#2130,#2131,#2132,#2133,#2134,
#2135,#2136,#2137,#2138,#2139,#2140,#2141,#2142,#2143,#2144,#2145,#2146,
#2147,#2148,#2149,#2150,#2151,#2152,#2153,#2154,#2155,#2156,#2157,#2158,
#2159,#2160,#2161,#2162,#2163,#2164,#2165,#2166,#2167,#2168,#2169));
#5862=EDGE_LOOP('',(#2170));
#5863=EDGE_LOOP('',(#2171,#2172,#2173,#2174));
#5864=EDGE_LOOP('',(#2175,#2176,#2177,#2178));
#5865=EDGE_LOOP('',(#2179,#2180,#2181,#2182,#2183,#2184));
#5866=EDGE_LOOP('',(#2185,#2186,#2187,#2188));
#5867=EDGE_LOOP('',(#2189,#2190,#2191,#2192,#2193,#2194));
#5868=EDGE_LOOP('',(#2195,#2196,#2197,#2198));
#5869=EDGE_LOOP('',(#2199,#2200,#2201,#2202));
#5870=EDGE_LOOP('',(#2203,#2204,#2205,#2206,#2207,#2208));
#5871=EDGE_LOOP('',(#2209,#2210,#2211,#2212));
#5872=EDGE_LOOP('',(#2213,#2214,#2215,#2216));
#5873=EDGE_LOOP('',(#2217,#2218,#2219,#2220));
#5874=EDGE_LOOP('',(#2221,#2222,#2223,#2224));
#5875=EDGE_LOOP('',(#2225,#2226,#2227,#2228));
#5876=EDGE_LOOP('',(#2229,#2230,#2231,#2232,#2233));
#5877=EDGE_LOOP('',(#2234,#2235,#2236,#2237));
#5878=EDGE_LOOP('',(#2238));
#5879=EDGE_LOOP('',(#2239));
#5880=EDGE_LOOP('',(#2240));
#5881=FACE_BOUND('',#5544,.T.);
#5882=FACE_BOUND('',#5545,.T.);
#5883=FACE_BOUND('',#5546,.T.);
#5884=FACE_BOUND('',#5547,.T.);
#5885=FACE_BOUND('',#5548,.T.);
#5886=FACE_BOUND('',#5549,.T.);
#5887=FACE_BOUND('',#5550,.T.);
#5888=FACE_BOUND('',#5551,.T.);
#5889=FACE_BOUND('',#5552,.T.);
#5890=FACE_BOUND('',#5553,.T.);
#5891=FACE_BOUND('',#5554,.T.);
#5892=FACE_BOUND('',#5555,.T.);
#5893=FACE_BOUND('',#5556,.T.);
#5894=FACE_BOUND('',#5557,.T.);
#5895=FACE_BOUND('',#5558,.T.);
#5896=FACE_BOUND('',#5559,.T.);
#5897=FACE_BOUND('',#5560,.T.);
#5898=FACE_BOUND('',#5561,.T.);
#5899=FACE_BOUND('',#5562,.T.);
#5900=FACE_BOUND('',#5563,.T.);
#5901=FACE_BOUND('',#5564,.T.);
#5902=FACE_BOUND('',#5565,.T.);
#5903=FACE_BOUND('',#5566,.T.);
#5904=FACE_BOUND('',#5567,.T.);
#5905=FACE_BOUND('',#5568,.T.);
#5906=FACE_BOUND('',#5569,.T.);
#5907=FACE_BOUND('',#5570,.T.);
#5908=FACE_BOUND('',#5571,.T.);
#5909=FACE_BOUND('',#5572,.T.);
#5910=FACE_BOUND('',#5573,.T.);
#5911=FACE_BOUND('',#5574,.T.);
#5912=FACE_BOUND('',#5575,.T.);
#5913=FACE_BOUND('',#5576,.T.);
#5914=FACE_BOUND('',#5577,.T.);
#5915=FACE_BOUND('',#5578,.T.);
#5916=FACE_BOUND('',#5579,.T.);
#5917=FACE_BOUND('',#5580,.T.);
#5918=FACE_BOUND('',#5581,.T.);
#5919=FACE_BOUND('',#5582,.T.);
#5920=FACE_BOUND('',#5583,.T.);
#5921=FACE_BOUND('',#5584,.T.);
#5922=FACE_BOUND('',#5585,.T.);
#5923=FACE_BOUND('',#5586,.T.);
#5924=FACE_BOUND('',#5587,.T.);
#5925=FACE_BOUND('',#5588,.T.);
#5926=FACE_BOUND('',#5589,.T.);
#5927=FACE_BOUND('',#5590,.T.);
#5928=FACE_BOUND('',#5591,.T.);
#5929=FACE_BOUND('',#5592,.T.);
#5930=FACE_BOUND('',#5593,.T.);
#5931=FACE_BOUND('',#5594,.T.);
#5932=FACE_BOUND('',#5595,.T.);
#5933=FACE_BOUND('',#5596,.T.);
#5934=FACE_BOUND('',#5597,.T.);
#5935=FACE_BOUND('',#5598,.T.);
#5936=FACE_BOUND('',#5599,.T.);
#5937=FACE_BOUND('',#5600,.T.);
#5938=FACE_BOUND('',#5601,.T.);
#5939=FACE_BOUND('',#5602,.T.);
#5940=FACE_BOUND('',#5603,.T.);
#5941=FACE_BOUND('',#5604,.T.);
#5942=FACE_BOUND('',#5605,.T.);
#5943=FACE_BOUND('',#5606,.T.);
#5944=FACE_BOUND('',#5607,.T.);
#5945=FACE_BOUND('',#5608,.T.);
#5946=FACE_BOUND('',#5609,.T.);
#5947=FACE_BOUND('',#5610,.T.);
#5948=FACE_BOUND('',#5611,.T.);
#5949=FACE_BOUND('',#5612,.T.);
#5950=FACE_BOUND('',#5613,.T.);
#5951=FACE_BOUND('',#5614,.T.);
#5952=FACE_BOUND('',#5615,.T.);
#5953=FACE_BOUND('',#5616,.T.);
#5954=FACE_BOUND('',#5617,.T.);
#5955=FACE_BOUND('',#5618,.T.);
#5956=FACE_BOUND('',#5619,.T.);
#5957=FACE_BOUND('',#5620,.T.);
#5958=FACE_BOUND('',#5621,.T.);
#5959=FACE_BOUND('',#5622,.T.);
#5960=FACE_BOUND('',#5623,.T.);
#5961=FACE_BOUND('',#5624,.T.);
#5962=FACE_BOUND('',#5625,.T.);
#5963=FACE_BOUND('',#5626,.T.);
#5964=FACE_BOUND('',#5627,.T.);
#5965=FACE_BOUND('',#5628,.T.);
#5966=FACE_BOUND('',#5629,.T.);
#5967=FACE_BOUND('',#5630,.T.);
#5968=FACE_BOUND('',#5631,.T.);
#5969=FACE_BOUND('',#5632,.T.);
#5970=FACE_BOUND('',#5633,.T.);
#5971=FACE_BOUND('',#5634,.T.);
#5972=FACE_BOUND('',#5635,.T.);
#5973=FACE_BOUND('',#5636,.T.);
#5974=FACE_BOUND('',#5637,.T.);
#5975=FACE_BOUND('',#5638,.T.);
#5976=FACE_BOUND('',#5639,.T.);
#5977=FACE_BOUND('',#5640,.T.);
#5978=FACE_BOUND('',#5641,.T.);
#5979=FACE_BOUND('',#5642,.T.);
#5980=FACE_BOUND('',#5643,.T.);
#5981=FACE_BOUND('',#5644,.T.);
#5982=FACE_BOUND('',#5645,.T.);
#5983=FACE_BOUND('',#5646,.T.);
#5984=FACE_BOUND('',#5647,.T.);
#5985=FACE_BOUND('',#5648,.T.);
#5986=FACE_BOUND('',#5649,.T.);
#5987=FACE_BOUND('',#5650,.T.);
#5988=FACE_BOUND('',#5651,.T.);
#5989=FACE_BOUND('',#5652,.T.);
#5990=FACE_BOUND('',#5653,.T.);
#5991=FACE_BOUND('',#5654,.T.);
#5992=FACE_BOUND('',#5655,.T.);
#5993=FACE_BOUND('',#5656,.T.);
#5994=FACE_BOUND('',#5657,.T.);
#5995=FACE_BOUND('',#5658,.T.);
#5996=FACE_BOUND('',#5659,.T.);
#5997=FACE_BOUND('',#5660,.T.);
#5998=FACE_BOUND('',#5661,.T.);
#5999=FACE_BOUND('',#5662,.T.);
#6000=FACE_BOUND('',#5663,.T.);
#6001=FACE_BOUND('',#5664,.T.);
#6002=FACE_BOUND('',#5665,.T.);
#6003=FACE_BOUND('',#5666,.T.);
#6004=FACE_BOUND('',#5667,.T.);
#6005=FACE_BOUND('',#5668,.T.);
#6006=FACE_BOUND('',#5669,.T.);
#6007=FACE_BOUND('',#5670,.T.);
#6008=FACE_BOUND('',#5671,.T.);
#6009=FACE_BOUND('',#5672,.T.);
#6010=FACE_BOUND('',#5673,.T.);
#6011=FACE_BOUND('',#5674,.T.);
#6012=FACE_BOUND('',#5675,.T.);
#6013=FACE_BOUND('',#5676,.T.);
#6014=FACE_BOUND('',#5677,.T.);
#6015=FACE_BOUND('',#5678,.T.);
#6016=FACE_BOUND('',#5679,.T.);
#6017=FACE_BOUND('',#5680,.T.);
#6018=FACE_BOUND('',#5681,.T.);
#6019=FACE_BOUND('',#5682,.T.);
#6020=FACE_BOUND('',#5683,.T.);
#6021=FACE_BOUND('',#5684,.T.);
#6022=FACE_BOUND('',#5685,.T.);
#6023=FACE_BOUND('',#5686,.T.);
#6024=FACE_BOUND('',#5687,.T.);
#6025=FACE_BOUND('',#5688,.T.);
#6026=FACE_BOUND('',#5689,.T.);
#6027=FACE_BOUND('',#5690,.T.);
#6028=FACE_BOUND('',#5691,.T.);
#6029=FACE_BOUND('',#5692,.T.);
#6030=FACE_BOUND('',#5693,.T.);
#6031=FACE_BOUND('',#5694,.T.);
#6032=FACE_BOUND('',#5695,.T.);
#6033=FACE_BOUND('',#5696,.T.);
#6034=FACE_BOUND('',#5697,.T.);
#6035=FACE_BOUND('',#5698,.T.);
#6036=FACE_BOUND('',#5699,.T.);
#6037=FACE_BOUND('',#5700,.T.);
#6038=FACE_BOUND('',#5701,.T.);
#6039=FACE_BOUND('',#5702,.T.);
#6040=FACE_BOUND('',#5703,.T.);
#6041=FACE_BOUND('',#5704,.T.);
#6042=FACE_BOUND('',#5705,.T.);
#6043=FACE_BOUND('',#5706,.T.);
#6044=FACE_BOUND('',#5707,.T.);
#6045=FACE_BOUND('',#5708,.T.);
#6046=FACE_BOUND('',#5709,.T.);
#6047=FACE_BOUND('',#5710,.T.);
#6048=FACE_BOUND('',#5711,.T.);
#6049=FACE_BOUND('',#5712,.T.);
#6050=FACE_BOUND('',#5713,.T.);
#6051=FACE_BOUND('',#5714,.T.);
#6052=FACE_BOUND('',#5715,.T.);
#6053=FACE_BOUND('',#5716,.T.);
#6054=FACE_BOUND('',#5717,.T.);
#6055=FACE_BOUND('',#5718,.T.);
#6056=FACE_BOUND('',#5719,.T.);
#6057=FACE_BOUND('',#5720,.T.);
#6058=FACE_BOUND('',#5721,.T.);
#6059=FACE_BOUND('',#5722,.T.);
#6060=FACE_BOUND('',#5723,.T.);
#6061=FACE_BOUND('',#5724,.T.);
#6062=FACE_BOUND('',#5725,.T.);
#6063=FACE_BOUND('',#5726,.T.);
#6064=FACE_BOUND('',#5727,.T.);
#6065=FACE_BOUND('',#5728,.T.);
#6066=FACE_BOUND('',#5729,.T.);
#6067=FACE_BOUND('',#5730,.T.);
#6068=FACE_BOUND('',#5731,.T.);
#6069=FACE_BOUND('',#5732,.T.);
#6070=FACE_BOUND('',#5733,.T.);
#6071=FACE_BOUND('',#5734,.T.);
#6072=FACE_BOUND('',#5735,.T.);
#6073=FACE_BOUND('',#5736,.T.);
#6074=FACE_BOUND('',#5737,.T.);
#6075=FACE_BOUND('',#5738,.T.);
#6076=FACE_BOUND('',#5739,.T.);
#6077=FACE_BOUND('',#5740,.T.);
#6078=FACE_BOUND('',#5741,.T.);
#6079=FACE_BOUND('',#5742,.T.);
#6080=FACE_BOUND('',#5743,.T.);
#6081=FACE_BOUND('',#5744,.T.);
#6082=FACE_BOUND('',#5745,.T.);
#6083=FACE_BOUND('',#5746,.T.);
#6084=FACE_BOUND('',#5747,.T.);
#6085=FACE_BOUND('',#5748,.T.);
#6086=FACE_BOUND('',#5749,.T.);
#6087=FACE_BOUND('',#5750,.T.);
#6088=FACE_BOUND('',#5751,.T.);
#6089=FACE_BOUND('',#5752,.T.);
#6090=FACE_BOUND('',#5753,.T.);
#6091=FACE_BOUND('',#5754,.T.);
#6092=FACE_BOUND('',#5755,.T.);
#6093=FACE_BOUND('',#5756,.T.);
#6094=FACE_BOUND('',#5757,.T.);
#6095=FACE_BOUND('',#5758,.T.);
#6096=FACE_BOUND('',#5759,.T.);
#6097=FACE_BOUND('',#5760,.T.);
#6098=FACE_BOUND('',#5761,.T.);
#6099=FACE_BOUND('',#5762,.T.);
#6100=FACE_BOUND('',#5763,.T.);
#6101=FACE_BOUND('',#5764,.T.);
#6102=FACE_BOUND('',#5765,.T.);
#6103=FACE_BOUND('',#5766,.T.);
#6104=FACE_BOUND('',#5767,.T.);
#6105=FACE_BOUND('',#5768,.T.);
#6106=FACE_BOUND('',#5769,.T.);
#6107=FACE_BOUND('',#5770,.T.);
#6108=FACE_BOUND('',#5771,.T.);
#6109=FACE_BOUND('',#5772,.T.);
#6110=FACE_BOUND('',#5773,.T.);
#6111=FACE_BOUND('',#5774,.T.);
#6112=FACE_BOUND('',#5775,.T.);
#6113=FACE_BOUND('',#5776,.T.);
#6114=FACE_BOUND('',#5777,.T.);
#6115=FACE_BOUND('',#5778,.T.);
#6116=FACE_BOUND('',#5779,.T.);
#6117=FACE_BOUND('',#5780,.T.);
#6118=FACE_BOUND('',#5781,.T.);
#6119=FACE_BOUND('',#5782,.T.);
#6120=FACE_BOUND('',#5783,.T.);
#6121=FACE_BOUND('',#5784,.T.);
#6122=FACE_BOUND('',#5785,.T.);
#6123=FACE_BOUND('',#5786,.T.);
#6124=FACE_BOUND('',#5787,.T.);
#6125=FACE_BOUND('',#5788,.T.);
#6126=FACE_BOUND('',#5789,.T.);
#6127=FACE_BOUND('',#5790,.T.);
#6128=FACE_BOUND('',#5791,.T.);
#6129=FACE_BOUND('',#5792,.T.);
#6130=FACE_BOUND('',#5793,.T.);
#6131=FACE_BOUND('',#5794,.T.);
#6132=FACE_BOUND('',#5795,.T.);
#6133=FACE_BOUND('',#5796,.T.);
#6134=FACE_BOUND('',#5797,.T.);
#6135=FACE_BOUND('',#5798,.T.);
#6136=FACE_BOUND('',#5799,.T.);
#6137=FACE_BOUND('',#5800,.T.);
#6138=FACE_BOUND('',#5801,.T.);
#6139=FACE_BOUND('',#5802,.T.);
#6140=FACE_BOUND('',#5803,.T.);
#6141=FACE_BOUND('',#5804,.T.);
#6142=FACE_BOUND('',#5805,.T.);
#6143=FACE_BOUND('',#5806,.T.);
#6144=FACE_BOUND('',#5807,.T.);
#6145=FACE_BOUND('',#5808,.T.);
#6146=FACE_BOUND('',#5809,.T.);
#6147=FACE_BOUND('',#5810,.T.);
#6148=FACE_BOUND('',#5811,.T.);
#6149=FACE_BOUND('',#5812,.T.);
#6150=FACE_BOUND('',#5813,.T.);
#6151=FACE_BOUND('',#5814,.T.);
#6152=FACE_BOUND('',#5815,.T.);
#6153=FACE_BOUND('',#5816,.T.);
#6154=FACE_BOUND('',#5817,.T.);
#6155=FACE_BOUND('',#5818,.T.);
#6156=FACE_BOUND('',#5819,.T.);
#6157=FACE_BOUND('',#5820,.T.);
#6158=FACE_BOUND('',#5821,.T.);
#6159=FACE_BOUND('',#5822,.T.);
#6160=FACE_BOUND('',#5823,.T.);
#6161=FACE_BOUND('',#5824,.T.);
#6162=FACE_BOUND('',#5825,.T.);
#6163=FACE_BOUND('',#5826,.T.);
#6164=FACE_BOUND('',#5827,.T.);
#6165=FACE_BOUND('',#5828,.T.);
#6166=FACE_BOUND('',#5829,.T.);
#6167=FACE_BOUND('',#5830,.T.);
#6168=FACE_BOUND('',#5831,.T.);
#6169=FACE_BOUND('',#5832,.T.);
#6170=FACE_BOUND('',#5833,.T.);
#6171=FACE_BOUND('',#5834,.T.);
#6172=FACE_BOUND('',#5835,.T.);
#6173=FACE_BOUND('',#5836,.T.);
#6174=FACE_BOUND('',#5837,.T.);
#6175=FACE_BOUND('',#5838,.T.);
#6176=FACE_BOUND('',#5839,.T.);
#6177=FACE_BOUND('',#5840,.T.);
#6178=FACE_BOUND('',#5841,.T.);
#6179=FACE_BOUND('',#5842,.T.);
#6180=FACE_BOUND('',#5843,.T.);
#6181=FACE_BOUND('',#5844,.T.);
#6182=FACE_BOUND('',#5845,.T.);
#6183=FACE_BOUND('',#5846,.T.);
#6184=FACE_BOUND('',#5847,.T.);
#6185=FACE_BOUND('',#5848,.T.);
#6186=FACE_BOUND('',#5849,.T.);
#6187=FACE_BOUND('',#5850,.T.);
#6188=FACE_BOUND('',#5851,.T.);
#6189=FACE_BOUND('',#5852,.T.);
#6190=FACE_BOUND('',#5853,.T.);
#6191=FACE_BOUND('',#5854,.T.);
#6192=FACE_BOUND('',#5855,.T.);
#6193=FACE_BOUND('',#5856,.T.);
#6194=FACE_BOUND('',#5857,.T.);
#6195=FACE_BOUND('',#5858,.T.);
#6196=FACE_BOUND('',#5859,.T.);
#6197=FACE_BOUND('',#5860,.T.);
#6198=FACE_BOUND('',#5861,.T.);
#6199=FACE_BOUND('',#5862,.T.);
#6200=FACE_BOUND('',#5863,.T.);
#6201=FACE_BOUND('',#5864,.T.);
#6202=FACE_BOUND('',#5865,.T.);
#6203=FACE_BOUND('',#5866,.T.);
#6204=FACE_BOUND('',#5867,.T.);
#6205=FACE_BOUND('',#5868,.T.);
#6206=FACE_BOUND('',#5869,.T.);
#6207=FACE_BOUND('',#5870,.T.);
#6208=FACE_BOUND('',#5871,.T.);
#6209=FACE_BOUND('',#5872,.T.);
#6210=FACE_BOUND('',#5873,.T.);
#6211=FACE_BOUND('',#5874,.T.);
#6212=FACE_BOUND('',#5875,.T.);
#6213=FACE_BOUND('',#5876,.T.);
#6214=FACE_BOUND('',#5877,.T.);
#6215=FACE_BOUND('',#5878,.T.);
#6216=FACE_BOUND('',#5879,.T.);
#6217=FACE_BOUND('',#5880,.T.);
#6218=PLANE('',#9150);
#6219=PLANE('',#9231);
#6220=PLANE('',#9234);
#6221=PLANE('',#9236);
#6222=PLANE('',#9237);
#6223=PLANE('',#9238);
#6224=PLANE('',#9240);
#6225=PLANE('',#9241);
#6226=PLANE('',#9244);
#6227=PLANE('',#9246);
#6228=PLANE('',#9247);
#6229=PLANE('',#9248);
#6230=PLANE('',#9250);
#6231=PLANE('',#9251);
#6232=PLANE('',#9254);
#6233=PLANE('',#9256);
#6234=PLANE('',#9257);
#6235=PLANE('',#9258);
#6236=PLANE('',#9260);
#6237=PLANE('',#9261);
#6238=PLANE('',#9264);
#6239=PLANE('',#9266);
#6240=PLANE('',#9267);
#6241=PLANE('',#9268);
#6242=PLANE('',#9270);
#6243=PLANE('',#9271);
#6244=PLANE('',#9274);
#6245=PLANE('',#9276);
#6246=PLANE('',#9277);
#6247=PLANE('',#9278);
#6248=PLANE('',#9280);
#6249=PLANE('',#9281);
#6250=PLANE('',#9284);
#6251=PLANE('',#9286);
#6252=PLANE('',#9287);
#6253=PLANE('',#9288);
#6254=PLANE('',#9290);
#6255=PLANE('',#9291);
#6256=PLANE('',#9294);
#6257=PLANE('',#9296);
#6258=PLANE('',#9297);
#6259=PLANE('',#9298);
#6260=PLANE('',#9300);
#6261=PLANE('',#9301);
#6262=PLANE('',#9304);
#6263=PLANE('',#9306);
#6264=PLANE('',#9307);
#6265=PLANE('',#9308);
#6266=PLANE('',#9310);
#6267=PLANE('',#9311);
#6268=PLANE('',#9314);
#6269=PLANE('',#9316);
#6270=PLANE('',#9317);
#6271=PLANE('',#9318);
#6272=PLANE('',#9320);
#6273=PLANE('',#9323);
#6274=PLANE('',#9324);
#6275=PLANE('',#9325);
#6276=PLANE('',#9328);
#6277=PLANE('',#9329);
#6278=PLANE('',#9330);
#6279=PLANE('',#9331);
#6280=PLANE('',#9332);
#6281=PLANE('',#9335);
#6282=PLANE('',#9336);
#6283=PLANE('',#9337);
#6284=PLANE('',#9340);
#6285=PLANE('',#9341);
#6286=PLANE('',#9342);
#6287=PLANE('',#9345);
#6288=PLANE('',#9346);
#6289=PLANE('',#9347);
#6290=PLANE('',#9350);
#6291=PLANE('',#9351);
#6292=PLANE('',#9352);
#6293=PLANE('',#9355);
#6294=PLANE('',#9356);
#6295=PLANE('',#9357);
#6296=PLANE('',#9360);
#6297=PLANE('',#9361);
#6298=PLANE('',#9362);
#6299=PLANE('',#9365);
#6300=PLANE('',#9366);
#6301=PLANE('',#9367);
#6302=PLANE('',#9370);
#6303=PLANE('',#9371);
#6304=PLANE('',#9372);
#6305=PLANE('',#9375);
#6306=PLANE('',#9376);
#6307=PLANE('',#9377);
#6308=PLANE('',#9380);
#6309=PLANE('',#9381);
#6310=PLANE('',#9382);
#6311=PLANE('',#9385);
#6312=PLANE('',#9386);
#6313=PLANE('',#9387);
#6314=PLANE('',#9390);
#6315=PLANE('',#9391);
#6316=PLANE('',#9392);
#6317=PLANE('',#9395);
#6318=PLANE('',#9396);
#6319=PLANE('',#9397);
#6320=PLANE('',#9400);
#6321=PLANE('',#9401);
#6322=PLANE('',#9402);
#6323=PLANE('',#9405);
#6324=PLANE('',#9406);
#6325=PLANE('',#9407);
#6326=PLANE('',#9410);
#6327=PLANE('',#9411);
#6328=PLANE('',#9412);
#6329=PLANE('',#9415);
#6330=PLANE('',#9416);
#6331=PLANE('',#9417);
#6332=PLANE('',#9420);
#6333=PLANE('',#9421);
#6334=PLANE('',#9424);
#6335=PLANE('',#9425);
#6336=PLANE('',#9426);
#6337=PLANE('',#9429);
#6338=PLANE('',#9430);
#6339=PLANE('',#9431);
#6340=PLANE('',#9432);
#6341=PLANE('',#9435);
#6342=PLANE('',#9436);
#6343=PLANE('',#9437);
#6344=PLANE('',#9440);
#6345=PLANE('',#9441);
#6346=PLANE('',#9442);
#6347=PLANE('',#9445);
#6348=PLANE('',#9446);
#6349=PLANE('',#9447);
#6350=PLANE('',#9450);
#6351=PLANE('',#9451);
#6352=PLANE('',#9452);
#6353=PLANE('',#9455);
#6354=PLANE('',#9456);
#6355=PLANE('',#9457);
#6356=PLANE('',#9460);
#6357=PLANE('',#9461);
#6358=PLANE('',#9462);
#6359=PLANE('',#9465);
#6360=PLANE('',#9466);
#6361=PLANE('',#9467);
#6362=PLANE('',#9470);
#6363=PLANE('',#9471);
#6364=PLANE('',#9472);
#6365=PLANE('',#9475);
#6366=PLANE('',#9476);
#6367=PLANE('',#9477);
#6368=PLANE('',#9480);
#6369=PLANE('',#9481);
#6370=PLANE('',#9482);
#6371=PLANE('',#9485);
#6372=PLANE('',#9486);
#6373=PLANE('',#9487);
#6374=PLANE('',#9490);
#6375=PLANE('',#9491);
#6376=PLANE('',#9492);
#6377=PLANE('',#9495);
#6378=PLANE('',#9496);
#6379=PLANE('',#9497);
#6380=PLANE('',#9500);
#6381=PLANE('',#9501);
#6382=PLANE('',#9502);
#6383=PLANE('',#9505);
#6384=PLANE('',#9506);
#6385=PLANE('',#9507);
#6386=PLANE('',#9510);
#6387=PLANE('',#9511);
#6388=PLANE('',#9512);
#6389=PLANE('',#9515);
#6390=PLANE('',#9516);
#6391=PLANE('',#9517);
#6392=PLANE('',#9520);
#6393=PLANE('',#9521);
#6394=PLANE('',#9522);
#6395=PLANE('',#9525);
#6396=PLANE('',#9526);
#6397=PLANE('',#9527);
#6398=PLANE('',#9530);
#6399=PLANE('',#9531);
#6400=PLANE('',#9532);
#6401=PLANE('',#9535);
#6402=PLANE('',#9536);
#6403=PLANE('',#9537);
#6404=PLANE('',#9540);
#6405=PLANE('',#9541);
#6406=PLANE('',#9542);
#6407=PLANE('',#9545);
#6408=PLANE('',#9546);
#6409=PLANE('',#9547);
#6410=PLANE('',#9550);
#6411=PLANE('',#9551);
#6412=PLANE('',#9552);
#6413=PLANE('',#9555);
#6414=PLANE('',#9556);
#6415=PLANE('',#9557);
#6416=PLANE('',#9560);
#6417=PLANE('',#9561);
#6418=PLANE('',#9562);
#6419=PLANE('',#9565);
#6420=PLANE('',#9566);
#6421=PLANE('',#9567);
#6422=PLANE('',#9570);
#6423=PLANE('',#9571);
#6424=PLANE('',#9572);
#6425=PLANE('',#9575);
#6426=PLANE('',#9576);
#6427=PLANE('',#9577);
#6428=PLANE('',#9580);
#6429=PLANE('',#9581);
#6430=PLANE('',#9582);
#6431=PLANE('',#9585);
#6432=PLANE('',#9586);
#6433=PLANE('',#9587);
#6434=PLANE('',#9590);
#6435=PLANE('',#9591);
#6436=PLANE('',#9592);
#6437=PLANE('',#9595);
#6438=PLANE('',#9596);
#6439=PLANE('',#9597);
#6440=PLANE('',#9600);
#6441=PLANE('',#9601);
#6442=PLANE('',#9602);
#6443=PLANE('',#9605);
#6444=PLANE('',#9606);
#6445=PLANE('',#9607);
#6446=PLANE('',#9610);
#6447=PLANE('',#9611);
#6448=PLANE('',#9612);
#6449=PLANE('',#9613);
#6450=PLANE('',#9616);
#6451=PLANE('',#9617);
#6452=PLANE('',#9618);
#6453=PLANE('',#9621);
#6454=PLANE('',#9622);
#6455=PLANE('',#9623);
#6456=PLANE('',#9624);
#6457=PLANE('',#9625);
#6458=PLANE('',#9629);
#6459=PLANE('',#9630);
#6460=PLANE('',#9631);
#6461=PLANE('',#9634);
#6462=PLANE('',#9635);
#6463=PLANE('',#9636);
#6464=PLANE('',#9637);
#6465=PLANE('',#9638);
#6466=PLANE('',#9639);
#6467=PLANE('',#9640);
#6468=PLANE('',#9641);
#6469=PLANE('',#9642);
#6470=PLANE('',#9645);
#6471=STYLED_ITEM('',(#6805),#8811);
#6472=STYLED_ITEM('',(#6806),#8812);
#6473=STYLED_ITEM('',(#6807),#8813);
#6474=STYLED_ITEM('',(#6808),#8814);
#6475=STYLED_ITEM('',(#6809),#8815);
#6476=STYLED_ITEM('',(#6810),#8816);
#6477=STYLED_ITEM('',(#6811),#8817);
#6478=STYLED_ITEM('',(#6812),#8818);
#6479=STYLED_ITEM('',(#6813),#8819);
#6480=STYLED_ITEM('',(#6814),#8820);
#6481=STYLED_ITEM('',(#6815),#8821);
#6482=STYLED_ITEM('',(#6816),#8822);
#6483=STYLED_ITEM('',(#6817),#8823);
#6484=STYLED_ITEM('',(#6818),#8824);
#6485=STYLED_ITEM('',(#6819),#8825);
#6486=STYLED_ITEM('',(#6820),#8826);
#6487=STYLED_ITEM('',(#6821),#8827);
#6488=STYLED_ITEM('',(#6822),#8828);
#6489=STYLED_ITEM('',(#6823),#8829);
#6490=STYLED_ITEM('',(#6824),#8830);
#6491=STYLED_ITEM('',(#6825),#8831);
#6492=STYLED_ITEM('',(#6826),#8832);
#6493=STYLED_ITEM('',(#6827),#8833);
#6494=STYLED_ITEM('',(#6828),#8834);
#6495=STYLED_ITEM('',(#6829),#8835);
#6496=STYLED_ITEM('',(#6830),#8836);
#6497=STYLED_ITEM('',(#6831),#8837);
#6498=STYLED_ITEM('',(#6832),#8838);
#6499=STYLED_ITEM('',(#6833),#8839);
#6500=STYLED_ITEM('',(#6834),#8840);
#6501=STYLED_ITEM('',(#6835),#8841);
#6502=STYLED_ITEM('',(#6836),#8842);
#6503=STYLED_ITEM('',(#6837),#8843);
#6504=STYLED_ITEM('',(#6838),#8844);
#6505=STYLED_ITEM('',(#6839),#8845);
#6506=STYLED_ITEM('',(#6840),#8846);
#6507=STYLED_ITEM('',(#6841),#8847);
#6508=STYLED_ITEM('',(#6842),#8848);
#6509=STYLED_ITEM('',(#6843),#8849);
#6510=STYLED_ITEM('',(#6844),#8850);
#6511=STYLED_ITEM('',(#6845),#8851);
#6512=STYLED_ITEM('',(#6846),#8852);
#6513=STYLED_ITEM('',(#6847),#8853);
#6514=STYLED_ITEM('',(#6848),#8854);
#6515=STYLED_ITEM('',(#6849),#8855);
#6516=STYLED_ITEM('',(#6850),#8856);
#6517=STYLED_ITEM('',(#6851),#8857);
#6518=STYLED_ITEM('',(#6852),#8858);
#6519=STYLED_ITEM('',(#6853),#8859);
#6520=STYLED_ITEM('',(#6854),#8860);
#6521=STYLED_ITEM('',(#6855),#8861);
#6522=STYLED_ITEM('',(#6856),#8862);
#6523=STYLED_ITEM('',(#6857),#8863);
#6524=STYLED_ITEM('',(#6858),#8864);
#6525=STYLED_ITEM('',(#6859),#8865);
#6526=STYLED_ITEM('',(#6860),#8866);
#6527=STYLED_ITEM('',(#6861),#8867);
#6528=STYLED_ITEM('',(#6862),#8868);
#6529=STYLED_ITEM('',(#6863),#8869);
#6530=STYLED_ITEM('',(#6864),#8870);
#6531=STYLED_ITEM('',(#6865),#8871);
#6532=STYLED_ITEM('',(#6866),#8872);
#6533=STYLED_ITEM('',(#6867),#8873);
#6534=STYLED_ITEM('',(#6868),#8874);
#6535=STYLED_ITEM('',(#6869),#8875);
#6536=STYLED_ITEM('',(#6870),#8876);
#6537=STYLED_ITEM('',(#6871),#8877);
#6538=STYLED_ITEM('',(#6872),#8878);
#6539=STYLED_ITEM('',(#6873),#8879);
#6540=STYLED_ITEM('',(#6874),#8880);
#6541=STYLED_ITEM('',(#6875),#8881);
#6542=STYLED_ITEM('',(#6876),#8882);
#6543=STYLED_ITEM('',(#6877),#8883);
#6544=STYLED_ITEM('',(#6878),#8884);
#6545=STYLED_ITEM('',(#6879),#8885);
#6546=STYLED_ITEM('',(#6880),#8886);
#6547=STYLED_ITEM('',(#6881),#8887);
#6548=STYLED_ITEM('',(#6882),#8888);
#6549=STYLED_ITEM('',(#6883),#8889);
#6550=STYLED_ITEM('',(#6884),#8890);
#6551=STYLED_ITEM('',(#6885),#8891);
#6552=STYLED_ITEM('',(#6886),#8892);
#6553=STYLED_ITEM('',(#6887),#8893);
#6554=STYLED_ITEM('',(#6888),#8894);
#6555=STYLED_ITEM('',(#6889),#8895);
#6556=STYLED_ITEM('',(#6890),#8896);
#6557=STYLED_ITEM('',(#6891),#8897);
#6558=STYLED_ITEM('',(#6892),#8898);
#6559=STYLED_ITEM('',(#6893),#8899);
#6560=STYLED_ITEM('',(#6894),#8900);
#6561=STYLED_ITEM('',(#6895),#8901);
#6562=STYLED_ITEM('',(#6896),#8902);
#6563=STYLED_ITEM('',(#6897),#8903);
#6564=STYLED_ITEM('',(#6898),#8904);
#6565=STYLED_ITEM('',(#6899),#8905);
#6566=STYLED_ITEM('',(#6900),#8906);
#6567=STYLED_ITEM('',(#6901),#8907);
#6568=STYLED_ITEM('',(#6902),#8908);
#6569=STYLED_ITEM('',(#6903),#8909);
#6570=STYLED_ITEM('',(#6904),#8910);
#6571=STYLED_ITEM('',(#6905),#8911);
#6572=STYLED_ITEM('',(#6906),#8912);
#6573=STYLED_ITEM('',(#6907),#8913);
#6574=STYLED_ITEM('',(#6908),#8914);
#6575=STYLED_ITEM('',(#6909),#8915);
#6576=STYLED_ITEM('',(#6910),#8916);
#6577=STYLED_ITEM('',(#6911),#8917);
#6578=STYLED_ITEM('',(#6912),#8918);
#6579=STYLED_ITEM('',(#6913),#8919);
#6580=STYLED_ITEM('',(#6914),#8920);
#6581=STYLED_ITEM('',(#6915),#8921);
#6582=STYLED_ITEM('',(#6916),#8922);
#6583=STYLED_ITEM('',(#6917),#8923);
#6584=STYLED_ITEM('',(#6918),#8924);
#6585=STYLED_ITEM('',(#6919),#8925);
#6586=STYLED_ITEM('',(#6920),#8926);
#6587=STYLED_ITEM('',(#6921),#8927);
#6588=STYLED_ITEM('',(#6922),#8928);
#6589=STYLED_ITEM('',(#6923),#8929);
#6590=STYLED_ITEM('',(#6924),#8930);
#6591=STYLED_ITEM('',(#6925),#8931);
#6592=STYLED_ITEM('',(#6926),#8932);
#6593=STYLED_ITEM('',(#6927),#8933);
#6594=STYLED_ITEM('',(#6928),#8934);
#6595=STYLED_ITEM('',(#6929),#8935);
#6596=STYLED_ITEM('',(#6930),#8936);
#6597=STYLED_ITEM('',(#6931),#8937);
#6598=STYLED_ITEM('',(#6932),#8938);
#6599=STYLED_ITEM('',(#6933),#8939);
#6600=STYLED_ITEM('',(#6934),#8940);
#6601=STYLED_ITEM('',(#6935),#8941);
#6602=STYLED_ITEM('',(#6936),#8942);
#6603=STYLED_ITEM('',(#6937),#8943);
#6604=STYLED_ITEM('',(#6938),#8944);
#6605=STYLED_ITEM('',(#6939),#8945);
#6606=STYLED_ITEM('',(#6940),#8946);
#6607=STYLED_ITEM('',(#6941),#8947);
#6608=STYLED_ITEM('',(#6942),#8948);
#6609=STYLED_ITEM('',(#6943),#8949);
#6610=STYLED_ITEM('',(#6944),#8950);
#6611=STYLED_ITEM('',(#6945),#8951);
#6612=STYLED_ITEM('',(#6946),#8952);
#6613=STYLED_ITEM('',(#6947),#8953);
#6614=STYLED_ITEM('',(#6948),#8954);
#6615=STYLED_ITEM('',(#6949),#8955);
#6616=STYLED_ITEM('',(#6950),#8956);
#6617=STYLED_ITEM('',(#6951),#8957);
#6618=STYLED_ITEM('',(#6952),#8958);
#6619=STYLED_ITEM('',(#6953),#8959);
#6620=STYLED_ITEM('',(#6954),#8960);
#6621=STYLED_ITEM('',(#6955),#8961);
#6622=STYLED_ITEM('',(#6956),#8962);
#6623=STYLED_ITEM('',(#6957),#8963);
#6624=STYLED_ITEM('',(#6958),#8964);
#6625=STYLED_ITEM('',(#6959),#8965);
#6626=STYLED_ITEM('',(#6960),#8966);
#6627=STYLED_ITEM('',(#6961),#8967);
#6628=STYLED_ITEM('',(#6962),#8968);
#6629=STYLED_ITEM('',(#6963),#8969);
#6630=STYLED_ITEM('',(#6964),#8970);
#6631=STYLED_ITEM('',(#6965),#8971);
#6632=STYLED_ITEM('',(#6966),#8972);
#6633=STYLED_ITEM('',(#6967),#8973);
#6634=STYLED_ITEM('',(#6968),#8974);
#6635=STYLED_ITEM('',(#6969),#8975);
#6636=STYLED_ITEM('',(#6970),#8976);
#6637=STYLED_ITEM('',(#6971),#8977);
#6638=STYLED_ITEM('',(#6972),#8978);
#6639=STYLED_ITEM('',(#6973),#8979);
#6640=STYLED_ITEM('',(#6974),#8980);
#6641=STYLED_ITEM('',(#6975),#8981);
#6642=STYLED_ITEM('',(#6976),#8982);
#6643=STYLED_ITEM('',(#6977),#8983);
#6644=STYLED_ITEM('',(#6978),#8984);
#6645=STYLED_ITEM('',(#6979),#8985);
#6646=STYLED_ITEM('',(#6980),#8986);
#6647=STYLED_ITEM('',(#6981),#8987);
#6648=STYLED_ITEM('',(#6982),#8988);
#6649=STYLED_ITEM('',(#6983),#8989);
#6650=STYLED_ITEM('',(#6984),#8990);
#6651=STYLED_ITEM('',(#6985),#8991);
#6652=STYLED_ITEM('',(#6986),#8992);
#6653=STYLED_ITEM('',(#6987),#8993);
#6654=STYLED_ITEM('',(#6988),#8994);
#6655=STYLED_ITEM('',(#6989),#8995);
#6656=STYLED_ITEM('',(#6990),#8996);
#6657=STYLED_ITEM('',(#6991),#8997);
#6658=STYLED_ITEM('',(#6992),#8998);
#6659=STYLED_ITEM('',(#6993),#8999);
#6660=STYLED_ITEM('',(#6994),#9000);
#6661=STYLED_ITEM('',(#6995),#9001);
#6662=STYLED_ITEM('',(#6996),#9002);
#6663=STYLED_ITEM('',(#6997),#9003);
#6664=STYLED_ITEM('',(#6998),#9004);
#6665=STYLED_ITEM('',(#6999),#9005);
#6666=STYLED_ITEM('',(#7000),#9006);
#6667=STYLED_ITEM('',(#7001),#9007);
#6668=STYLED_ITEM('',(#7002),#9008);
#6669=STYLED_ITEM('',(#7003),#9009);
#6670=STYLED_ITEM('',(#7004),#9010);
#6671=STYLED_ITEM('',(#7005),#9011);
#6672=STYLED_ITEM('',(#7006),#9012);
#6673=STYLED_ITEM('',(#7007),#9013);
#6674=STYLED_ITEM('',(#7008),#9014);
#6675=STYLED_ITEM('',(#7009),#9015);
#6676=STYLED_ITEM('',(#7010),#9016);
#6677=STYLED_ITEM('',(#7011),#9017);
#6678=STYLED_ITEM('',(#7012),#9018);
#6679=STYLED_ITEM('',(#7013),#9019);
#6680=STYLED_ITEM('',(#7014),#9020);
#6681=STYLED_ITEM('',(#7015),#9021);
#6682=STYLED_ITEM('',(#7016),#9022);
#6683=STYLED_ITEM('',(#7017),#9023);
#6684=STYLED_ITEM('',(#7018),#9024);
#6685=STYLED_ITEM('',(#7019),#9025);
#6686=STYLED_ITEM('',(#7020),#9026);
#6687=STYLED_ITEM('',(#7021),#9027);
#6688=STYLED_ITEM('',(#7022),#9028);
#6689=STYLED_ITEM('',(#7023),#9029);
#6690=STYLED_ITEM('',(#7024),#9030);
#6691=STYLED_ITEM('',(#7025),#9031);
#6692=STYLED_ITEM('',(#7026),#9032);
#6693=STYLED_ITEM('',(#7027),#9033);
#6694=STYLED_ITEM('',(#7028),#9034);
#6695=STYLED_ITEM('',(#7029),#9035);
#6696=STYLED_ITEM('',(#7030),#9036);
#6697=STYLED_ITEM('',(#7031),#9037);
#6698=STYLED_ITEM('',(#7032),#9038);
#6699=STYLED_ITEM('',(#7033),#9039);
#6700=STYLED_ITEM('',(#7034),#9040);
#6701=STYLED_ITEM('',(#7035),#9041);
#6702=STYLED_ITEM('',(#7036),#9042);
#6703=STYLED_ITEM('',(#7037),#9043);
#6704=STYLED_ITEM('',(#7038),#9044);
#6705=STYLED_ITEM('',(#7039),#9045);
#6706=STYLED_ITEM('',(#7040),#9046);
#6707=STYLED_ITEM('',(#7041),#9047);
#6708=STYLED_ITEM('',(#7042),#9048);
#6709=STYLED_ITEM('',(#7043),#9049);
#6710=STYLED_ITEM('',(#7044),#9050);
#6711=STYLED_ITEM('',(#7045),#9051);
#6712=STYLED_ITEM('',(#7046),#9052);
#6713=STYLED_ITEM('',(#7047),#9053);
#6714=STYLED_ITEM('',(#7048),#9054);
#6715=STYLED_ITEM('',(#7049),#9055);
#6716=STYLED_ITEM('',(#7050),#9056);
#6717=STYLED_ITEM('',(#7051),#9057);
#6718=STYLED_ITEM('',(#7052),#9058);
#6719=STYLED_ITEM('',(#7053),#9059);
#6720=STYLED_ITEM('',(#7054),#9060);
#6721=STYLED_ITEM('',(#7055),#9061);
#6722=STYLED_ITEM('',(#7056),#9062);
#6723=STYLED_ITEM('',(#7057),#9063);
#6724=STYLED_ITEM('',(#7058),#9064);
#6725=STYLED_ITEM('',(#7059),#9065);
#6726=STYLED_ITEM('',(#7060),#9066);
#6727=STYLED_ITEM('',(#7061),#9067);
#6728=STYLED_ITEM('',(#7062),#9068);
#6729=STYLED_ITEM('',(#7063),#9069);
#6730=STYLED_ITEM('',(#7064),#9070);
#6731=STYLED_ITEM('',(#7065),#9071);
#6732=STYLED_ITEM('',(#7066),#9072);
#6733=STYLED_ITEM('',(#7067),#9073);
#6734=STYLED_ITEM('',(#7068),#9074);
#6735=STYLED_ITEM('',(#7069),#9075);
#6736=STYLED_ITEM('',(#7070),#9076);
#6737=STYLED_ITEM('',(#7071),#9077);
#6738=STYLED_ITEM('',(#7072),#9078);
#6739=STYLED_ITEM('',(#7073),#9079);
#6740=STYLED_ITEM('',(#7074),#9080);
#6741=STYLED_ITEM('',(#7075),#9081);
#6742=STYLED_ITEM('',(#7076),#9082);
#6743=STYLED_ITEM('',(#7077),#9083);
#6744=STYLED_ITEM('',(#7078),#9084);
#6745=STYLED_ITEM('',(#7079),#9085);
#6746=STYLED_ITEM('',(#7080),#9086);
#6747=STYLED_ITEM('',(#7081),#9087);
#6748=STYLED_ITEM('',(#7082),#9088);
#6749=STYLED_ITEM('',(#7083),#9089);
#6750=STYLED_ITEM('',(#7084),#9090);
#6751=STYLED_ITEM('',(#7085),#9091);
#6752=STYLED_ITEM('',(#7086),#9092);
#6753=STYLED_ITEM('',(#7087),#9093);
#6754=STYLED_ITEM('',(#7088),#9094);
#6755=STYLED_ITEM('',(#7089),#9095);
#6756=STYLED_ITEM('',(#7090),#9096);
#6757=STYLED_ITEM('',(#7091),#9097);
#6758=STYLED_ITEM('',(#7092),#9098);
#6759=STYLED_ITEM('',(#7093),#9099);
#6760=STYLED_ITEM('',(#7094),#9100);
#6761=STYLED_ITEM('',(#7095),#9101);
#6762=STYLED_ITEM('',(#7096),#9102);
#6763=STYLED_ITEM('',(#7097),#9103);
#6764=STYLED_ITEM('',(#7098),#9104);
#6765=STYLED_ITEM('',(#7099),#9105);
#6766=STYLED_ITEM('',(#7100),#9106);
#6767=STYLED_ITEM('',(#7101),#9107);
#6768=STYLED_ITEM('',(#7102),#9108);
#6769=STYLED_ITEM('',(#7103),#9109);
#6770=STYLED_ITEM('',(#7104),#9110);
#6771=STYLED_ITEM('',(#7105),#9111);
#6772=STYLED_ITEM('',(#7106),#9112);
#6773=STYLED_ITEM('',(#7107),#9113);
#6774=STYLED_ITEM('',(#7108),#9114);
#6775=STYLED_ITEM('',(#7109),#9115);
#6776=STYLED_ITEM('',(#7110),#9116);
#6777=STYLED_ITEM('',(#7111),#9117);
#6778=STYLED_ITEM('',(#7112),#9118);
#6779=STYLED_ITEM('',(#7113),#9119);
#6780=STYLED_ITEM('',(#7114),#9120);
#6781=STYLED_ITEM('',(#7115),#9121);
#6782=STYLED_ITEM('',(#7116),#9122);
#6783=STYLED_ITEM('',(#7117),#9123);
#6784=STYLED_ITEM('',(#7118),#9124);
#6785=STYLED_ITEM('',(#7119),#9125);
#6786=STYLED_ITEM('',(#7120),#9126);
#6787=STYLED_ITEM('',(#7121),#9127);
#6788=STYLED_ITEM('',(#7122),#9128);
#6789=STYLED_ITEM('',(#7123),#9129);
#6790=STYLED_ITEM('',(#7124),#9130);
#6791=STYLED_ITEM('',(#7125),#9131);
#6792=STYLED_ITEM('',(#7126),#9132);
#6793=STYLED_ITEM('',(#7127),#9133);
#6794=STYLED_ITEM('',(#7128),#9134);
#6795=STYLED_ITEM('',(#7129),#9135);
#6796=STYLED_ITEM('',(#7130),#9136);
#6797=STYLED_ITEM('',(#7131),#9137);
#6798=STYLED_ITEM('',(#7132),#9138);
#6799=STYLED_ITEM('',(#7133),#9139);
#6800=STYLED_ITEM('',(#7134),#9140);
#6801=STYLED_ITEM('',(#7135),#9141);
#6802=STYLED_ITEM('',(#7136),#9142);
#6803=STYLED_ITEM('',(#7137),#9143);
#6804=STYLED_ITEM('',(#7138),#9144);
#6805=PRESENTATION_STYLE_ASSIGNMENT((#7139));
#6806=PRESENTATION_STYLE_ASSIGNMENT((#7140));
#6807=PRESENTATION_STYLE_ASSIGNMENT((#7141));
#6808=PRESENTATION_STYLE_ASSIGNMENT((#7142));
#6809=PRESENTATION_STYLE_ASSIGNMENT((#7143));
#6810=PRESENTATION_STYLE_ASSIGNMENT((#7144));
#6811=PRESENTATION_STYLE_ASSIGNMENT((#7145));
#6812=PRESENTATION_STYLE_ASSIGNMENT((#7146));
#6813=PRESENTATION_STYLE_ASSIGNMENT((#7147));
#6814=PRESENTATION_STYLE_ASSIGNMENT((#7148));
#6815=PRESENTATION_STYLE_ASSIGNMENT((#7149));
#6816=PRESENTATION_STYLE_ASSIGNMENT((#7150));
#6817=PRESENTATION_STYLE_ASSIGNMENT((#7151));
#6818=PRESENTATION_STYLE_ASSIGNMENT((#7152));
#6819=PRESENTATION_STYLE_ASSIGNMENT((#7153));
#6820=PRESENTATION_STYLE_ASSIGNMENT((#7154));
#6821=PRESENTATION_STYLE_ASSIGNMENT((#7155));
#6822=PRESENTATION_STYLE_ASSIGNMENT((#7156));
#6823=PRESENTATION_STYLE_ASSIGNMENT((#7157));
#6824=PRESENTATION_STYLE_ASSIGNMENT((#7158));
#6825=PRESENTATION_STYLE_ASSIGNMENT((#7159));
#6826=PRESENTATION_STYLE_ASSIGNMENT((#7160));
#6827=PRESENTATION_STYLE_ASSIGNMENT((#7161));
#6828=PRESENTATION_STYLE_ASSIGNMENT((#7162));
#6829=PRESENTATION_STYLE_ASSIGNMENT((#7163));
#6830=PRESENTATION_STYLE_ASSIGNMENT((#7164));
#6831=PRESENTATION_STYLE_ASSIGNMENT((#7165));
#6832=PRESENTATION_STYLE_ASSIGNMENT((#7166));
#6833=PRESENTATION_STYLE_ASSIGNMENT((#7167));
#6834=PRESENTATION_STYLE_ASSIGNMENT((#7168));
#6835=PRESENTATION_STYLE_ASSIGNMENT((#7169));
#6836=PRESENTATION_STYLE_ASSIGNMENT((#7170));
#6837=PRESENTATION_STYLE_ASSIGNMENT((#7171));
#6838=PRESENTATION_STYLE_ASSIGNMENT((#7172));
#6839=PRESENTATION_STYLE_ASSIGNMENT((#7173));
#6840=PRESENTATION_STYLE_ASSIGNMENT((#7174));
#6841=PRESENTATION_STYLE_ASSIGNMENT((#7175));
#6842=PRESENTATION_STYLE_ASSIGNMENT((#7176));
#6843=PRESENTATION_STYLE_ASSIGNMENT((#7177));
#6844=PRESENTATION_STYLE_ASSIGNMENT((#7178));
#6845=PRESENTATION_STYLE_ASSIGNMENT((#7179));
#6846=PRESENTATION_STYLE_ASSIGNMENT((#7180));
#6847=PRESENTATION_STYLE_ASSIGNMENT((#7181));
#6848=PRESENTATION_STYLE_ASSIGNMENT((#7182));
#6849=PRESENTATION_STYLE_ASSIGNMENT((#7183));
#6850=PRESENTATION_STYLE_ASSIGNMENT((#7184));
#6851=PRESENTATION_STYLE_ASSIGNMENT((#7185));
#6852=PRESENTATION_STYLE_ASSIGNMENT((#7186));
#6853=PRESENTATION_STYLE_ASSIGNMENT((#7187));
#6854=PRESENTATION_STYLE_ASSIGNMENT((#7188));
#6855=PRESENTATION_STYLE_ASSIGNMENT((#7189));
#6856=PRESENTATION_STYLE_ASSIGNMENT((#7190));
#6857=PRESENTATION_STYLE_ASSIGNMENT((#7191));
#6858=PRESENTATION_STYLE_ASSIGNMENT((#7192));
#6859=PRESENTATION_STYLE_ASSIGNMENT((#7193));
#6860=PRESENTATION_STYLE_ASSIGNMENT((#7194));
#6861=PRESENTATION_STYLE_ASSIGNMENT((#7195));
#6862=PRESENTATION_STYLE_ASSIGNMENT((#7196));
#6863=PRESENTATION_STYLE_ASSIGNMENT((#7197));
#6864=PRESENTATION_STYLE_ASSIGNMENT((#7198));
#6865=PRESENTATION_STYLE_ASSIGNMENT((#7199));
#6866=PRESENTATION_STYLE_ASSIGNMENT((#7200));
#6867=PRESENTATION_STYLE_ASSIGNMENT((#7201));
#6868=PRESENTATION_STYLE_ASSIGNMENT((#7202));
#6869=PRESENTATION_STYLE_ASSIGNMENT((#7203));
#6870=PRESENTATION_STYLE_ASSIGNMENT((#7204));
#6871=PRESENTATION_STYLE_ASSIGNMENT((#7205));
#6872=PRESENTATION_STYLE_ASSIGNMENT((#7206));
#6873=PRESENTATION_STYLE_ASSIGNMENT((#7207));
#6874=PRESENTATION_STYLE_ASSIGNMENT((#7208));
#6875=PRESENTATION_STYLE_ASSIGNMENT((#7209));
#6876=PRESENTATION_STYLE_ASSIGNMENT((#7210));
#6877=PRESENTATION_STYLE_ASSIGNMENT((#7211));
#6878=PRESENTATION_STYLE_ASSIGNMENT((#7212));
#6879=PRESENTATION_STYLE_ASSIGNMENT((#7213));
#6880=PRESENTATION_STYLE_ASSIGNMENT((#7214));
#6881=PRESENTATION_STYLE_ASSIGNMENT((#7215));
#6882=PRESENTATION_STYLE_ASSIGNMENT((#7216));
#6883=PRESENTATION_STYLE_ASSIGNMENT((#7217));
#6884=PRESENTATION_STYLE_ASSIGNMENT((#7218));
#6885=PRESENTATION_STYLE_ASSIGNMENT((#7219));
#6886=PRESENTATION_STYLE_ASSIGNMENT((#7220));
#6887=PRESENTATION_STYLE_ASSIGNMENT((#7221));
#6888=PRESENTATION_STYLE_ASSIGNMENT((#7222));
#6889=PRESENTATION_STYLE_ASSIGNMENT((#7223));
#6890=PRESENTATION_STYLE_ASSIGNMENT((#7224));
#6891=PRESENTATION_STYLE_ASSIGNMENT((#7225));
#6892=PRESENTATION_STYLE_ASSIGNMENT((#7226));
#6893=PRESENTATION_STYLE_ASSIGNMENT((#7227));
#6894=PRESENTATION_STYLE_ASSIGNMENT((#7228));
#6895=PRESENTATION_STYLE_ASSIGNMENT((#7229));
#6896=PRESENTATION_STYLE_ASSIGNMENT((#7230));
#6897=PRESENTATION_STYLE_ASSIGNMENT((#7231));
#6898=PRESENTATION_STYLE_ASSIGNMENT((#7232));
#6899=PRESENTATION_STYLE_ASSIGNMENT((#7233));
#6900=PRESENTATION_STYLE_ASSIGNMENT((#7234));
#6901=PRESENTATION_STYLE_ASSIGNMENT((#7235));
#6902=PRESENTATION_STYLE_ASSIGNMENT((#7236));
#6903=PRESENTATION_STYLE_ASSIGNMENT((#7237));
#6904=PRESENTATION_STYLE_ASSIGNMENT((#7238));
#6905=PRESENTATION_STYLE_ASSIGNMENT((#7239));
#6906=PRESENTATION_STYLE_ASSIGNMENT((#7240));
#6907=PRESENTATION_STYLE_ASSIGNMENT((#7241));
#6908=PRESENTATION_STYLE_ASSIGNMENT((#7242));
#6909=PRESENTATION_STYLE_ASSIGNMENT((#7243));
#6910=PRESENTATION_STYLE_ASSIGNMENT((#7244));
#6911=PRESENTATION_STYLE_ASSIGNMENT((#7245));
#6912=PRESENTATION_STYLE_ASSIGNMENT((#7246));
#6913=PRESENTATION_STYLE_ASSIGNMENT((#7247));
#6914=PRESENTATION_STYLE_ASSIGNMENT((#7248));
#6915=PRESENTATION_STYLE_ASSIGNMENT((#7249));
#6916=PRESENTATION_STYLE_ASSIGNMENT((#7250));
#6917=PRESENTATION_STYLE_ASSIGNMENT((#7251));
#6918=PRESENTATION_STYLE_ASSIGNMENT((#7252));
#6919=PRESENTATION_STYLE_ASSIGNMENT((#7253));
#6920=PRESENTATION_STYLE_ASSIGNMENT((#7254));
#6921=PRESENTATION_STYLE_ASSIGNMENT((#7255));
#6922=PRESENTATION_STYLE_ASSIGNMENT((#7256));
#6923=PRESENTATION_STYLE_ASSIGNMENT((#7257));
#6924=PRESENTATION_STYLE_ASSIGNMENT((#7258));
#6925=PRESENTATION_STYLE_ASSIGNMENT((#7259));
#6926=PRESENTATION_STYLE_ASSIGNMENT((#7260));
#6927=PRESENTATION_STYLE_ASSIGNMENT((#7261));
#6928=PRESENTATION_STYLE_ASSIGNMENT((#7262));
#6929=PRESENTATION_STYLE_ASSIGNMENT((#7263));
#6930=PRESENTATION_STYLE_ASSIGNMENT((#7264));
#6931=PRESENTATION_STYLE_ASSIGNMENT((#7265));
#6932=PRESENTATION_STYLE_ASSIGNMENT((#7266));
#6933=PRESENTATION_STYLE_ASSIGNMENT((#7267));
#6934=PRESENTATION_STYLE_ASSIGNMENT((#7268));
#6935=PRESENTATION_STYLE_ASSIGNMENT((#7269));
#6936=PRESENTATION_STYLE_ASSIGNMENT((#7270));
#6937=PRESENTATION_STYLE_ASSIGNMENT((#7271));
#6938=PRESENTATION_STYLE_ASSIGNMENT((#7272));
#6939=PRESENTATION_STYLE_ASSIGNMENT((#7273));
#6940=PRESENTATION_STYLE_ASSIGNMENT((#7274));
#6941=PRESENTATION_STYLE_ASSIGNMENT((#7275));
#6942=PRESENTATION_STYLE_ASSIGNMENT((#7276));
#6943=PRESENTATION_STYLE_ASSIGNMENT((#7277));
#6944=PRESENTATION_STYLE_ASSIGNMENT((#7278));
#6945=PRESENTATION_STYLE_ASSIGNMENT((#7279));
#6946=PRESENTATION_STYLE_ASSIGNMENT((#7280));
#6947=PRESENTATION_STYLE_ASSIGNMENT((#7281));
#6948=PRESENTATION_STYLE_ASSIGNMENT((#7282));
#6949=PRESENTATION_STYLE_ASSIGNMENT((#7283));
#6950=PRESENTATION_STYLE_ASSIGNMENT((#7284));
#6951=PRESENTATION_STYLE_ASSIGNMENT((#7285));
#6952=PRESENTATION_STYLE_ASSIGNMENT((#7286));
#6953=PRESENTATION_STYLE_ASSIGNMENT((#7287));
#6954=PRESENTATION_STYLE_ASSIGNMENT((#7288));
#6955=PRESENTATION_STYLE_ASSIGNMENT((#7289));
#6956=PRESENTATION_STYLE_ASSIGNMENT((#7290));
#6957=PRESENTATION_STYLE_ASSIGNMENT((#7291));
#6958=PRESENTATION_STYLE_ASSIGNMENT((#7292));
#6959=PRESENTATION_STYLE_ASSIGNMENT((#7293));
#6960=PRESENTATION_STYLE_ASSIGNMENT((#7294));
#6961=PRESENTATION_STYLE_ASSIGNMENT((#7295));
#6962=PRESENTATION_STYLE_ASSIGNMENT((#7296));
#6963=PRESENTATION_STYLE_ASSIGNMENT((#7297));
#6964=PRESENTATION_STYLE_ASSIGNMENT((#7298));
#6965=PRESENTATION_STYLE_ASSIGNMENT((#7299));
#6966=PRESENTATION_STYLE_ASSIGNMENT((#7300));
#6967=PRESENTATION_STYLE_ASSIGNMENT((#7301));
#6968=PRESENTATION_STYLE_ASSIGNMENT((#7302));
#6969=PRESENTATION_STYLE_ASSIGNMENT((#7303));
#6970=PRESENTATION_STYLE_ASSIGNMENT((#7304));
#6971=PRESENTATION_STYLE_ASSIGNMENT((#7305));
#6972=PRESENTATION_STYLE_ASSIGNMENT((#7306));
#6973=PRESENTATION_STYLE_ASSIGNMENT((#7307));
#6974=PRESENTATION_STYLE_ASSIGNMENT((#7308));
#6975=PRESENTATION_STYLE_ASSIGNMENT((#7309));
#6976=PRESENTATION_STYLE_ASSIGNMENT((#7310));
#6977=PRESENTATION_STYLE_ASSIGNMENT((#7311));
#6978=PRESENTATION_STYLE_ASSIGNMENT((#7312));
#6979=PRESENTATION_STYLE_ASSIGNMENT((#7313));
#6980=PRESENTATION_STYLE_ASSIGNMENT((#7314));
#6981=PRESENTATION_STYLE_ASSIGNMENT((#7315));
#6982=PRESENTATION_STYLE_ASSIGNMENT((#7316));
#6983=PRESENTATION_STYLE_ASSIGNMENT((#7317));
#6984=PRESENTATION_STYLE_ASSIGNMENT((#7318));
#6985=PRESENTATION_STYLE_ASSIGNMENT((#7319));
#6986=PRESENTATION_STYLE_ASSIGNMENT((#7320));
#6987=PRESENTATION_STYLE_ASSIGNMENT((#7321));
#6988=PRESENTATION_STYLE_ASSIGNMENT((#7322));
#6989=PRESENTATION_STYLE_ASSIGNMENT((#7323));
#6990=PRESENTATION_STYLE_ASSIGNMENT((#7324));
#6991=PRESENTATION_STYLE_ASSIGNMENT((#7325));
#6992=PRESENTATION_STYLE_ASSIGNMENT((#7326));
#6993=PRESENTATION_STYLE_ASSIGNMENT((#7327));
#6994=PRESENTATION_STYLE_ASSIGNMENT((#7328));
#6995=PRESENTATION_STYLE_ASSIGNMENT((#7329));
#6996=PRESENTATION_STYLE_ASSIGNMENT((#7330));
#6997=PRESENTATION_STYLE_ASSIGNMENT((#7331));
#6998=PRESENTATION_STYLE_ASSIGNMENT((#7332));
#6999=PRESENTATION_STYLE_ASSIGNMENT((#7333));
#7000=PRESENTATION_STYLE_ASSIGNMENT((#7334));
#7001=PRESENTATION_STYLE_ASSIGNMENT((#7335));
#7002=PRESENTATION_STYLE_ASSIGNMENT((#7336));
#7003=PRESENTATION_STYLE_ASSIGNMENT((#7337));
#7004=PRESENTATION_STYLE_ASSIGNMENT((#7338));
#7005=PRESENTATION_STYLE_ASSIGNMENT((#7339));
#7006=PRESENTATION_STYLE_ASSIGNMENT((#7340));
#7007=PRESENTATION_STYLE_ASSIGNMENT((#7341));
#7008=PRESENTATION_STYLE_ASSIGNMENT((#7342));
#7009=PRESENTATION_STYLE_ASSIGNMENT((#7343));
#7010=PRESENTATION_STYLE_ASSIGNMENT((#7344));
#7011=PRESENTATION_STYLE_ASSIGNMENT((#7345));
#7012=PRESENTATION_STYLE_ASSIGNMENT((#7346));
#7013=PRESENTATION_STYLE_ASSIGNMENT((#7347));
#7014=PRESENTATION_STYLE_ASSIGNMENT((#7348));
#7015=PRESENTATION_STYLE_ASSIGNMENT((#7349));
#7016=PRESENTATION_STYLE_ASSIGNMENT((#7350));
#7017=PRESENTATION_STYLE_ASSIGNMENT((#7351));
#7018=PRESENTATION_STYLE_ASSIGNMENT((#7352));
#7019=PRESENTATION_STYLE_ASSIGNMENT((#7353));
#7020=PRESENTATION_STYLE_ASSIGNMENT((#7354));
#7021=PRESENTATION_STYLE_ASSIGNMENT((#7355));
#7022=PRESENTATION_STYLE_ASSIGNMENT((#7356));
#7023=PRESENTATION_STYLE_ASSIGNMENT((#7357));
#7024=PRESENTATION_STYLE_ASSIGNMENT((#7358));
#7025=PRESENTATION_STYLE_ASSIGNMENT((#7359));
#7026=PRESENTATION_STYLE_ASSIGNMENT((#7360));
#7027=PRESENTATION_STYLE_ASSIGNMENT((#7361));
#7028=PRESENTATION_STYLE_ASSIGNMENT((#7362));
#7029=PRESENTATION_STYLE_ASSIGNMENT((#7363));
#7030=PRESENTATION_STYLE_ASSIGNMENT((#7364));
#7031=PRESENTATION_STYLE_ASSIGNMENT((#7365));
#7032=PRESENTATION_STYLE_ASSIGNMENT((#7366));
#7033=PRESENTATION_STYLE_ASSIGNMENT((#7367));
#7034=PRESENTATION_STYLE_ASSIGNMENT((#7368));
#7035=PRESENTATION_STYLE_ASSIGNMENT((#7369));
#7036=PRESENTATION_STYLE_ASSIGNMENT((#7370));
#7037=PRESENTATION_STYLE_ASSIGNMENT((#7371));
#7038=PRESENTATION_STYLE_ASSIGNMENT((#7372));
#7039=PRESENTATION_STYLE_ASSIGNMENT((#7373));
#7040=PRESENTATION_STYLE_ASSIGNMENT((#7374));
#7041=PRESENTATION_STYLE_ASSIGNMENT((#7375));
#7042=PRESENTATION_STYLE_ASSIGNMENT((#7376));
#7043=PRESENTATION_STYLE_ASSIGNMENT((#7377));
#7044=PRESENTATION_STYLE_ASSIGNMENT((#7378));
#7045=PRESENTATION_STYLE_ASSIGNMENT((#7379));
#7046=PRESENTATION_STYLE_ASSIGNMENT((#7380));
#7047=PRESENTATION_STYLE_ASSIGNMENT((#7381));
#7048=PRESENTATION_STYLE_ASSIGNMENT((#7382));
#7049=PRESENTATION_STYLE_ASSIGNMENT((#7383));
#7050=PRESENTATION_STYLE_ASSIGNMENT((#7384));
#7051=PRESENTATION_STYLE_ASSIGNMENT((#7385));
#7052=PRESENTATION_STYLE_ASSIGNMENT((#7386));
#7053=PRESENTATION_STYLE_ASSIGNMENT((#7387));
#7054=PRESENTATION_STYLE_ASSIGNMENT((#7388));
#7055=PRESENTATION_STYLE_ASSIGNMENT((#7389));
#7056=PRESENTATION_STYLE_ASSIGNMENT((#7390));
#7057=PRESENTATION_STYLE_ASSIGNMENT((#7391));
#7058=PRESENTATION_STYLE_ASSIGNMENT((#7392));
#7059=PRESENTATION_STYLE_ASSIGNMENT((#7393));
#7060=PRESENTATION_STYLE_ASSIGNMENT((#7394));
#7061=PRESENTATION_STYLE_ASSIGNMENT((#7395));
#7062=PRESENTATION_STYLE_ASSIGNMENT((#7396));
#7063=PRESENTATION_STYLE_ASSIGNMENT((#7397));
#7064=PRESENTATION_STYLE_ASSIGNMENT((#7398));
#7065=PRESENTATION_STYLE_ASSIGNMENT((#7399));
#7066=PRESENTATION_STYLE_ASSIGNMENT((#7400));
#7067=PRESENTATION_STYLE_ASSIGNMENT((#7401));
#7068=PRESENTATION_STYLE_ASSIGNMENT((#7402));
#7069=PRESENTATION_STYLE_ASSIGNMENT((#7403));
#7070=PRESENTATION_STYLE_ASSIGNMENT((#7404));
#7071=PRESENTATION_STYLE_ASSIGNMENT((#7405));
#7072=PRESENTATION_STYLE_ASSIGNMENT((#7406));
#7073=PRESENTATION_STYLE_ASSIGNMENT((#7407));
#7074=PRESENTATION_STYLE_ASSIGNMENT((#7408));
#7075=PRESENTATION_STYLE_ASSIGNMENT((#7409));
#7076=PRESENTATION_STYLE_ASSIGNMENT((#7410));
#7077=PRESENTATION_STYLE_ASSIGNMENT((#7411));
#7078=PRESENTATION_STYLE_ASSIGNMENT((#7412));
#7079=PRESENTATION_STYLE_ASSIGNMENT((#7413));
#7080=PRESENTATION_STYLE_ASSIGNMENT((#7414));
#7081=PRESENTATION_STYLE_ASSIGNMENT((#7415));
#7082=PRESENTATION_STYLE_ASSIGNMENT((#7416));
#7083=PRESENTATION_STYLE_ASSIGNMENT((#7417));
#7084=PRESENTATION_STYLE_ASSIGNMENT((#7418));
#7085=PRESENTATION_STYLE_ASSIGNMENT((#7419));
#7086=PRESENTATION_STYLE_ASSIGNMENT((#7420));
#7087=PRESENTATION_STYLE_ASSIGNMENT((#7421));
#7088=PRESENTATION_STYLE_ASSIGNMENT((#7422));
#7089=PRESENTATION_STYLE_ASSIGNMENT((#7423));
#7090=PRESENTATION_STYLE_ASSIGNMENT((#7424));
#7091=PRESENTATION_STYLE_ASSIGNMENT((#7425));
#7092=PRESENTATION_STYLE_ASSIGNMENT((#7426));
#7093=PRESENTATION_STYLE_ASSIGNMENT((#7427));
#7094=PRESENTATION_STYLE_ASSIGNMENT((#7428));
#7095=PRESENTATION_STYLE_ASSIGNMENT((#7429));
#7096=PRESENTATION_STYLE_ASSIGNMENT((#7430));
#7097=PRESENTATION_STYLE_ASSIGNMENT((#7431));
#7098=PRESENTATION_STYLE_ASSIGNMENT((#7432));
#7099=PRESENTATION_STYLE_ASSIGNMENT((#7433));
#7100=PRESENTATION_STYLE_ASSIGNMENT((#7434));
#7101=PRESENTATION_STYLE_ASSIGNMENT((#7435));
#7102=PRESENTATION_STYLE_ASSIGNMENT((#7436));
#7103=PRESENTATION_STYLE_ASSIGNMENT((#7437));
#7104=PRESENTATION_STYLE_ASSIGNMENT((#7438));
#7105=PRESENTATION_STYLE_ASSIGNMENT((#7439));
#7106=PRESENTATION_STYLE_ASSIGNMENT((#7440));
#7107=PRESENTATION_STYLE_ASSIGNMENT((#7441));
#7108=PRESENTATION_STYLE_ASSIGNMENT((#7442));
#7109=PRESENTATION_STYLE_ASSIGNMENT((#7443));
#7110=PRESENTATION_STYLE_ASSIGNMENT((#7444));
#7111=PRESENTATION_STYLE_ASSIGNMENT((#7445));
#7112=PRESENTATION_STYLE_ASSIGNMENT((#7446));
#7113=PRESENTATION_STYLE_ASSIGNMENT((#7447));
#7114=PRESENTATION_STYLE_ASSIGNMENT((#7448));
#7115=PRESENTATION_STYLE_ASSIGNMENT((#7449));
#7116=PRESENTATION_STYLE_ASSIGNMENT((#7450));
#7117=PRESENTATION_STYLE_ASSIGNMENT((#7451));
#7118=PRESENTATION_STYLE_ASSIGNMENT((#7452));
#7119=PRESENTATION_STYLE_ASSIGNMENT((#7453));
#7120=PRESENTATION_STYLE_ASSIGNMENT((#7454));
#7121=PRESENTATION_STYLE_ASSIGNMENT((#7455));
#7122=PRESENTATION_STYLE_ASSIGNMENT((#7456));
#7123=PRESENTATION_STYLE_ASSIGNMENT((#7457));
#7124=PRESENTATION_STYLE_ASSIGNMENT((#7458));
#7125=PRESENTATION_STYLE_ASSIGNMENT((#7459));
#7126=PRESENTATION_STYLE_ASSIGNMENT((#7460));
#7127=PRESENTATION_STYLE_ASSIGNMENT((#7461));
#7128=PRESENTATION_STYLE_ASSIGNMENT((#7462));
#7129=PRESENTATION_STYLE_ASSIGNMENT((#7463));
#7130=PRESENTATION_STYLE_ASSIGNMENT((#7464));
#7131=PRESENTATION_STYLE_ASSIGNMENT((#7465));
#7132=PRESENTATION_STYLE_ASSIGNMENT((#7466));
#7133=PRESENTATION_STYLE_ASSIGNMENT((#7467));
#7134=PRESENTATION_STYLE_ASSIGNMENT((#7468));
#7135=PRESENTATION_STYLE_ASSIGNMENT((#7469));
#7136=PRESENTATION_STYLE_ASSIGNMENT((#7470));
#7137=PRESENTATION_STYLE_ASSIGNMENT((#7471));
#7138=PRESENTATION_STYLE_ASSIGNMENT((#7472));
#7139=SURFACE_STYLE_USAGE(.BOTH.,#7473);
#7140=SURFACE_STYLE_USAGE(.BOTH.,#7474);
#7141=SURFACE_STYLE_USAGE(.BOTH.,#7475);
#7142=SURFACE_STYLE_USAGE(.BOTH.,#7476);
#7143=SURFACE_STYLE_USAGE(.BOTH.,#7477);
#7144=SURFACE_STYLE_USAGE(.BOTH.,#7478);
#7145=SURFACE_STYLE_USAGE(.BOTH.,#7479);
#7146=SURFACE_STYLE_USAGE(.BOTH.,#7480);
#7147=SURFACE_STYLE_USAGE(.BOTH.,#7481);
#7148=SURFACE_STYLE_USAGE(.BOTH.,#7482);
#7149=SURFACE_STYLE_USAGE(.BOTH.,#7483);
#7150=SURFACE_STYLE_USAGE(.BOTH.,#7484);
#7151=SURFACE_STYLE_USAGE(.BOTH.,#7485);
#7152=SURFACE_STYLE_USAGE(.BOTH.,#7486);
#7153=SURFACE_STYLE_USAGE(.BOTH.,#7487);
#7154=SURFACE_STYLE_USAGE(.BOTH.,#7488);
#7155=SURFACE_STYLE_USAGE(.BOTH.,#7489);
#7156=SURFACE_STYLE_USAGE(.BOTH.,#7490);
#7157=SURFACE_STYLE_USAGE(.BOTH.,#7491);
#7158=SURFACE_STYLE_USAGE(.BOTH.,#7492);
#7159=SURFACE_STYLE_USAGE(.BOTH.,#7493);
#7160=SURFACE_STYLE_USAGE(.BOTH.,#7494);
#7161=SURFACE_STYLE_USAGE(.BOTH.,#7495);
#7162=SURFACE_STYLE_USAGE(.BOTH.,#7496);
#7163=SURFACE_STYLE_USAGE(.BOTH.,#7497);
#7164=SURFACE_STYLE_USAGE(.BOTH.,#7498);
#7165=SURFACE_STYLE_USAGE(.BOTH.,#7499);
#7166=SURFACE_STYLE_USAGE(.BOTH.,#7500);
#7167=SURFACE_STYLE_USAGE(.BOTH.,#7501);
#7168=SURFACE_STYLE_USAGE(.BOTH.,#7502);
#7169=SURFACE_STYLE_USAGE(.BOTH.,#7503);
#7170=SURFACE_STYLE_USAGE(.BOTH.,#7504);
#7171=SURFACE_STYLE_USAGE(.BOTH.,#7505);
#7172=SURFACE_STYLE_USAGE(.BOTH.,#7506);
#7173=SURFACE_STYLE_USAGE(.BOTH.,#7507);
#7174=SURFACE_STYLE_USAGE(.BOTH.,#7508);
#7175=SURFACE_STYLE_USAGE(.BOTH.,#7509);
#7176=SURFACE_STYLE_USAGE(.BOTH.,#7510);
#7177=SURFACE_STYLE_USAGE(.BOTH.,#7511);
#7178=SURFACE_STYLE_USAGE(.BOTH.,#7512);
#7179=SURFACE_STYLE_USAGE(.BOTH.,#7513);
#7180=SURFACE_STYLE_USAGE(.BOTH.,#7514);
#7181=SURFACE_STYLE_USAGE(.BOTH.,#7515);
#7182=SURFACE_STYLE_USAGE(.BOTH.,#7516);
#7183=SURFACE_STYLE_USAGE(.BOTH.,#7517);
#7184=SURFACE_STYLE_USAGE(.BOTH.,#7518);
#7185=SURFACE_STYLE_USAGE(.BOTH.,#7519);
#7186=SURFACE_STYLE_USAGE(.BOTH.,#7520);
#7187=SURFACE_STYLE_USAGE(.BOTH.,#7521);
#7188=SURFACE_STYLE_USAGE(.BOTH.,#7522);
#7189=SURFACE_STYLE_USAGE(.BOTH.,#7523);
#7190=SURFACE_STYLE_USAGE(.BOTH.,#7524);
#7191=SURFACE_STYLE_USAGE(.BOTH.,#7525);
#7192=SURFACE_STYLE_USAGE(.BOTH.,#7526);
#7193=SURFACE_STYLE_USAGE(.BOTH.,#7527);
#7194=SURFACE_STYLE_USAGE(.BOTH.,#7528);
#7195=SURFACE_STYLE_USAGE(.BOTH.,#7529);
#7196=SURFACE_STYLE_USAGE(.BOTH.,#7530);
#7197=SURFACE_STYLE_USAGE(.BOTH.,#7531);
#7198=SURFACE_STYLE_USAGE(.BOTH.,#7532);
#7199=SURFACE_STYLE_USAGE(.BOTH.,#7533);
#7200=SURFACE_STYLE_USAGE(.BOTH.,#7534);
#7201=SURFACE_STYLE_USAGE(.BOTH.,#7535);
#7202=SURFACE_STYLE_USAGE(.BOTH.,#7536);
#7203=SURFACE_STYLE_USAGE(.BOTH.,#7537);
#7204=SURFACE_STYLE_USAGE(.BOTH.,#7538);
#7205=SURFACE_STYLE_USAGE(.BOTH.,#7539);
#7206=SURFACE_STYLE_USAGE(.BOTH.,#7540);
#7207=SURFACE_STYLE_USAGE(.BOTH.,#7541);
#7208=SURFACE_STYLE_USAGE(.BOTH.,#7542);
#7209=SURFACE_STYLE_USAGE(.BOTH.,#7543);
#7210=SURFACE_STYLE_USAGE(.BOTH.,#7544);
#7211=SURFACE_STYLE_USAGE(.BOTH.,#7545);
#7212=SURFACE_STYLE_USAGE(.BOTH.,#7546);
#7213=SURFACE_STYLE_USAGE(.BOTH.,#7547);
#7214=SURFACE_STYLE_USAGE(.BOTH.,#7548);
#7215=SURFACE_STYLE_USAGE(.BOTH.,#7549);
#7216=SURFACE_STYLE_USAGE(.BOTH.,#7550);
#7217=SURFACE_STYLE_USAGE(.BOTH.,#7551);
#7218=SURFACE_STYLE_USAGE(.BOTH.,#7552);
#7219=SURFACE_STYLE_USAGE(.BOTH.,#7553);
#7220=SURFACE_STYLE_USAGE(.BOTH.,#7554);
#7221=SURFACE_STYLE_USAGE(.BOTH.,#7555);
#7222=SURFACE_STYLE_USAGE(.BOTH.,#7556);
#7223=SURFACE_STYLE_USAGE(.BOTH.,#7557);
#7224=SURFACE_STYLE_USAGE(.BOTH.,#7558);
#7225=SURFACE_STYLE_USAGE(.BOTH.,#7559);
#7226=SURFACE_STYLE_USAGE(.BOTH.,#7560);
#7227=SURFACE_STYLE_USAGE(.BOTH.,#7561);
#7228=SURFACE_STYLE_USAGE(.BOTH.,#7562);
#7229=SURFACE_STYLE_USAGE(.BOTH.,#7563);
#7230=SURFACE_STYLE_USAGE(.BOTH.,#7564);
#7231=SURFACE_STYLE_USAGE(.BOTH.,#7565);
#7232=SURFACE_STYLE_USAGE(.BOTH.,#7566);
#7233=SURFACE_STYLE_USAGE(.BOTH.,#7567);
#7234=SURFACE_STYLE_USAGE(.BOTH.,#7568);
#7235=SURFACE_STYLE_USAGE(.BOTH.,#7569);
#7236=SURFACE_STYLE_USAGE(.BOTH.,#7570);
#7237=SURFACE_STYLE_USAGE(.BOTH.,#7571);
#7238=SURFACE_STYLE_USAGE(.BOTH.,#7572);
#7239=SURFACE_STYLE_USAGE(.BOTH.,#7573);
#7240=SURFACE_STYLE_USAGE(.BOTH.,#7574);
#7241=SURFACE_STYLE_USAGE(.BOTH.,#7575);
#7242=SURFACE_STYLE_USAGE(.BOTH.,#7576);
#7243=SURFACE_STYLE_USAGE(.BOTH.,#7577);
#7244=SURFACE_STYLE_USAGE(.BOTH.,#7578);
#7245=SURFACE_STYLE_USAGE(.BOTH.,#7579);
#7246=SURFACE_STYLE_USAGE(.BOTH.,#7580);
#7247=SURFACE_STYLE_USAGE(.BOTH.,#7581);
#7248=SURFACE_STYLE_USAGE(.BOTH.,#7582);
#7249=SURFACE_STYLE_USAGE(.BOTH.,#7583);
#7250=SURFACE_STYLE_USAGE(.BOTH.,#7584);
#7251=SURFACE_STYLE_USAGE(.BOTH.,#7585);
#7252=SURFACE_STYLE_USAGE(.BOTH.,#7586);
#7253=SURFACE_STYLE_USAGE(.BOTH.,#7587);
#7254=SURFACE_STYLE_USAGE(.BOTH.,#7588);
#7255=SURFACE_STYLE_USAGE(.BOTH.,#7589);
#7256=SURFACE_STYLE_USAGE(.BOTH.,#7590);
#7257=SURFACE_STYLE_USAGE(.BOTH.,#7591);
#7258=SURFACE_STYLE_USAGE(.BOTH.,#7592);
#7259=SURFACE_STYLE_USAGE(.BOTH.,#7593);
#7260=SURFACE_STYLE_USAGE(.BOTH.,#7594);
#7261=SURFACE_STYLE_USAGE(.BOTH.,#7595);
#7262=SURFACE_STYLE_USAGE(.BOTH.,#7596);
#7263=SURFACE_STYLE_USAGE(.BOTH.,#7597);
#7264=SURFACE_STYLE_USAGE(.BOTH.,#7598);
#7265=SURFACE_STYLE_USAGE(.BOTH.,#7599);
#7266=SURFACE_STYLE_USAGE(.BOTH.,#7600);
#7267=SURFACE_STYLE_USAGE(.BOTH.,#7601);
#7268=SURFACE_STYLE_USAGE(.BOTH.,#7602);
#7269=SURFACE_STYLE_USAGE(.BOTH.,#7603);
#7270=SURFACE_STYLE_USAGE(.BOTH.,#7604);
#7271=SURFACE_STYLE_USAGE(.BOTH.,#7605);
#7272=SURFACE_STYLE_USAGE(.BOTH.,#7606);
#7273=SURFACE_STYLE_USAGE(.BOTH.,#7607);
#7274=SURFACE_STYLE_USAGE(.BOTH.,#7608);
#7275=SURFACE_STYLE_USAGE(.BOTH.,#7609);
#7276=SURFACE_STYLE_USAGE(.BOTH.,#7610);
#7277=SURFACE_STYLE_USAGE(.BOTH.,#7611);
#7278=SURFACE_STYLE_USAGE(.BOTH.,#7612);
#7279=SURFACE_STYLE_USAGE(.BOTH.,#7613);
#7280=SURFACE_STYLE_USAGE(.BOTH.,#7614);
#7281=SURFACE_STYLE_USAGE(.BOTH.,#7615);
#7282=SURFACE_STYLE_USAGE(.BOTH.,#7616);
#7283=SURFACE_STYLE_USAGE(.BOTH.,#7617);
#7284=SURFACE_STYLE_USAGE(.BOTH.,#7618);
#7285=SURFACE_STYLE_USAGE(.BOTH.,#7619);
#7286=SURFACE_STYLE_USAGE(.BOTH.,#7620);
#7287=SURFACE_STYLE_USAGE(.BOTH.,#7621);
#7288=SURFACE_STYLE_USAGE(.BOTH.,#7622);
#7289=SURFACE_STYLE_USAGE(.BOTH.,#7623);
#7290=SURFACE_STYLE_USAGE(.BOTH.,#7624);
#7291=SURFACE_STYLE_USAGE(.BOTH.,#7625);
#7292=SURFACE_STYLE_USAGE(.BOTH.,#7626);
#7293=SURFACE_STYLE_USAGE(.BOTH.,#7627);
#7294=SURFACE_STYLE_USAGE(.BOTH.,#7628);
#7295=SURFACE_STYLE_USAGE(.BOTH.,#7629);
#7296=SURFACE_STYLE_USAGE(.BOTH.,#7630);
#7297=SURFACE_STYLE_USAGE(.BOTH.,#7631);
#7298=SURFACE_STYLE_USAGE(.BOTH.,#7632);
#7299=SURFACE_STYLE_USAGE(.BOTH.,#7633);
#7300=SURFACE_STYLE_USAGE(.BOTH.,#7634);
#7301=SURFACE_STYLE_USAGE(.BOTH.,#7635);
#7302=SURFACE_STYLE_USAGE(.BOTH.,#7636);
#7303=SURFACE_STYLE_USAGE(.BOTH.,#7637);
#7304=SURFACE_STYLE_USAGE(.BOTH.,#7638);
#7305=SURFACE_STYLE_USAGE(.BOTH.,#7639);
#7306=SURFACE_STYLE_USAGE(.BOTH.,#7640);
#7307=SURFACE_STYLE_USAGE(.BOTH.,#7641);
#7308=SURFACE_STYLE_USAGE(.BOTH.,#7642);
#7309=SURFACE_STYLE_USAGE(.BOTH.,#7643);
#7310=SURFACE_STYLE_USAGE(.BOTH.,#7644);
#7311=SURFACE_STYLE_USAGE(.BOTH.,#7645);
#7312=SURFACE_STYLE_USAGE(.BOTH.,#7646);
#7313=SURFACE_STYLE_USAGE(.BOTH.,#7647);
#7314=SURFACE_STYLE_USAGE(.BOTH.,#7648);
#7315=SURFACE_STYLE_USAGE(.BOTH.,#7649);
#7316=SURFACE_STYLE_USAGE(.BOTH.,#7650);
#7317=SURFACE_STYLE_USAGE(.BOTH.,#7651);
#7318=SURFACE_STYLE_USAGE(.BOTH.,#7652);
#7319=SURFACE_STYLE_USAGE(.BOTH.,#7653);
#7320=SURFACE_STYLE_USAGE(.BOTH.,#7654);
#7321=SURFACE_STYLE_USAGE(.BOTH.,#7655);
#7322=SURFACE_STYLE_USAGE(.BOTH.,#7656);
#7323=SURFACE_STYLE_USAGE(.BOTH.,#7657);
#7324=SURFACE_STYLE_USAGE(.BOTH.,#7658);
#7325=SURFACE_STYLE_USAGE(.BOTH.,#7659);
#7326=SURFACE_STYLE_USAGE(.BOTH.,#7660);
#7327=SURFACE_STYLE_USAGE(.BOTH.,#7661);
#7328=SURFACE_STYLE_USAGE(.BOTH.,#7662);
#7329=SURFACE_STYLE_USAGE(.BOTH.,#7663);
#7330=SURFACE_STYLE_USAGE(.BOTH.,#7664);
#7331=SURFACE_STYLE_USAGE(.BOTH.,#7665);
#7332=SURFACE_STYLE_USAGE(.BOTH.,#7666);
#7333=SURFACE_STYLE_USAGE(.BOTH.,#7667);
#7334=SURFACE_STYLE_USAGE(.BOTH.,#7668);
#7335=SURFACE_STYLE_USAGE(.BOTH.,#7669);
#7336=SURFACE_STYLE_USAGE(.BOTH.,#7670);
#7337=SURFACE_STYLE_USAGE(.BOTH.,#7671);
#7338=SURFACE_STYLE_USAGE(.BOTH.,#7672);
#7339=SURFACE_STYLE_USAGE(.BOTH.,#7673);
#7340=SURFACE_STYLE_USAGE(.BOTH.,#7674);
#7341=SURFACE_STYLE_USAGE(.BOTH.,#7675);
#7342=SURFACE_STYLE_USAGE(.BOTH.,#7676);
#7343=SURFACE_STYLE_USAGE(.BOTH.,#7677);
#7344=SURFACE_STYLE_USAGE(.BOTH.,#7678);
#7345=SURFACE_STYLE_USAGE(.BOTH.,#7679);
#7346=SURFACE_STYLE_USAGE(.BOTH.,#7680);
#7347=SURFACE_STYLE_USAGE(.BOTH.,#7681);
#7348=SURFACE_STYLE_USAGE(.BOTH.,#7682);
#7349=SURFACE_STYLE_USAGE(.BOTH.,#7683);
#7350=SURFACE_STYLE_USAGE(.BOTH.,#7684);
#7351=SURFACE_STYLE_USAGE(.BOTH.,#7685);
#7352=SURFACE_STYLE_USAGE(.BOTH.,#7686);
#7353=SURFACE_STYLE_USAGE(.BOTH.,#7687);
#7354=SURFACE_STYLE_USAGE(.BOTH.,#7688);
#7355=SURFACE_STYLE_USAGE(.BOTH.,#7689);
#7356=SURFACE_STYLE_USAGE(.BOTH.,#7690);
#7357=SURFACE_STYLE_USAGE(.BOTH.,#7691);
#7358=SURFACE_STYLE_USAGE(.BOTH.,#7692);
#7359=SURFACE_STYLE_USAGE(.BOTH.,#7693);
#7360=SURFACE_STYLE_USAGE(.BOTH.,#7694);
#7361=SURFACE_STYLE_USAGE(.BOTH.,#7695);
#7362=SURFACE_STYLE_USAGE(.BOTH.,#7696);
#7363=SURFACE_STYLE_USAGE(.BOTH.,#7697);
#7364=SURFACE_STYLE_USAGE(.BOTH.,#7698);
#7365=SURFACE_STYLE_USAGE(.BOTH.,#7699);
#7366=SURFACE_STYLE_USAGE(.BOTH.,#7700);
#7367=SURFACE_STYLE_USAGE(.BOTH.,#7701);
#7368=SURFACE_STYLE_USAGE(.BOTH.,#7702);
#7369=SURFACE_STYLE_USAGE(.BOTH.,#7703);
#7370=SURFACE_STYLE_USAGE(.BOTH.,#7704);
#7371=SURFACE_STYLE_USAGE(.BOTH.,#7705);
#7372=SURFACE_STYLE_USAGE(.BOTH.,#7706);
#7373=SURFACE_STYLE_USAGE(.BOTH.,#7707);
#7374=SURFACE_STYLE_USAGE(.BOTH.,#7708);
#7375=SURFACE_STYLE_USAGE(.BOTH.,#7709);
#7376=SURFACE_STYLE_USAGE(.BOTH.,#7710);
#7377=SURFACE_STYLE_USAGE(.BOTH.,#7711);
#7378=SURFACE_STYLE_USAGE(.BOTH.,#7712);
#7379=SURFACE_STYLE_USAGE(.BOTH.,#7713);
#7380=SURFACE_STYLE_USAGE(.BOTH.,#7714);
#7381=SURFACE_STYLE_USAGE(.BOTH.,#7715);
#7382=SURFACE_STYLE_USAGE(.BOTH.,#7716);
#7383=SURFACE_STYLE_USAGE(.BOTH.,#7717);
#7384=SURFACE_STYLE_USAGE(.BOTH.,#7718);
#7385=SURFACE_STYLE_USAGE(.BOTH.,#7719);
#7386=SURFACE_STYLE_USAGE(.BOTH.,#7720);
#7387=SURFACE_STYLE_USAGE(.BOTH.,#7721);
#7388=SURFACE_STYLE_USAGE(.BOTH.,#7722);
#7389=SURFACE_STYLE_USAGE(.BOTH.,#7723);
#7390=SURFACE_STYLE_USAGE(.BOTH.,#7724);
#7391=SURFACE_STYLE_USAGE(.BOTH.,#7725);
#7392=SURFACE_STYLE_USAGE(.BOTH.,#7726);
#7393=SURFACE_STYLE_USAGE(.BOTH.,#7727);
#7394=SURFACE_STYLE_USAGE(.BOTH.,#7728);
#7395=SURFACE_STYLE_USAGE(.BOTH.,#7729);
#7396=SURFACE_STYLE_USAGE(.BOTH.,#7730);
#7397=SURFACE_STYLE_USAGE(.BOTH.,#7731);
#7398=SURFACE_STYLE_USAGE(.BOTH.,#7732);
#7399=SURFACE_STYLE_USAGE(.BOTH.,#7733);
#7400=SURFACE_STYLE_USAGE(.BOTH.,#7734);
#7401=SURFACE_STYLE_USAGE(.BOTH.,#7735);
#7402=SURFACE_STYLE_USAGE(.BOTH.,#7736);
#7403=SURFACE_STYLE_USAGE(.BOTH.,#7737);
#7404=SURFACE_STYLE_USAGE(.BOTH.,#7738);
#7405=SURFACE_STYLE_USAGE(.BOTH.,#7739);
#7406=SURFACE_STYLE_USAGE(.BOTH.,#7740);
#7407=SURFACE_STYLE_USAGE(.BOTH.,#7741);
#7408=SURFACE_STYLE_USAGE(.BOTH.,#7742);
#7409=SURFACE_STYLE_USAGE(.BOTH.,#7743);
#7410=SURFACE_STYLE_USAGE(.BOTH.,#7744);
#7411=SURFACE_STYLE_USAGE(.BOTH.,#7745);
#7412=SURFACE_STYLE_USAGE(.BOTH.,#7746);
#7413=SURFACE_STYLE_USAGE(.BOTH.,#7747);
#7414=SURFACE_STYLE_USAGE(.BOTH.,#7748);
#7415=SURFACE_STYLE_USAGE(.BOTH.,#7749);
#7416=SURFACE_STYLE_USAGE(.BOTH.,#7750);
#7417=SURFACE_STYLE_USAGE(.BOTH.,#7751);
#7418=SURFACE_STYLE_USAGE(.BOTH.,#7752);
#7419=SURFACE_STYLE_USAGE(.BOTH.,#7753);
#7420=SURFACE_STYLE_USAGE(.BOTH.,#7754);
#7421=SURFACE_STYLE_USAGE(.BOTH.,#7755);
#7422=SURFACE_STYLE_USAGE(.BOTH.,#7756);
#7423=SURFACE_STYLE_USAGE(.BOTH.,#7757);
#7424=SURFACE_STYLE_USAGE(.BOTH.,#7758);
#7425=SURFACE_STYLE_USAGE(.BOTH.,#7759);
#7426=SURFACE_STYLE_USAGE(.BOTH.,#7760);
#7427=SURFACE_STYLE_USAGE(.BOTH.,#7761);
#7428=SURFACE_STYLE_USAGE(.BOTH.,#7762);
#7429=SURFACE_STYLE_USAGE(.BOTH.,#7763);
#7430=SURFACE_STYLE_USAGE(.BOTH.,#7764);
#7431=SURFACE_STYLE_USAGE(.BOTH.,#7765);
#7432=SURFACE_STYLE_USAGE(.BOTH.,#7766);
#7433=SURFACE_STYLE_USAGE(.BOTH.,#7767);
#7434=SURFACE_STYLE_USAGE(.BOTH.,#7768);
#7435=SURFACE_STYLE_USAGE(.BOTH.,#7769);
#7436=SURFACE_STYLE_USAGE(.BOTH.,#7770);
#7437=SURFACE_STYLE_USAGE(.BOTH.,#7771);
#7438=SURFACE_STYLE_USAGE(.BOTH.,#7772);
#7439=SURFACE_STYLE_USAGE(.BOTH.,#7773);
#7440=SURFACE_STYLE_USAGE(.BOTH.,#7774);
#7441=SURFACE_STYLE_USAGE(.BOTH.,#7775);
#7442=SURFACE_STYLE_USAGE(.BOTH.,#7776);
#7443=SURFACE_STYLE_USAGE(.BOTH.,#7777);
#7444=SURFACE_STYLE_USAGE(.BOTH.,#7778);
#7445=SURFACE_STYLE_USAGE(.BOTH.,#7779);
#7446=SURFACE_STYLE_USAGE(.BOTH.,#7780);
#7447=SURFACE_STYLE_USAGE(.BOTH.,#7781);
#7448=SURFACE_STYLE_USAGE(.BOTH.,#7782);
#7449=SURFACE_STYLE_USAGE(.BOTH.,#7783);
#7450=SURFACE_STYLE_USAGE(.BOTH.,#7784);
#7451=SURFACE_STYLE_USAGE(.BOTH.,#7785);
#7452=SURFACE_STYLE_USAGE(.BOTH.,#7786);
#7453=SURFACE_STYLE_USAGE(.BOTH.,#7787);
#7454=SURFACE_STYLE_USAGE(.BOTH.,#7788);
#7455=SURFACE_STYLE_USAGE(.BOTH.,#7789);
#7456=SURFACE_STYLE_USAGE(.BOTH.,#7790);
#7457=SURFACE_STYLE_USAGE(.BOTH.,#7791);
#7458=SURFACE_STYLE_USAGE(.BOTH.,#7792);
#7459=SURFACE_STYLE_USAGE(.BOTH.,#7793);
#7460=SURFACE_STYLE_USAGE(.BOTH.,#7794);
#7461=SURFACE_STYLE_USAGE(.BOTH.,#7795);
#7462=SURFACE_STYLE_USAGE(.BOTH.,#7796);
#7463=SURFACE_STYLE_USAGE(.BOTH.,#7797);
#7464=SURFACE_STYLE_USAGE(.BOTH.,#7798);
#7465=SURFACE_STYLE_USAGE(.BOTH.,#7799);
#7466=SURFACE_STYLE_USAGE(.BOTH.,#7800);
#7467=SURFACE_STYLE_USAGE(.BOTH.,#7801);
#7468=SURFACE_STYLE_USAGE(.BOTH.,#7802);
#7469=SURFACE_STYLE_USAGE(.BOTH.,#7803);
#7470=SURFACE_STYLE_USAGE(.BOTH.,#7804);
#7471=SURFACE_STYLE_USAGE(.BOTH.,#7805);
#7472=SURFACE_STYLE_USAGE(.BOTH.,#7806);
#7473=SURFACE_SIDE_STYLE('',(#7807));
#7474=SURFACE_SIDE_STYLE('',(#7808));
#7475=SURFACE_SIDE_STYLE('',(#7809));
#7476=SURFACE_SIDE_STYLE('',(#7810));
#7477=SURFACE_SIDE_STYLE('',(#7811));
#7478=SURFACE_SIDE_STYLE('',(#7812));
#7479=SURFACE_SIDE_STYLE('',(#7813));
#7480=SURFACE_SIDE_STYLE('',(#7814));
#7481=SURFACE_SIDE_STYLE('',(#7815));
#7482=SURFACE_SIDE_STYLE('',(#7816));
#7483=SURFACE_SIDE_STYLE('',(#7817));
#7484=SURFACE_SIDE_STYLE('',(#7818));
#7485=SURFACE_SIDE_STYLE('',(#7819));
#7486=SURFACE_SIDE_STYLE('',(#7820));
#7487=SURFACE_SIDE_STYLE('',(#7821));
#7488=SURFACE_SIDE_STYLE('',(#7822));
#7489=SURFACE_SIDE_STYLE('',(#7823));
#7490=SURFACE_SIDE_STYLE('',(#7824));
#7491=SURFACE_SIDE_STYLE('',(#7825));
#7492=SURFACE_SIDE_STYLE('',(#7826));
#7493=SURFACE_SIDE_STYLE('',(#7827));
#7494=SURFACE_SIDE_STYLE('',(#7828));
#7495=SURFACE_SIDE_STYLE('',(#7829));
#7496=SURFACE_SIDE_STYLE('',(#7830));
#7497=SURFACE_SIDE_STYLE('',(#7831));
#7498=SURFACE_SIDE_STYLE('',(#7832));
#7499=SURFACE_SIDE_STYLE('',(#7833));
#7500=SURFACE_SIDE_STYLE('',(#7834));
#7501=SURFACE_SIDE_STYLE('',(#7835));
#7502=SURFACE_SIDE_STYLE('',(#7836));
#7503=SURFACE_SIDE_STYLE('',(#7837));
#7504=SURFACE_SIDE_STYLE('',(#7838));
#7505=SURFACE_SIDE_STYLE('',(#7839));
#7506=SURFACE_SIDE_STYLE('',(#7840));
#7507=SURFACE_SIDE_STYLE('',(#7841));
#7508=SURFACE_SIDE_STYLE('',(#7842));
#7509=SURFACE_SIDE_STYLE('',(#7843));
#7510=SURFACE_SIDE_STYLE('',(#7844));
#7511=SURFACE_SIDE_STYLE('',(#7845));
#7512=SURFACE_SIDE_STYLE('',(#7846));
#7513=SURFACE_SIDE_STYLE('',(#7847));
#7514=SURFACE_SIDE_STYLE('',(#7848));
#7515=SURFACE_SIDE_STYLE('',(#7849));
#7516=SURFACE_SIDE_STYLE('',(#7850));
#7517=SURFACE_SIDE_STYLE('',(#7851));
#7518=SURFACE_SIDE_STYLE('',(#7852));
#7519=SURFACE_SIDE_STYLE('',(#7853));
#7520=SURFACE_SIDE_STYLE('',(#7854));
#7521=SURFACE_SIDE_STYLE('',(#7855));
#7522=SURFACE_SIDE_STYLE('',(#7856));
#7523=SURFACE_SIDE_STYLE('',(#7857));
#7524=SURFACE_SIDE_STYLE('',(#7858));
#7525=SURFACE_SIDE_STYLE('',(#7859));
#7526=SURFACE_SIDE_STYLE('',(#7860));
#7527=SURFACE_SIDE_STYLE('',(#7861));
#7528=SURFACE_SIDE_STYLE('',(#7862));
#7529=SURFACE_SIDE_STYLE('',(#7863));
#7530=SURFACE_SIDE_STYLE('',(#7864));
#7531=SURFACE_SIDE_STYLE('',(#7865));
#7532=SURFACE_SIDE_STYLE('',(#7866));
#7533=SURFACE_SIDE_STYLE('',(#7867));
#7534=SURFACE_SIDE_STYLE('',(#7868));
#7535=SURFACE_SIDE_STYLE('',(#7869));
#7536=SURFACE_SIDE_STYLE('',(#7870));
#7537=SURFACE_SIDE_STYLE('',(#7871));
#7538=SURFACE_SIDE_STYLE('',(#7872));
#7539=SURFACE_SIDE_STYLE('',(#7873));
#7540=SURFACE_SIDE_STYLE('',(#7874));
#7541=SURFACE_SIDE_STYLE('',(#7875));
#7542=SURFACE_SIDE_STYLE('',(#7876));
#7543=SURFACE_SIDE_STYLE('',(#7877));
#7544=SURFACE_SIDE_STYLE('',(#7878));
#7545=SURFACE_SIDE_STYLE('',(#7879));
#7546=SURFACE_SIDE_STYLE('',(#7880));
#7547=SURFACE_SIDE_STYLE('',(#7881));
#7548=SURFACE_SIDE_STYLE('',(#7882));
#7549=SURFACE_SIDE_STYLE('',(#7883));
#7550=SURFACE_SIDE_STYLE('',(#7884));
#7551=SURFACE_SIDE_STYLE('',(#7885));
#7552=SURFACE_SIDE_STYLE('',(#7886));
#7553=SURFACE_SIDE_STYLE('',(#7887));
#7554=SURFACE_SIDE_STYLE('',(#7888));
#7555=SURFACE_SIDE_STYLE('',(#7889));
#7556=SURFACE_SIDE_STYLE('',(#7890));
#7557=SURFACE_SIDE_STYLE('',(#7891));
#7558=SURFACE_SIDE_STYLE('',(#7892));
#7559=SURFACE_SIDE_STYLE('',(#7893));
#7560=SURFACE_SIDE_STYLE('',(#7894));
#7561=SURFACE_SIDE_STYLE('',(#7895));
#7562=SURFACE_SIDE_STYLE('',(#7896));
#7563=SURFACE_SIDE_STYLE('',(#7897));
#7564=SURFACE_SIDE_STYLE('',(#7898));
#7565=SURFACE_SIDE_STYLE('',(#7899));
#7566=SURFACE_SIDE_STYLE('',(#7900));
#7567=SURFACE_SIDE_STYLE('',(#7901));
#7568=SURFACE_SIDE_STYLE('',(#7902));
#7569=SURFACE_SIDE_STYLE('',(#7903));
#7570=SURFACE_SIDE_STYLE('',(#7904));
#7571=SURFACE_SIDE_STYLE('',(#7905));
#7572=SURFACE_SIDE_STYLE('',(#7906));
#7573=SURFACE_SIDE_STYLE('',(#7907));
#7574=SURFACE_SIDE_STYLE('',(#7908));
#7575=SURFACE_SIDE_STYLE('',(#7909));
#7576=SURFACE_SIDE_STYLE('',(#7910));
#7577=SURFACE_SIDE_STYLE('',(#7911));
#7578=SURFACE_SIDE_STYLE('',(#7912));
#7579=SURFACE_SIDE_STYLE('',(#7913));
#7580=SURFACE_SIDE_STYLE('',(#7914));
#7581=SURFACE_SIDE_STYLE('',(#7915));
#7582=SURFACE_SIDE_STYLE('',(#7916));
#7583=SURFACE_SIDE_STYLE('',(#7917));
#7584=SURFACE_SIDE_STYLE('',(#7918));
#7585=SURFACE_SIDE_STYLE('',(#7919));
#7586=SURFACE_SIDE_STYLE('',(#7920));
#7587=SURFACE_SIDE_STYLE('',(#7921));
#7588=SURFACE_SIDE_STYLE('',(#7922));
#7589=SURFACE_SIDE_STYLE('',(#7923));
#7590=SURFACE_SIDE_STYLE('',(#7924));
#7591=SURFACE_SIDE_STYLE('',(#7925));
#7592=SURFACE_SIDE_STYLE('',(#7926));
#7593=SURFACE_SIDE_STYLE('',(#7927));
#7594=SURFACE_SIDE_STYLE('',(#7928));
#7595=SURFACE_SIDE_STYLE('',(#7929));
#7596=SURFACE_SIDE_STYLE('',(#7930));
#7597=SURFACE_SIDE_STYLE('',(#7931));
#7598=SURFACE_SIDE_STYLE('',(#7932));
#7599=SURFACE_SIDE_STYLE('',(#7933));
#7600=SURFACE_SIDE_STYLE('',(#7934));
#7601=SURFACE_SIDE_STYLE('',(#7935));
#7602=SURFACE_SIDE_STYLE('',(#7936));
#7603=SURFACE_SIDE_STYLE('',(#7937));
#7604=SURFACE_SIDE_STYLE('',(#7938));
#7605=SURFACE_SIDE_STYLE('',(#7939));
#7606=SURFACE_SIDE_STYLE('',(#7940));
#7607=SURFACE_SIDE_STYLE('',(#7941));
#7608=SURFACE_SIDE_STYLE('',(#7942));
#7609=SURFACE_SIDE_STYLE('',(#7943));
#7610=SURFACE_SIDE_STYLE('',(#7944));
#7611=SURFACE_SIDE_STYLE('',(#7945));
#7612=SURFACE_SIDE_STYLE('',(#7946));
#7613=SURFACE_SIDE_STYLE('',(#7947));
#7614=SURFACE_SIDE_STYLE('',(#7948));
#7615=SURFACE_SIDE_STYLE('',(#7949));
#7616=SURFACE_SIDE_STYLE('',(#7950));
#7617=SURFACE_SIDE_STYLE('',(#7951));
#7618=SURFACE_SIDE_STYLE('',(#7952));
#7619=SURFACE_SIDE_STYLE('',(#7953));
#7620=SURFACE_SIDE_STYLE('',(#7954));
#7621=SURFACE_SIDE_STYLE('',(#7955));
#7622=SURFACE_SIDE_STYLE('',(#7956));
#7623=SURFACE_SIDE_STYLE('',(#7957));
#7624=SURFACE_SIDE_STYLE('',(#7958));
#7625=SURFACE_SIDE_STYLE('',(#7959));
#7626=SURFACE_SIDE_STYLE('',(#7960));
#7627=SURFACE_SIDE_STYLE('',(#7961));
#7628=SURFACE_SIDE_STYLE('',(#7962));
#7629=SURFACE_SIDE_STYLE('',(#7963));
#7630=SURFACE_SIDE_STYLE('',(#7964));
#7631=SURFACE_SIDE_STYLE('',(#7965));
#7632=SURFACE_SIDE_STYLE('',(#7966));
#7633=SURFACE_SIDE_STYLE('',(#7967));
#7634=SURFACE_SIDE_STYLE('',(#7968));
#7635=SURFACE_SIDE_STYLE('',(#7969));
#7636=SURFACE_SIDE_STYLE('',(#7970));
#7637=SURFACE_SIDE_STYLE('',(#7971));
#7638=SURFACE_SIDE_STYLE('',(#7972));
#7639=SURFACE_SIDE_STYLE('',(#7973));
#7640=SURFACE_SIDE_STYLE('',(#7974));
#7641=SURFACE_SIDE_STYLE('',(#7975));
#7642=SURFACE_SIDE_STYLE('',(#7976));
#7643=SURFACE_SIDE_STYLE('',(#7977));
#7644=SURFACE_SIDE_STYLE('',(#7978));
#7645=SURFACE_SIDE_STYLE('',(#7979));
#7646=SURFACE_SIDE_STYLE('',(#7980));
#7647=SURFACE_SIDE_STYLE('',(#7981));
#7648=SURFACE_SIDE_STYLE('',(#7982));
#7649=SURFACE_SIDE_STYLE('',(#7983));
#7650=SURFACE_SIDE_STYLE('',(#7984));
#7651=SURFACE_SIDE_STYLE('',(#7985));
#7652=SURFACE_SIDE_STYLE('',(#7986));
#7653=SURFACE_SIDE_STYLE('',(#7987));
#7654=SURFACE_SIDE_STYLE('',(#7988));
#7655=SURFACE_SIDE_STYLE('',(#7989));
#7656=SURFACE_SIDE_STYLE('',(#7990));
#7657=SURFACE_SIDE_STYLE('',(#7991));
#7658=SURFACE_SIDE_STYLE('',(#7992));
#7659=SURFACE_SIDE_STYLE('',(#7993));
#7660=SURFACE_SIDE_STYLE('',(#7994));
#7661=SURFACE_SIDE_STYLE('',(#7995));
#7662=SURFACE_SIDE_STYLE('',(#7996));
#7663=SURFACE_SIDE_STYLE('',(#7997));
#7664=SURFACE_SIDE_STYLE('',(#7998));
#7665=SURFACE_SIDE_STYLE('',(#7999));
#7666=SURFACE_SIDE_STYLE('',(#8000));
#7667=SURFACE_SIDE_STYLE('',(#8001));
#7668=SURFACE_SIDE_STYLE('',(#8002));
#7669=SURFACE_SIDE_STYLE('',(#8003));
#7670=SURFACE_SIDE_STYLE('',(#8004));
#7671=SURFACE_SIDE_STYLE('',(#8005));
#7672=SURFACE_SIDE_STYLE('',(#8006));
#7673=SURFACE_SIDE_STYLE('',(#8007));
#7674=SURFACE_SIDE_STYLE('',(#8008));
#7675=SURFACE_SIDE_STYLE('',(#8009));
#7676=SURFACE_SIDE_STYLE('',(#8010));
#7677=SURFACE_SIDE_STYLE('',(#8011));
#7678=SURFACE_SIDE_STYLE('',(#8012));
#7679=SURFACE_SIDE_STYLE('',(#8013));
#7680=SURFACE_SIDE_STYLE('',(#8014));
#7681=SURFACE_SIDE_STYLE('',(#8015));
#7682=SURFACE_SIDE_STYLE('',(#8016));
#7683=SURFACE_SIDE_STYLE('',(#8017));
#7684=SURFACE_SIDE_STYLE('',(#8018));
#7685=SURFACE_SIDE_STYLE('',(#8019));
#7686=SURFACE_SIDE_STYLE('',(#8020));
#7687=SURFACE_SIDE_STYLE('',(#8021));
#7688=SURFACE_SIDE_STYLE('',(#8022));
#7689=SURFACE_SIDE_STYLE('',(#8023));
#7690=SURFACE_SIDE_STYLE('',(#8024));
#7691=SURFACE_SIDE_STYLE('',(#8025));
#7692=SURFACE_SIDE_STYLE('',(#8026));
#7693=SURFACE_SIDE_STYLE('',(#8027));
#7694=SURFACE_SIDE_STYLE('',(#8028));
#7695=SURFACE_SIDE_STYLE('',(#8029));
#7696=SURFACE_SIDE_STYLE('',(#8030));
#7697=SURFACE_SIDE_STYLE('',(#8031));
#7698=SURFACE_SIDE_STYLE('',(#8032));
#7699=SURFACE_SIDE_STYLE('',(#8033));
#7700=SURFACE_SIDE_STYLE('',(#8034));
#7701=SURFACE_SIDE_STYLE('',(#8035));
#7702=SURFACE_SIDE_STYLE('',(#8036));
#7703=SURFACE_SIDE_STYLE('',(#8037));
#7704=SURFACE_SIDE_STYLE('',(#8038));
#7705=SURFACE_SIDE_STYLE('',(#8039));
#7706=SURFACE_SIDE_STYLE('',(#8040));
#7707=SURFACE_SIDE_STYLE('',(#8041));
#7708=SURFACE_SIDE_STYLE('',(#8042));
#7709=SURFACE_SIDE_STYLE('',(#8043));
#7710=SURFACE_SIDE_STYLE('',(#8044));
#7711=SURFACE_SIDE_STYLE('',(#8045));
#7712=SURFACE_SIDE_STYLE('',(#8046));
#7713=SURFACE_SIDE_STYLE('',(#8047));
#7714=SURFACE_SIDE_STYLE('',(#8048));
#7715=SURFACE_SIDE_STYLE('',(#8049));
#7716=SURFACE_SIDE_STYLE('',(#8050));
#7717=SURFACE_SIDE_STYLE('',(#8051));
#7718=SURFACE_SIDE_STYLE('',(#8052));
#7719=SURFACE_SIDE_STYLE('',(#8053));
#7720=SURFACE_SIDE_STYLE('',(#8054));
#7721=SURFACE_SIDE_STYLE('',(#8055));
#7722=SURFACE_SIDE_STYLE('',(#8056));
#7723=SURFACE_SIDE_STYLE('',(#8057));
#7724=SURFACE_SIDE_STYLE('',(#8058));
#7725=SURFACE_SIDE_STYLE('',(#8059));
#7726=SURFACE_SIDE_STYLE('',(#8060));
#7727=SURFACE_SIDE_STYLE('',(#8061));
#7728=SURFACE_SIDE_STYLE('',(#8062));
#7729=SURFACE_SIDE_STYLE('',(#8063));
#7730=SURFACE_SIDE_STYLE('',(#8064));
#7731=SURFACE_SIDE_STYLE('',(#8065));
#7732=SURFACE_SIDE_STYLE('',(#8066));
#7733=SURFACE_SIDE_STYLE('',(#8067));
#7734=SURFACE_SIDE_STYLE('',(#8068));
#7735=SURFACE_SIDE_STYLE('',(#8069));
#7736=SURFACE_SIDE_STYLE('',(#8070));
#7737=SURFACE_SIDE_STYLE('',(#8071));
#7738=SURFACE_SIDE_STYLE('',(#8072));
#7739=SURFACE_SIDE_STYLE('',(#8073));
#7740=SURFACE_SIDE_STYLE('',(#8074));
#7741=SURFACE_SIDE_STYLE('',(#8075));
#7742=SURFACE_SIDE_STYLE('',(#8076));
#7743=SURFACE_SIDE_STYLE('',(#8077));
#7744=SURFACE_SIDE_STYLE('',(#8078));
#7745=SURFACE_SIDE_STYLE('',(#8079));
#7746=SURFACE_SIDE_STYLE('',(#8080));
#7747=SURFACE_SIDE_STYLE('',(#8081));
#7748=SURFACE_SIDE_STYLE('',(#8082));
#7749=SURFACE_SIDE_STYLE('',(#8083));
#7750=SURFACE_SIDE_STYLE('',(#8084));
#7751=SURFACE_SIDE_STYLE('',(#8085));
#7752=SURFACE_SIDE_STYLE('',(#8086));
#7753=SURFACE_SIDE_STYLE('',(#8087));
#7754=SURFACE_SIDE_STYLE('',(#8088));
#7755=SURFACE_SIDE_STYLE('',(#8089));
#7756=SURFACE_SIDE_STYLE('',(#8090));
#7757=SURFACE_SIDE_STYLE('',(#8091));
#7758=SURFACE_SIDE_STYLE('',(#8092));
#7759=SURFACE_SIDE_STYLE('',(#8093));
#7760=SURFACE_SIDE_STYLE('',(#8094));
#7761=SURFACE_SIDE_STYLE('',(#8095));
#7762=SURFACE_SIDE_STYLE('',(#8096));
#7763=SURFACE_SIDE_STYLE('',(#8097));
#7764=SURFACE_SIDE_STYLE('',(#8098));
#7765=SURFACE_SIDE_STYLE('',(#8099));
#7766=SURFACE_SIDE_STYLE('',(#8100));
#7767=SURFACE_SIDE_STYLE('',(#8101));
#7768=SURFACE_SIDE_STYLE('',(#8102));
#7769=SURFACE_SIDE_STYLE('',(#8103));
#7770=SURFACE_SIDE_STYLE('',(#8104));
#7771=SURFACE_SIDE_STYLE('',(#8105));
#7772=SURFACE_SIDE_STYLE('',(#8106));
#7773=SURFACE_SIDE_STYLE('',(#8107));
#7774=SURFACE_SIDE_STYLE('',(#8108));
#7775=SURFACE_SIDE_STYLE('',(#8109));
#7776=SURFACE_SIDE_STYLE('',(#8110));
#7777=SURFACE_SIDE_STYLE('',(#8111));
#7778=SURFACE_SIDE_STYLE('',(#8112));
#7779=SURFACE_SIDE_STYLE('',(#8113));
#7780=SURFACE_SIDE_STYLE('',(#8114));
#7781=SURFACE_SIDE_STYLE('',(#8115));
#7782=SURFACE_SIDE_STYLE('',(#8116));
#7783=SURFACE_SIDE_STYLE('',(#8117));
#7784=SURFACE_SIDE_STYLE('',(#8118));
#7785=SURFACE_SIDE_STYLE('',(#8119));
#7786=SURFACE_SIDE_STYLE('',(#8120));
#7787=SURFACE_SIDE_STYLE('',(#8121));
#7788=SURFACE_SIDE_STYLE('',(#8122));
#7789=SURFACE_SIDE_STYLE('',(#8123));
#7790=SURFACE_SIDE_STYLE('',(#8124));
#7791=SURFACE_SIDE_STYLE('',(#8125));
#7792=SURFACE_SIDE_STYLE('',(#8126));
#7793=SURFACE_SIDE_STYLE('',(#8127));
#7794=SURFACE_SIDE_STYLE('',(#8128));
#7795=SURFACE_SIDE_STYLE('',(#8129));
#7796=SURFACE_SIDE_STYLE('',(#8130));
#7797=SURFACE_SIDE_STYLE('',(#8131));
#7798=SURFACE_SIDE_STYLE('',(#8132));
#7799=SURFACE_SIDE_STYLE('',(#8133));
#7800=SURFACE_SIDE_STYLE('',(#8134));
#7801=SURFACE_SIDE_STYLE('',(#8135));
#7802=SURFACE_SIDE_STYLE('',(#8136));
#7803=SURFACE_SIDE_STYLE('',(#8137));
#7804=SURFACE_SIDE_STYLE('',(#8138));
#7805=SURFACE_SIDE_STYLE('',(#8139));
#7806=SURFACE_SIDE_STYLE('',(#8140));
#7807=SURFACE_STYLE_FILL_AREA(#8141);
#7808=SURFACE_STYLE_FILL_AREA(#8142);
#7809=SURFACE_STYLE_FILL_AREA(#8143);
#7810=SURFACE_STYLE_FILL_AREA(#8144);
#7811=SURFACE_STYLE_FILL_AREA(#8145);
#7812=SURFACE_STYLE_FILL_AREA(#8146);
#7813=SURFACE_STYLE_FILL_AREA(#8147);
#7814=SURFACE_STYLE_FILL_AREA(#8148);
#7815=SURFACE_STYLE_FILL_AREA(#8149);
#7816=SURFACE_STYLE_FILL_AREA(#8150);
#7817=SURFACE_STYLE_FILL_AREA(#8151);
#7818=SURFACE_STYLE_FILL_AREA(#8152);
#7819=SURFACE_STYLE_FILL_AREA(#8153);
#7820=SURFACE_STYLE_FILL_AREA(#8154);
#7821=SURFACE_STYLE_FILL_AREA(#8155);
#7822=SURFACE_STYLE_FILL_AREA(#8156);
#7823=SURFACE_STYLE_FILL_AREA(#8157);
#7824=SURFACE_STYLE_FILL_AREA(#8158);
#7825=SURFACE_STYLE_FILL_AREA(#8159);
#7826=SURFACE_STYLE_FILL_AREA(#8160);
#7827=SURFACE_STYLE_FILL_AREA(#8161);
#7828=SURFACE_STYLE_FILL_AREA(#8162);
#7829=SURFACE_STYLE_FILL_AREA(#8163);
#7830=SURFACE_STYLE_FILL_AREA(#8164);
#7831=SURFACE_STYLE_FILL_AREA(#8165);
#7832=SURFACE_STYLE_FILL_AREA(#8166);
#7833=SURFACE_STYLE_FILL_AREA(#8167);
#7834=SURFACE_STYLE_FILL_AREA(#8168);
#7835=SURFACE_STYLE_FILL_AREA(#8169);
#7836=SURFACE_STYLE_FILL_AREA(#8170);
#7837=SURFACE_STYLE_FILL_AREA(#8171);
#7838=SURFACE_STYLE_FILL_AREA(#8172);
#7839=SURFACE_STYLE_FILL_AREA(#8173);
#7840=SURFACE_STYLE_FILL_AREA(#8174);
#7841=SURFACE_STYLE_FILL_AREA(#8175);
#7842=SURFACE_STYLE_FILL_AREA(#8176);
#7843=SURFACE_STYLE_FILL_AREA(#8177);
#7844=SURFACE_STYLE_FILL_AREA(#8178);
#7845=SURFACE_STYLE_FILL_AREA(#8179);
#7846=SURFACE_STYLE_FILL_AREA(#8180);
#7847=SURFACE_STYLE_FILL_AREA(#8181);
#7848=SURFACE_STYLE_FILL_AREA(#8182);
#7849=SURFACE_STYLE_FILL_AREA(#8183);
#7850=SURFACE_STYLE_FILL_AREA(#8184);
#7851=SURFACE_STYLE_FILL_AREA(#8185);
#7852=SURFACE_STYLE_FILL_AREA(#8186);
#7853=SURFACE_STYLE_FILL_AREA(#8187);
#7854=SURFACE_STYLE_FILL_AREA(#8188);
#7855=SURFACE_STYLE_FILL_AREA(#8189);
#7856=SURFACE_STYLE_FILL_AREA(#8190);
#7857=SURFACE_STYLE_FILL_AREA(#8191);
#7858=SURFACE_STYLE_FILL_AREA(#8192);
#7859=SURFACE_STYLE_FILL_AREA(#8193);
#7860=SURFACE_STYLE_FILL_AREA(#8194);
#7861=SURFACE_STYLE_FILL_AREA(#8195);
#7862=SURFACE_STYLE_FILL_AREA(#8196);
#7863=SURFACE_STYLE_FILL_AREA(#8197);
#7864=SURFACE_STYLE_FILL_AREA(#8198);
#7865=SURFACE_STYLE_FILL_AREA(#8199);
#7866=SURFACE_STYLE_FILL_AREA(#8200);
#7867=SURFACE_STYLE_FILL_AREA(#8201);
#7868=SURFACE_STYLE_FILL_AREA(#8202);
#7869=SURFACE_STYLE_FILL_AREA(#8203);
#7870=SURFACE_STYLE_FILL_AREA(#8204);
#7871=SURFACE_STYLE_FILL_AREA(#8205);
#7872=SURFACE_STYLE_FILL_AREA(#8206);
#7873=SURFACE_STYLE_FILL_AREA(#8207);
#7874=SURFACE_STYLE_FILL_AREA(#8208);
#7875=SURFACE_STYLE_FILL_AREA(#8209);
#7876=SURFACE_STYLE_FILL_AREA(#8210);
#7877=SURFACE_STYLE_FILL_AREA(#8211);
#7878=SURFACE_STYLE_FILL_AREA(#8212);
#7879=SURFACE_STYLE_FILL_AREA(#8213);
#7880=SURFACE_STYLE_FILL_AREA(#8214);
#7881=SURFACE_STYLE_FILL_AREA(#8215);
#7882=SURFACE_STYLE_FILL_AREA(#8216);
#7883=SURFACE_STYLE_FILL_AREA(#8217);
#7884=SURFACE_STYLE_FILL_AREA(#8218);
#7885=SURFACE_STYLE_FILL_AREA(#8219);
#7886=SURFACE_STYLE_FILL_AREA(#8220);
#7887=SURFACE_STYLE_FILL_AREA(#8221);
#7888=SURFACE_STYLE_FILL_AREA(#8222);
#7889=SURFACE_STYLE_FILL_AREA(#8223);
#7890=SURFACE_STYLE_FILL_AREA(#8224);
#7891=SURFACE_STYLE_FILL_AREA(#8225);
#7892=SURFACE_STYLE_FILL_AREA(#8226);
#7893=SURFACE_STYLE_FILL_AREA(#8227);
#7894=SURFACE_STYLE_FILL_AREA(#8228);
#7895=SURFACE_STYLE_FILL_AREA(#8229);
#7896=SURFACE_STYLE_FILL_AREA(#8230);
#7897=SURFACE_STYLE_FILL_AREA(#8231);
#7898=SURFACE_STYLE_FILL_AREA(#8232);
#7899=SURFACE_STYLE_FILL_AREA(#8233);
#7900=SURFACE_STYLE_FILL_AREA(#8234);
#7901=SURFACE_STYLE_FILL_AREA(#8235);
#7902=SURFACE_STYLE_FILL_AREA(#8236);
#7903=SURFACE_STYLE_FILL_AREA(#8237);
#7904=SURFACE_STYLE_FILL_AREA(#8238);
#7905=SURFACE_STYLE_FILL_AREA(#8239);
#7906=SURFACE_STYLE_FILL_AREA(#8240);
#7907=SURFACE_STYLE_FILL_AREA(#8241);
#7908=SURFACE_STYLE_FILL_AREA(#8242);
#7909=SURFACE_STYLE_FILL_AREA(#8243);
#7910=SURFACE_STYLE_FILL_AREA(#8244);
#7911=SURFACE_STYLE_FILL_AREA(#8245);
#7912=SURFACE_STYLE_FILL_AREA(#8246);
#7913=SURFACE_STYLE_FILL_AREA(#8247);
#7914=SURFACE_STYLE_FILL_AREA(#8248);
#7915=SURFACE_STYLE_FILL_AREA(#8249);
#7916=SURFACE_STYLE_FILL_AREA(#8250);
#7917=SURFACE_STYLE_FILL_AREA(#8251);
#7918=SURFACE_STYLE_FILL_AREA(#8252);
#7919=SURFACE_STYLE_FILL_AREA(#8253);
#7920=SURFACE_STYLE_FILL_AREA(#8254);
#7921=SURFACE_STYLE_FILL_AREA(#8255);
#7922=SURFACE_STYLE_FILL_AREA(#8256);
#7923=SURFACE_STYLE_FILL_AREA(#8257);
#7924=SURFACE_STYLE_FILL_AREA(#8258);
#7925=SURFACE_STYLE_FILL_AREA(#8259);
#7926=SURFACE_STYLE_FILL_AREA(#8260);
#7927=SURFACE_STYLE_FILL_AREA(#8261);
#7928=SURFACE_STYLE_FILL_AREA(#8262);
#7929=SURFACE_STYLE_FILL_AREA(#8263);
#7930=SURFACE_STYLE_FILL_AREA(#8264);
#7931=SURFACE_STYLE_FILL_AREA(#8265);
#7932=SURFACE_STYLE_FILL_AREA(#8266);
#7933=SURFACE_STYLE_FILL_AREA(#8267);
#7934=SURFACE_STYLE_FILL_AREA(#8268);
#7935=SURFACE_STYLE_FILL_AREA(#8269);
#7936=SURFACE_STYLE_FILL_AREA(#8270);
#7937=SURFACE_STYLE_FILL_AREA(#8271);
#7938=SURFACE_STYLE_FILL_AREA(#8272);
#7939=SURFACE_STYLE_FILL_AREA(#8273);
#7940=SURFACE_STYLE_FILL_AREA(#8274);
#7941=SURFACE_STYLE_FILL_AREA(#8275);
#7942=SURFACE_STYLE_FILL_AREA(#8276);
#7943=SURFACE_STYLE_FILL_AREA(#8277);
#7944=SURFACE_STYLE_FILL_AREA(#8278);
#7945=SURFACE_STYLE_FILL_AREA(#8279);
#7946=SURFACE_STYLE_FILL_AREA(#8280);
#7947=SURFACE_STYLE_FILL_AREA(#8281);
#7948=SURFACE_STYLE_FILL_AREA(#8282);
#7949=SURFACE_STYLE_FILL_AREA(#8283);
#7950=SURFACE_STYLE_FILL_AREA(#8284);
#7951=SURFACE_STYLE_FILL_AREA(#8285);
#7952=SURFACE_STYLE_FILL_AREA(#8286);
#7953=SURFACE_STYLE_FILL_AREA(#8287);
#7954=SURFACE_STYLE_FILL_AREA(#8288);
#7955=SURFACE_STYLE_FILL_AREA(#8289);
#7956=SURFACE_STYLE_FILL_AREA(#8290);
#7957=SURFACE_STYLE_FILL_AREA(#8291);
#7958=SURFACE_STYLE_FILL_AREA(#8292);
#7959=SURFACE_STYLE_FILL_AREA(#8293);
#7960=SURFACE_STYLE_FILL_AREA(#8294);
#7961=SURFACE_STYLE_FILL_AREA(#8295);
#7962=SURFACE_STYLE_FILL_AREA(#8296);
#7963=SURFACE_STYLE_FILL_AREA(#8297);
#7964=SURFACE_STYLE_FILL_AREA(#8298);
#7965=SURFACE_STYLE_FILL_AREA(#8299);
#7966=SURFACE_STYLE_FILL_AREA(#8300);
#7967=SURFACE_STYLE_FILL_AREA(#8301);
#7968=SURFACE_STYLE_FILL_AREA(#8302);
#7969=SURFACE_STYLE_FILL_AREA(#8303);
#7970=SURFACE_STYLE_FILL_AREA(#8304);
#7971=SURFACE_STYLE_FILL_AREA(#8305);
#7972=SURFACE_STYLE_FILL_AREA(#8306);
#7973=SURFACE_STYLE_FILL_AREA(#8307);
#7974=SURFACE_STYLE_FILL_AREA(#8308);
#7975=SURFACE_STYLE_FILL_AREA(#8309);
#7976=SURFACE_STYLE_FILL_AREA(#8310);
#7977=SURFACE_STYLE_FILL_AREA(#8311);
#7978=SURFACE_STYLE_FILL_AREA(#8312);
#7979=SURFACE_STYLE_FILL_AREA(#8313);
#7980=SURFACE_STYLE_FILL_AREA(#8314);
#7981=SURFACE_STYLE_FILL_AREA(#8315);
#7982=SURFACE_STYLE_FILL_AREA(#8316);
#7983=SURFACE_STYLE_FILL_AREA(#8317);
#7984=SURFACE_STYLE_FILL_AREA(#8318);
#7985=SURFACE_STYLE_FILL_AREA(#8319);
#7986=SURFACE_STYLE_FILL_AREA(#8320);
#7987=SURFACE_STYLE_FILL_AREA(#8321);
#7988=SURFACE_STYLE_FILL_AREA(#8322);
#7989=SURFACE_STYLE_FILL_AREA(#8323);
#7990=SURFACE_STYLE_FILL_AREA(#8324);
#7991=SURFACE_STYLE_FILL_AREA(#8325);
#7992=SURFACE_STYLE_FILL_AREA(#8326);
#7993=SURFACE_STYLE_FILL_AREA(#8327);
#7994=SURFACE_STYLE_FILL_AREA(#8328);
#7995=SURFACE_STYLE_FILL_AREA(#8329);
#7996=SURFACE_STYLE_FILL_AREA(#8330);
#7997=SURFACE_STYLE_FILL_AREA(#8331);
#7998=SURFACE_STYLE_FILL_AREA(#8332);
#7999=SURFACE_STYLE_FILL_AREA(#8333);
#8000=SURFACE_STYLE_FILL_AREA(#8334);
#8001=SURFACE_STYLE_FILL_AREA(#8335);
#8002=SURFACE_STYLE_FILL_AREA(#8336);
#8003=SURFACE_STYLE_FILL_AREA(#8337);
#8004=SURFACE_STYLE_FILL_AREA(#8338);
#8005=SURFACE_STYLE_FILL_AREA(#8339);
#8006=SURFACE_STYLE_FILL_AREA(#8340);
#8007=SURFACE_STYLE_FILL_AREA(#8341);
#8008=SURFACE_STYLE_FILL_AREA(#8342);
#8009=SURFACE_STYLE_FILL_AREA(#8343);
#8010=SURFACE_STYLE_FILL_AREA(#8344);
#8011=SURFACE_STYLE_FILL_AREA(#8345);
#8012=SURFACE_STYLE_FILL_AREA(#8346);
#8013=SURFACE_STYLE_FILL_AREA(#8347);
#8014=SURFACE_STYLE_FILL_AREA(#8348);
#8015=SURFACE_STYLE_FILL_AREA(#8349);
#8016=SURFACE_STYLE_FILL_AREA(#8350);
#8017=SURFACE_STYLE_FILL_AREA(#8351);
#8018=SURFACE_STYLE_FILL_AREA(#8352);
#8019=SURFACE_STYLE_FILL_AREA(#8353);
#8020=SURFACE_STYLE_FILL_AREA(#8354);
#8021=SURFACE_STYLE_FILL_AREA(#8355);
#8022=SURFACE_STYLE_FILL_AREA(#8356);
#8023=SURFACE_STYLE_FILL_AREA(#8357);
#8024=SURFACE_STYLE_FILL_AREA(#8358);
#8025=SURFACE_STYLE_FILL_AREA(#8359);
#8026=SURFACE_STYLE_FILL_AREA(#8360);
#8027=SURFACE_STYLE_FILL_AREA(#8361);
#8028=SURFACE_STYLE_FILL_AREA(#8362);
#8029=SURFACE_STYLE_FILL_AREA(#8363);
#8030=SURFACE_STYLE_FILL_AREA(#8364);
#8031=SURFACE_STYLE_FILL_AREA(#8365);
#8032=SURFACE_STYLE_FILL_AREA(#8366);
#8033=SURFACE_STYLE_FILL_AREA(#8367);
#8034=SURFACE_STYLE_FILL_AREA(#8368);
#8035=SURFACE_STYLE_FILL_AREA(#8369);
#8036=SURFACE_STYLE_FILL_AREA(#8370);
#8037=SURFACE_STYLE_FILL_AREA(#8371);
#8038=SURFACE_STYLE_FILL_AREA(#8372);
#8039=SURFACE_STYLE_FILL_AREA(#8373);
#8040=SURFACE_STYLE_FILL_AREA(#8374);
#8041=SURFACE_STYLE_FILL_AREA(#8375);
#8042=SURFACE_STYLE_FILL_AREA(#8376);
#8043=SURFACE_STYLE_FILL_AREA(#8377);
#8044=SURFACE_STYLE_FILL_AREA(#8378);
#8045=SURFACE_STYLE_FILL_AREA(#8379);
#8046=SURFACE_STYLE_FILL_AREA(#8380);
#8047=SURFACE_STYLE_FILL_AREA(#8381);
#8048=SURFACE_STYLE_FILL_AREA(#8382);
#8049=SURFACE_STYLE_FILL_AREA(#8383);
#8050=SURFACE_STYLE_FILL_AREA(#8384);
#8051=SURFACE_STYLE_FILL_AREA(#8385);
#8052=SURFACE_STYLE_FILL_AREA(#8386);
#8053=SURFACE_STYLE_FILL_AREA(#8387);
#8054=SURFACE_STYLE_FILL_AREA(#8388);
#8055=SURFACE_STYLE_FILL_AREA(#8389);
#8056=SURFACE_STYLE_FILL_AREA(#8390);
#8057=SURFACE_STYLE_FILL_AREA(#8391);
#8058=SURFACE_STYLE_FILL_AREA(#8392);
#8059=SURFACE_STYLE_FILL_AREA(#8393);
#8060=SURFACE_STYLE_FILL_AREA(#8394);
#8061=SURFACE_STYLE_FILL_AREA(#8395);
#8062=SURFACE_STYLE_FILL_AREA(#8396);
#8063=SURFACE_STYLE_FILL_AREA(#8397);
#8064=SURFACE_STYLE_FILL_AREA(#8398);
#8065=SURFACE_STYLE_FILL_AREA(#8399);
#8066=SURFACE_STYLE_FILL_AREA(#8400);
#8067=SURFACE_STYLE_FILL_AREA(#8401);
#8068=SURFACE_STYLE_FILL_AREA(#8402);
#8069=SURFACE_STYLE_FILL_AREA(#8403);
#8070=SURFACE_STYLE_FILL_AREA(#8404);
#8071=SURFACE_STYLE_FILL_AREA(#8405);
#8072=SURFACE_STYLE_FILL_AREA(#8406);
#8073=SURFACE_STYLE_FILL_AREA(#8407);
#8074=SURFACE_STYLE_FILL_AREA(#8408);
#8075=SURFACE_STYLE_FILL_AREA(#8409);
#8076=SURFACE_STYLE_FILL_AREA(#8410);
#8077=SURFACE_STYLE_FILL_AREA(#8411);
#8078=SURFACE_STYLE_FILL_AREA(#8412);
#8079=SURFACE_STYLE_FILL_AREA(#8413);
#8080=SURFACE_STYLE_FILL_AREA(#8414);
#8081=SURFACE_STYLE_FILL_AREA(#8415);
#8082=SURFACE_STYLE_FILL_AREA(#8416);
#8083=SURFACE_STYLE_FILL_AREA(#8417);
#8084=SURFACE_STYLE_FILL_AREA(#8418);
#8085=SURFACE_STYLE_FILL_AREA(#8419);
#8086=SURFACE_STYLE_FILL_AREA(#8420);
#8087=SURFACE_STYLE_FILL_AREA(#8421);
#8088=SURFACE_STYLE_FILL_AREA(#8422);
#8089=SURFACE_STYLE_FILL_AREA(#8423);
#8090=SURFACE_STYLE_FILL_AREA(#8424);
#8091=SURFACE_STYLE_FILL_AREA(#8425);
#8092=SURFACE_STYLE_FILL_AREA(#8426);
#8093=SURFACE_STYLE_FILL_AREA(#8427);
#8094=SURFACE_STYLE_FILL_AREA(#8428);
#8095=SURFACE_STYLE_FILL_AREA(#8429);
#8096=SURFACE_STYLE_FILL_AREA(#8430);
#8097=SURFACE_STYLE_FILL_AREA(#8431);
#8098=SURFACE_STYLE_FILL_AREA(#8432);
#8099=SURFACE_STYLE_FILL_AREA(#8433);
#8100=SURFACE_STYLE_FILL_AREA(#8434);
#8101=SURFACE_STYLE_FILL_AREA(#8435);
#8102=SURFACE_STYLE_FILL_AREA(#8436);
#8103=SURFACE_STYLE_FILL_AREA(#8437);
#8104=SURFACE_STYLE_FILL_AREA(#8438);
#8105=SURFACE_STYLE_FILL_AREA(#8439);
#8106=SURFACE_STYLE_FILL_AREA(#8440);
#8107=SURFACE_STYLE_FILL_AREA(#8441);
#8108=SURFACE_STYLE_FILL_AREA(#8442);
#8109=SURFACE_STYLE_FILL_AREA(#8443);
#8110=SURFACE_STYLE_FILL_AREA(#8444);
#8111=SURFACE_STYLE_FILL_AREA(#8445);
#8112=SURFACE_STYLE_FILL_AREA(#8446);
#8113=SURFACE_STYLE_FILL_AREA(#8447);
#8114=SURFACE_STYLE_FILL_AREA(#8448);
#8115=SURFACE_STYLE_FILL_AREA(#8449);
#8116=SURFACE_STYLE_FILL_AREA(#8450);
#8117=SURFACE_STYLE_FILL_AREA(#8451);
#8118=SURFACE_STYLE_FILL_AREA(#8452);
#8119=SURFACE_STYLE_FILL_AREA(#8453);
#8120=SURFACE_STYLE_FILL_AREA(#8454);
#8121=SURFACE_STYLE_FILL_AREA(#8455);
#8122=SURFACE_STYLE_FILL_AREA(#8456);
#8123=SURFACE_STYLE_FILL_AREA(#8457);
#8124=SURFACE_STYLE_FILL_AREA(#8458);
#8125=SURFACE_STYLE_FILL_AREA(#8459);
#8126=SURFACE_STYLE_FILL_AREA(#8460);
#8127=SURFACE_STYLE_FILL_AREA(#8461);
#8128=SURFACE_STYLE_FILL_AREA(#8462);
#8129=SURFACE_STYLE_FILL_AREA(#8463);
#8130=SURFACE_STYLE_FILL_AREA(#8464);
#8131=SURFACE_STYLE_FILL_AREA(#8465);
#8132=SURFACE_STYLE_FILL_AREA(#8466);
#8133=SURFACE_STYLE_FILL_AREA(#8467);
#8134=SURFACE_STYLE_FILL_AREA(#8468);
#8135=SURFACE_STYLE_FILL_AREA(#8469);
#8136=SURFACE_STYLE_FILL_AREA(#8470);
#8137=SURFACE_STYLE_FILL_AREA(#8471);
#8138=SURFACE_STYLE_FILL_AREA(#8472);
#8139=SURFACE_STYLE_FILL_AREA(#8473);
#8140=SURFACE_STYLE_FILL_AREA(#8474);
#8141=FILL_AREA_STYLE('',(#8475));
#8142=FILL_AREA_STYLE('',(#8476));
#8143=FILL_AREA_STYLE('',(#8477));
#8144=FILL_AREA_STYLE('',(#8478));
#8145=FILL_AREA_STYLE('',(#8479));
#8146=FILL_AREA_STYLE('',(#8480));
#8147=FILL_AREA_STYLE('',(#8481));
#8148=FILL_AREA_STYLE('',(#8482));
#8149=FILL_AREA_STYLE('',(#8483));
#8150=FILL_AREA_STYLE('',(#8484));
#8151=FILL_AREA_STYLE('',(#8485));
#8152=FILL_AREA_STYLE('',(#8486));
#8153=FILL_AREA_STYLE('',(#8487));
#8154=FILL_AREA_STYLE('',(#8488));
#8155=FILL_AREA_STYLE('',(#8489));
#8156=FILL_AREA_STYLE('',(#8490));
#8157=FILL_AREA_STYLE('',(#8491));
#8158=FILL_AREA_STYLE('',(#8492));
#8159=FILL_AREA_STYLE('',(#8493));
#8160=FILL_AREA_STYLE('',(#8494));
#8161=FILL_AREA_STYLE('',(#8495));
#8162=FILL_AREA_STYLE('',(#8496));
#8163=FILL_AREA_STYLE('',(#8497));
#8164=FILL_AREA_STYLE('',(#8498));
#8165=FILL_AREA_STYLE('',(#8499));
#8166=FILL_AREA_STYLE('',(#8500));
#8167=FILL_AREA_STYLE('',(#8501));
#8168=FILL_AREA_STYLE('',(#8502));
#8169=FILL_AREA_STYLE('',(#8503));
#8170=FILL_AREA_STYLE('',(#8504));
#8171=FILL_AREA_STYLE('',(#8505));
#8172=FILL_AREA_STYLE('',(#8506));
#8173=FILL_AREA_STYLE('',(#8507));
#8174=FILL_AREA_STYLE('',(#8508));
#8175=FILL_AREA_STYLE('',(#8509));
#8176=FILL_AREA_STYLE('',(#8510));
#8177=FILL_AREA_STYLE('',(#8511));
#8178=FILL_AREA_STYLE('',(#8512));
#8179=FILL_AREA_STYLE('',(#8513));
#8180=FILL_AREA_STYLE('',(#8514));
#8181=FILL_AREA_STYLE('',(#8515));
#8182=FILL_AREA_STYLE('',(#8516));
#8183=FILL_AREA_STYLE('',(#8517));
#8184=FILL_AREA_STYLE('',(#8518));
#8185=FILL_AREA_STYLE('',(#8519));
#8186=FILL_AREA_STYLE('',(#8520));
#8187=FILL_AREA_STYLE('',(#8521));
#8188=FILL_AREA_STYLE('',(#8522));
#8189=FILL_AREA_STYLE('',(#8523));
#8190=FILL_AREA_STYLE('',(#8524));
#8191=FILL_AREA_STYLE('',(#8525));
#8192=FILL_AREA_STYLE('',(#8526));
#8193=FILL_AREA_STYLE('',(#8527));
#8194=FILL_AREA_STYLE('',(#8528));
#8195=FILL_AREA_STYLE('',(#8529));
#8196=FILL_AREA_STYLE('',(#8530));
#8197=FILL_AREA_STYLE('',(#8531));
#8198=FILL_AREA_STYLE('',(#8532));
#8199=FILL_AREA_STYLE('',(#8533));
#8200=FILL_AREA_STYLE('',(#8534));
#8201=FILL_AREA_STYLE('',(#8535));
#8202=FILL_AREA_STYLE('',(#8536));
#8203=FILL_AREA_STYLE('',(#8537));
#8204=FILL_AREA_STYLE('',(#8538));
#8205=FILL_AREA_STYLE('',(#8539));
#8206=FILL_AREA_STYLE('',(#8540));
#8207=FILL_AREA_STYLE('',(#8541));
#8208=FILL_AREA_STYLE('',(#8542));
#8209=FILL_AREA_STYLE('',(#8543));
#8210=FILL_AREA_STYLE('',(#8544));
#8211=FILL_AREA_STYLE('',(#8545));
#8212=FILL_AREA_STYLE('',(#8546));
#8213=FILL_AREA_STYLE('',(#8547));
#8214=FILL_AREA_STYLE('',(#8548));
#8215=FILL_AREA_STYLE('',(#8549));
#8216=FILL_AREA_STYLE('',(#8550));
#8217=FILL_AREA_STYLE('',(#8551));
#8218=FILL_AREA_STYLE('',(#8552));
#8219=FILL_AREA_STYLE('',(#8553));
#8220=FILL_AREA_STYLE('',(#8554));
#8221=FILL_AREA_STYLE('',(#8555));
#8222=FILL_AREA_STYLE('',(#8556));
#8223=FILL_AREA_STYLE('',(#8557));
#8224=FILL_AREA_STYLE('',(#8558));
#8225=FILL_AREA_STYLE('',(#8559));
#8226=FILL_AREA_STYLE('',(#8560));
#8227=FILL_AREA_STYLE('',(#8561));
#8228=FILL_AREA_STYLE('',(#8562));
#8229=FILL_AREA_STYLE('',(#8563));
#8230=FILL_AREA_STYLE('',(#8564));
#8231=FILL_AREA_STYLE('',(#8565));
#8232=FILL_AREA_STYLE('',(#8566));
#8233=FILL_AREA_STYLE('',(#8567));
#8234=FILL_AREA_STYLE('',(#8568));
#8235=FILL_AREA_STYLE('',(#8569));
#8236=FILL_AREA_STYLE('',(#8570));
#8237=FILL_AREA_STYLE('',(#8571));
#8238=FILL_AREA_STYLE('',(#8572));
#8239=FILL_AREA_STYLE('',(#8573));
#8240=FILL_AREA_STYLE('',(#8574));
#8241=FILL_AREA_STYLE('',(#8575));
#8242=FILL_AREA_STYLE('',(#8576));
#8243=FILL_AREA_STYLE('',(#8577));
#8244=FILL_AREA_STYLE('',(#8578));
#8245=FILL_AREA_STYLE('',(#8579));
#8246=FILL_AREA_STYLE('',(#8580));
#8247=FILL_AREA_STYLE('',(#8581));
#8248=FILL_AREA_STYLE('',(#8582));
#8249=FILL_AREA_STYLE('',(#8583));
#8250=FILL_AREA_STYLE('',(#8584));
#8251=FILL_AREA_STYLE('',(#8585));
#8252=FILL_AREA_STYLE('',(#8586));
#8253=FILL_AREA_STYLE('',(#8587));
#8254=FILL_AREA_STYLE('',(#8588));
#8255=FILL_AREA_STYLE('',(#8589));
#8256=FILL_AREA_STYLE('',(#8590));
#8257=FILL_AREA_STYLE('',(#8591));
#8258=FILL_AREA_STYLE('',(#8592));
#8259=FILL_AREA_STYLE('',(#8593));
#8260=FILL_AREA_STYLE('',(#8594));
#8261=FILL_AREA_STYLE('',(#8595));
#8262=FILL_AREA_STYLE('',(#8596));
#8263=FILL_AREA_STYLE('',(#8597));
#8264=FILL_AREA_STYLE('',(#8598));
#8265=FILL_AREA_STYLE('',(#8599));
#8266=FILL_AREA_STYLE('',(#8600));
#8267=FILL_AREA_STYLE('',(#8601));
#8268=FILL_AREA_STYLE('',(#8602));
#8269=FILL_AREA_STYLE('',(#8603));
#8270=FILL_AREA_STYLE('',(#8604));
#8271=FILL_AREA_STYLE('',(#8605));
#8272=FILL_AREA_STYLE('',(#8606));
#8273=FILL_AREA_STYLE('',(#8607));
#8274=FILL_AREA_STYLE('',(#8608));
#8275=FILL_AREA_STYLE('',(#8609));
#8276=FILL_AREA_STYLE('',(#8610));
#8277=FILL_AREA_STYLE('',(#8611));
#8278=FILL_AREA_STYLE('',(#8612));
#8279=FILL_AREA_STYLE('',(#8613));
#8280=FILL_AREA_STYLE('',(#8614));
#8281=FILL_AREA_STYLE('',(#8615));
#8282=FILL_AREA_STYLE('',(#8616));
#8283=FILL_AREA_STYLE('',(#8617));
#8284=FILL_AREA_STYLE('',(#8618));
#8285=FILL_AREA_STYLE('',(#8619));
#8286=FILL_AREA_STYLE('',(#8620));
#8287=FILL_AREA_STYLE('',(#8621));
#8288=FILL_AREA_STYLE('',(#8622));
#8289=FILL_AREA_STYLE('',(#8623));
#8290=FILL_AREA_STYLE('',(#8624));
#8291=FILL_AREA_STYLE('',(#8625));
#8292=FILL_AREA_STYLE('',(#8626));
#8293=FILL_AREA_STYLE('',(#8627));
#8294=FILL_AREA_STYLE('',(#8628));
#8295=FILL_AREA_STYLE('',(#8629));
#8296=FILL_AREA_STYLE('',(#8630));
#8297=FILL_AREA_STYLE('',(#8631));
#8298=FILL_AREA_STYLE('',(#8632));
#8299=FILL_AREA_STYLE('',(#8633));
#8300=FILL_AREA_STYLE('',(#8634));
#8301=FILL_AREA_STYLE('',(#8635));
#8302=FILL_AREA_STYLE('',(#8636));
#8303=FILL_AREA_STYLE('',(#8637));
#8304=FILL_AREA_STYLE('',(#8638));
#8305=FILL_AREA_STYLE('',(#8639));
#8306=FILL_AREA_STYLE('',(#8640));
#8307=FILL_AREA_STYLE('',(#8641));
#8308=FILL_AREA_STYLE('',(#8642));
#8309=FILL_AREA_STYLE('',(#8643));
#8310=FILL_AREA_STYLE('',(#8644));
#8311=FILL_AREA_STYLE('',(#8645));
#8312=FILL_AREA_STYLE('',(#8646));
#8313=FILL_AREA_STYLE('',(#8647));
#8314=FILL_AREA_STYLE('',(#8648));
#8315=FILL_AREA_STYLE('',(#8649));
#8316=FILL_AREA_STYLE('',(#8650));
#8317=FILL_AREA_STYLE('',(#8651));
#8318=FILL_AREA_STYLE('',(#8652));
#8319=FILL_AREA_STYLE('',(#8653));
#8320=FILL_AREA_STYLE('',(#8654));
#8321=FILL_AREA_STYLE('',(#8655));
#8322=FILL_AREA_STYLE('',(#8656));
#8323=FILL_AREA_STYLE('',(#8657));
#8324=FILL_AREA_STYLE('',(#8658));
#8325=FILL_AREA_STYLE('',(#8659));
#8326=FILL_AREA_STYLE('',(#8660));
#8327=FILL_AREA_STYLE('',(#8661));
#8328=FILL_AREA_STYLE('',(#8662));
#8329=FILL_AREA_STYLE('',(#8663));
#8330=FILL_AREA_STYLE('',(#8664));
#8331=FILL_AREA_STYLE('',(#8665));
#8332=FILL_AREA_STYLE('',(#8666));
#8333=FILL_AREA_STYLE('',(#8667));
#8334=FILL_AREA_STYLE('',(#8668));
#8335=FILL_AREA_STYLE('',(#8669));
#8336=FILL_AREA_STYLE('',(#8670));
#8337=FILL_AREA_STYLE('',(#8671));
#8338=FILL_AREA_STYLE('',(#8672));
#8339=FILL_AREA_STYLE('',(#8673));
#8340=FILL_AREA_STYLE('',(#8674));
#8341=FILL_AREA_STYLE('',(#8675));
#8342=FILL_AREA_STYLE('',(#8676));
#8343=FILL_AREA_STYLE('',(#8677));
#8344=FILL_AREA_STYLE('',(#8678));
#8345=FILL_AREA_STYLE('',(#8679));
#8346=FILL_AREA_STYLE('',(#8680));
#8347=FILL_AREA_STYLE('',(#8681));
#8348=FILL_AREA_STYLE('',(#8682));
#8349=FILL_AREA_STYLE('',(#8683));
#8350=FILL_AREA_STYLE('',(#8684));
#8351=FILL_AREA_STYLE('',(#8685));
#8352=FILL_AREA_STYLE('',(#8686));
#8353=FILL_AREA_STYLE('',(#8687));
#8354=FILL_AREA_STYLE('',(#8688));
#8355=FILL_AREA_STYLE('',(#8689));
#8356=FILL_AREA_STYLE('',(#8690));
#8357=FILL_AREA_STYLE('',(#8691));
#8358=FILL_AREA_STYLE('',(#8692));
#8359=FILL_AREA_STYLE('',(#8693));
#8360=FILL_AREA_STYLE('',(#8694));
#8361=FILL_AREA_STYLE('',(#8695));
#8362=FILL_AREA_STYLE('',(#8696));
#8363=FILL_AREA_STYLE('',(#8697));
#8364=FILL_AREA_STYLE('',(#8698));
#8365=FILL_AREA_STYLE('',(#8699));
#8366=FILL_AREA_STYLE('',(#8700));
#8367=FILL_AREA_STYLE('',(#8701));
#8368=FILL_AREA_STYLE('',(#8702));
#8369=FILL_AREA_STYLE('',(#8703));
#8370=FILL_AREA_STYLE('',(#8704));
#8371=FILL_AREA_STYLE('',(#8705));
#8372=FILL_AREA_STYLE('',(#8706));
#8373=FILL_AREA_STYLE('',(#8707));
#8374=FILL_AREA_STYLE('',(#8708));
#8375=FILL_AREA_STYLE('',(#8709));
#8376=FILL_AREA_STYLE('',(#8710));
#8377=FILL_AREA_STYLE('',(#8711));
#8378=FILL_AREA_STYLE('',(#8712));
#8379=FILL_AREA_STYLE('',(#8713));
#8380=FILL_AREA_STYLE('',(#8714));
#8381=FILL_AREA_STYLE('',(#8715));
#8382=FILL_AREA_STYLE('',(#8716));
#8383=FILL_AREA_STYLE('',(#8717));
#8384=FILL_AREA_STYLE('',(#8718));
#8385=FILL_AREA_STYLE('',(#8719));
#8386=FILL_AREA_STYLE('',(#8720));
#8387=FILL_AREA_STYLE('',(#8721));
#8388=FILL_AREA_STYLE('',(#8722));
#8389=FILL_AREA_STYLE('',(#8723));
#8390=FILL_AREA_STYLE('',(#8724));
#8391=FILL_AREA_STYLE('',(#8725));
#8392=FILL_AREA_STYLE('',(#8726));
#8393=FILL_AREA_STYLE('',(#8727));
#8394=FILL_AREA_STYLE('',(#8728));
#8395=FILL_AREA_STYLE('',(#8729));
#8396=FILL_AREA_STYLE('',(#8730));
#8397=FILL_AREA_STYLE('',(#8731));
#8398=FILL_AREA_STYLE('',(#8732));
#8399=FILL_AREA_STYLE('',(#8733));
#8400=FILL_AREA_STYLE('',(#8734));
#8401=FILL_AREA_STYLE('',(#8735));
#8402=FILL_AREA_STYLE('',(#8736));
#8403=FILL_AREA_STYLE('',(#8737));
#8404=FILL_AREA_STYLE('',(#8738));
#8405=FILL_AREA_STYLE('',(#8739));
#8406=FILL_AREA_STYLE('',(#8740));
#8407=FILL_AREA_STYLE('',(#8741));
#8408=FILL_AREA_STYLE('',(#8742));
#8409=FILL_AREA_STYLE('',(#8743));
#8410=FILL_AREA_STYLE('',(#8744));
#8411=FILL_AREA_STYLE('',(#8745));
#8412=FILL_AREA_STYLE('',(#8746));
#8413=FILL_AREA_STYLE('',(#8747));
#8414=FILL_AREA_STYLE('',(#8748));
#8415=FILL_AREA_STYLE('',(#8749));
#8416=FILL_AREA_STYLE('',(#8750));
#8417=FILL_AREA_STYLE('',(#8751));
#8418=FILL_AREA_STYLE('',(#8752));
#8419=FILL_AREA_STYLE('',(#8753));
#8420=FILL_AREA_STYLE('',(#8754));
#8421=FILL_AREA_STYLE('',(#8755));
#8422=FILL_AREA_STYLE('',(#8756));
#8423=FILL_AREA_STYLE('',(#8757));
#8424=FILL_AREA_STYLE('',(#8758));
#8425=FILL_AREA_STYLE('',(#8759));
#8426=FILL_AREA_STYLE('',(#8760));
#8427=FILL_AREA_STYLE('',(#8761));
#8428=FILL_AREA_STYLE('',(#8762));
#8429=FILL_AREA_STYLE('',(#8763));
#8430=FILL_AREA_STYLE('',(#8764));
#8431=FILL_AREA_STYLE('',(#8765));
#8432=FILL_AREA_STYLE('',(#8766));
#8433=FILL_AREA_STYLE('',(#8767));
#8434=FILL_AREA_STYLE('',(#8768));
#8435=FILL_AREA_STYLE('',(#8769));
#8436=FILL_AREA_STYLE('',(#8770));
#8437=FILL_AREA_STYLE('',(#8771));
#8438=FILL_AREA_STYLE('',(#8772));
#8439=FILL_AREA_STYLE('',(#8773));
#8440=FILL_AREA_STYLE('',(#8774));
#8441=FILL_AREA_STYLE('',(#8775));
#8442=FILL_AREA_STYLE('',(#8776));
#8443=FILL_AREA_STYLE('',(#8777));
#8444=FILL_AREA_STYLE('',(#8778));
#8445=FILL_AREA_STYLE('',(#8779));
#8446=FILL_AREA_STYLE('',(#8780));
#8447=FILL_AREA_STYLE('',(#8781));
#8448=FILL_AREA_STYLE('',(#8782));
#8449=FILL_AREA_STYLE('',(#8783));
#8450=FILL_AREA_STYLE('',(#8784));
#8451=FILL_AREA_STYLE('',(#8785));
#8452=FILL_AREA_STYLE('',(#8786));
#8453=FILL_AREA_STYLE('',(#8787));
#8454=FILL_AREA_STYLE('',(#8788));
#8455=FILL_AREA_STYLE('',(#8789));
#8456=FILL_AREA_STYLE('',(#8790));
#8457=FILL_AREA_STYLE('',(#8791));
#8458=FILL_AREA_STYLE('',(#8792));
#8459=FILL_AREA_STYLE('',(#8793));
#8460=FILL_AREA_STYLE('',(#8794));
#8461=FILL_AREA_STYLE('',(#8795));
#8462=FILL_AREA_STYLE('',(#8796));
#8463=FILL_AREA_STYLE('',(#8797));
#8464=FILL_AREA_STYLE('',(#8798));
#8465=FILL_AREA_STYLE('',(#8799));
#8466=FILL_AREA_STYLE('',(#8800));
#8467=FILL_AREA_STYLE('',(#8801));
#8468=FILL_AREA_STYLE('',(#8802));
#8469=FILL_AREA_STYLE('',(#8803));
#8470=FILL_AREA_STYLE('',(#8804));
#8471=FILL_AREA_STYLE('',(#8805));
#8472=FILL_AREA_STYLE('',(#8806));
#8473=FILL_AREA_STYLE('',(#8807));
#8474=FILL_AREA_STYLE('',(#8808));
#8475=FILL_AREA_STYLE_COLOUR('',#8809);
#8476=FILL_AREA_STYLE_COLOUR('',#8810);
#8477=FILL_AREA_STYLE_COLOUR('',#8810);
#8478=FILL_AREA_STYLE_COLOUR('',#8810);
#8479=FILL_AREA_STYLE_COLOUR('',#8810);
#8480=FILL_AREA_STYLE_COLOUR('',#8810);
#8481=FILL_AREA_STYLE_COLOUR('',#8810);
#8482=FILL_AREA_STYLE_COLOUR('',#8810);
#8483=FILL_AREA_STYLE_COLOUR('',#8810);
#8484=FILL_AREA_STYLE_COLOUR('',#8810);
#8485=FILL_AREA_STYLE_COLOUR('',#8810);
#8486=FILL_AREA_STYLE_COLOUR('',#8810);
#8487=FILL_AREA_STYLE_COLOUR('',#8810);
#8488=FILL_AREA_STYLE_COLOUR('',#8810);
#8489=FILL_AREA_STYLE_COLOUR('',#8810);
#8490=FILL_AREA_STYLE_COLOUR('',#8810);
#8491=FILL_AREA_STYLE_COLOUR('',#8810);
#8492=FILL_AREA_STYLE_COLOUR('',#8810);
#8493=FILL_AREA_STYLE_COLOUR('',#8810);
#8494=FILL_AREA_STYLE_COLOUR('',#8810);
#8495=FILL_AREA_STYLE_COLOUR('',#8810);
#8496=FILL_AREA_STYLE_COLOUR('',#8810);
#8497=FILL_AREA_STYLE_COLOUR('',#8810);
#8498=FILL_AREA_STYLE_COLOUR('',#8810);
#8499=FILL_AREA_STYLE_COLOUR('',#8810);
#8500=FILL_AREA_STYLE_COLOUR('',#8810);
#8501=FILL_AREA_STYLE_COLOUR('',#8810);
#8502=FILL_AREA_STYLE_COLOUR('',#8810);
#8503=FILL_AREA_STYLE_COLOUR('',#8810);
#8504=FILL_AREA_STYLE_COLOUR('',#8810);
#8505=FILL_AREA_STYLE_COLOUR('',#8810);
#8506=FILL_AREA_STYLE_COLOUR('',#8810);
#8507=FILL_AREA_STYLE_COLOUR('',#8810);
#8508=FILL_AREA_STYLE_COLOUR('',#8810);
#8509=FILL_AREA_STYLE_COLOUR('',#8810);
#8510=FILL_AREA_STYLE_COLOUR('',#8810);
#8511=FILL_AREA_STYLE_COLOUR('',#8810);
#8512=FILL_AREA_STYLE_COLOUR('',#8810);
#8513=FILL_AREA_STYLE_COLOUR('',#8810);
#8514=FILL_AREA_STYLE_COLOUR('',#8810);
#8515=FILL_AREA_STYLE_COLOUR('',#8810);
#8516=FILL_AREA_STYLE_COLOUR('',#8810);
#8517=FILL_AREA_STYLE_COLOUR('',#8810);
#8518=FILL_AREA_STYLE_COLOUR('',#8810);
#8519=FILL_AREA_STYLE_COLOUR('',#8810);
#8520=FILL_AREA_STYLE_COLOUR('',#8810);
#8521=FILL_AREA_STYLE_COLOUR('',#8810);
#8522=FILL_AREA_STYLE_COLOUR('',#8810);
#8523=FILL_AREA_STYLE_COLOUR('',#8810);
#8524=FILL_AREA_STYLE_COLOUR('',#8810);
#8525=FILL_AREA_STYLE_COLOUR('',#8810);
#8526=FILL_AREA_STYLE_COLOUR('',#8810);
#8527=FILL_AREA_STYLE_COLOUR('',#8810);
#8528=FILL_AREA_STYLE_COLOUR('',#8810);
#8529=FILL_AREA_STYLE_COLOUR('',#8810);
#8530=FILL_AREA_STYLE_COLOUR('',#8810);
#8531=FILL_AREA_STYLE_COLOUR('',#8810);
#8532=FILL_AREA_STYLE_COLOUR('',#8810);
#8533=FILL_AREA_STYLE_COLOUR('',#8810);
#8534=FILL_AREA_STYLE_COLOUR('',#8810);
#8535=FILL_AREA_STYLE_COLOUR('',#8810);
#8536=FILL_AREA_STYLE_COLOUR('',#8810);
#8537=FILL_AREA_STYLE_COLOUR('',#8810);
#8538=FILL_AREA_STYLE_COLOUR('',#8810);
#8539=FILL_AREA_STYLE_COLOUR('',#8810);
#8540=FILL_AREA_STYLE_COLOUR('',#8810);
#8541=FILL_AREA_STYLE_COLOUR('',#8810);
#8542=FILL_AREA_STYLE_COLOUR('',#8810);
#8543=FILL_AREA_STYLE_COLOUR('',#8810);
#8544=FILL_AREA_STYLE_COLOUR('',#8810);
#8545=FILL_AREA_STYLE_COLOUR('',#8810);
#8546=FILL_AREA_STYLE_COLOUR('',#8810);
#8547=FILL_AREA_STYLE_COLOUR('',#8810);
#8548=FILL_AREA_STYLE_COLOUR('',#8810);
#8549=FILL_AREA_STYLE_COLOUR('',#8810);
#8550=FILL_AREA_STYLE_COLOUR('',#8810);
#8551=FILL_AREA_STYLE_COLOUR('',#8810);
#8552=FILL_AREA_STYLE_COLOUR('',#8810);
#8553=FILL_AREA_STYLE_COLOUR('',#8810);
#8554=FILL_AREA_STYLE_COLOUR('',#8810);
#8555=FILL_AREA_STYLE_COLOUR('',#8810);
#8556=FILL_AREA_STYLE_COLOUR('',#8809);
#8557=FILL_AREA_STYLE_COLOUR('',#8810);
#8558=FILL_AREA_STYLE_COLOUR('',#8810);
#8559=FILL_AREA_STYLE_COLOUR('',#8810);
#8560=FILL_AREA_STYLE_COLOUR('',#8810);
#8561=FILL_AREA_STYLE_COLOUR('',#8810);
#8562=FILL_AREA_STYLE_COLOUR('',#8810);
#8563=FILL_AREA_STYLE_COLOUR('',#8810);
#8564=FILL_AREA_STYLE_COLOUR('',#8810);
#8565=FILL_AREA_STYLE_COLOUR('',#8810);
#8566=FILL_AREA_STYLE_COLOUR('',#8810);
#8567=FILL_AREA_STYLE_COLOUR('',#8810);
#8568=FILL_AREA_STYLE_COLOUR('',#8810);
#8569=FILL_AREA_STYLE_COLOUR('',#8810);
#8570=FILL_AREA_STYLE_COLOUR('',#8810);
#8571=FILL_AREA_STYLE_COLOUR('',#8810);
#8572=FILL_AREA_STYLE_COLOUR('',#8810);
#8573=FILL_AREA_STYLE_COLOUR('',#8810);
#8574=FILL_AREA_STYLE_COLOUR('',#8810);
#8575=FILL_AREA_STYLE_COLOUR('',#8810);
#8576=FILL_AREA_STYLE_COLOUR('',#8810);
#8577=FILL_AREA_STYLE_COLOUR('',#8810);
#8578=FILL_AREA_STYLE_COLOUR('',#8810);
#8579=FILL_AREA_STYLE_COLOUR('',#8810);
#8580=FILL_AREA_STYLE_COLOUR('',#8810);
#8581=FILL_AREA_STYLE_COLOUR('',#8810);
#8582=FILL_AREA_STYLE_COLOUR('',#8810);
#8583=FILL_AREA_STYLE_COLOUR('',#8810);
#8584=FILL_AREA_STYLE_COLOUR('',#8810);
#8585=FILL_AREA_STYLE_COLOUR('',#8810);
#8586=FILL_AREA_STYLE_COLOUR('',#8810);
#8587=FILL_AREA_STYLE_COLOUR('',#8810);
#8588=FILL_AREA_STYLE_COLOUR('',#8810);
#8589=FILL_AREA_STYLE_COLOUR('',#8810);
#8590=FILL_AREA_STYLE_COLOUR('',#8810);
#8591=FILL_AREA_STYLE_COLOUR('',#8810);
#8592=FILL_AREA_STYLE_COLOUR('',#8810);
#8593=FILL_AREA_STYLE_COLOUR('',#8810);
#8594=FILL_AREA_STYLE_COLOUR('',#8810);
#8595=FILL_AREA_STYLE_COLOUR('',#8810);
#8596=FILL_AREA_STYLE_COLOUR('',#8810);
#8597=FILL_AREA_STYLE_COLOUR('',#8810);
#8598=FILL_AREA_STYLE_COLOUR('',#8810);
#8599=FILL_AREA_STYLE_COLOUR('',#8810);
#8600=FILL_AREA_STYLE_COLOUR('',#8810);
#8601=FILL_AREA_STYLE_COLOUR('',#8810);
#8602=FILL_AREA_STYLE_COLOUR('',#8810);
#8603=FILL_AREA_STYLE_COLOUR('',#8810);
#8604=FILL_AREA_STYLE_COLOUR('',#8810);
#8605=FILL_AREA_STYLE_COLOUR('',#8810);
#8606=FILL_AREA_STYLE_COLOUR('',#8810);
#8607=FILL_AREA_STYLE_COLOUR('',#8810);
#8608=FILL_AREA_STYLE_COLOUR('',#8810);
#8609=FILL_AREA_STYLE_COLOUR('',#8810);
#8610=FILL_AREA_STYLE_COLOUR('',#8810);
#8611=FILL_AREA_STYLE_COLOUR('',#8810);
#8612=FILL_AREA_STYLE_COLOUR('',#8810);
#8613=FILL_AREA_STYLE_COLOUR('',#8810);
#8614=FILL_AREA_STYLE_COLOUR('',#8810);
#8615=FILL_AREA_STYLE_COLOUR('',#8810);
#8616=FILL_AREA_STYLE_COLOUR('',#8810);
#8617=FILL_AREA_STYLE_COLOUR('',#8810);
#8618=FILL_AREA_STYLE_COLOUR('',#8810);
#8619=FILL_AREA_STYLE_COLOUR('',#8810);
#8620=FILL_AREA_STYLE_COLOUR('',#8810);
#8621=FILL_AREA_STYLE_COLOUR('',#8810);
#8622=FILL_AREA_STYLE_COLOUR('',#8810);
#8623=FILL_AREA_STYLE_COLOUR('',#8810);
#8624=FILL_AREA_STYLE_COLOUR('',#8810);
#8625=FILL_AREA_STYLE_COLOUR('',#8810);
#8626=FILL_AREA_STYLE_COLOUR('',#8810);
#8627=FILL_AREA_STYLE_COLOUR('',#8810);
#8628=FILL_AREA_STYLE_COLOUR('',#8810);
#8629=FILL_AREA_STYLE_COLOUR('',#8810);
#8630=FILL_AREA_STYLE_COLOUR('',#8810);
#8631=FILL_AREA_STYLE_COLOUR('',#8810);
#8632=FILL_AREA_STYLE_COLOUR('',#8810);
#8633=FILL_AREA_STYLE_COLOUR('',#8810);
#8634=FILL_AREA_STYLE_COLOUR('',#8810);
#8635=FILL_AREA_STYLE_COLOUR('',#8810);
#8636=FILL_AREA_STYLE_COLOUR('',#8810);
#8637=FILL_AREA_STYLE_COLOUR('',#8809);
#8638=FILL_AREA_STYLE_COLOUR('',#8810);
#8639=FILL_AREA_STYLE_COLOUR('',#8810);
#8640=FILL_AREA_STYLE_COLOUR('',#8810);
#8641=FILL_AREA_STYLE_COLOUR('',#8810);
#8642=FILL_AREA_STYLE_COLOUR('',#8810);
#8643=FILL_AREA_STYLE_COLOUR('',#8810);
#8644=FILL_AREA_STYLE_COLOUR('',#8810);
#8645=FILL_AREA_STYLE_COLOUR('',#8810);
#8646=FILL_AREA_STYLE_COLOUR('',#8810);
#8647=FILL_AREA_STYLE_COLOUR('',#8810);
#8648=FILL_AREA_STYLE_COLOUR('',#8810);
#8649=FILL_AREA_STYLE_COLOUR('',#8810);
#8650=FILL_AREA_STYLE_COLOUR('',#8810);
#8651=FILL_AREA_STYLE_COLOUR('',#8810);
#8652=FILL_AREA_STYLE_COLOUR('',#8810);
#8653=FILL_AREA_STYLE_COLOUR('',#8810);
#8654=FILL_AREA_STYLE_COLOUR('',#8810);
#8655=FILL_AREA_STYLE_COLOUR('',#8810);
#8656=FILL_AREA_STYLE_COLOUR('',#8810);
#8657=FILL_AREA_STYLE_COLOUR('',#8810);
#8658=FILL_AREA_STYLE_COLOUR('',#8810);
#8659=FILL_AREA_STYLE_COLOUR('',#8810);
#8660=FILL_AREA_STYLE_COLOUR('',#8810);
#8661=FILL_AREA_STYLE_COLOUR('',#8810);
#8662=FILL_AREA_STYLE_COLOUR('',#8810);
#8663=FILL_AREA_STYLE_COLOUR('',#8810);
#8664=FILL_AREA_STYLE_COLOUR('',#8810);
#8665=FILL_AREA_STYLE_COLOUR('',#8810);
#8666=FILL_AREA_STYLE_COLOUR('',#8810);
#8667=FILL_AREA_STYLE_COLOUR('',#8810);
#8668=FILL_AREA_STYLE_COLOUR('',#8810);
#8669=FILL_AREA_STYLE_COLOUR('',#8810);
#8670=FILL_AREA_STYLE_COLOUR('',#8810);
#8671=FILL_AREA_STYLE_COLOUR('',#8810);
#8672=FILL_AREA_STYLE_COLOUR('',#8810);
#8673=FILL_AREA_STYLE_COLOUR('',#8810);
#8674=FILL_AREA_STYLE_COLOUR('',#8810);
#8675=FILL_AREA_STYLE_COLOUR('',#8810);
#8676=FILL_AREA_STYLE_COLOUR('',#8810);
#8677=FILL_AREA_STYLE_COLOUR('',#8810);
#8678=FILL_AREA_STYLE_COLOUR('',#8810);
#8679=FILL_AREA_STYLE_COLOUR('',#8810);
#8680=FILL_AREA_STYLE_COLOUR('',#8810);
#8681=FILL_AREA_STYLE_COLOUR('',#8810);
#8682=FILL_AREA_STYLE_COLOUR('',#8810);
#8683=FILL_AREA_STYLE_COLOUR('',#8810);
#8684=FILL_AREA_STYLE_COLOUR('',#8810);
#8685=FILL_AREA_STYLE_COLOUR('',#8810);
#8686=FILL_AREA_STYLE_COLOUR('',#8810);
#8687=FILL_AREA_STYLE_COLOUR('',#8810);
#8688=FILL_AREA_STYLE_COLOUR('',#8810);
#8689=FILL_AREA_STYLE_COLOUR('',#8810);
#8690=FILL_AREA_STYLE_COLOUR('',#8810);
#8691=FILL_AREA_STYLE_COLOUR('',#8810);
#8692=FILL_AREA_STYLE_COLOUR('',#8810);
#8693=FILL_AREA_STYLE_COLOUR('',#8810);
#8694=FILL_AREA_STYLE_COLOUR('',#8810);
#8695=FILL_AREA_STYLE_COLOUR('',#8810);
#8696=FILL_AREA_STYLE_COLOUR('',#8810);
#8697=FILL_AREA_STYLE_COLOUR('',#8810);
#8698=FILL_AREA_STYLE_COLOUR('',#8810);
#8699=FILL_AREA_STYLE_COLOUR('',#8810);
#8700=FILL_AREA_STYLE_COLOUR('',#8810);
#8701=FILL_AREA_STYLE_COLOUR('',#8810);
#8702=FILL_AREA_STYLE_COLOUR('',#8810);
#8703=FILL_AREA_STYLE_COLOUR('',#8810);
#8704=FILL_AREA_STYLE_COLOUR('',#8810);
#8705=FILL_AREA_STYLE_COLOUR('',#8810);
#8706=FILL_AREA_STYLE_COLOUR('',#8810);
#8707=FILL_AREA_STYLE_COLOUR('',#8810);
#8708=FILL_AREA_STYLE_COLOUR('',#8810);
#8709=FILL_AREA_STYLE_COLOUR('',#8810);
#8710=FILL_AREA_STYLE_COLOUR('',#8810);
#8711=FILL_AREA_STYLE_COLOUR('',#8810);
#8712=FILL_AREA_STYLE_COLOUR('',#8810);
#8713=FILL_AREA_STYLE_COLOUR('',#8810);
#8714=FILL_AREA_STYLE_COLOUR('',#8810);
#8715=FILL_AREA_STYLE_COLOUR('',#8810);
#8716=FILL_AREA_STYLE_COLOUR('',#8810);
#8717=FILL_AREA_STYLE_COLOUR('',#8810);
#8718=FILL_AREA_STYLE_COLOUR('',#8810);
#8719=FILL_AREA_STYLE_COLOUR('',#8810);
#8720=FILL_AREA_STYLE_COLOUR('',#8810);
#8721=FILL_AREA_STYLE_COLOUR('',#8810);
#8722=FILL_AREA_STYLE_COLOUR('',#8810);
#8723=FILL_AREA_STYLE_COLOUR('',#8810);
#8724=FILL_AREA_STYLE_COLOUR('',#8810);
#8725=FILL_AREA_STYLE_COLOUR('',#8810);
#8726=FILL_AREA_STYLE_COLOUR('',#8810);
#8727=FILL_AREA_STYLE_COLOUR('',#8810);
#8728=FILL_AREA_STYLE_COLOUR('',#8810);
#8729=FILL_AREA_STYLE_COLOUR('',#8810);
#8730=FILL_AREA_STYLE_COLOUR('',#8810);
#8731=FILL_AREA_STYLE_COLOUR('',#8810);
#8732=FILL_AREA_STYLE_COLOUR('',#8810);
#8733=FILL_AREA_STYLE_COLOUR('',#8810);
#8734=FILL_AREA_STYLE_COLOUR('',#8810);
#8735=FILL_AREA_STYLE_COLOUR('',#8810);
#8736=FILL_AREA_STYLE_COLOUR('',#8810);
#8737=FILL_AREA_STYLE_COLOUR('',#8810);
#8738=FILL_AREA_STYLE_COLOUR('',#8810);
#8739=FILL_AREA_STYLE_COLOUR('',#8810);
#8740=FILL_AREA_STYLE_COLOUR('',#8810);
#8741=FILL_AREA_STYLE_COLOUR('',#8810);
#8742=FILL_AREA_STYLE_COLOUR('',#8810);
#8743=FILL_AREA_STYLE_COLOUR('',#8810);
#8744=FILL_AREA_STYLE_COLOUR('',#8810);
#8745=FILL_AREA_STYLE_COLOUR('',#8810);
#8746=FILL_AREA_STYLE_COLOUR('',#8810);
#8747=FILL_AREA_STYLE_COLOUR('',#8810);
#8748=FILL_AREA_STYLE_COLOUR('',#8810);
#8749=FILL_AREA_STYLE_COLOUR('',#8810);
#8750=FILL_AREA_STYLE_COLOUR('',#8810);
#8751=FILL_AREA_STYLE_COLOUR('',#8810);
#8752=FILL_AREA_STYLE_COLOUR('',#8810);
#8753=FILL_AREA_STYLE_COLOUR('',#8810);
#8754=FILL_AREA_STYLE_COLOUR('',#8810);
#8755=FILL_AREA_STYLE_COLOUR('',#8810);
#8756=FILL_AREA_STYLE_COLOUR('',#8810);
#8757=FILL_AREA_STYLE_COLOUR('',#8810);
#8758=FILL_AREA_STYLE_COLOUR('',#8810);
#8759=FILL_AREA_STYLE_COLOUR('',#8810);
#8760=FILL_AREA_STYLE_COLOUR('',#8810);
#8761=FILL_AREA_STYLE_COLOUR('',#8810);
#8762=FILL_AREA_STYLE_COLOUR('',#8810);
#8763=FILL_AREA_STYLE_COLOUR('',#8810);
#8764=FILL_AREA_STYLE_COLOUR('',#8810);
#8765=FILL_AREA_STYLE_COLOUR('',#8810);
#8766=FILL_AREA_STYLE_COLOUR('',#8810);
#8767=FILL_AREA_STYLE_COLOUR('',#8810);
#8768=FILL_AREA_STYLE_COLOUR('',#8810);
#8769=FILL_AREA_STYLE_COLOUR('',#8810);
#8770=FILL_AREA_STYLE_COLOUR('',#8810);
#8771=FILL_AREA_STYLE_COLOUR('',#8810);
#8772=FILL_AREA_STYLE_COLOUR('',#8810);
#8773=FILL_AREA_STYLE_COLOUR('',#8810);
#8774=FILL_AREA_STYLE_COLOUR('',#8810);
#8775=FILL_AREA_STYLE_COLOUR('',#8810);
#8776=FILL_AREA_STYLE_COLOUR('',#8810);
#8777=FILL_AREA_STYLE_COLOUR('',#8810);
#8778=FILL_AREA_STYLE_COLOUR('',#8810);
#8779=FILL_AREA_STYLE_COLOUR('',#8810);
#8780=FILL_AREA_STYLE_COLOUR('',#8810);
#8781=FILL_AREA_STYLE_COLOUR('',#8810);
#8782=FILL_AREA_STYLE_COLOUR('',#8810);
#8783=FILL_AREA_STYLE_COLOUR('',#8810);
#8784=FILL_AREA_STYLE_COLOUR('',#8810);
#8785=FILL_AREA_STYLE_COLOUR('',#8810);
#8786=FILL_AREA_STYLE_COLOUR('',#8810);
#8787=FILL_AREA_STYLE_COLOUR('',#8810);
#8788=FILL_AREA_STYLE_COLOUR('',#8810);
#8789=FILL_AREA_STYLE_COLOUR('',#8810);
#8790=FILL_AREA_STYLE_COLOUR('',#8809);
#8791=FILL_AREA_STYLE_COLOUR('',#8809);
#8792=FILL_AREA_STYLE_COLOUR('',#8809);
#8793=FILL_AREA_STYLE_COLOUR('',#8810);
#8794=FILL_AREA_STYLE_COLOUR('',#8810);
#8795=FILL_AREA_STYLE_COLOUR('',#8810);
#8796=FILL_AREA_STYLE_COLOUR('',#8810);
#8797=FILL_AREA_STYLE_COLOUR('',#8810);
#8798=FILL_AREA_STYLE_COLOUR('',#8810);
#8799=FILL_AREA_STYLE_COLOUR('',#8810);
#8800=FILL_AREA_STYLE_COLOUR('',#8810);
#8801=FILL_AREA_STYLE_COLOUR('',#8810);
#8802=FILL_AREA_STYLE_COLOUR('',#8810);
#8803=FILL_AREA_STYLE_COLOUR('',#8810);
#8804=FILL_AREA_STYLE_COLOUR('',#8810);
#8805=FILL_AREA_STYLE_COLOUR('',#8810);
#8806=FILL_AREA_STYLE_COLOUR('',#8810);
#8807=FILL_AREA_STYLE_COLOUR('',#8809);
#8808=FILL_AREA_STYLE_COLOUR('',#8809);
#8809=COLOUR_RGB('',0.200000002980232,0.200000002980232,0.200000002980232);
#8810=COLOUR_RGB('',0.699999988079071,0.699999988079071,0.699999988079071);
#8811=ADVANCED_FACE('',(#5881,#5882),#6218,.F.);
#8812=ADVANCED_FACE('',(#5883),#6219,.T.);
#8813=ADVANCED_FACE('',(#5884),#6220,.F.);
#8814=ADVANCED_FACE('',(#5885),#20,.T.);
#8815=ADVANCED_FACE('',(#5886),#6221,.F.);
#8816=ADVANCED_FACE('',(#5887),#6222,.F.);
#8817=ADVANCED_FACE('',(#5888),#6223,.F.);
#8818=ADVANCED_FACE('',(#5889),#21,.T.);
#8819=ADVANCED_FACE('',(#5890),#6224,.F.);
#8820=ADVANCED_FACE('',(#5891),#6225,.T.);
#8821=ADVANCED_FACE('',(#5892),#6226,.F.);
#8822=ADVANCED_FACE('',(#5893),#22,.T.);
#8823=ADVANCED_FACE('',(#5894),#6227,.F.);
#8824=ADVANCED_FACE('',(#5895),#6228,.F.);
#8825=ADVANCED_FACE('',(#5896),#6229,.F.);
#8826=ADVANCED_FACE('',(#5897),#23,.T.);
#8827=ADVANCED_FACE('',(#5898),#6230,.F.);
#8828=ADVANCED_FACE('',(#5899),#6231,.T.);
#8829=ADVANCED_FACE('',(#5900),#6232,.F.);
#8830=ADVANCED_FACE('',(#5901),#24,.T.);
#8831=ADVANCED_FACE('',(#5902),#6233,.F.);
#8832=ADVANCED_FACE('',(#5903),#6234,.F.);
#8833=ADVANCED_FACE('',(#5904),#6235,.F.);
#8834=ADVANCED_FACE('',(#5905),#25,.T.);
#8835=ADVANCED_FACE('',(#5906),#6236,.F.);
#8836=ADVANCED_FACE('',(#5907),#6237,.T.);
#8837=ADVANCED_FACE('',(#5908),#6238,.F.);
#8838=ADVANCED_FACE('',(#5909),#26,.T.);
#8839=ADVANCED_FACE('',(#5910),#6239,.F.);
#8840=ADVANCED_FACE('',(#5911),#6240,.F.);
#8841=ADVANCED_FACE('',(#5912),#6241,.F.);
#8842=ADVANCED_FACE('',(#5913),#27,.T.);
#8843=ADVANCED_FACE('',(#5914),#6242,.F.);
#8844=ADVANCED_FACE('',(#5915),#6243,.T.);
#8845=ADVANCED_FACE('',(#5916),#6244,.F.);
#8846=ADVANCED_FACE('',(#5917),#28,.T.);
#8847=ADVANCED_FACE('',(#5918),#6245,.F.);
#8848=ADVANCED_FACE('',(#5919),#6246,.F.);
#8849=ADVANCED_FACE('',(#5920),#6247,.F.);
#8850=ADVANCED_FACE('',(#5921),#29,.T.);
#8851=ADVANCED_FACE('',(#5922),#6248,.F.);
#8852=ADVANCED_FACE('',(#5923),#6249,.T.);
#8853=ADVANCED_FACE('',(#5924),#6250,.F.);
#8854=ADVANCED_FACE('',(#5925),#30,.T.);
#8855=ADVANCED_FACE('',(#5926),#6251,.F.);
#8856=ADVANCED_FACE('',(#5927),#6252,.F.);
#8857=ADVANCED_FACE('',(#5928),#6253,.F.);
#8858=ADVANCED_FACE('',(#5929),#31,.T.);
#8859=ADVANCED_FACE('',(#5930),#6254,.F.);
#8860=ADVANCED_FACE('',(#5931),#6255,.T.);
#8861=ADVANCED_FACE('',(#5932),#6256,.F.);
#8862=ADVANCED_FACE('',(#5933),#32,.T.);
#8863=ADVANCED_FACE('',(#5934),#6257,.F.);
#8864=ADVANCED_FACE('',(#5935),#6258,.F.);
#8865=ADVANCED_FACE('',(#5936),#6259,.F.);
#8866=ADVANCED_FACE('',(#5937),#33,.T.);
#8867=ADVANCED_FACE('',(#5938),#6260,.F.);
#8868=ADVANCED_FACE('',(#5939),#6261,.T.);
#8869=ADVANCED_FACE('',(#5940),#6262,.F.);
#8870=ADVANCED_FACE('',(#5941),#34,.T.);
#8871=ADVANCED_FACE('',(#5942),#6263,.F.);
#8872=ADVANCED_FACE('',(#5943),#6264,.F.);
#8873=ADVANCED_FACE('',(#5944),#6265,.F.);
#8874=ADVANCED_FACE('',(#5945),#35,.T.);
#8875=ADVANCED_FACE('',(#5946),#6266,.F.);
#8876=ADVANCED_FACE('',(#5947),#6267,.T.);
#8877=ADVANCED_FACE('',(#5948),#6268,.F.);
#8878=ADVANCED_FACE('',(#5949),#36,.T.);
#8879=ADVANCED_FACE('',(#5950),#6269,.F.);
#8880=ADVANCED_FACE('',(#5951),#6270,.F.);
#8881=ADVANCED_FACE('',(#5952),#6271,.F.);
#8882=ADVANCED_FACE('',(#5953),#37,.T.);
#8883=ADVANCED_FACE('',(#5954),#6272,.F.);
#8884=ADVANCED_FACE('',(#5955),#38,.T.);
#8885=ADVANCED_FACE('',(#5956),#6273,.F.);
#8886=ADVANCED_FACE('',(#5957),#6274,.F.);
#8887=ADVANCED_FACE('',(#5958),#6275,.F.);
#8888=ADVANCED_FACE('',(#5959),#39,.T.);
#8889=ADVANCED_FACE('',(#5960),#6276,.F.);
#8890=ADVANCED_FACE('',(#5961),#6277,.T.);
#8891=ADVANCED_FACE('',(#5962),#6278,.F.);
#8892=ADVANCED_FACE('',(#5963),#6279,.F.);
#8893=ADVANCED_FACE('',(#5964),#6280,.F.);
#8894=ADVANCED_FACE('',(#5965),#40,.T.);
#8895=ADVANCED_FACE('',(#5966),#6281,.F.);
#8896=ADVANCED_FACE('',(#5967),#6282,.F.);
#8897=ADVANCED_FACE('',(#5968),#6283,.F.);
#8898=ADVANCED_FACE('',(#5969),#41,.T.);
#8899=ADVANCED_FACE('',(#5970),#6284,.F.);
#8900=ADVANCED_FACE('',(#5971),#6285,.T.);
#8901=ADVANCED_FACE('',(#5972),#6286,.F.);
#8902=ADVANCED_FACE('',(#5973),#42,.T.);
#8903=ADVANCED_FACE('',(#5974),#6287,.F.);
#8904=ADVANCED_FACE('',(#5975),#6288,.F.);
#8905=ADVANCED_FACE('',(#5976),#6289,.F.);
#8906=ADVANCED_FACE('',(#5977),#43,.T.);
#8907=ADVANCED_FACE('',(#5978),#6290,.F.);
#8908=ADVANCED_FACE('',(#5979),#6291,.T.);
#8909=ADVANCED_FACE('',(#5980),#6292,.F.);
#8910=ADVANCED_FACE('',(#5981),#44,.T.);
#8911=ADVANCED_FACE('',(#5982),#6293,.F.);
#8912=ADVANCED_FACE('',(#5983),#6294,.F.);
#8913=ADVANCED_FACE('',(#5984),#6295,.F.);
#8914=ADVANCED_FACE('',(#5985),#45,.T.);
#8915=ADVANCED_FACE('',(#5986),#6296,.F.);
#8916=ADVANCED_FACE('',(#5987),#6297,.T.);
#8917=ADVANCED_FACE('',(#5988),#6298,.F.);
#8918=ADVANCED_FACE('',(#5989),#46,.T.);
#8919=ADVANCED_FACE('',(#5990),#6299,.F.);
#8920=ADVANCED_FACE('',(#5991),#6300,.F.);
#8921=ADVANCED_FACE('',(#5992),#6301,.F.);
#8922=ADVANCED_FACE('',(#5993),#47,.T.);
#8923=ADVANCED_FACE('',(#5994),#6302,.F.);
#8924=ADVANCED_FACE('',(#5995),#6303,.T.);
#8925=ADVANCED_FACE('',(#5996),#6304,.F.);
#8926=ADVANCED_FACE('',(#5997),#48,.T.);
#8927=ADVANCED_FACE('',(#5998),#6305,.F.);
#8928=ADVANCED_FACE('',(#5999),#6306,.F.);
#8929=ADVANCED_FACE('',(#6000),#6307,.F.);
#8930=ADVANCED_FACE('',(#6001),#49,.T.);
#8931=ADVANCED_FACE('',(#6002),#6308,.F.);
#8932=ADVANCED_FACE('',(#6003),#6309,.T.);
#8933=ADVANCED_FACE('',(#6004),#6310,.F.);
#8934=ADVANCED_FACE('',(#6005),#50,.T.);
#8935=ADVANCED_FACE('',(#6006),#6311,.F.);
#8936=ADVANCED_FACE('',(#6007),#6312,.F.);
#8937=ADVANCED_FACE('',(#6008),#6313,.F.);
#8938=ADVANCED_FACE('',(#6009),#51,.T.);
#8939=ADVANCED_FACE('',(#6010),#6314,.F.);
#8940=ADVANCED_FACE('',(#6011),#6315,.T.);
#8941=ADVANCED_FACE('',(#6012),#6316,.F.);
#8942=ADVANCED_FACE('',(#6013),#52,.T.);
#8943=ADVANCED_FACE('',(#6014),#6317,.F.);
#8944=ADVANCED_FACE('',(#6015),#6318,.F.);
#8945=ADVANCED_FACE('',(#6016),#6319,.F.);
#8946=ADVANCED_FACE('',(#6017),#53,.T.);
#8947=ADVANCED_FACE('',(#6018),#6320,.F.);
#8948=ADVANCED_FACE('',(#6019),#6321,.T.);
#8949=ADVANCED_FACE('',(#6020),#6322,.F.);
#8950=ADVANCED_FACE('',(#6021),#54,.T.);
#8951=ADVANCED_FACE('',(#6022),#6323,.F.);
#8952=ADVANCED_FACE('',(#6023),#6324,.F.);
#8953=ADVANCED_FACE('',(#6024),#6325,.F.);
#8954=ADVANCED_FACE('',(#6025),#55,.T.);
#8955=ADVANCED_FACE('',(#6026),#6326,.F.);
#8956=ADVANCED_FACE('',(#6027),#6327,.T.);
#8957=ADVANCED_FACE('',(#6028),#6328,.F.);
#8958=ADVANCED_FACE('',(#6029),#56,.T.);
#8959=ADVANCED_FACE('',(#6030),#6329,.F.);
#8960=ADVANCED_FACE('',(#6031),#6330,.F.);
#8961=ADVANCED_FACE('',(#6032),#6331,.F.);
#8962=ADVANCED_FACE('',(#6033),#57,.T.);
#8963=ADVANCED_FACE('',(#6034),#6332,.F.);
#8964=ADVANCED_FACE('',(#6035),#6333,.T.);
#8965=ADVANCED_FACE('',(#6036),#58,.T.);
#8966=ADVANCED_FACE('',(#6037),#6334,.F.);
#8967=ADVANCED_FACE('',(#6038),#6335,.F.);
#8968=ADVANCED_FACE('',(#6039),#6336,.F.);
#8969=ADVANCED_FACE('',(#6040),#59,.T.);
#8970=ADVANCED_FACE('',(#6041),#6337,.F.);
#8971=ADVANCED_FACE('',(#6042),#6338,.T.);
#8972=ADVANCED_FACE('',(#6043),#6339,.F.);
#8973=ADVANCED_FACE('',(#6044),#6340,.F.);
#8974=ADVANCED_FACE('',(#6045),#60,.T.);
#8975=ADVANCED_FACE('',(#6046),#6341,.F.);
#8976=ADVANCED_FACE('',(#6047),#6342,.F.);
#8977=ADVANCED_FACE('',(#6048),#6343,.F.);
#8978=ADVANCED_FACE('',(#6049),#61,.T.);
#8979=ADVANCED_FACE('',(#6050),#6344,.F.);
#8980=ADVANCED_FACE('',(#6051),#6345,.T.);
#8981=ADVANCED_FACE('',(#6052),#6346,.F.);
#8982=ADVANCED_FACE('',(#6053),#62,.T.);
#8983=ADVANCED_FACE('',(#6054),#6347,.F.);
#8984=ADVANCED_FACE('',(#6055),#6348,.F.);
#8985=ADVANCED_FACE('',(#6056),#6349,.F.);
#8986=ADVANCED_FACE('',(#6057),#63,.T.);
#8987=ADVANCED_FACE('',(#6058),#6350,.F.);
#8988=ADVANCED_FACE('',(#6059),#6351,.T.);
#8989=ADVANCED_FACE('',(#6060),#6352,.F.);
#8990=ADVANCED_FACE('',(#6061),#64,.T.);
#8991=ADVANCED_FACE('',(#6062),#6353,.F.);
#8992=ADVANCED_FACE('',(#6063),#6354,.F.);
#8993=ADVANCED_FACE('',(#6064),#6355,.F.);
#8994=ADVANCED_FACE('',(#6065),#65,.T.);
#8995=ADVANCED_FACE('',(#6066),#6356,.F.);
#8996=ADVANCED_FACE('',(#6067),#6357,.T.);
#8997=ADVANCED_FACE('',(#6068),#6358,.F.);
#8998=ADVANCED_FACE('',(#6069),#66,.T.);
#8999=ADVANCED_FACE('',(#6070),#6359,.F.);
#9000=ADVANCED_FACE('',(#6071),#6360,.F.);
#9001=ADVANCED_FACE('',(#6072),#6361,.F.);
#9002=ADVANCED_FACE('',(#6073),#67,.T.);
#9003=ADVANCED_FACE('',(#6074),#6362,.F.);
#9004=ADVANCED_FACE('',(#6075),#6363,.T.);
#9005=ADVANCED_FACE('',(#6076),#6364,.F.);
#9006=ADVANCED_FACE('',(#6077),#68,.T.);
#9007=ADVANCED_FACE('',(#6078),#6365,.F.);
#9008=ADVANCED_FACE('',(#6079),#6366,.F.);
#9009=ADVANCED_FACE('',(#6080),#6367,.F.);
#9010=ADVANCED_FACE('',(#6081),#69,.T.);
#9011=ADVANCED_FACE('',(#6082),#6368,.F.);
#9012=ADVANCED_FACE('',(#6083),#6369,.T.);
#9013=ADVANCED_FACE('',(#6084),#6370,.F.);
#9014=ADVANCED_FACE('',(#6085),#70,.T.);
#9015=ADVANCED_FACE('',(#6086),#6371,.F.);
#9016=ADVANCED_FACE('',(#6087),#6372,.F.);
#9017=ADVANCED_FACE('',(#6088),#6373,.F.);
#9018=ADVANCED_FACE('',(#6089),#71,.T.);
#9019=ADVANCED_FACE('',(#6090),#6374,.F.);
#9020=ADVANCED_FACE('',(#6091),#6375,.T.);
#9021=ADVANCED_FACE('',(#6092),#6376,.F.);
#9022=ADVANCED_FACE('',(#6093),#72,.T.);
#9023=ADVANCED_FACE('',(#6094),#6377,.F.);
#9024=ADVANCED_FACE('',(#6095),#6378,.F.);
#9025=ADVANCED_FACE('',(#6096),#6379,.F.);
#9026=ADVANCED_FACE('',(#6097),#73,.T.);
#9027=ADVANCED_FACE('',(#6098),#6380,.F.);
#9028=ADVANCED_FACE('',(#6099),#6381,.T.);
#9029=ADVANCED_FACE('',(#6100),#6382,.F.);
#9030=ADVANCED_FACE('',(#6101),#74,.T.);
#9031=ADVANCED_FACE('',(#6102),#6383,.F.);
#9032=ADVANCED_FACE('',(#6103),#6384,.F.);
#9033=ADVANCED_FACE('',(#6104),#6385,.F.);
#9034=ADVANCED_FACE('',(#6105),#75,.T.);
#9035=ADVANCED_FACE('',(#6106),#6386,.F.);
#9036=ADVANCED_FACE('',(#6107),#6387,.T.);
#9037=ADVANCED_FACE('',(#6108),#6388,.F.);
#9038=ADVANCED_FACE('',(#6109),#76,.T.);
#9039=ADVANCED_FACE('',(#6110),#6389,.F.);
#9040=ADVANCED_FACE('',(#6111),#6390,.F.);
#9041=ADVANCED_FACE('',(#6112),#6391,.F.);
#9042=ADVANCED_FACE('',(#6113),#77,.T.);
#9043=ADVANCED_FACE('',(#6114),#6392,.F.);
#9044=ADVANCED_FACE('',(#6115),#6393,.T.);
#9045=ADVANCED_FACE('',(#6116),#6394,.F.);
#9046=ADVANCED_FACE('',(#6117),#78,.T.);
#9047=ADVANCED_FACE('',(#6118),#6395,.F.);
#9048=ADVANCED_FACE('',(#6119),#6396,.F.);
#9049=ADVANCED_FACE('',(#6120),#6397,.F.);
#9050=ADVANCED_FACE('',(#6121),#79,.T.);
#9051=ADVANCED_FACE('',(#6122),#6398,.F.);
#9052=ADVANCED_FACE('',(#6123),#6399,.T.);
#9053=ADVANCED_FACE('',(#6124),#6400,.F.);
#9054=ADVANCED_FACE('',(#6125),#80,.T.);
#9055=ADVANCED_FACE('',(#6126),#6401,.F.);
#9056=ADVANCED_FACE('',(#6127),#6402,.F.);
#9057=ADVANCED_FACE('',(#6128),#6403,.F.);
#9058=ADVANCED_FACE('',(#6129),#81,.T.);
#9059=ADVANCED_FACE('',(#6130),#6404,.F.);
#9060=ADVANCED_FACE('',(#6131),#6405,.T.);
#9061=ADVANCED_FACE('',(#6132),#6406,.F.);
#9062=ADVANCED_FACE('',(#6133),#82,.T.);
#9063=ADVANCED_FACE('',(#6134),#6407,.F.);
#9064=ADVANCED_FACE('',(#6135),#6408,.F.);
#9065=ADVANCED_FACE('',(#6136),#6409,.F.);
#9066=ADVANCED_FACE('',(#6137),#83,.T.);
#9067=ADVANCED_FACE('',(#6138),#6410,.F.);
#9068=ADVANCED_FACE('',(#6139),#6411,.T.);
#9069=ADVANCED_FACE('',(#6140),#6412,.F.);
#9070=ADVANCED_FACE('',(#6141),#84,.T.);
#9071=ADVANCED_FACE('',(#6142),#6413,.F.);
#9072=ADVANCED_FACE('',(#6143),#6414,.F.);
#9073=ADVANCED_FACE('',(#6144),#6415,.F.);
#9074=ADVANCED_FACE('',(#6145),#85,.T.);
#9075=ADVANCED_FACE('',(#6146),#6416,.F.);
#9076=ADVANCED_FACE('',(#6147),#6417,.T.);
#9077=ADVANCED_FACE('',(#6148),#6418,.F.);
#9078=ADVANCED_FACE('',(#6149),#86,.T.);
#9079=ADVANCED_FACE('',(#6150),#6419,.F.);
#9080=ADVANCED_FACE('',(#6151),#6420,.F.);
#9081=ADVANCED_FACE('',(#6152),#6421,.F.);
#9082=ADVANCED_FACE('',(#6153),#87,.T.);
#9083=ADVANCED_FACE('',(#6154),#6422,.F.);
#9084=ADVANCED_FACE('',(#6155),#6423,.T.);
#9085=ADVANCED_FACE('',(#6156),#6424,.F.);
#9086=ADVANCED_FACE('',(#6157),#88,.T.);
#9087=ADVANCED_FACE('',(#6158),#6425,.F.);
#9088=ADVANCED_FACE('',(#6159),#6426,.F.);
#9089=ADVANCED_FACE('',(#6160),#6427,.F.);
#9090=ADVANCED_FACE('',(#6161),#89,.T.);
#9091=ADVANCED_FACE('',(#6162),#6428,.F.);
#9092=ADVANCED_FACE('',(#6163),#6429,.T.);
#9093=ADVANCED_FACE('',(#6164),#6430,.F.);
#9094=ADVANCED_FACE('',(#6165),#90,.T.);
#9095=ADVANCED_FACE('',(#6166),#6431,.F.);
#9096=ADVANCED_FACE('',(#6167),#6432,.F.);
#9097=ADVANCED_FACE('',(#6168),#6433,.F.);
#9098=ADVANCED_FACE('',(#6169),#91,.T.);
#9099=ADVANCED_FACE('',(#6170),#6434,.F.);
#9100=ADVANCED_FACE('',(#6171),#6435,.T.);
#9101=ADVANCED_FACE('',(#6172),#6436,.F.);
#9102=ADVANCED_FACE('',(#6173),#92,.T.);
#9103=ADVANCED_FACE('',(#6174),#6437,.F.);
#9104=ADVANCED_FACE('',(#6175),#6438,.F.);
#9105=ADVANCED_FACE('',(#6176),#6439,.F.);
#9106=ADVANCED_FACE('',(#6177),#93,.T.);
#9107=ADVANCED_FACE('',(#6178),#6440,.F.);
#9108=ADVANCED_FACE('',(#6179),#6441,.T.);
#9109=ADVANCED_FACE('',(#6180),#6442,.F.);
#9110=ADVANCED_FACE('',(#6181),#94,.T.);
#9111=ADVANCED_FACE('',(#6182),#6443,.F.);
#9112=ADVANCED_FACE('',(#6183),#6444,.F.);
#9113=ADVANCED_FACE('',(#6184),#6445,.F.);
#9114=ADVANCED_FACE('',(#6185),#95,.T.);
#9115=ADVANCED_FACE('',(#6186),#6446,.F.);
#9116=ADVANCED_FACE('',(#6187),#6447,.T.);
#9117=ADVANCED_FACE('',(#6188),#6448,.F.);
#9118=ADVANCED_FACE('',(#6189),#6449,.F.);
#9119=ADVANCED_FACE('',(#6190),#96,.T.);
#9120=ADVANCED_FACE('',(#6191),#6450,.F.);
#9121=ADVANCED_FACE('',(#6192),#6451,.F.);
#9122=ADVANCED_FACE('',(#6193),#6452,.F.);
#9123=ADVANCED_FACE('',(#6194),#97,.T.);
#9124=ADVANCED_FACE('',(#6195),#6453,.F.);
#9125=ADVANCED_FACE('',(#6196),#6454,.T.);
#9126=ADVANCED_FACE('',(#6197),#6455,.F.);
#9127=ADVANCED_FACE('',(#6198),#6456,.F.);
#9128=ADVANCED_FACE('',(#6199,#6200),#6457,.T.);
#9129=ADVANCED_FACE('',(#6201),#98,.T.);
#9130=ADVANCED_FACE('',(#6202),#6458,.F.);
#9131=ADVANCED_FACE('',(#6203),#6459,.F.);
#9132=ADVANCED_FACE('',(#6204),#6460,.F.);
#9133=ADVANCED_FACE('',(#6205),#99,.T.);
#9134=ADVANCED_FACE('',(#6206),#6461,.F.);
#9135=ADVANCED_FACE('',(#6207),#6462,.T.);
#9136=ADVANCED_FACE('',(#6208),#6463,.F.);
#9137=ADVANCED_FACE('',(#6209),#6464,.F.);
#9138=ADVANCED_FACE('',(#6210),#6465,.F.);
#9139=ADVANCED_FACE('',(#6211),#6466,.F.);
#9140=ADVANCED_FACE('',(#6212),#6467,.F.);
#9141=ADVANCED_FACE('',(#6213),#6468,.T.);
#9142=ADVANCED_FACE('',(#6214),#6469,.F.);
#9143=ADVANCED_FACE('',(#6215,#6216),#100,.F.);
#9144=ADVANCED_FACE('',(#6217),#6470,.F.);
#9145=CLOSED_SHELL('',(#8811,#8812,#8813,#8814,#8815,#8816,#8817,#8818,
#8819,#8820,#8821,#8822,#8823,#8824,#8825,#8826,#8827,#8828,#8829,#8830,
#8831,#8832,#8833,#8834,#8835,#8836,#8837,#8838,#8839,#8840,#8841,#8842,
#8843,#8844,#8845,#8846,#8847,#8848,#8849,#8850,#8851,#8852,#8853,#8854,
#8855,#8856,#8857,#8858,#8859,#8860,#8861,#8862,#8863,#8864,#8865,#8866,
#8867,#8868,#8869,#8870,#8871,#8872,#8873,#8874,#8875,#8876,#8877,#8878,
#8879,#8880,#8881,#8882,#8883,#8884,#8885,#8886,#8887,#8888,#8889,#8890,
#8891,#8892,#8893,#8894,#8895,#8896,#8897,#8898,#8899,#8900,#8901,#8902,
#8903,#8904,#8905,#8906,#8907,#8908,#8909,#8910,#8911,#8912,#8913,#8914,
#8915,#8916,#8917,#8918,#8919,#8920,#8921,#8922,#8923,#8924,#8925,#8926,
#8927,#8928,#8929,#8930,#8931,#8932,#8933,#8934,#8935,#8936,#8937,#8938,
#8939,#8940,#8941,#8942,#8943,#8944,#8945,#8946,#8947,#8948,#8949,#8950,
#8951,#8952,#8953,#8954,#8955,#8956,#8957,#8958,#8959,#8960,#8961,#8962,
#8963,#8964,#8965,#8966,#8967,#8968,#8969,#8970,#8971,#8972,#8973,#8974,
#8975,#8976,#8977,#8978,#8979,#8980,#8981,#8982,#8983,#8984,#8985,#8986,
#8987,#8988,#8989,#8990,#8991,#8992,#8993,#8994,#8995,#8996,#8997,#8998,
#8999,#9000,#9001,#9002,#9003,#9004,#9005,#9006,#9007,#9008,#9009,#9010,
#9011,#9012,#9013,#9014,#9015,#9016,#9017,#9018,#9019,#9020,#9021,#9022,
#9023,#9024,#9025,#9026,#9027,#9028,#9029,#9030,#9031,#9032,#9033,#9034,
#9035,#9036,#9037,#9038,#9039,#9040,#9041,#9042,#9043,#9044,#9045,#9046,
#9047,#9048,#9049,#9050,#9051,#9052,#9053,#9054,#9055,#9056,#9057,#9058,
#9059,#9060,#9061,#9062,#9063,#9064,#9065,#9066,#9067,#9068,#9069,#9070,
#9071,#9072,#9073,#9074,#9075,#9076,#9077,#9078,#9079,#9080,#9081,#9082,
#9083,#9084,#9085,#9086,#9087,#9088,#9089,#9090,#9091,#9092,#9093,#9094,
#9095,#9096,#9097,#9098,#9099,#9100,#9101,#9102,#9103,#9104,#9105,#9106,
#9107,#9108,#9109,#9110,#9111,#9112,#9113,#9114,#9115,#9116,#9117,#9118,
#9119,#9120,#9121,#9122,#9123,#9124,#9125,#9126,#9127,#9128,#9129,#9130,
#9131,#9132,#9133,#9134,#9135,#9136,#9137,#9138,#9139,#9140,#9141,#9142,
#9143,#9144));
#9146=MANIFOLD_SOLID_BREP('',#9145);
#9147=SHAPE_DEFINITION_REPRESENTATION(#13457,#9148);
#9148=SHAPE_REPRESENTATION('ES9822QPRO',(#9149),#13452);
#9149=AXIS2_PLACEMENT_3D('',#11467,#9646,#9647);
#9150=AXIS2_PLACEMENT_3D('',#11468,#9648,#9649);
#9151=AXIS2_PLACEMENT_3D('',#11476,#9653,#9654);
#9152=AXIS2_PLACEMENT_3D('',#11480,#9656,#9657);
#9153=AXIS2_PLACEMENT_3D('',#11488,#9661,#9662);
#9154=AXIS2_PLACEMENT_3D('',#11492,#9664,#9665);
#9155=AXIS2_PLACEMENT_3D('',#11500,#9669,#9670);
#9156=AXIS2_PLACEMENT_3D('',#11504,#9672,#9673);
#9157=AXIS2_PLACEMENT_3D('',#11512,#9677,#9678);
#9158=AXIS2_PLACEMENT_3D('',#11516,#9680,#9681);
#9159=AXIS2_PLACEMENT_3D('',#11524,#9685,#9686);
#9160=AXIS2_PLACEMENT_3D('',#11528,#9688,#9689);
#9161=AXIS2_PLACEMENT_3D('',#11536,#9693,#9694);
#9162=AXIS2_PLACEMENT_3D('',#11540,#9696,#9697);
#9163=AXIS2_PLACEMENT_3D('',#11548,#9701,#9702);
#9164=AXIS2_PLACEMENT_3D('',#11552,#9704,#9705);
#9165=AXIS2_PLACEMENT_3D('',#11560,#9709,#9710);
#9166=AXIS2_PLACEMENT_3D('',#11564,#9712,#9713);
#9167=AXIS2_PLACEMENT_3D('',#11572,#9717,#9718);
#9168=AXIS2_PLACEMENT_3D('',#11576,#9720,#9721);
#9169=AXIS2_PLACEMENT_3D('',#11584,#9725,#9726);
#9170=AXIS2_PLACEMENT_3D('',#11588,#9728,#9729);
#9171=AXIS2_PLACEMENT_3D('',#11598,#9734,#9735);
#9172=AXIS2_PLACEMENT_3D('',#11602,#9737,#9738);
#9173=AXIS2_PLACEMENT_3D('',#11610,#9742,#9743);
#9174=AXIS2_PLACEMENT_3D('',#11614,#9745,#9746);
#9175=AXIS2_PLACEMENT_3D('',#11622,#9750,#9751);
#9176=AXIS2_PLACEMENT_3D('',#11626,#9753,#9754);
#9177=AXIS2_PLACEMENT_3D('',#11634,#9758,#9759);
#9178=AXIS2_PLACEMENT_3D('',#11638,#9761,#9762);
#9179=AXIS2_PLACEMENT_3D('',#11646,#9766,#9767);
#9180=AXIS2_PLACEMENT_3D('',#11650,#9769,#9770);
#9181=AXIS2_PLACEMENT_3D('',#11658,#9774,#9775);
#9182=AXIS2_PLACEMENT_3D('',#11662,#9777,#9778);
#9183=AXIS2_PLACEMENT_3D('',#11670,#9782,#9783);
#9184=AXIS2_PLACEMENT_3D('',#11674,#9785,#9786);
#9185=AXIS2_PLACEMENT_3D('',#11682,#9790,#9791);
#9186=AXIS2_PLACEMENT_3D('',#11686,#9793,#9794);
#9187=AXIS2_PLACEMENT_3D('',#11694,#9798,#9799);
#9188=AXIS2_PLACEMENT_3D('',#11698,#9801,#9802);
#9189=AXIS2_PLACEMENT_3D('',#11706,#9806,#9807);
#9190=AXIS2_PLACEMENT_3D('',#11710,#9809,#9810);
#9191=AXIS2_PLACEMENT_3D('',#11720,#9815,#9816);
#9192=AXIS2_PLACEMENT_3D('',#11724,#9818,#9819);
#9193=AXIS2_PLACEMENT_3D('',#11732,#9823,#9824);
#9194=AXIS2_PLACEMENT_3D('',#11736,#9826,#9827);
#9195=AXIS2_PLACEMENT_3D('',#11744,#9831,#9832);
#9196=AXIS2_PLACEMENT_3D('',#11748,#9834,#9835);
#9197=AXIS2_PLACEMENT_3D('',#11756,#9839,#9840);
#9198=AXIS2_PLACEMENT_3D('',#11760,#9842,#9843);
#9199=AXIS2_PLACEMENT_3D('',#11768,#9847,#9848);
#9200=AXIS2_PLACEMENT_3D('',#11772,#9850,#9851);
#9201=AXIS2_PLACEMENT_3D('',#11780,#9855,#9856);
#9202=AXIS2_PLACEMENT_3D('',#11784,#9858,#9859);
#9203=AXIS2_PLACEMENT_3D('',#11792,#9863,#9864);
#9204=AXIS2_PLACEMENT_3D('',#11796,#9866,#9867);
#9205=AXIS2_PLACEMENT_3D('',#11804,#9871,#9872);
#9206=AXIS2_PLACEMENT_3D('',#11808,#9874,#9875);
#9207=AXIS2_PLACEMENT_3D('',#11816,#9879,#9880);
#9208=AXIS2_PLACEMENT_3D('',#11820,#9882,#9883);
#9209=AXIS2_PLACEMENT_3D('',#11828,#9887,#9888);
#9210=AXIS2_PLACEMENT_3D('',#11832,#9890,#9891);
#9211=AXIS2_PLACEMENT_3D('',#11842,#9896,#9897);
#9212=AXIS2_PLACEMENT_3D('',#11846,#9899,#9900);
#9213=AXIS2_PLACEMENT_3D('',#11854,#9904,#9905);
#9214=AXIS2_PLACEMENT_3D('',#11858,#9907,#9908);
#9215=AXIS2_PLACEMENT_3D('',#11866,#9912,#9913);
#9216=AXIS2_PLACEMENT_3D('',#11870,#9915,#9916);
#9217=AXIS2_PLACEMENT_3D('',#11878,#9920,#9921);
#9218=AXIS2_PLACEMENT_3D('',#11882,#9923,#9924);
#9219=AXIS2_PLACEMENT_3D('',#11890,#9928,#9929);
#9220=AXIS2_PLACEMENT_3D('',#11894,#9931,#9932);
#9221=AXIS2_PLACEMENT_3D('',#11902,#9936,#9937);
#9222=AXIS2_PLACEMENT_3D('',#11906,#9939,#9940);
#9223=AXIS2_PLACEMENT_3D('',#11914,#9944,#9945);
#9224=AXIS2_PLACEMENT_3D('',#11918,#9947,#9948);
#9225=AXIS2_PLACEMENT_3D('',#11926,#9952,#9953);
#9226=AXIS2_PLACEMENT_3D('',#11930,#9955,#9956);
#9227=AXIS2_PLACEMENT_3D('',#11938,#9960,#9961);
#9228=AXIS2_PLACEMENT_3D('',#11942,#9963,#9964);
#9229=AXIS2_PLACEMENT_3D('',#11950,#9968,#9969);
#9230=AXIS2_PLACEMENT_3D('',#11954,#9971,#9972);
#9231=AXIS2_PLACEMENT_3D('',#11967,#9979,#9980);
#9232=AXIS2_PLACEMENT_3D('',#11968,#9981,#9982);
#9233=AXIS2_PLACEMENT_3D('',#11973,#9984,#9985);
#9234=AXIS2_PLACEMENT_3D('',#11980,#9989,#9990);
#9235=AXIS2_PLACEMENT_3D('',#11983,#9993,#9994);
#9236=AXIS2_PLACEMENT_3D('',#11985,#9996,#9997);
#9237=AXIS2_PLACEMENT_3D('',#11991,#10001,#10002);
#9238=AXIS2_PLACEMENT_3D('',#11995,#10005,#10006);
#9239=AXIS2_PLACEMENT_3D('',#12000,#10010,#10011);
#9240=AXIS2_PLACEMENT_3D('',#12001,#10012,#10013);
#9241=AXIS2_PLACEMENT_3D('',#12003,#10015,#10016);
#9242=AXIS2_PLACEMENT_3D('',#12004,#10017,#10018);
#9243=AXIS2_PLACEMENT_3D('',#12009,#10020,#10021);
#9244=AXIS2_PLACEMENT_3D('',#12016,#10025,#10026);
#9245=AXIS2_PLACEMENT_3D('',#12019,#10029,#10030);
#9246=AXIS2_PLACEMENT_3D('',#12021,#10032,#10033);
#9247=AXIS2_PLACEMENT_3D('',#12027,#10037,#10038);
#9248=AXIS2_PLACEMENT_3D('',#12031,#10041,#10042);
#9249=AXIS2_PLACEMENT_3D('',#12036,#10046,#10047);
#9250=AXIS2_PLACEMENT_3D('',#12037,#10048,#10049);
#9251=AXIS2_PLACEMENT_3D('',#12039,#10051,#10052);
#9252=AXIS2_PLACEMENT_3D('',#12040,#10053,#10054);
#9253=AXIS2_PLACEMENT_3D('',#12045,#10056,#10057);
#9254=AXIS2_PLACEMENT_3D('',#12052,#10061,#10062);
#9255=AXIS2_PLACEMENT_3D('',#12055,#10065,#10066);
#9256=AXIS2_PLACEMENT_3D('',#12057,#10068,#10069);
#9257=AXIS2_PLACEMENT_3D('',#12063,#10073,#10074);
#9258=AXIS2_PLACEMENT_3D('',#12067,#10077,#10078);
#9259=AXIS2_PLACEMENT_3D('',#12072,#10082,#10083);
#9260=AXIS2_PLACEMENT_3D('',#12073,#10084,#10085);
#9261=AXIS2_PLACEMENT_3D('',#12075,#10087,#10088);
#9262=AXIS2_PLACEMENT_3D('',#12076,#10089,#10090);
#9263=AXIS2_PLACEMENT_3D('',#12081,#10092,#10093);
#9264=AXIS2_PLACEMENT_3D('',#12088,#10097,#10098);
#9265=AXIS2_PLACEMENT_3D('',#12091,#10101,#10102);
#9266=AXIS2_PLACEMENT_3D('',#12093,#10104,#10105);
#9267=AXIS2_PLACEMENT_3D('',#12099,#10109,#10110);
#9268=AXIS2_PLACEMENT_3D('',#12103,#10113,#10114);
#9269=AXIS2_PLACEMENT_3D('',#12108,#10118,#10119);
#9270=AXIS2_PLACEMENT_3D('',#12109,#10120,#10121);
#9271=AXIS2_PLACEMENT_3D('',#12111,#10123,#10124);
#9272=AXIS2_PLACEMENT_3D('',#12112,#10125,#10126);
#9273=AXIS2_PLACEMENT_3D('',#12117,#10128,#10129);
#9274=AXIS2_PLACEMENT_3D('',#12124,#10133,#10134);
#9275=AXIS2_PLACEMENT_3D('',#12127,#10137,#10138);
#9276=AXIS2_PLACEMENT_3D('',#12129,#10140,#10141);
#9277=AXIS2_PLACEMENT_3D('',#12135,#10145,#10146);
#9278=AXIS2_PLACEMENT_3D('',#12139,#10149,#10150);
#9279=AXIS2_PLACEMENT_3D('',#12144,#10154,#10155);
#9280=AXIS2_PLACEMENT_3D('',#12145,#10156,#10157);
#9281=AXIS2_PLACEMENT_3D('',#12147,#10159,#10160);
#9282=AXIS2_PLACEMENT_3D('',#12148,#10161,#10162);
#9283=AXIS2_PLACEMENT_3D('',#12153,#10164,#10165);
#9284=AXIS2_PLACEMENT_3D('',#12160,#10169,#10170);
#9285=AXIS2_PLACEMENT_3D('',#12163,#10173,#10174);
#9286=AXIS2_PLACEMENT_3D('',#12165,#10176,#10177);
#9287=AXIS2_PLACEMENT_3D('',#12171,#10181,#10182);
#9288=AXIS2_PLACEMENT_3D('',#12175,#10185,#10186);
#9289=AXIS2_PLACEMENT_3D('',#12180,#10190,#10191);
#9290=AXIS2_PLACEMENT_3D('',#12181,#10192,#10193);
#9291=AXIS2_PLACEMENT_3D('',#12183,#10195,#10196);
#9292=AXIS2_PLACEMENT_3D('',#12184,#10197,#10198);
#9293=AXIS2_PLACEMENT_3D('',#12189,#10200,#10201);
#9294=AXIS2_PLACEMENT_3D('',#12196,#10205,#10206);
#9295=AXIS2_PLACEMENT_3D('',#12199,#10209,#10210);
#9296=AXIS2_PLACEMENT_3D('',#12201,#10212,#10213);
#9297=AXIS2_PLACEMENT_3D('',#12207,#10217,#10218);
#9298=AXIS2_PLACEMENT_3D('',#12211,#10221,#10222);
#9299=AXIS2_PLACEMENT_3D('',#12216,#10226,#10227);
#9300=AXIS2_PLACEMENT_3D('',#12217,#10228,#10229);
#9301=AXIS2_PLACEMENT_3D('',#12219,#10231,#10232);
#9302=AXIS2_PLACEMENT_3D('',#12220,#10233,#10234);
#9303=AXIS2_PLACEMENT_3D('',#12225,#10236,#10237);
#9304=AXIS2_PLACEMENT_3D('',#12232,#10241,#10242);
#9305=AXIS2_PLACEMENT_3D('',#12235,#10245,#10246);
#9306=AXIS2_PLACEMENT_3D('',#12237,#10248,#10249);
#9307=AXIS2_PLACEMENT_3D('',#12243,#10253,#10254);
#9308=AXIS2_PLACEMENT_3D('',#12247,#10257,#10258);
#9309=AXIS2_PLACEMENT_3D('',#12252,#10262,#10263);
#9310=AXIS2_PLACEMENT_3D('',#12253,#10264,#10265);
#9311=AXIS2_PLACEMENT_3D('',#12255,#10267,#10268);
#9312=AXIS2_PLACEMENT_3D('',#12256,#10269,#10270);
#9313=AXIS2_PLACEMENT_3D('',#12261,#10272,#10273);
#9314=AXIS2_PLACEMENT_3D('',#12268,#10277,#10278);
#9315=AXIS2_PLACEMENT_3D('',#12271,#10281,#10282);
#9316=AXIS2_PLACEMENT_3D('',#12273,#10284,#10285);
#9317=AXIS2_PLACEMENT_3D('',#12279,#10289,#10290);
#9318=AXIS2_PLACEMENT_3D('',#12283,#10293,#10294);
#9319=AXIS2_PLACEMENT_3D('',#12288,#10298,#10299);
#9320=AXIS2_PLACEMENT_3D('',#12289,#10300,#10301);
#9321=AXIS2_PLACEMENT_3D('',#12291,#10303,#10304);
#9322=AXIS2_PLACEMENT_3D('',#12294,#10306,#10307);
#9323=AXIS2_PLACEMENT_3D('',#12297,#10309,#10310);
#9324=AXIS2_PLACEMENT_3D('',#12305,#10315,#10316);
#9325=AXIS2_PLACEMENT_3D('',#12311,#10320,#10321);
#9326=AXIS2_PLACEMENT_3D('',#12318,#10326,#10327);
#9327=AXIS2_PLACEMENT_3D('',#12319,#10328,#10329);
#9328=AXIS2_PLACEMENT_3D('',#12322,#10331,#10332);
#9329=AXIS2_PLACEMENT_3D('',#12324,#10334,#10335);
#9330=AXIS2_PLACEMENT_3D('',#12325,#10336,#10337);
#9331=AXIS2_PLACEMENT_3D('',#12327,#10339,#10340);
#9332=AXIS2_PLACEMENT_3D('',#12333,#10344,#10345);
#9333=AXIS2_PLACEMENT_3D('',#12342,#10350,#10351);
#9334=AXIS2_PLACEMENT_3D('',#12345,#10353,#10354);
#9335=AXIS2_PLACEMENT_3D('',#12348,#10356,#10357);
#9336=AXIS2_PLACEMENT_3D('',#12353,#10361,#10362);
#9337=AXIS2_PLACEMENT_3D('',#12357,#10365,#10366);
#9338=AXIS2_PLACEMENT_3D('',#12362,#10370,#10371);
#9339=AXIS2_PLACEMENT_3D('',#12363,#10372,#10373);
#9340=AXIS2_PLACEMENT_3D('',#12366,#10375,#10376);
#9341=AXIS2_PLACEMENT_3D('',#12368,#10378,#10379);
#9342=AXIS2_PLACEMENT_3D('',#12369,#10380,#10381);
#9343=AXIS2_PLACEMENT_3D('',#12378,#10386,#10387);
#9344=AXIS2_PLACEMENT_3D('',#12381,#10389,#10390);
#9345=AXIS2_PLACEMENT_3D('',#12384,#10392,#10393);
#9346=AXIS2_PLACEMENT_3D('',#12389,#10397,#10398);
#9347=AXIS2_PLACEMENT_3D('',#12393,#10401,#10402);
#9348=AXIS2_PLACEMENT_3D('',#12398,#10406,#10407);
#9349=AXIS2_PLACEMENT_3D('',#12399,#10408,#10409);
#9350=AXIS2_PLACEMENT_3D('',#12402,#10411,#10412);
#9351=AXIS2_PLACEMENT_3D('',#12404,#10414,#10415);
#9352=AXIS2_PLACEMENT_3D('',#12405,#10416,#10417);
#9353=AXIS2_PLACEMENT_3D('',#12414,#10422,#10423);
#9354=AXIS2_PLACEMENT_3D('',#12417,#10425,#10426);
#9355=AXIS2_PLACEMENT_3D('',#12420,#10428,#10429);
#9356=AXIS2_PLACEMENT_3D('',#12425,#10433,#10434);
#9357=AXIS2_PLACEMENT_3D('',#12429,#10437,#10438);
#9358=AXIS2_PLACEMENT_3D('',#12434,#10442,#10443);
#9359=AXIS2_PLACEMENT_3D('',#12435,#10444,#10445);
#9360=AXIS2_PLACEMENT_3D('',#12438,#10447,#10448);
#9361=AXIS2_PLACEMENT_3D('',#12440,#10450,#10451);
#9362=AXIS2_PLACEMENT_3D('',#12441,#10452,#10453);
#9363=AXIS2_PLACEMENT_3D('',#12450,#10458,#10459);
#9364=AXIS2_PLACEMENT_3D('',#12453,#10461,#10462);
#9365=AXIS2_PLACEMENT_3D('',#12456,#10464,#10465);
#9366=AXIS2_PLACEMENT_3D('',#12461,#10469,#10470);
#9367=AXIS2_PLACEMENT_3D('',#12465,#10473,#10474);
#9368=AXIS2_PLACEMENT_3D('',#12470,#10478,#10479);
#9369=AXIS2_PLACEMENT_3D('',#12471,#10480,#10481);
#9370=AXIS2_PLACEMENT_3D('',#12474,#10483,#10484);
#9371=AXIS2_PLACEMENT_3D('',#12476,#10486,#10487);
#9372=AXIS2_PLACEMENT_3D('',#12477,#10488,#10489);
#9373=AXIS2_PLACEMENT_3D('',#12486,#10494,#10495);
#9374=AXIS2_PLACEMENT_3D('',#12489,#10497,#10498);
#9375=AXIS2_PLACEMENT_3D('',#12492,#10500,#10501);
#9376=AXIS2_PLACEMENT_3D('',#12497,#10505,#10506);
#9377=AXIS2_PLACEMENT_3D('',#12501,#10509,#10510);
#9378=AXIS2_PLACEMENT_3D('',#12506,#10514,#10515);
#9379=AXIS2_PLACEMENT_3D('',#12507,#10516,#10517);
#9380=AXIS2_PLACEMENT_3D('',#12510,#10519,#10520);
#9381=AXIS2_PLACEMENT_3D('',#12512,#10522,#10523);
#9382=AXIS2_PLACEMENT_3D('',#12513,#10524,#10525);
#9383=AXIS2_PLACEMENT_3D('',#12522,#10530,#10531);
#9384=AXIS2_PLACEMENT_3D('',#12525,#10533,#10534);
#9385=AXIS2_PLACEMENT_3D('',#12528,#10536,#10537);
#9386=AXIS2_PLACEMENT_3D('',#12533,#10541,#10542);
#9387=AXIS2_PLACEMENT_3D('',#12537,#10545,#10546);
#9388=AXIS2_PLACEMENT_3D('',#12542,#10550,#10551);
#9389=AXIS2_PLACEMENT_3D('',#12543,#10552,#10553);
#9390=AXIS2_PLACEMENT_3D('',#12546,#10555,#10556);
#9391=AXIS2_PLACEMENT_3D('',#12548,#10558,#10559);
#9392=AXIS2_PLACEMENT_3D('',#12549,#10560,#10561);
#9393=AXIS2_PLACEMENT_3D('',#12558,#10566,#10567);
#9394=AXIS2_PLACEMENT_3D('',#12561,#10569,#10570);
#9395=AXIS2_PLACEMENT_3D('',#12564,#10572,#10573);
#9396=AXIS2_PLACEMENT_3D('',#12569,#10577,#10578);
#9397=AXIS2_PLACEMENT_3D('',#12573,#10581,#10582);
#9398=AXIS2_PLACEMENT_3D('',#12578,#10586,#10587);
#9399=AXIS2_PLACEMENT_3D('',#12579,#10588,#10589);
#9400=AXIS2_PLACEMENT_3D('',#12582,#10591,#10592);
#9401=AXIS2_PLACEMENT_3D('',#12584,#10594,#10595);
#9402=AXIS2_PLACEMENT_3D('',#12585,#10596,#10597);
#9403=AXIS2_PLACEMENT_3D('',#12594,#10602,#10603);
#9404=AXIS2_PLACEMENT_3D('',#12597,#10605,#10606);
#9405=AXIS2_PLACEMENT_3D('',#12600,#10608,#10609);
#9406=AXIS2_PLACEMENT_3D('',#12605,#10613,#10614);
#9407=AXIS2_PLACEMENT_3D('',#12609,#10617,#10618);
#9408=AXIS2_PLACEMENT_3D('',#12614,#10622,#10623);
#9409=AXIS2_PLACEMENT_3D('',#12615,#10624,#10625);
#9410=AXIS2_PLACEMENT_3D('',#12618,#10627,#10628);
#9411=AXIS2_PLACEMENT_3D('',#12620,#10630,#10631);
#9412=AXIS2_PLACEMENT_3D('',#12621,#10632,#10633);
#9413=AXIS2_PLACEMENT_3D('',#12630,#10638,#10639);
#9414=AXIS2_PLACEMENT_3D('',#12633,#10641,#10642);
#9415=AXIS2_PLACEMENT_3D('',#12636,#10644,#10645);
#9416=AXIS2_PLACEMENT_3D('',#12641,#10649,#10650);
#9417=AXIS2_PLACEMENT_3D('',#12645,#10653,#10654);
#9418=AXIS2_PLACEMENT_3D('',#12650,#10658,#10659);
#9419=AXIS2_PLACEMENT_3D('',#12651,#10660,#10661);
#9420=AXIS2_PLACEMENT_3D('',#12654,#10663,#10664);
#9421=AXIS2_PLACEMENT_3D('',#12656,#10666,#10667);
#9422=AXIS2_PLACEMENT_3D('',#12657,#10668,#10669);
#9423=AXIS2_PLACEMENT_3D('',#12660,#10671,#10672);
#9424=AXIS2_PLACEMENT_3D('',#12663,#10674,#10675);
#9425=AXIS2_PLACEMENT_3D('',#12671,#10680,#10681);
#9426=AXIS2_PLACEMENT_3D('',#12677,#10685,#10686);
#9427=AXIS2_PLACEMENT_3D('',#12684,#10691,#10692);
#9428=AXIS2_PLACEMENT_3D('',#12685,#10693,#10694);
#9429=AXIS2_PLACEMENT_3D('',#12688,#10696,#10697);
#9430=AXIS2_PLACEMENT_3D('',#12690,#10699,#10700);
#9431=AXIS2_PLACEMENT_3D('',#12691,#10701,#10702);
#9432=AXIS2_PLACEMENT_3D('',#12693,#10704,#10705);
#9433=AXIS2_PLACEMENT_3D('',#12697,#10708,#10709);
#9434=AXIS2_PLACEMENT_3D('',#12700,#10711,#10712);
#9435=AXIS2_PLACEMENT_3D('',#12703,#10714,#10715);
#9436=AXIS2_PLACEMENT_3D('',#12711,#10720,#10721);
#9437=AXIS2_PLACEMENT_3D('',#12717,#10725,#10726);
#9438=AXIS2_PLACEMENT_3D('',#12724,#10731,#10732);
#9439=AXIS2_PLACEMENT_3D('',#12727,#10734,#10735);
#9440=AXIS2_PLACEMENT_3D('',#12728,#10736,#10737);
#9441=AXIS2_PLACEMENT_3D('',#12730,#10739,#10740);
#9442=AXIS2_PLACEMENT_3D('',#12731,#10741,#10742);
#9443=AXIS2_PLACEMENT_3D('',#12733,#10744,#10745);
#9444=AXIS2_PLACEMENT_3D('',#12736,#10747,#10748);
#9445=AXIS2_PLACEMENT_3D('',#12739,#10750,#10751);
#9446=AXIS2_PLACEMENT_3D('',#12747,#10756,#10757);
#9447=AXIS2_PLACEMENT_3D('',#12753,#10761,#10762);
#9448=AXIS2_PLACEMENT_3D('',#12760,#10767,#10768);
#9449=AXIS2_PLACEMENT_3D('',#12763,#10770,#10771);
#9450=AXIS2_PLACEMENT_3D('',#12764,#10772,#10773);
#9451=AXIS2_PLACEMENT_3D('',#12766,#10775,#10776);
#9452=AXIS2_PLACEMENT_3D('',#12767,#10777,#10778);
#9453=AXIS2_PLACEMENT_3D('',#12769,#10780,#10781);
#9454=AXIS2_PLACEMENT_3D('',#12772,#10783,#10784);
#9455=AXIS2_PLACEMENT_3D('',#12775,#10786,#10787);
#9456=AXIS2_PLACEMENT_3D('',#12783,#10792,#10793);
#9457=AXIS2_PLACEMENT_3D('',#12789,#10797,#10798);
#9458=AXIS2_PLACEMENT_3D('',#12796,#10803,#10804);
#9459=AXIS2_PLACEMENT_3D('',#12799,#10806,#10807);
#9460=AXIS2_PLACEMENT_3D('',#12800,#10808,#10809);
#9461=AXIS2_PLACEMENT_3D('',#12802,#10811,#10812);
#9462=AXIS2_PLACEMENT_3D('',#12803,#10813,#10814);
#9463=AXIS2_PLACEMENT_3D('',#12805,#10816,#10817);
#9464=AXIS2_PLACEMENT_3D('',#12808,#10819,#10820);
#9465=AXIS2_PLACEMENT_3D('',#12811,#10822,#10823);
#9466=AXIS2_PLACEMENT_3D('',#12819,#10828,#10829);
#9467=AXIS2_PLACEMENT_3D('',#12825,#10833,#10834);
#9468=AXIS2_PLACEMENT_3D('',#12832,#10839,#10840);
#9469=AXIS2_PLACEMENT_3D('',#12835,#10842,#10843);
#9470=AXIS2_PLACEMENT_3D('',#12836,#10844,#10845);
#9471=AXIS2_PLACEMENT_3D('',#12838,#10847,#10848);
#9472=AXIS2_PLACEMENT_3D('',#12839,#10849,#10850);
#9473=AXIS2_PLACEMENT_3D('',#12841,#10852,#10853);
#9474=AXIS2_PLACEMENT_3D('',#12844,#10855,#10856);
#9475=AXIS2_PLACEMENT_3D('',#12847,#10858,#10859);
#9476=AXIS2_PLACEMENT_3D('',#12855,#10864,#10865);
#9477=AXIS2_PLACEMENT_3D('',#12861,#10869,#10870);
#9478=AXIS2_PLACEMENT_3D('',#12868,#10875,#10876);
#9479=AXIS2_PLACEMENT_3D('',#12871,#10878,#10879);
#9480=AXIS2_PLACEMENT_3D('',#12872,#10880,#10881);
#9481=AXIS2_PLACEMENT_3D('',#12874,#10883,#10884);
#9482=AXIS2_PLACEMENT_3D('',#12875,#10885,#10886);
#9483=AXIS2_PLACEMENT_3D('',#12877,#10888,#10889);
#9484=AXIS2_PLACEMENT_3D('',#12880,#10891,#10892);
#9485=AXIS2_PLACEMENT_3D('',#12883,#10894,#10895);
#9486=AXIS2_PLACEMENT_3D('',#12891,#10900,#10901);
#9487=AXIS2_PLACEMENT_3D('',#12897,#10905,#10906);
#9488=AXIS2_PLACEMENT_3D('',#12904,#10911,#10912);
#9489=AXIS2_PLACEMENT_3D('',#12907,#10914,#10915);
#9490=AXIS2_PLACEMENT_3D('',#12908,#10916,#10917);
#9491=AXIS2_PLACEMENT_3D('',#12910,#10919,#10920);
#9492=AXIS2_PLACEMENT_3D('',#12911,#10921,#10922);
#9493=AXIS2_PLACEMENT_3D('',#12913,#10924,#10925);
#9494=AXIS2_PLACEMENT_3D('',#12916,#10927,#10928);
#9495=AXIS2_PLACEMENT_3D('',#12919,#10930,#10931);
#9496=AXIS2_PLACEMENT_3D('',#12927,#10936,#10937);
#9497=AXIS2_PLACEMENT_3D('',#12933,#10941,#10942);
#9498=AXIS2_PLACEMENT_3D('',#12940,#10947,#10948);
#9499=AXIS2_PLACEMENT_3D('',#12943,#10950,#10951);
#9500=AXIS2_PLACEMENT_3D('',#12944,#10952,#10953);
#9501=AXIS2_PLACEMENT_3D('',#12946,#10955,#10956);
#9502=AXIS2_PLACEMENT_3D('',#12947,#10957,#10958);
#9503=AXIS2_PLACEMENT_3D('',#12949,#10960,#10961);
#9504=AXIS2_PLACEMENT_3D('',#12952,#10963,#10964);
#9505=AXIS2_PLACEMENT_3D('',#12955,#10966,#10967);
#9506=AXIS2_PLACEMENT_3D('',#12963,#10972,#10973);
#9507=AXIS2_PLACEMENT_3D('',#12969,#10977,#10978);
#9508=AXIS2_PLACEMENT_3D('',#12976,#10983,#10984);
#9509=AXIS2_PLACEMENT_3D('',#12979,#10986,#10987);
#9510=AXIS2_PLACEMENT_3D('',#12980,#10988,#10989);
#9511=AXIS2_PLACEMENT_3D('',#12982,#10991,#10992);
#9512=AXIS2_PLACEMENT_3D('',#12983,#10993,#10994);
#9513=AXIS2_PLACEMENT_3D('',#12985,#10996,#10997);
#9514=AXIS2_PLACEMENT_3D('',#12988,#10999,#11000);
#9515=AXIS2_PLACEMENT_3D('',#12991,#11002,#11003);
#9516=AXIS2_PLACEMENT_3D('',#12999,#11008,#11009);
#9517=AXIS2_PLACEMENT_3D('',#13005,#11013,#11014);
#9518=AXIS2_PLACEMENT_3D('',#13012,#11019,#11020);
#9519=AXIS2_PLACEMENT_3D('',#13015,#11022,#11023);
#9520=AXIS2_PLACEMENT_3D('',#13016,#11024,#11025);
#9521=AXIS2_PLACEMENT_3D('',#13018,#11027,#11028);
#9522=AXIS2_PLACEMENT_3D('',#13019,#11029,#11030);
#9523=AXIS2_PLACEMENT_3D('',#13021,#11032,#11033);
#9524=AXIS2_PLACEMENT_3D('',#13024,#11035,#11036);
#9525=AXIS2_PLACEMENT_3D('',#13027,#11038,#11039);
#9526=AXIS2_PLACEMENT_3D('',#13035,#11044,#11045);
#9527=AXIS2_PLACEMENT_3D('',#13041,#11049,#11050);
#9528=AXIS2_PLACEMENT_3D('',#13048,#11055,#11056);
#9529=AXIS2_PLACEMENT_3D('',#13051,#11058,#11059);
#9530=AXIS2_PLACEMENT_3D('',#13052,#11060,#11061);
#9531=AXIS2_PLACEMENT_3D('',#13054,#11063,#11064);
#9532=AXIS2_PLACEMENT_3D('',#13055,#11065,#11066);
#9533=AXIS2_PLACEMENT_3D('',#13057,#11068,#11069);
#9534=AXIS2_PLACEMENT_3D('',#13060,#11071,#11072);
#9535=AXIS2_PLACEMENT_3D('',#13063,#11074,#11075);
#9536=AXIS2_PLACEMENT_3D('',#13071,#11080,#11081);
#9537=AXIS2_PLACEMENT_3D('',#13077,#11085,#11086);
#9538=AXIS2_PLACEMENT_3D('',#13084,#11091,#11092);
#9539=AXIS2_PLACEMENT_3D('',#13087,#11094,#11095);
#9540=AXIS2_PLACEMENT_3D('',#13088,#11096,#11097);
#9541=AXIS2_PLACEMENT_3D('',#13090,#11099,#11100);
#9542=AXIS2_PLACEMENT_3D('',#13091,#11101,#11102);
#9543=AXIS2_PLACEMENT_3D('',#13093,#11104,#11105);
#9544=AXIS2_PLACEMENT_3D('',#13096,#11107,#11108);
#9545=AXIS2_PLACEMENT_3D('',#13099,#11110,#11111);
#9546=AXIS2_PLACEMENT_3D('',#13107,#11116,#11117);
#9547=AXIS2_PLACEMENT_3D('',#13113,#11121,#11122);
#9548=AXIS2_PLACEMENT_3D('',#13120,#11127,#11128);
#9549=AXIS2_PLACEMENT_3D('',#13123,#11130,#11131);
#9550=AXIS2_PLACEMENT_3D('',#13124,#11132,#11133);
#9551=AXIS2_PLACEMENT_3D('',#13126,#11135,#11136);
#9552=AXIS2_PLACEMENT_3D('',#13127,#11137,#11138);
#9553=AXIS2_PLACEMENT_3D('',#13129,#11140,#11141);
#9554=AXIS2_PLACEMENT_3D('',#13132,#11143,#11144);
#9555=AXIS2_PLACEMENT_3D('',#13135,#11146,#11147);
#9556=AXIS2_PLACEMENT_3D('',#13143,#11152,#11153);
#9557=AXIS2_PLACEMENT_3D('',#13149,#11157,#11158);
#9558=AXIS2_PLACEMENT_3D('',#13156,#11163,#11164);
#9559=AXIS2_PLACEMENT_3D('',#13159,#11166,#11167);
#9560=AXIS2_PLACEMENT_3D('',#13160,#11168,#11169);
#9561=AXIS2_PLACEMENT_3D('',#13162,#11171,#11172);
#9562=AXIS2_PLACEMENT_3D('',#13163,#11173,#11174);
#9563=AXIS2_PLACEMENT_3D('',#13165,#11176,#11177);
#9564=AXIS2_PLACEMENT_3D('',#13168,#11179,#11180);
#9565=AXIS2_PLACEMENT_3D('',#13171,#11182,#11183);
#9566=AXIS2_PLACEMENT_3D('',#13179,#11188,#11189);
#9567=AXIS2_PLACEMENT_3D('',#13185,#11193,#11194);
#9568=AXIS2_PLACEMENT_3D('',#13192,#11199,#11200);
#9569=AXIS2_PLACEMENT_3D('',#13195,#11202,#11203);
#9570=AXIS2_PLACEMENT_3D('',#13196,#11204,#11205);
#9571=AXIS2_PLACEMENT_3D('',#13198,#11207,#11208);
#9572=AXIS2_PLACEMENT_3D('',#13199,#11209,#11210);
#9573=AXIS2_PLACEMENT_3D('',#13201,#11212,#11213);
#9574=AXIS2_PLACEMENT_3D('',#13204,#11215,#11216);
#9575=AXIS2_PLACEMENT_3D('',#13207,#11218,#11219);
#9576=AXIS2_PLACEMENT_3D('',#13215,#11224,#11225);
#9577=AXIS2_PLACEMENT_3D('',#13221,#11229,#11230);
#9578=AXIS2_PLACEMENT_3D('',#13228,#11235,#11236);
#9579=AXIS2_PLACEMENT_3D('',#13231,#11238,#11239);
#9580=AXIS2_PLACEMENT_3D('',#13232,#11240,#11241);
#9581=AXIS2_PLACEMENT_3D('',#13234,#11243,#11244);
#9582=AXIS2_PLACEMENT_3D('',#13235,#11245,#11246);
#9583=AXIS2_PLACEMENT_3D('',#13237,#11248,#11249);
#9584=AXIS2_PLACEMENT_3D('',#13240,#11251,#11252);
#9585=AXIS2_PLACEMENT_3D('',#13243,#11254,#11255);
#9586=AXIS2_PLACEMENT_3D('',#13251,#11260,#11261);
#9587=AXIS2_PLACEMENT_3D('',#13257,#11265,#11266);
#9588=AXIS2_PLACEMENT_3D('',#13264,#11271,#11272);
#9589=AXIS2_PLACEMENT_3D('',#13267,#11274,#11275);
#9590=AXIS2_PLACEMENT_3D('',#13268,#11276,#11277);
#9591=AXIS2_PLACEMENT_3D('',#13270,#11279,#11280);
#9592=AXIS2_PLACEMENT_3D('',#13271,#11281,#11282);
#9593=AXIS2_PLACEMENT_3D('',#13273,#11284,#11285);
#9594=AXIS2_PLACEMENT_3D('',#13276,#11287,#11288);
#9595=AXIS2_PLACEMENT_3D('',#13279,#11290,#11291);
#9596=AXIS2_PLACEMENT_3D('',#13287,#11296,#11297);
#9597=AXIS2_PLACEMENT_3D('',#13293,#11301,#11302);
#9598=AXIS2_PLACEMENT_3D('',#13300,#11307,#11308);
#9599=AXIS2_PLACEMENT_3D('',#13303,#11310,#11311);
#9600=AXIS2_PLACEMENT_3D('',#13304,#11312,#11313);
#9601=AXIS2_PLACEMENT_3D('',#13306,#11315,#11316);
#9602=AXIS2_PLACEMENT_3D('',#13307,#11317,#11318);
#9603=AXIS2_PLACEMENT_3D('',#13309,#11320,#11321);
#9604=AXIS2_PLACEMENT_3D('',#13312,#11323,#11324);
#9605=AXIS2_PLACEMENT_3D('',#13315,#11326,#11327);
#9606=AXIS2_PLACEMENT_3D('',#13323,#11332,#11333);
#9607=AXIS2_PLACEMENT_3D('',#13329,#11337,#11338);
#9608=AXIS2_PLACEMENT_3D('',#13336,#11343,#11344);
#9609=AXIS2_PLACEMENT_3D('',#13339,#11346,#11347);
#9610=AXIS2_PLACEMENT_3D('',#13340,#11348,#11349);
#9611=AXIS2_PLACEMENT_3D('',#13342,#11351,#11352);
#9612=AXIS2_PLACEMENT_3D('',#13343,#11353,#11354);
#9613=AXIS2_PLACEMENT_3D('',#13345,#11356,#11357);
#9614=AXIS2_PLACEMENT_3D('',#13354,#11362,#11363);
#9615=AXIS2_PLACEMENT_3D('',#13357,#11365,#11366);
#9616=AXIS2_PLACEMENT_3D('',#13360,#11368,#11369);
#9617=AXIS2_PLACEMENT_3D('',#13365,#11373,#11374);
#9618=AXIS2_PLACEMENT_3D('',#13369,#11377,#11378);
#9619=AXIS2_PLACEMENT_3D('',#13374,#11382,#11383);
#9620=AXIS2_PLACEMENT_3D('',#13377,#11385,#11386);
#9621=AXIS2_PLACEMENT_3D('',#13378,#11387,#11388);
#9622=AXIS2_PLACEMENT_3D('',#13380,#11390,#11391);
#9623=AXIS2_PLACEMENT_3D('',#13381,#11392,#11393);
#9624=AXIS2_PLACEMENT_3D('',#13390,#11399,#11400);
#9625=AXIS2_PLACEMENT_3D('',#13392,#11402,#11403);
#9626=AXIS2_PLACEMENT_3D('',#13393,#11404,#11405);
#9627=AXIS2_PLACEMENT_3D('',#13395,#11406,#11407);
#9628=AXIS2_PLACEMENT_3D('',#13398,#11409,#11410);
#9629=AXIS2_PLACEMENT_3D('',#13401,#11412,#11413);
#9630=AXIS2_PLACEMENT_3D('',#13407,#11417,#11418);
#9631=AXIS2_PLACEMENT_3D('',#13413,#11422,#11423);
#9632=AXIS2_PLACEMENT_3D('',#13418,#11427,#11428);
#9633=AXIS2_PLACEMENT_3D('',#13421,#11430,#11431);
#9634=AXIS2_PLACEMENT_3D('',#13422,#11432,#11433);
#9635=AXIS2_PLACEMENT_3D('',#13424,#11435,#11436);
#9636=AXIS2_PLACEMENT_3D('',#13425,#11437,#11438);
#9637=AXIS2_PLACEMENT_3D('',#13426,#11439,#11440);
#9638=AXIS2_PLACEMENT_3D('',#13432,#11444,#11445);
#9639=AXIS2_PLACEMENT_3D('',#13438,#11449,#11450);
#9640=AXIS2_PLACEMENT_3D('',#13442,#11453,#11454);
#9641=AXIS2_PLACEMENT_3D('',#13444,#11456,#11457);
#9642=AXIS2_PLACEMENT_3D('',#13446,#11459,#11460);
#9643=AXIS2_PLACEMENT_3D('',#13447,#11461,#11462);
#9644=AXIS2_PLACEMENT_3D('',#13448,#11463,#11464);
#9645=AXIS2_PLACEMENT_3D('',#13450,#11465,#11466);
#9646=DIRECTION('',(0.,0.,1.));
#9647=DIRECTION('',(1.,0.,0.));
#9648=DIRECTION('',(0.,0.,1.));
#9649=DIRECTION('',(1.,0.,0.));
#9650=DIRECTION('',(1.,0.,0.));
#9651=DIRECTION('',(0.,-1.,0.));
#9652=DIRECTION('',(-1.,5.55111512312578E-17,0.));
#9653=DIRECTION('',(0.,0.,1.));
#9654=DIRECTION('',(1.,0.,0.));
#9655=DIRECTION('',(-5.55111512312578E-17,-1.,0.));
#9656=DIRECTION('',(0.,0.,1.));
#9657=DIRECTION('',(1.,0.,0.));
#9658=DIRECTION('',(1.,-5.55111512312578E-17,0.));
#9659=DIRECTION('',(0.,-1.,0.));
#9660=DIRECTION('',(-1.,5.55111512312578E-17,0.));
#9661=DIRECTION('',(0.,0.,1.));
#9662=DIRECTION('',(1.,0.,0.));
#9663=DIRECTION('',(-5.55111512312578E-17,-1.,0.));
#9664=DIRECTION('',(0.,0.,1.));
#9665=DIRECTION('',(1.,0.,0.));
#9666=DIRECTION('',(1.,-5.55111512312578E-17,0.));
#9667=DIRECTION('',(0.,-1.,0.));
#9668=DIRECTION('',(-1.,5.55111512312578E-17,0.));
#9669=DIRECTION('',(0.,0.,1.));
#9670=DIRECTION('',(1.,0.,0.));
#9671=DIRECTION('',(-5.55111512312578E-17,-1.,0.));
#9672=DIRECTION('',(0.,0.,1.));
#9673=DIRECTION('',(1.,0.,0.));
#9674=DIRECTION('',(1.,-5.55111512312578E-17,0.));
#9675=DIRECTION('',(0.,-1.,0.));
#9676=DIRECTION('',(-1.,5.55111512312578E-17,0.));
#9677=DIRECTION('',(0.,0.,1.));
#9678=DIRECTION('',(1.,0.,0.));
#9679=DIRECTION('',(-5.55111512312578E-17,-1.,0.));
#9680=DIRECTION('',(0.,0.,1.));
#9681=DIRECTION('',(1.,0.,0.));
#9682=DIRECTION('',(1.,-5.55111512312578E-17,0.));
#9683=DIRECTION('',(0.,-1.,0.));
#9684=DIRECTION('',(-1.,5.55111512312578E-17,0.));
#9685=DIRECTION('',(0.,0.,1.));
#9686=DIRECTION('',(1.,0.,0.));
#9687=DIRECTION('',(-5.55111512312578E-17,-1.,0.));
#9688=DIRECTION('',(0.,0.,1.));
#9689=DIRECTION('',(1.,0.,0.));
#9690=DIRECTION('',(1.,-5.55111512312578E-17,0.));
#9691=DIRECTION('',(0.,-1.,0.));
#9692=DIRECTION('',(-1.,5.55111512312578E-17,0.));
#9693=DIRECTION('',(0.,0.,1.));
#9694=DIRECTION('',(1.,0.,0.));
#9695=DIRECTION('',(-5.55111512312578E-17,-1.,0.));
#9696=DIRECTION('',(0.,0.,1.));
#9697=DIRECTION('',(1.,0.,0.));
#9698=DIRECTION('',(1.,-5.55111512312578E-17,0.));
#9699=DIRECTION('',(0.,-1.,0.));
#9700=DIRECTION('',(-1.,5.55111512312578E-17,0.));
#9701=DIRECTION('',(0.,0.,1.));
#9702=DIRECTION('',(1.,0.,0.));
#9703=DIRECTION('',(-5.55111512312578E-17,-1.,0.));
#9704=DIRECTION('',(0.,0.,1.));
#9705=DIRECTION('',(1.,0.,0.));
#9706=DIRECTION('',(1.,-5.55111512312578E-17,0.));
#9707=DIRECTION('',(0.,-1.,0.));
#9708=DIRECTION('',(-1.,5.55111512312578E-17,0.));
#9709=DIRECTION('',(0.,0.,1.));
#9710=DIRECTION('',(1.,0.,0.));
#9711=DIRECTION('',(-5.55111512312578E-17,-1.,0.));
#9712=DIRECTION('',(0.,0.,1.));
#9713=DIRECTION('',(1.,0.,0.));
#9714=DIRECTION('',(1.,-5.55111512312578E-17,0.));
#9715=DIRECTION('',(0.,-1.,0.));
#9716=DIRECTION('',(-1.,5.55111512312578E-17,0.));
#9717=DIRECTION('',(0.,0.,1.));
#9718=DIRECTION('',(1.,0.,0.));
#9719=DIRECTION('',(-5.55111512312578E-17,-1.,0.));
#9720=DIRECTION('',(0.,0.,1.));
#9721=DIRECTION('',(1.,0.,0.));
#9722=DIRECTION('',(1.,-5.55111512312578E-17,0.));
#9723=DIRECTION('',(0.,-1.,0.));
#9724=DIRECTION('',(-1.,5.55111512312578E-17,0.));
#9725=DIRECTION('',(0.,0.,1.));
#9726=DIRECTION('',(1.,0.,0.));
#9727=DIRECTION('',(-5.55111512312578E-17,-1.,0.));
#9728=DIRECTION('',(0.,0.,1.));
#9729=DIRECTION('',(1.,0.,0.));
#9730=DIRECTION('',(1.,-5.55111512312578E-17,0.));
#9731=DIRECTION('',(0.,-1.,0.));
#9732=DIRECTION('',(-1.,0.,0.));
#9733=DIRECTION('',(0.,1.,0.));
#9734=DIRECTION('',(0.,0.,-1.));
#9735=DIRECTION('',(1.,0.,0.));
#9736=DIRECTION('',(-1.,0.,0.));
#9737=DIRECTION('',(0.,0.,-1.));
#9738=DIRECTION('',(-1.,0.,0.));
#9739=DIRECTION('',(0.,-1.,0.));
#9740=DIRECTION('',(-1.,0.,0.));
#9741=DIRECTION('',(0.,1.,0.));
#9742=DIRECTION('',(0.,0.,-1.));
#9743=DIRECTION('',(1.,0.,0.));
#9744=DIRECTION('',(-1.,0.,0.));
#9745=DIRECTION('',(0.,0.,-1.));
#9746=DIRECTION('',(-1.,0.,0.));
#9747=DIRECTION('',(0.,-1.,0.));
#9748=DIRECTION('',(-1.,0.,0.));
#9749=DIRECTION('',(0.,1.,0.));
#9750=DIRECTION('',(0.,0.,-1.));
#9751=DIRECTION('',(1.,0.,0.));
#9752=DIRECTION('',(-1.,0.,0.));
#9753=DIRECTION('',(0.,0.,-1.));
#9754=DIRECTION('',(-1.,0.,0.));
#9755=DIRECTION('',(0.,-1.,0.));
#9756=DIRECTION('',(-1.,0.,0.));
#9757=DIRECTION('',(0.,1.,0.));
#9758=DIRECTION('',(0.,0.,-1.));
#9759=DIRECTION('',(1.,0.,0.));
#9760=DIRECTION('',(-1.,0.,0.));
#9761=DIRECTION('',(0.,0.,-1.));
#9762=DIRECTION('',(-1.,0.,0.));
#9763=DIRECTION('',(0.,-1.,0.));
#9764=DIRECTION('',(-1.,0.,0.));
#9765=DIRECTION('',(0.,1.,0.));
#9766=DIRECTION('',(0.,0.,-1.));
#9767=DIRECTION('',(1.,0.,0.));
#9768=DIRECTION('',(-1.,0.,0.));
#9769=DIRECTION('',(0.,0.,-1.));
#9770=DIRECTION('',(-1.,0.,0.));
#9771=DIRECTION('',(0.,-1.,0.));
#9772=DIRECTION('',(-1.,0.,0.));
#9773=DIRECTION('',(0.,1.,0.));
#9774=DIRECTION('',(0.,0.,-1.));
#9775=DIRECTION('',(1.,0.,0.));
#9776=DIRECTION('',(-1.,0.,0.));
#9777=DIRECTION('',(0.,0.,-1.));
#9778=DIRECTION('',(-1.,0.,0.));
#9779=DIRECTION('',(0.,-1.,0.));
#9780=DIRECTION('',(-1.,0.,0.));
#9781=DIRECTION('',(0.,1.,0.));
#9782=DIRECTION('',(0.,0.,-1.));
#9783=DIRECTION('',(1.,0.,0.));
#9784=DIRECTION('',(-1.,0.,0.));
#9785=DIRECTION('',(0.,0.,-1.));
#9786=DIRECTION('',(-1.,0.,0.));
#9787=DIRECTION('',(0.,-1.,0.));
#9788=DIRECTION('',(-1.,0.,0.));
#9789=DIRECTION('',(0.,1.,0.));
#9790=DIRECTION('',(0.,0.,-1.));
#9791=DIRECTION('',(1.,0.,0.));
#9792=DIRECTION('',(-1.,0.,0.));
#9793=DIRECTION('',(0.,0.,-1.));
#9794=DIRECTION('',(-1.,0.,0.));
#9795=DIRECTION('',(0.,-1.,0.));
#9796=DIRECTION('',(-1.,0.,0.));
#9797=DIRECTION('',(0.,1.,0.));
#9798=DIRECTION('',(0.,0.,-1.));
#9799=DIRECTION('',(1.,0.,0.));
#9800=DIRECTION('',(-1.,0.,0.));
#9801=DIRECTION('',(0.,0.,-1.));
#9802=DIRECTION('',(-1.,0.,0.));
#9803=DIRECTION('',(0.,-1.,0.));
#9804=DIRECTION('',(-1.,0.,0.));
#9805=DIRECTION('',(0.,1.,0.));
#9806=DIRECTION('',(0.,0.,-1.));
#9807=DIRECTION('',(1.,0.,0.));
#9808=DIRECTION('',(-1.,0.,0.));
#9809=DIRECTION('',(0.,0.,-1.));
#9810=DIRECTION('',(-1.,0.,0.));
#9811=DIRECTION('',(0.,-1.,0.));
#9812=DIRECTION('',(-1.,0.,0.));
#9813=DIRECTION('',(0.,1.,0.));
#9814=DIRECTION('',(1.,5.55111512312578E-17,0.));
#9815=DIRECTION('',(0.,0.,1.));
#9816=DIRECTION('',(1.,0.,0.));
#9817=DIRECTION('',(-5.55111512312578E-17,1.,0.));
#9818=DIRECTION('',(0.,0.,1.));
#9819=DIRECTION('',(1.,0.,0.));
#9820=DIRECTION('',(1.,5.55111512312578E-17,0.));
#9821=DIRECTION('',(0.,1.,0.));
#9822=DIRECTION('',(1.,5.55111512312578E-17,0.));
#9823=DIRECTION('',(0.,0.,1.));
#9824=DIRECTION('',(1.,0.,0.));
#9825=DIRECTION('',(-5.55111512312578E-17,1.,0.));
#9826=DIRECTION('',(0.,0.,1.));
#9827=DIRECTION('',(1.,0.,0.));
#9828=DIRECTION('',(1.,5.55111512312578E-17,0.));
#9829=DIRECTION('',(0.,1.,0.));
#9830=DIRECTION('',(1.,5.55111512312578E-17,0.));
#9831=DIRECTION('',(0.,0.,1.));
#9832=DIRECTION('',(1.,0.,0.));
#9833=DIRECTION('',(-5.55111512312578E-17,1.,0.));
#9834=DIRECTION('',(0.,0.,1.));
#9835=DIRECTION('',(1.,0.,0.));
#9836=DIRECTION('',(1.,5.55111512312578E-17,0.));
#9837=DIRECTION('',(0.,1.,0.));
#9838=DIRECTION('',(1.,5.55111512312578E-17,0.));
#9839=DIRECTION('',(0.,0.,1.));
#9840=DIRECTION('',(1.,0.,0.));
#9841=DIRECTION('',(-5.55111512312578E-17,1.,0.));
#9842=DIRECTION('',(0.,0.,1.));
#9843=DIRECTION('',(1.,0.,0.));
#9844=DIRECTION('',(1.,5.55111512312578E-17,0.));
#9845=DIRECTION('',(0.,1.,0.));
#9846=DIRECTION('',(1.,5.55111512312578E-17,0.));
#9847=DIRECTION('',(0.,0.,1.));
#9848=DIRECTION('',(1.,0.,0.));
#9849=DIRECTION('',(-5.55111512312578E-17,1.,0.));
#9850=DIRECTION('',(0.,0.,1.));
#9851=DIRECTION('',(1.,0.,0.));
#9852=DIRECTION('',(1.,5.55111512312578E-17,0.));
#9853=DIRECTION('',(0.,1.,0.));
#9854=DIRECTION('',(1.,5.55111512312578E-17,0.));
#9855=DIRECTION('',(0.,0.,1.));
#9856=DIRECTION('',(1.,0.,0.));
#9857=DIRECTION('',(-5.55111512312578E-17,1.,0.));
#9858=DIRECTION('',(0.,0.,1.));
#9859=DIRECTION('',(1.,0.,0.));
#9860=DIRECTION('',(1.,5.55111512312578E-17,0.));
#9861=DIRECTION('',(0.,1.,0.));
#9862=DIRECTION('',(1.,5.55111512312578E-17,0.));
#9863=DIRECTION('',(0.,0.,1.));
#9864=DIRECTION('',(1.,0.,0.));
#9865=DIRECTION('',(-5.55111512312578E-17,1.,0.));
#9866=DIRECTION('',(0.,0.,1.));
#9867=DIRECTION('',(1.,0.,0.));
#9868=DIRECTION('',(1.,5.55111512312578E-17,0.));
#9869=DIRECTION('',(0.,1.,0.));
#9870=DIRECTION('',(1.,5.55111512312578E-17,0.));
#9871=DIRECTION('',(0.,0.,1.));
#9872=DIRECTION('',(1.,0.,0.));
#9873=DIRECTION('',(-5.55111512312578E-17,1.,0.));
#9874=DIRECTION('',(0.,0.,1.));
#9875=DIRECTION('',(1.,0.,0.));
#9876=DIRECTION('',(1.,5.55111512312578E-17,0.));
#9877=DIRECTION('',(0.,1.,0.));
#9878=DIRECTION('',(1.,5.55111512312578E-17,0.));
#9879=DIRECTION('',(0.,0.,1.));
#9880=DIRECTION('',(1.,0.,0.));
#9881=DIRECTION('',(-5.55111512312578E-17,1.,0.));
#9882=DIRECTION('',(0.,0.,1.));
#9883=DIRECTION('',(1.,0.,0.));
#9884=DIRECTION('',(1.,5.55111512312578E-17,0.));
#9885=DIRECTION('',(0.,1.,0.));
#9886=DIRECTION('',(1.,5.55111512312578E-17,0.));
#9887=DIRECTION('',(0.,0.,1.));
#9888=DIRECTION('',(1.,0.,0.));
#9889=DIRECTION('',(-5.55111512312578E-17,1.,0.));
#9890=DIRECTION('',(0.,0.,1.));
#9891=DIRECTION('',(1.,0.,0.));
#9892=DIRECTION('',(1.,5.55111512312578E-17,0.));
#9893=DIRECTION('',(0.,1.,0.));
#9894=DIRECTION('',(1.,0.,0.));
#9895=DIRECTION('',(0.,-1.,0.));
#9896=DIRECTION('',(0.,0.,1.));
#9897=DIRECTION('',(1.,0.,0.));
#9898=DIRECTION('',(1.,0.,0.));
#9899=DIRECTION('',(0.,0.,1.));
#9900=DIRECTION('',(1.,0.,0.));
#9901=DIRECTION('',(0.,-1.,0.));
#9902=DIRECTION('',(1.,0.,0.));
#9903=DIRECTION('',(0.,-1.,0.));
#9904=DIRECTION('',(0.,0.,1.));
#9905=DIRECTION('',(1.,0.,0.));
#9906=DIRECTION('',(1.,0.,0.));
#9907=DIRECTION('',(0.,0.,1.));
#9908=DIRECTION('',(1.,0.,0.));
#9909=DIRECTION('',(0.,-1.,0.));
#9910=DIRECTION('',(1.,0.,0.));
#9911=DIRECTION('',(0.,-1.,0.));
#9912=DIRECTION('',(0.,0.,1.));
#9913=DIRECTION('',(1.,0.,0.));
#9914=DIRECTION('',(1.,0.,0.));
#9915=DIRECTION('',(0.,0.,1.));
#9916=DIRECTION('',(1.,0.,0.));
#9917=DIRECTION('',(0.,-1.,0.));
#9918=DIRECTION('',(1.,0.,0.));
#9919=DIRECTION('',(0.,-1.,0.));
#9920=DIRECTION('',(0.,0.,1.));
#9921=DIRECTION('',(1.,0.,0.));
#9922=DIRECTION('',(1.,0.,0.));
#9923=DIRECTION('',(0.,0.,1.));
#9924=DIRECTION('',(1.,0.,0.));
#9925=DIRECTION('',(0.,-1.,0.));
#9926=DIRECTION('',(1.,0.,0.));
#9927=DIRECTION('',(0.,-1.,0.));
#9928=DIRECTION('',(0.,0.,1.));
#9929=DIRECTION('',(1.,0.,0.));
#9930=DIRECTION('',(1.,0.,0.));
#9931=DIRECTION('',(0.,0.,1.));
#9932=DIRECTION('',(1.,0.,0.));
#9933=DIRECTION('',(0.,-1.,0.));
#9934=DIRECTION('',(1.,0.,0.));
#9935=DIRECTION('',(0.,-1.,0.));
#9936=DIRECTION('',(0.,0.,1.));
#9937=DIRECTION('',(1.,0.,0.));
#9938=DIRECTION('',(1.,0.,0.));
#9939=DIRECTION('',(0.,0.,1.));
#9940=DIRECTION('',(1.,0.,0.));
#9941=DIRECTION('',(0.,-1.,0.));
#9942=DIRECTION('',(1.,0.,0.));
#9943=DIRECTION('',(0.,-1.,0.));
#9944=DIRECTION('',(0.,0.,1.));
#9945=DIRECTION('',(1.,0.,0.));
#9946=DIRECTION('',(1.,0.,0.));
#9947=DIRECTION('',(0.,0.,1.));
#9948=DIRECTION('',(1.,0.,0.));
#9949=DIRECTION('',(0.,-1.,0.));
#9950=DIRECTION('',(1.,0.,0.));
#9951=DIRECTION('',(0.,-1.,0.));
#9952=DIRECTION('',(0.,0.,1.));
#9953=DIRECTION('',(1.,0.,0.));
#9954=DIRECTION('',(1.,0.,0.));
#9955=DIRECTION('',(0.,0.,1.));
#9956=DIRECTION('',(1.,0.,0.));
#9957=DIRECTION('',(0.,-1.,0.));
#9958=DIRECTION('',(1.,0.,0.));
#9959=DIRECTION('',(0.,-1.,0.));
#9960=DIRECTION('',(0.,0.,1.));
#9961=DIRECTION('',(1.,0.,0.));
#9962=DIRECTION('',(1.,0.,0.));
#9963=DIRECTION('',(0.,0.,1.));
#9964=DIRECTION('',(1.,0.,0.));
#9965=DIRECTION('',(0.,-1.,0.));
#9966=DIRECTION('',(1.,0.,0.));
#9967=DIRECTION('',(0.,-1.,0.));
#9968=DIRECTION('',(0.,0.,1.));
#9969=DIRECTION('',(1.,0.,0.));
#9970=DIRECTION('',(1.,0.,0.));
#9971=DIRECTION('',(0.,0.,1.));
#9972=DIRECTION('',(1.,0.,0.));
#9973=DIRECTION('',(0.,-1.,0.));
#9974=DIRECTION('',(0.,1.,0.));
#9975=DIRECTION('',(-1.,0.,0.));
#9976=DIRECTION('',(0.,-1.,0.));
#9977=DIRECTION('',(1.,0.,0.));
#9978=DIRECTION('',(0.707106781186547,0.707106781186547,0.));
#9979=DIRECTION('',(0.,0.,-1.));
#9980=DIRECTION('',(-1.,0.,0.));
#9981=DIRECTION('',(0.,0.,1.));
#9982=DIRECTION('',(1.,0.,0.));
#9983=DIRECTION('',(-1.,0.,0.));
#9984=DIRECTION('',(0.,0.,1.));
#9985=DIRECTION('',(-1.,0.,0.));
#9986=DIRECTION('',(0.,1.,0.));
#9987=DIRECTION('',(1.,0.,0.));
#9988=DIRECTION('',(-3.24234649661948E-15,-1.,0.));
#9989=DIRECTION('',(0.,-1.,0.));
#9990=DIRECTION('',(0.,0.,1.));
#9991=DIRECTION('',(0.,0.,1.));
#9992=DIRECTION('',(0.,0.,1.));
#9993=DIRECTION('',(0.,0.,1.));
#9994=DIRECTION('',(1.,0.,0.));
#9995=DIRECTION('',(0.,0.,1.));
#9996=DIRECTION('',(-1.,0.,0.));
#9997=DIRECTION('',(0.,0.,1.));
#9998=DIRECTION('',(0.,0.,1.));
#9999=DIRECTION('',(0.,0.,1.));
#10000=DIRECTION('',(0.,1.,0.));
#10001=DIRECTION('',(0.,1.,0.));
#10002=DIRECTION('',(0.,0.,-1.));
#10003=DIRECTION('',(0.,0.,1.));
#10004=DIRECTION('',(1.,0.,0.));
#10005=DIRECTION('',(1.,0.,0.));
#10006=DIRECTION('',(0.,0.,-1.));
#10007=DIRECTION('',(0.,0.,1.));
#10008=DIRECTION('',(0.,-1.,0.));
#10009=DIRECTION('',(0.,0.,-1.));
#10010=DIRECTION('',(0.,0.,1.));
#10011=DIRECTION('',(1.,0.,0.));
#10012=DIRECTION('',(0.,0.,-1.));
#10013=DIRECTION('',(-1.,0.,0.));
#10014=DIRECTION('',(-1.,0.,0.));
#10015=DIRECTION('',(0.,0.,-1.));
#10016=DIRECTION('',(-1.,0.,0.));
#10017=DIRECTION('',(0.,0.,1.));
#10018=DIRECTION('',(1.,0.,0.));
#10019=DIRECTION('',(-1.,0.,0.));
#10020=DIRECTION('',(0.,0.,1.));
#10021=DIRECTION('',(-1.,0.,0.));
#10022=DIRECTION('',(0.,1.,0.));
#10023=DIRECTION('',(1.,0.,0.));
#10024=DIRECTION('',(-3.24234649661948E-15,-1.,0.));
#10025=DIRECTION('',(0.,-1.,0.));
#10026=DIRECTION('',(0.,0.,1.));
#10027=DIRECTION('',(0.,0.,1.));
#10028=DIRECTION('',(0.,0.,1.));
#10029=DIRECTION('',(0.,0.,1.));
#10030=DIRECTION('',(1.,0.,0.));
#10031=DIRECTION('',(0.,0.,1.));
#10032=DIRECTION('',(-1.,0.,0.));
#10033=DIRECTION('',(0.,0.,1.));
#10034=DIRECTION('',(0.,0.,1.));
#10035=DIRECTION('',(0.,0.,1.));
#10036=DIRECTION('',(0.,1.,0.));
#10037=DIRECTION('',(0.,1.,0.));
#10038=DIRECTION('',(0.,0.,-1.));
#10039=DIRECTION('',(0.,0.,1.));
#10040=DIRECTION('',(1.,0.,0.));
#10041=DIRECTION('',(1.,0.,0.));
#10042=DIRECTION('',(0.,0.,-1.));
#10043=DIRECTION('',(0.,0.,1.));
#10044=DIRECTION('',(0.,-1.,0.));
#10045=DIRECTION('',(0.,0.,-1.));
#10046=DIRECTION('',(0.,0.,1.));
#10047=DIRECTION('',(1.,0.,0.));
#10048=DIRECTION('',(0.,0.,-1.));
#10049=DIRECTION('',(-1.,0.,0.));
#10050=DIRECTION('',(-1.,0.,0.));
#10051=DIRECTION('',(0.,0.,-1.));
#10052=DIRECTION('',(-1.,0.,0.));
#10053=DIRECTION('',(0.,0.,1.));
#10054=DIRECTION('',(1.,0.,0.));
#10055=DIRECTION('',(-1.,0.,0.));
#10056=DIRECTION('',(0.,0.,1.));
#10057=DIRECTION('',(-1.,0.,0.));
#10058=DIRECTION('',(0.,1.,0.));
#10059=DIRECTION('',(1.,0.,0.));
#10060=DIRECTION('',(-3.24234649661948E-15,-1.,0.));
#10061=DIRECTION('',(0.,-1.,0.));
#10062=DIRECTION('',(0.,0.,1.));
#10063=DIRECTION('',(0.,0.,1.));
#10064=DIRECTION('',(0.,0.,1.));
#10065=DIRECTION('',(0.,0.,1.));
#10066=DIRECTION('',(1.,0.,0.));
#10067=DIRECTION('',(0.,0.,1.));
#10068=DIRECTION('',(-1.,0.,0.));
#10069=DIRECTION('',(0.,0.,1.));
#10070=DIRECTION('',(0.,0.,1.));
#10071=DIRECTION('',(0.,0.,1.));
#10072=DIRECTION('',(0.,1.,0.));
#10073=DIRECTION('',(0.,1.,0.));
#10074=DIRECTION('',(0.,0.,-1.));
#10075=DIRECTION('',(0.,0.,1.));
#10076=DIRECTION('',(1.,0.,0.));
#10077=DIRECTION('',(1.,0.,0.));
#10078=DIRECTION('',(0.,0.,-1.));
#10079=DIRECTION('',(0.,0.,1.));
#10080=DIRECTION('',(0.,-1.,0.));
#10081=DIRECTION('',(0.,0.,-1.));
#10082=DIRECTION('',(0.,0.,1.));
#10083=DIRECTION('',(1.,0.,0.));
#10084=DIRECTION('',(0.,0.,-1.));
#10085=DIRECTION('',(-1.,0.,0.));
#10086=DIRECTION('',(-1.,0.,0.));
#10087=DIRECTION('',(0.,0.,-1.));
#10088=DIRECTION('',(-1.,0.,0.));
#10089=DIRECTION('',(0.,0.,1.));
#10090=DIRECTION('',(1.,0.,0.));
#10091=DIRECTION('',(-1.,0.,0.));
#10092=DIRECTION('',(0.,0.,1.));
#10093=DIRECTION('',(-1.,0.,0.));
#10094=DIRECTION('',(0.,1.,0.));
#10095=DIRECTION('',(1.,0.,0.));
#10096=DIRECTION('',(-3.24234649661948E-15,-1.,0.));
#10097=DIRECTION('',(0.,-1.,0.));
#10098=DIRECTION('',(0.,0.,1.));
#10099=DIRECTION('',(0.,0.,1.));
#10100=DIRECTION('',(0.,0.,1.));
#10101=DIRECTION('',(0.,0.,1.));
#10102=DIRECTION('',(1.,0.,0.));
#10103=DIRECTION('',(0.,0.,1.));
#10104=DIRECTION('',(-1.,0.,0.));
#10105=DIRECTION('',(0.,0.,1.));
#10106=DIRECTION('',(0.,0.,1.));
#10107=DIRECTION('',(0.,0.,1.));
#10108=DIRECTION('',(0.,1.,0.));
#10109=DIRECTION('',(0.,1.,0.));
#10110=DIRECTION('',(0.,0.,-1.));
#10111=DIRECTION('',(0.,0.,1.));
#10112=DIRECTION('',(1.,0.,0.));
#10113=DIRECTION('',(1.,0.,0.));
#10114=DIRECTION('',(0.,0.,-1.));
#10115=DIRECTION('',(0.,0.,1.));
#10116=DIRECTION('',(0.,-1.,0.));
#10117=DIRECTION('',(0.,0.,-1.));
#10118=DIRECTION('',(0.,0.,1.));
#10119=DIRECTION('',(1.,0.,0.));
#10120=DIRECTION('',(0.,0.,-1.));
#10121=DIRECTION('',(-1.,0.,0.));
#10122=DIRECTION('',(-1.,0.,0.));
#10123=DIRECTION('',(0.,0.,-1.));
#10124=DIRECTION('',(-1.,0.,0.));
#10125=DIRECTION('',(0.,0.,1.));
#10126=DIRECTION('',(1.,0.,0.));
#10127=DIRECTION('',(-1.,0.,0.));
#10128=DIRECTION('',(0.,0.,1.));
#10129=DIRECTION('',(-1.,0.,0.));
#10130=DIRECTION('',(0.,1.,0.));
#10131=DIRECTION('',(1.,0.,0.));
#10132=DIRECTION('',(-3.24234649661948E-15,-1.,0.));
#10133=DIRECTION('',(0.,-1.,0.));
#10134=DIRECTION('',(0.,0.,1.));
#10135=DIRECTION('',(0.,0.,1.));
#10136=DIRECTION('',(0.,0.,1.));
#10137=DIRECTION('',(0.,0.,1.));
#10138=DIRECTION('',(1.,0.,0.));
#10139=DIRECTION('',(0.,0.,1.));
#10140=DIRECTION('',(-1.,0.,0.));
#10141=DIRECTION('',(0.,0.,1.));
#10142=DIRECTION('',(0.,0.,1.));
#10143=DIRECTION('',(0.,0.,1.));
#10144=DIRECTION('',(0.,1.,0.));
#10145=DIRECTION('',(0.,1.,0.));
#10146=DIRECTION('',(0.,0.,-1.));
#10147=DIRECTION('',(0.,0.,1.));
#10148=DIRECTION('',(1.,0.,0.));
#10149=DIRECTION('',(1.,0.,0.));
#10150=DIRECTION('',(0.,0.,-1.));
#10151=DIRECTION('',(0.,0.,1.));
#10152=DIRECTION('',(0.,-1.,0.));
#10153=DIRECTION('',(0.,0.,-1.));
#10154=DIRECTION('',(0.,0.,1.));
#10155=DIRECTION('',(1.,0.,0.));
#10156=DIRECTION('',(0.,0.,-1.));
#10157=DIRECTION('',(-1.,0.,0.));
#10158=DIRECTION('',(-1.,0.,0.));
#10159=DIRECTION('',(0.,0.,-1.));
#10160=DIRECTION('',(-1.,0.,0.));
#10161=DIRECTION('',(0.,0.,1.));
#10162=DIRECTION('',(1.,0.,0.));
#10163=DIRECTION('',(-1.,0.,0.));
#10164=DIRECTION('',(0.,0.,1.));
#10165=DIRECTION('',(-1.,0.,0.));
#10166=DIRECTION('',(0.,1.,0.));
#10167=DIRECTION('',(1.,0.,0.));
#10168=DIRECTION('',(-3.24234649661948E-15,-1.,0.));
#10169=DIRECTION('',(0.,-1.,0.));
#10170=DIRECTION('',(0.,0.,1.));
#10171=DIRECTION('',(0.,0.,1.));
#10172=DIRECTION('',(0.,0.,1.));
#10173=DIRECTION('',(0.,0.,1.));
#10174=DIRECTION('',(1.,0.,0.));
#10175=DIRECTION('',(0.,0.,1.));
#10176=DIRECTION('',(-1.,0.,0.));
#10177=DIRECTION('',(0.,0.,1.));
#10178=DIRECTION('',(0.,0.,1.));
#10179=DIRECTION('',(0.,0.,1.));
#10180=DIRECTION('',(0.,1.,0.));
#10181=DIRECTION('',(0.,1.,0.));
#10182=DIRECTION('',(0.,0.,-1.));
#10183=DIRECTION('',(0.,0.,1.));
#10184=DIRECTION('',(1.,0.,0.));
#10185=DIRECTION('',(1.,0.,0.));
#10186=DIRECTION('',(0.,0.,-1.));
#10187=DIRECTION('',(0.,0.,1.));
#10188=DIRECTION('',(0.,-1.,0.));
#10189=DIRECTION('',(0.,0.,-1.));
#10190=DIRECTION('',(0.,0.,1.));
#10191=DIRECTION('',(1.,0.,0.));
#10192=DIRECTION('',(0.,0.,-1.));
#10193=DIRECTION('',(-1.,0.,0.));
#10194=DIRECTION('',(-1.,0.,0.));
#10195=DIRECTION('',(0.,0.,-1.));
#10196=DIRECTION('',(-1.,0.,0.));
#10197=DIRECTION('',(0.,0.,1.));
#10198=DIRECTION('',(1.,0.,0.));
#10199=DIRECTION('',(-1.,0.,0.));
#10200=DIRECTION('',(0.,0.,1.));
#10201=DIRECTION('',(-1.,0.,0.));
#10202=DIRECTION('',(0.,1.,0.));
#10203=DIRECTION('',(1.,0.,0.));
#10204=DIRECTION('',(-3.24234649661948E-15,-1.,0.));
#10205=DIRECTION('',(0.,-1.,0.));
#10206=DIRECTION('',(0.,0.,1.));
#10207=DIRECTION('',(0.,0.,1.));
#10208=DIRECTION('',(0.,0.,1.));
#10209=DIRECTION('',(0.,0.,1.));
#10210=DIRECTION('',(1.,0.,0.));
#10211=DIRECTION('',(0.,0.,1.));
#10212=DIRECTION('',(-1.,0.,0.));
#10213=DIRECTION('',(0.,0.,1.));
#10214=DIRECTION('',(0.,0.,1.));
#10215=DIRECTION('',(0.,0.,1.));
#10216=DIRECTION('',(0.,1.,0.));
#10217=DIRECTION('',(0.,1.,0.));
#10218=DIRECTION('',(0.,0.,-1.));
#10219=DIRECTION('',(0.,0.,1.));
#10220=DIRECTION('',(1.,0.,0.));
#10221=DIRECTION('',(1.,0.,0.));
#10222=DIRECTION('',(0.,0.,-1.));
#10223=DIRECTION('',(0.,0.,1.));
#10224=DIRECTION('',(0.,-1.,0.));
#10225=DIRECTION('',(0.,0.,-1.));
#10226=DIRECTION('',(0.,0.,1.));
#10227=DIRECTION('',(1.,0.,0.));
#10228=DIRECTION('',(0.,0.,-1.));
#10229=DIRECTION('',(-1.,0.,0.));
#10230=DIRECTION('',(-1.,0.,0.));
#10231=DIRECTION('',(0.,0.,-1.));
#10232=DIRECTION('',(-1.,0.,0.));
#10233=DIRECTION('',(0.,0.,1.));
#10234=DIRECTION('',(1.,0.,0.));
#10235=DIRECTION('',(-1.,0.,0.));
#10236=DIRECTION('',(0.,0.,1.));
#10237=DIRECTION('',(-1.,0.,0.));
#10238=DIRECTION('',(0.,1.,0.));
#10239=DIRECTION('',(1.,0.,0.));
#10240=DIRECTION('',(-3.24234649661948E-15,-1.,0.));
#10241=DIRECTION('',(0.,-1.,0.));
#10242=DIRECTION('',(0.,0.,1.));
#10243=DIRECTION('',(0.,0.,1.));
#10244=DIRECTION('',(0.,0.,1.));
#10245=DIRECTION('',(0.,0.,1.));
#10246=DIRECTION('',(1.,0.,0.));
#10247=DIRECTION('',(0.,0.,1.));
#10248=DIRECTION('',(-1.,0.,0.));
#10249=DIRECTION('',(0.,0.,1.));
#10250=DIRECTION('',(0.,0.,1.));
#10251=DIRECTION('',(0.,0.,1.));
#10252=DIRECTION('',(0.,1.,0.));
#10253=DIRECTION('',(0.,1.,0.));
#10254=DIRECTION('',(0.,0.,-1.));
#10255=DIRECTION('',(0.,0.,1.));
#10256=DIRECTION('',(1.,0.,0.));
#10257=DIRECTION('',(1.,0.,0.));
#10258=DIRECTION('',(0.,0.,-1.));
#10259=DIRECTION('',(0.,0.,1.));
#10260=DIRECTION('',(0.,-1.,0.));
#10261=DIRECTION('',(0.,0.,-1.));
#10262=DIRECTION('',(0.,0.,1.));
#10263=DIRECTION('',(1.,0.,0.));
#10264=DIRECTION('',(0.,0.,-1.));
#10265=DIRECTION('',(-1.,0.,0.));
#10266=DIRECTION('',(-1.,0.,0.));
#10267=DIRECTION('',(0.,0.,-1.));
#10268=DIRECTION('',(-1.,0.,0.));
#10269=DIRECTION('',(0.,0.,1.));
#10270=DIRECTION('',(1.,0.,0.));
#10271=DIRECTION('',(-1.,0.,0.));
#10272=DIRECTION('',(0.,0.,1.));
#10273=DIRECTION('',(-1.,0.,0.));
#10274=DIRECTION('',(0.,1.,0.));
#10275=DIRECTION('',(1.,0.,0.));
#10276=DIRECTION('',(-3.24234649661948E-15,-1.,0.));
#10277=DIRECTION('',(0.,-1.,0.));
#10278=DIRECTION('',(0.,0.,1.));
#10279=DIRECTION('',(0.,0.,1.));
#10280=DIRECTION('',(0.,0.,1.));
#10281=DIRECTION('',(0.,0.,1.));
#10282=DIRECTION('',(1.,0.,0.));
#10283=DIRECTION('',(0.,0.,1.));
#10284=DIRECTION('',(-1.,0.,0.));
#10285=DIRECTION('',(0.,0.,1.));
#10286=DIRECTION('',(0.,0.,1.));
#10287=DIRECTION('',(0.,0.,1.));
#10288=DIRECTION('',(0.,1.,0.));
#10289=DIRECTION('',(0.,1.,0.));
#10290=DIRECTION('',(0.,0.,-1.));
#10291=DIRECTION('',(0.,0.,1.));
#10292=DIRECTION('',(1.,0.,0.));
#10293=DIRECTION('',(1.,0.,0.));
#10294=DIRECTION('',(0.,0.,-1.));
#10295=DIRECTION('',(0.,0.,1.));
#10296=DIRECTION('',(0.,-1.,0.));
#10297=DIRECTION('',(0.,0.,-1.));
#10298=DIRECTION('',(0.,0.,1.));
#10299=DIRECTION('',(1.,0.,0.));
#10300=DIRECTION('',(0.,0.,-1.));
#10301=DIRECTION('',(-1.,0.,0.));
#10302=DIRECTION('',(-1.,0.,0.));
#10303=DIRECTION('',(0.,0.,1.));
#10304=DIRECTION('',(1.,0.,0.));
#10305=DIRECTION('',(0.,0.,1.));
#10306=DIRECTION('',(0.,0.,1.));
#10307=DIRECTION('',(1.,0.,0.));
#10308=DIRECTION('',(0.,0.,1.));
#10309=DIRECTION('',(1.,0.,0.));
#10310=DIRECTION('',(0.,0.,-1.));
#10311=DIRECTION('',(-3.24234649661948E-15,-1.,0.));
#10312=DIRECTION('',(0.,0.,1.));
#10313=DIRECTION('',(0.,-1.,0.));
#10314=DIRECTION('',(0.,0.,-1.));
#10315=DIRECTION('',(0.,1.,0.));
#10316=DIRECTION('',(0.,0.,-1.));
#10317=DIRECTION('',(1.,0.,0.));
#10318=DIRECTION('',(0.,0.,1.));
#10319=DIRECTION('',(1.,0.,0.));
#10320=DIRECTION('',(-1.,0.,0.));
#10321=DIRECTION('',(0.,0.,1.));
#10322=DIRECTION('',(0.,1.,0.));
#10323=DIRECTION('',(0.,0.,1.));
#10324=DIRECTION('',(0.,0.,1.));
#10325=DIRECTION('',(0.,1.,0.));
#10326=DIRECTION('',(0.,0.,1.));
#10327=DIRECTION('',(1.,0.,0.));
#10328=DIRECTION('',(0.,0.,1.));
#10329=DIRECTION('',(-1.,0.,0.));
#10330=DIRECTION('',(0.,0.,1.));
#10331=DIRECTION('',(0.,-1.,0.));
#10332=DIRECTION('',(0.,0.,1.));
#10333=DIRECTION('',(-1.,0.,0.));
#10334=DIRECTION('',(0.,0.,-1.));
#10335=DIRECTION('',(-1.,0.,0.));
#10336=DIRECTION('',(0.,0.,-1.));
#10337=DIRECTION('',(-1.,0.,0.));
#10338=DIRECTION('',(-1.,0.,0.));
#10339=DIRECTION('',(0.,1.,0.));
#10340=DIRECTION('',(0.,0.,1.));
#10341=DIRECTION('',(0.,0.,-1.));
#10342=DIRECTION('',(1.,0.,0.));
#10343=DIRECTION('',(0.,0.,-1.));
#10344=DIRECTION('',(0.,0.,-1.));
#10345=DIRECTION('',(5.55111512312578E-17,-1.,0.));
#10346=DIRECTION('',(-1.,-5.55111512312578E-17,0.));
#10347=DIRECTION('',(0.,-1.,0.));
#10348=DIRECTION('',(1.,5.55111512312578E-17,0.));
#10349=DIRECTION('',(-5.55111512312578E-17,1.,0.));
#10350=DIRECTION('',(0.,0.,1.));
#10351=DIRECTION('',(-5.55111512312578E-17,1.,0.));
#10352=DIRECTION('',(0.,0.,1.));
#10353=DIRECTION('',(0.,0.,1.));
#10354=DIRECTION('',(-5.55111512312578E-17,1.,0.));
#10355=DIRECTION('',(0.,0.,1.));
#10356=DIRECTION('',(-5.55111512312578E-17,1.,0.));
#10357=DIRECTION('',(0.,0.,-1.));
#10358=DIRECTION('',(1.,-3.18683534538823E-15,0.));
#10359=DIRECTION('',(0.,0.,1.));
#10360=DIRECTION('',(0.,0.,-1.));
#10361=DIRECTION('',(-1.,-5.55111512312578E-17,0.));
#10362=DIRECTION('',(0.,0.,-1.));
#10363=DIRECTION('',(-5.55111512312578E-17,1.,0.));
#10364=DIRECTION('',(0.,0.,1.));
#10365=DIRECTION('',(5.55111512312578E-17,-1.,0.));
#10366=DIRECTION('',(0.,0.,1.));
#10367=DIRECTION('',(-1.,-5.55111512312578E-17,0.));
#10368=DIRECTION('',(0.,0.,1.));
#10369=DIRECTION('',(0.,0.,1.));
#10370=DIRECTION('',(0.,0.,1.));
#10371=DIRECTION('',(-5.55111512312578E-17,1.,0.));
#10372=DIRECTION('',(0.,0.,1.));
#10373=DIRECTION('',(5.55111512312578E-17,-1.,0.));
#10374=DIRECTION('',(0.,0.,1.));
#10375=DIRECTION('',(1.,5.55111512312578E-17,0.));
#10376=DIRECTION('',(0.,0.,1.));
#10377=DIRECTION('',(5.55111512312578E-17,-1.,0.));
#10378=DIRECTION('',(0.,0.,-1.));
#10379=DIRECTION('',(5.55111512312578E-17,-1.,0.));
#10380=DIRECTION('',(0.,0.,-1.));
#10381=DIRECTION('',(5.55111512312578E-17,-1.,0.));
#10382=DIRECTION('',(-1.,-5.55111512312578E-17,0.));
#10383=DIRECTION('',(0.,-1.,0.));
#10384=DIRECTION('',(1.,5.55111512312578E-17,0.));
#10385=DIRECTION('',(-5.55111512312578E-17,1.,0.));
#10386=DIRECTION('',(0.,0.,1.));
#10387=DIRECTION('',(-5.55111512312578E-17,1.,0.));
#10388=DIRECTION('',(0.,0.,1.));
#10389=DIRECTION('',(0.,0.,1.));
#10390=DIRECTION('',(-5.55111512312578E-17,1.,0.));
#10391=DIRECTION('',(0.,0.,1.));
#10392=DIRECTION('',(-5.55111512312578E-17,1.,0.));
#10393=DIRECTION('',(0.,0.,-1.));
#10394=DIRECTION('',(1.,-3.18683534538823E-15,0.));
#10395=DIRECTION('',(0.,0.,1.));
#10396=DIRECTION('',(0.,0.,-1.));
#10397=DIRECTION('',(-1.,-5.55111512312578E-17,0.));
#10398=DIRECTION('',(0.,0.,-1.));
#10399=DIRECTION('',(-5.55111512312578E-17,1.,0.));
#10400=DIRECTION('',(0.,0.,1.));
#10401=DIRECTION('',(5.55111512312578E-17,-1.,0.));
#10402=DIRECTION('',(0.,0.,1.));
#10403=DIRECTION('',(-1.,-5.55111512312578E-17,0.));
#10404=DIRECTION('',(0.,0.,1.));
#10405=DIRECTION('',(0.,0.,1.));
#10406=DIRECTION('',(0.,0.,1.));
#10407=DIRECTION('',(-5.55111512312578E-17,1.,0.));
#10408=DIRECTION('',(0.,0.,1.));
#10409=DIRECTION('',(5.55111512312578E-17,-1.,0.));
#10410=DIRECTION('',(0.,0.,1.));
#10411=DIRECTION('',(1.,5.55111512312578E-17,0.));
#10412=DIRECTION('',(0.,0.,1.));
#10413=DIRECTION('',(5.55111512312578E-17,-1.,0.));
#10414=DIRECTION('',(0.,0.,-1.));
#10415=DIRECTION('',(5.55111512312578E-17,-1.,0.));
#10416=DIRECTION('',(0.,0.,-1.));
#10417=DIRECTION('',(5.55111512312578E-17,-1.,0.));
#10418=DIRECTION('',(-1.,-5.55111512312578E-17,0.));
#10419=DIRECTION('',(0.,-1.,0.));
#10420=DIRECTION('',(1.,5.55111512312578E-17,0.));
#10421=DIRECTION('',(-5.55111512312578E-17,1.,0.));
#10422=DIRECTION('',(0.,0.,1.));
#10423=DIRECTION('',(-5.55111512312578E-17,1.,0.));
#10424=DIRECTION('',(0.,0.,1.));
#10425=DIRECTION('',(0.,0.,1.));
#10426=DIRECTION('',(-5.55111512312578E-17,1.,0.));
#10427=DIRECTION('',(0.,0.,1.));
#10428=DIRECTION('',(-5.55111512312578E-17,1.,0.));
#10429=DIRECTION('',(0.,0.,-1.));
#10430=DIRECTION('',(1.,-3.18683534538823E-15,0.));
#10431=DIRECTION('',(0.,0.,1.));
#10432=DIRECTION('',(0.,0.,-1.));
#10433=DIRECTION('',(-1.,-5.55111512312578E-17,0.));
#10434=DIRECTION('',(0.,0.,-1.));
#10435=DIRECTION('',(-5.55111512312578E-17,1.,0.));
#10436=DIRECTION('',(0.,0.,1.));
#10437=DIRECTION('',(5.55111512312578E-17,-1.,0.));
#10438=DIRECTION('',(0.,0.,1.));
#10439=DIRECTION('',(-1.,-5.55111512312578E-17,0.));
#10440=DIRECTION('',(0.,0.,1.));
#10441=DIRECTION('',(0.,0.,1.));
#10442=DIRECTION('',(0.,0.,1.));
#10443=DIRECTION('',(-5.55111512312578E-17,1.,0.));
#10444=DIRECTION('',(0.,0.,1.));
#10445=DIRECTION('',(5.55111512312578E-17,-1.,0.));
#10446=DIRECTION('',(0.,0.,1.));
#10447=DIRECTION('',(1.,5.55111512312578E-17,0.));
#10448=DIRECTION('',(0.,0.,1.));
#10449=DIRECTION('',(5.55111512312578E-17,-1.,0.));
#10450=DIRECTION('',(0.,0.,-1.));
#10451=DIRECTION('',(5.55111512312578E-17,-1.,0.));
#10452=DIRECTION('',(0.,0.,-1.));
#10453=DIRECTION('',(5.55111512312578E-17,-1.,0.));
#10454=DIRECTION('',(-1.,-5.55111512312578E-17,0.));
#10455=DIRECTION('',(0.,-1.,0.));
#10456=DIRECTION('',(1.,5.55111512312578E-17,0.));
#10457=DIRECTION('',(-5.55111512312578E-17,1.,0.));
#10458=DIRECTION('',(0.,0.,1.));
#10459=DIRECTION('',(-5.55111512312578E-17,1.,0.));
#10460=DIRECTION('',(0.,0.,1.));
#10461=DIRECTION('',(0.,0.,1.));
#10462=DIRECTION('',(-5.55111512312578E-17,1.,0.));
#10463=DIRECTION('',(0.,0.,1.));
#10464=DIRECTION('',(-5.55111512312578E-17,1.,0.));
#10465=DIRECTION('',(0.,0.,-1.));
#10466=DIRECTION('',(1.,-3.18683534538823E-15,0.));
#10467=DIRECTION('',(0.,0.,1.));
#10468=DIRECTION('',(0.,0.,-1.));
#10469=DIRECTION('',(-1.,-5.55111512312578E-17,0.));
#10470=DIRECTION('',(0.,0.,-1.));
#10471=DIRECTION('',(-5.55111512312578E-17,1.,0.));
#10472=DIRECTION('',(0.,0.,1.));
#10473=DIRECTION('',(5.55111512312578E-17,-1.,0.));
#10474=DIRECTION('',(0.,0.,1.));
#10475=DIRECTION('',(-1.,-5.55111512312578E-17,0.));
#10476=DIRECTION('',(0.,0.,1.));
#10477=DIRECTION('',(0.,0.,1.));
#10478=DIRECTION('',(0.,0.,1.));
#10479=DIRECTION('',(-5.55111512312578E-17,1.,0.));
#10480=DIRECTION('',(0.,0.,1.));
#10481=DIRECTION('',(5.55111512312578E-17,-1.,0.));
#10482=DIRECTION('',(0.,0.,1.));
#10483=DIRECTION('',(1.,5.55111512312578E-17,0.));
#10484=DIRECTION('',(0.,0.,1.));
#10485=DIRECTION('',(5.55111512312578E-17,-1.,0.));
#10486=DIRECTION('',(0.,0.,-1.));
#10487=DIRECTION('',(5.55111512312578E-17,-1.,0.));
#10488=DIRECTION('',(0.,0.,-1.));
#10489=DIRECTION('',(5.55111512312578E-17,-1.,0.));
#10490=DIRECTION('',(-1.,-5.55111512312578E-17,0.));
#10491=DIRECTION('',(0.,-1.,0.));
#10492=DIRECTION('',(1.,5.55111512312578E-17,0.));
#10493=DIRECTION('',(-5.55111512312578E-17,1.,0.));
#10494=DIRECTION('',(0.,0.,1.));
#10495=DIRECTION('',(-5.55111512312578E-17,1.,0.));
#10496=DIRECTION('',(0.,0.,1.));
#10497=DIRECTION('',(0.,0.,1.));
#10498=DIRECTION('',(-5.55111512312578E-17,1.,0.));
#10499=DIRECTION('',(0.,0.,1.));
#10500=DIRECTION('',(-5.55111512312578E-17,1.,0.));
#10501=DIRECTION('',(0.,0.,-1.));
#10502=DIRECTION('',(1.,-3.18683534538823E-15,0.));
#10503=DIRECTION('',(0.,0.,1.));
#10504=DIRECTION('',(0.,0.,-1.));
#10505=DIRECTION('',(-1.,-5.55111512312578E-17,0.));
#10506=DIRECTION('',(0.,0.,-1.));
#10507=DIRECTION('',(-5.55111512312578E-17,1.,0.));
#10508=DIRECTION('',(0.,0.,1.));
#10509=DIRECTION('',(5.55111512312578E-17,-1.,0.));
#10510=DIRECTION('',(0.,0.,1.));
#10511=DIRECTION('',(-1.,-5.55111512312578E-17,0.));
#10512=DIRECTION('',(0.,0.,1.));
#10513=DIRECTION('',(0.,0.,1.));
#10514=DIRECTION('',(0.,0.,1.));
#10515=DIRECTION('',(-5.55111512312578E-17,1.,0.));
#10516=DIRECTION('',(0.,0.,1.));
#10517=DIRECTION('',(5.55111512312578E-17,-1.,0.));
#10518=DIRECTION('',(0.,0.,1.));
#10519=DIRECTION('',(1.,5.55111512312578E-17,0.));
#10520=DIRECTION('',(0.,0.,1.));
#10521=DIRECTION('',(5.55111512312578E-17,-1.,0.));
#10522=DIRECTION('',(0.,0.,-1.));
#10523=DIRECTION('',(5.55111512312578E-17,-1.,0.));
#10524=DIRECTION('',(0.,0.,-1.));
#10525=DIRECTION('',(5.55111512312578E-17,-1.,0.));
#10526=DIRECTION('',(-1.,-5.55111512312578E-17,0.));
#10527=DIRECTION('',(0.,-1.,0.));
#10528=DIRECTION('',(1.,5.55111512312578E-17,0.));
#10529=DIRECTION('',(-5.55111512312578E-17,1.,0.));
#10530=DIRECTION('',(0.,0.,1.));
#10531=DIRECTION('',(-5.55111512312578E-17,1.,0.));
#10532=DIRECTION('',(0.,0.,1.));
#10533=DIRECTION('',(0.,0.,1.));
#10534=DIRECTION('',(-5.55111512312578E-17,1.,0.));
#10535=DIRECTION('',(0.,0.,1.));
#10536=DIRECTION('',(-5.55111512312578E-17,1.,0.));
#10537=DIRECTION('',(0.,0.,-1.));
#10538=DIRECTION('',(1.,-3.18683534538823E-15,0.));
#10539=DIRECTION('',(0.,0.,1.));
#10540=DIRECTION('',(0.,0.,-1.));
#10541=DIRECTION('',(-1.,-5.55111512312578E-17,0.));
#10542=DIRECTION('',(0.,0.,-1.));
#10543=DIRECTION('',(-5.55111512312578E-17,1.,0.));
#10544=DIRECTION('',(0.,0.,1.));
#10545=DIRECTION('',(5.55111512312578E-17,-1.,0.));
#10546=DIRECTION('',(0.,0.,1.));
#10547=DIRECTION('',(-1.,-5.55111512312578E-17,0.));
#10548=DIRECTION('',(0.,0.,1.));
#10549=DIRECTION('',(0.,0.,1.));
#10550=DIRECTION('',(0.,0.,1.));
#10551=DIRECTION('',(-5.55111512312578E-17,1.,0.));
#10552=DIRECTION('',(0.,0.,1.));
#10553=DIRECTION('',(5.55111512312578E-17,-1.,0.));
#10554=DIRECTION('',(0.,0.,1.));
#10555=DIRECTION('',(1.,5.55111512312578E-17,0.));
#10556=DIRECTION('',(0.,0.,1.));
#10557=DIRECTION('',(5.55111512312578E-17,-1.,0.));
#10558=DIRECTION('',(0.,0.,-1.));
#10559=DIRECTION('',(5.55111512312578E-17,-1.,0.));
#10560=DIRECTION('',(0.,0.,-1.));
#10561=DIRECTION('',(5.55111512312578E-17,-1.,0.));
#10562=DIRECTION('',(-1.,-5.55111512312578E-17,0.));
#10563=DIRECTION('',(0.,-1.,0.));
#10564=DIRECTION('',(1.,5.55111512312578E-17,0.));
#10565=DIRECTION('',(-5.55111512312578E-17,1.,0.));
#10566=DIRECTION('',(0.,0.,1.));
#10567=DIRECTION('',(-5.55111512312578E-17,1.,0.));
#10568=DIRECTION('',(0.,0.,1.));
#10569=DIRECTION('',(0.,0.,1.));
#10570=DIRECTION('',(-5.55111512312578E-17,1.,0.));
#10571=DIRECTION('',(0.,0.,1.));
#10572=DIRECTION('',(-5.55111512312578E-17,1.,0.));
#10573=DIRECTION('',(0.,0.,-1.));
#10574=DIRECTION('',(1.,-3.18683534538823E-15,0.));
#10575=DIRECTION('',(0.,0.,1.));
#10576=DIRECTION('',(0.,0.,-1.));
#10577=DIRECTION('',(-1.,-5.55111512312578E-17,0.));
#10578=DIRECTION('',(0.,0.,-1.));
#10579=DIRECTION('',(-5.55111512312578E-17,1.,0.));
#10580=DIRECTION('',(0.,0.,1.));
#10581=DIRECTION('',(5.55111512312578E-17,-1.,0.));
#10582=DIRECTION('',(0.,0.,1.));
#10583=DIRECTION('',(-1.,-5.55111512312578E-17,0.));
#10584=DIRECTION('',(0.,0.,1.));
#10585=DIRECTION('',(0.,0.,1.));
#10586=DIRECTION('',(0.,0.,1.));
#10587=DIRECTION('',(-5.55111512312578E-17,1.,0.));
#10588=DIRECTION('',(0.,0.,1.));
#10589=DIRECTION('',(5.55111512312578E-17,-1.,0.));
#10590=DIRECTION('',(0.,0.,1.));
#10591=DIRECTION('',(1.,5.55111512312578E-17,0.));
#10592=DIRECTION('',(0.,0.,1.));
#10593=DIRECTION('',(5.55111512312578E-17,-1.,0.));
#10594=DIRECTION('',(0.,0.,-1.));
#10595=DIRECTION('',(5.55111512312578E-17,-1.,0.));
#10596=DIRECTION('',(0.,0.,-1.));
#10597=DIRECTION('',(5.55111512312578E-17,-1.,0.));
#10598=DIRECTION('',(-1.,-5.55111512312578E-17,0.));
#10599=DIRECTION('',(0.,-1.,0.));
#10600=DIRECTION('',(1.,5.55111512312578E-17,0.));
#10601=DIRECTION('',(-5.55111512312578E-17,1.,0.));
#10602=DIRECTION('',(0.,0.,1.));
#10603=DIRECTION('',(-5.55111512312578E-17,1.,0.));
#10604=DIRECTION('',(0.,0.,1.));
#10605=DIRECTION('',(0.,0.,1.));
#10606=DIRECTION('',(-5.55111512312578E-17,1.,0.));
#10607=DIRECTION('',(0.,0.,1.));
#10608=DIRECTION('',(-5.55111512312578E-17,1.,0.));
#10609=DIRECTION('',(0.,0.,-1.));
#10610=DIRECTION('',(1.,-3.18683534538823E-15,0.));
#10611=DIRECTION('',(0.,0.,1.));
#10612=DIRECTION('',(0.,0.,-1.));
#10613=DIRECTION('',(-1.,-5.55111512312578E-17,0.));
#10614=DIRECTION('',(0.,0.,-1.));
#10615=DIRECTION('',(-5.55111512312578E-17,1.,0.));
#10616=DIRECTION('',(0.,0.,1.));
#10617=DIRECTION('',(5.55111512312578E-17,-1.,0.));
#10618=DIRECTION('',(0.,0.,1.));
#10619=DIRECTION('',(-1.,-5.55111512312578E-17,0.));
#10620=DIRECTION('',(0.,0.,1.));
#10621=DIRECTION('',(0.,0.,1.));
#10622=DIRECTION('',(0.,0.,1.));
#10623=DIRECTION('',(-5.55111512312578E-17,1.,0.));
#10624=DIRECTION('',(0.,0.,1.));
#10625=DIRECTION('',(5.55111512312578E-17,-1.,0.));
#10626=DIRECTION('',(0.,0.,1.));
#10627=DIRECTION('',(1.,5.55111512312578E-17,0.));
#10628=DIRECTION('',(0.,0.,1.));
#10629=DIRECTION('',(5.55111512312578E-17,-1.,0.));
#10630=DIRECTION('',(0.,0.,-1.));
#10631=DIRECTION('',(5.55111512312578E-17,-1.,0.));
#10632=DIRECTION('',(0.,0.,-1.));
#10633=DIRECTION('',(5.55111512312578E-17,-1.,0.));
#10634=DIRECTION('',(-1.,-5.55111512312578E-17,0.));
#10635=DIRECTION('',(0.,-1.,0.));
#10636=DIRECTION('',(1.,5.55111512312578E-17,0.));
#10637=DIRECTION('',(-5.55111512312578E-17,1.,0.));
#10638=DIRECTION('',(0.,0.,1.));
#10639=DIRECTION('',(-5.55111512312578E-17,1.,0.));
#10640=DIRECTION('',(0.,0.,1.));
#10641=DIRECTION('',(0.,0.,1.));
#10642=DIRECTION('',(-5.55111512312578E-17,1.,0.));
#10643=DIRECTION('',(0.,0.,1.));
#10644=DIRECTION('',(-5.55111512312578E-17,1.,0.));
#10645=DIRECTION('',(0.,0.,-1.));
#10646=DIRECTION('',(1.,-3.18683534538823E-15,0.));
#10647=DIRECTION('',(0.,0.,1.));
#10648=DIRECTION('',(0.,0.,-1.));
#10649=DIRECTION('',(-1.,-5.55111512312578E-17,0.));
#10650=DIRECTION('',(0.,0.,-1.));
#10651=DIRECTION('',(-5.55111512312578E-17,1.,0.));
#10652=DIRECTION('',(0.,0.,1.));
#10653=DIRECTION('',(5.55111512312578E-17,-1.,0.));
#10654=DIRECTION('',(0.,0.,1.));
#10655=DIRECTION('',(-1.,-5.55111512312578E-17,0.));
#10656=DIRECTION('',(0.,0.,1.));
#10657=DIRECTION('',(0.,0.,1.));
#10658=DIRECTION('',(0.,0.,1.));
#10659=DIRECTION('',(-5.55111512312578E-17,1.,0.));
#10660=DIRECTION('',(0.,0.,1.));
#10661=DIRECTION('',(5.55111512312578E-17,-1.,0.));
#10662=DIRECTION('',(0.,0.,1.));
#10663=DIRECTION('',(1.,5.55111512312578E-17,0.));
#10664=DIRECTION('',(0.,0.,1.));
#10665=DIRECTION('',(5.55111512312578E-17,-1.,0.));
#10666=DIRECTION('',(0.,0.,-1.));
#10667=DIRECTION('',(5.55111512312578E-17,-1.,0.));
#10668=DIRECTION('',(0.,0.,1.));
#10669=DIRECTION('',(-5.55111512312578E-17,1.,0.));
#10670=DIRECTION('',(0.,0.,1.));
#10671=DIRECTION('',(0.,0.,1.));
#10672=DIRECTION('',(-5.55111512312578E-17,1.,0.));
#10673=DIRECTION('',(0.,0.,1.));
#10674=DIRECTION('',(-5.55111512312578E-17,1.,0.));
#10675=DIRECTION('',(0.,0.,-1.));
#10676=DIRECTION('',(1.,-3.18683534538823E-15,0.));
#10677=DIRECTION('',(0.,0.,1.));
#10678=DIRECTION('',(1.,5.55111512312578E-17,0.));
#10679=DIRECTION('',(0.,0.,-1.));
#10680=DIRECTION('',(-1.,-5.55111512312578E-17,0.));
#10681=DIRECTION('',(0.,0.,-1.));
#10682=DIRECTION('',(-5.55111512312578E-17,1.,0.));
#10683=DIRECTION('',(0.,0.,1.));
#10684=DIRECTION('',(-5.55111512312578E-17,1.,0.));
#10685=DIRECTION('',(5.55111512312578E-17,-1.,0.));
#10686=DIRECTION('',(0.,0.,1.));
#10687=DIRECTION('',(-1.,-5.55111512312578E-17,0.));
#10688=DIRECTION('',(0.,0.,1.));
#10689=DIRECTION('',(0.,0.,1.));
#10690=DIRECTION('',(-1.,-5.55111512312578E-17,0.));
#10691=DIRECTION('',(0.,0.,1.));
#10692=DIRECTION('',(-5.55111512312578E-17,1.,0.));
#10693=DIRECTION('',(0.,0.,1.));
#10694=DIRECTION('',(5.55111512312578E-17,-1.,0.));
#10695=DIRECTION('',(0.,0.,1.));
#10696=DIRECTION('',(1.,5.55111512312578E-17,0.));
#10697=DIRECTION('',(0.,0.,1.));
#10698=DIRECTION('',(5.55111512312578E-17,-1.,0.));
#10699=DIRECTION('',(0.,0.,-1.));
#10700=DIRECTION('',(5.55111512312578E-17,-1.,0.));
#10701=DIRECTION('',(0.,0.,-1.));
#10702=DIRECTION('',(5.55111512312578E-17,-1.,0.));
#10703=DIRECTION('',(0.,-1.,0.));
#10704=DIRECTION('',(-1.,0.,0.));
#10705=DIRECTION('',(0.,0.,1.));
#10706=DIRECTION('',(0.,0.,-1.));
#10707=DIRECTION('',(0.,1.,0.));
#10708=DIRECTION('',(0.,0.,1.));
#10709=DIRECTION('',(5.55111512312578E-17,1.,0.));
#10710=DIRECTION('',(0.,0.,1.));
#10711=DIRECTION('',(0.,0.,-1.));
#10712=DIRECTION('',(5.55111512312578E-17,1.,0.));
#10713=DIRECTION('',(0.,0.,1.));
#10714=DIRECTION('',(5.55111512312578E-17,1.,0.));
#10715=DIRECTION('',(0.,0.,-1.));
#10716=DIRECTION('',(0.,0.,-1.));
#10717=DIRECTION('',(-1.,5.55111512312578E-17,0.));
#10718=DIRECTION('',(0.,0.,1.));
#10719=DIRECTION('',(-1.,-3.18683534538823E-15,0.));
#10720=DIRECTION('',(1.,-5.55111512312578E-17,0.));
#10721=DIRECTION('',(0.,0.,-1.));
#10722=DIRECTION('',(5.55111512312578E-17,1.,0.));
#10723=DIRECTION('',(0.,0.,1.));
#10724=DIRECTION('',(5.55111512312578E-17,1.,0.));
#10725=DIRECTION('',(-5.55111512312578E-17,-1.,0.));
#10726=DIRECTION('',(0.,0.,1.));
#10727=DIRECTION('',(1.,-5.55111512312578E-17,0.));
#10728=DIRECTION('',(0.,0.,-1.));
#10729=DIRECTION('',(0.,0.,1.));
#10730=DIRECTION('',(1.,-5.55111512312578E-17,0.));
#10731=DIRECTION('',(0.,0.,1.));
#10732=DIRECTION('',(5.55111512312578E-17,1.,0.));
#10733=DIRECTION('',(0.,0.,1.));
#10734=DIRECTION('',(0.,0.,-1.));
#10735=DIRECTION('',(-5.55111512312578E-17,-1.,0.));
#10736=DIRECTION('',(-1.,5.55111512312578E-17,0.));
#10737=DIRECTION('',(0.,0.,1.));
#10738=DIRECTION('',(-5.55111512312578E-17,-1.,0.));
#10739=DIRECTION('',(0.,0.,-1.));
#10740=DIRECTION('',(-5.55111512312578E-17,-1.,0.));
#10741=DIRECTION('',(0.,0.,-1.));
#10742=DIRECTION('',(-5.55111512312578E-17,-1.,0.));
#10743=DIRECTION('',(0.,1.,0.));
#10744=DIRECTION('',(0.,0.,1.));
#10745=DIRECTION('',(5.55111512312578E-17,1.,0.));
#10746=DIRECTION('',(0.,0.,1.));
#10747=DIRECTION('',(0.,0.,-1.));
#10748=DIRECTION('',(5.55111512312578E-17,1.,0.));
#10749=DIRECTION('',(0.,0.,1.));
#10750=DIRECTION('',(5.55111512312578E-17,1.,0.));
#10751=DIRECTION('',(0.,0.,-1.));
#10752=DIRECTION('',(0.,0.,-1.));
#10753=DIRECTION('',(-1.,5.55111512312578E-17,0.));
#10754=DIRECTION('',(0.,0.,1.));
#10755=DIRECTION('',(-1.,-3.18683534538823E-15,0.));
#10756=DIRECTION('',(1.,-5.55111512312578E-17,0.));
#10757=DIRECTION('',(0.,0.,-1.));
#10758=DIRECTION('',(5.55111512312578E-17,1.,0.));
#10759=DIRECTION('',(0.,0.,1.));
#10760=DIRECTION('',(5.55111512312578E-17,1.,0.));
#10761=DIRECTION('',(-5.55111512312578E-17,-1.,0.));
#10762=DIRECTION('',(0.,0.,1.));
#10763=DIRECTION('',(1.,-5.55111512312578E-17,0.));
#10764=DIRECTION('',(0.,0.,-1.));
#10765=DIRECTION('',(0.,0.,1.));
#10766=DIRECTION('',(1.,-5.55111512312578E-17,0.));
#10767=DIRECTION('',(0.,0.,1.));
#10768=DIRECTION('',(5.55111512312578E-17,1.,0.));
#10769=DIRECTION('',(0.,0.,1.));
#10770=DIRECTION('',(0.,0.,-1.));
#10771=DIRECTION('',(-5.55111512312578E-17,-1.,0.));
#10772=DIRECTION('',(-1.,5.55111512312578E-17,0.));
#10773=DIRECTION('',(0.,0.,1.));
#10774=DIRECTION('',(-5.55111512312578E-17,-1.,0.));
#10775=DIRECTION('',(0.,0.,-1.));
#10776=DIRECTION('',(-5.55111512312578E-17,-1.,0.));
#10777=DIRECTION('',(0.,0.,-1.));
#10778=DIRECTION('',(-5.55111512312578E-17,-1.,0.));
#10779=DIRECTION('',(0.,1.,0.));
#10780=DIRECTION('',(0.,0.,1.));
#10781=DIRECTION('',(5.55111512312578E-17,1.,0.));
#10782=DIRECTION('',(0.,0.,1.));
#10783=DIRECTION('',(0.,0.,-1.));
#10784=DIRECTION('',(5.55111512312578E-17,1.,0.));
#10785=DIRECTION('',(0.,0.,1.));
#10786=DIRECTION('',(5.55111512312578E-17,1.,0.));
#10787=DIRECTION('',(0.,0.,-1.));
#10788=DIRECTION('',(0.,0.,-1.));
#10789=DIRECTION('',(-1.,5.55111512312578E-17,0.));
#10790=DIRECTION('',(0.,0.,1.));
#10791=DIRECTION('',(-1.,-3.18683534538823E-15,0.));
#10792=DIRECTION('',(1.,-5.55111512312578E-17,0.));
#10793=DIRECTION('',(0.,0.,-1.));
#10794=DIRECTION('',(5.55111512312578E-17,1.,0.));
#10795=DIRECTION('',(0.,0.,1.));
#10796=DIRECTION('',(5.55111512312578E-17,1.,0.));
#10797=DIRECTION('',(-5.55111512312578E-17,-1.,0.));
#10798=DIRECTION('',(0.,0.,1.));
#10799=DIRECTION('',(1.,-5.55111512312578E-17,0.));
#10800=DIRECTION('',(0.,0.,-1.));
#10801=DIRECTION('',(0.,0.,1.));
#10802=DIRECTION('',(1.,-5.55111512312578E-17,0.));
#10803=DIRECTION('',(0.,0.,1.));
#10804=DIRECTION('',(5.55111512312578E-17,1.,0.));
#10805=DIRECTION('',(0.,0.,1.));
#10806=DIRECTION('',(0.,0.,-1.));
#10807=DIRECTION('',(-5.55111512312578E-17,-1.,0.));
#10808=DIRECTION('',(-1.,5.55111512312578E-17,0.));
#10809=DIRECTION('',(0.,0.,1.));
#10810=DIRECTION('',(-5.55111512312578E-17,-1.,0.));
#10811=DIRECTION('',(0.,0.,-1.));
#10812=DIRECTION('',(-5.55111512312578E-17,-1.,0.));
#10813=DIRECTION('',(0.,0.,-1.));
#10814=DIRECTION('',(-5.55111512312578E-17,-1.,0.));
#10815=DIRECTION('',(0.,1.,0.));
#10816=DIRECTION('',(0.,0.,1.));
#10817=DIRECTION('',(5.55111512312578E-17,1.,0.));
#10818=DIRECTION('',(0.,0.,1.));
#10819=DIRECTION('',(0.,0.,-1.));
#10820=DIRECTION('',(5.55111512312578E-17,1.,0.));
#10821=DIRECTION('',(0.,0.,1.));
#10822=DIRECTION('',(5.55111512312578E-17,1.,0.));
#10823=DIRECTION('',(0.,0.,-1.));
#10824=DIRECTION('',(0.,0.,-1.));
#10825=DIRECTION('',(-1.,5.55111512312578E-17,0.));
#10826=DIRECTION('',(0.,0.,1.));
#10827=DIRECTION('',(-1.,-3.18683534538823E-15,0.));
#10828=DIRECTION('',(1.,-5.55111512312578E-17,0.));
#10829=DIRECTION('',(0.,0.,-1.));
#10830=DIRECTION('',(5.55111512312578E-17,1.,0.));
#10831=DIRECTION('',(0.,0.,1.));
#10832=DIRECTION('',(5.55111512312578E-17,1.,0.));
#10833=DIRECTION('',(-5.55111512312578E-17,-1.,0.));
#10834=DIRECTION('',(0.,0.,1.));
#10835=DIRECTION('',(1.,-5.55111512312578E-17,0.));
#10836=DIRECTION('',(0.,0.,-1.));
#10837=DIRECTION('',(0.,0.,1.));
#10838=DIRECTION('',(1.,-5.55111512312578E-17,0.));
#10839=DIRECTION('',(0.,0.,1.));
#10840=DIRECTION('',(5.55111512312578E-17,1.,0.));
#10841=DIRECTION('',(0.,0.,1.));
#10842=DIRECTION('',(0.,0.,-1.));
#10843=DIRECTION('',(-5.55111512312578E-17,-1.,0.));
#10844=DIRECTION('',(-1.,5.55111512312578E-17,0.));
#10845=DIRECTION('',(0.,0.,1.));
#10846=DIRECTION('',(-5.55111512312578E-17,-1.,0.));
#10847=DIRECTION('',(0.,0.,-1.));
#10848=DIRECTION('',(-5.55111512312578E-17,-1.,0.));
#10849=DIRECTION('',(0.,0.,-1.));
#10850=DIRECTION('',(-5.55111512312578E-17,-1.,0.));
#10851=DIRECTION('',(0.,1.,0.));
#10852=DIRECTION('',(0.,0.,1.));
#10853=DIRECTION('',(5.55111512312578E-17,1.,0.));
#10854=DIRECTION('',(0.,0.,1.));
#10855=DIRECTION('',(0.,0.,-1.));
#10856=DIRECTION('',(5.55111512312578E-17,1.,0.));
#10857=DIRECTION('',(0.,0.,1.));
#10858=DIRECTION('',(5.55111512312578E-17,1.,0.));
#10859=DIRECTION('',(0.,0.,-1.));
#10860=DIRECTION('',(0.,0.,-1.));
#10861=DIRECTION('',(-1.,5.55111512312578E-17,0.));
#10862=DIRECTION('',(0.,0.,1.));
#10863=DIRECTION('',(-1.,-3.18683534538823E-15,0.));
#10864=DIRECTION('',(1.,-5.55111512312578E-17,0.));
#10865=DIRECTION('',(0.,0.,-1.));
#10866=DIRECTION('',(5.55111512312578E-17,1.,0.));
#10867=DIRECTION('',(0.,0.,1.));
#10868=DIRECTION('',(5.55111512312578E-17,1.,0.));
#10869=DIRECTION('',(-5.55111512312578E-17,-1.,0.));
#10870=DIRECTION('',(0.,0.,1.));
#10871=DIRECTION('',(1.,-5.55111512312578E-17,0.));
#10872=DIRECTION('',(0.,0.,-1.));
#10873=DIRECTION('',(0.,0.,1.));
#10874=DIRECTION('',(1.,-5.55111512312578E-17,0.));
#10875=DIRECTION('',(0.,0.,1.));
#10876=DIRECTION('',(5.55111512312578E-17,1.,0.));
#10877=DIRECTION('',(0.,0.,1.));
#10878=DIRECTION('',(0.,0.,-1.));
#10879=DIRECTION('',(-5.55111512312578E-17,-1.,0.));
#10880=DIRECTION('',(-1.,5.55111512312578E-17,0.));
#10881=DIRECTION('',(0.,0.,1.));
#10882=DIRECTION('',(-5.55111512312578E-17,-1.,0.));
#10883=DIRECTION('',(0.,0.,-1.));
#10884=DIRECTION('',(-5.55111512312578E-17,-1.,0.));
#10885=DIRECTION('',(0.,0.,-1.));
#10886=DIRECTION('',(-5.55111512312578E-17,-1.,0.));
#10887=DIRECTION('',(0.,1.,0.));
#10888=DIRECTION('',(0.,0.,1.));
#10889=DIRECTION('',(5.55111512312578E-17,1.,0.));
#10890=DIRECTION('',(0.,0.,1.));
#10891=DIRECTION('',(0.,0.,-1.));
#10892=DIRECTION('',(5.55111512312578E-17,1.,0.));
#10893=DIRECTION('',(0.,0.,1.));
#10894=DIRECTION('',(5.55111512312578E-17,1.,0.));
#10895=DIRECTION('',(0.,0.,-1.));
#10896=DIRECTION('',(0.,0.,-1.));
#10897=DIRECTION('',(-1.,5.55111512312578E-17,0.));
#10898=DIRECTION('',(0.,0.,1.));
#10899=DIRECTION('',(-1.,-3.18683534538823E-15,0.));
#10900=DIRECTION('',(1.,-5.55111512312578E-17,0.));
#10901=DIRECTION('',(0.,0.,-1.));
#10902=DIRECTION('',(5.55111512312578E-17,1.,0.));
#10903=DIRECTION('',(0.,0.,1.));
#10904=DIRECTION('',(5.55111512312578E-17,1.,0.));
#10905=DIRECTION('',(-5.55111512312578E-17,-1.,0.));
#10906=DIRECTION('',(0.,0.,1.));
#10907=DIRECTION('',(1.,-5.55111512312578E-17,0.));
#10908=DIRECTION('',(0.,0.,-1.));
#10909=DIRECTION('',(0.,0.,1.));
#10910=DIRECTION('',(1.,-5.55111512312578E-17,0.));
#10911=DIRECTION('',(0.,0.,1.));
#10912=DIRECTION('',(5.55111512312578E-17,1.,0.));
#10913=DIRECTION('',(0.,0.,1.));
#10914=DIRECTION('',(0.,0.,-1.));
#10915=DIRECTION('',(-5.55111512312578E-17,-1.,0.));
#10916=DIRECTION('',(-1.,5.55111512312578E-17,0.));
#10917=DIRECTION('',(0.,0.,1.));
#10918=DIRECTION('',(-5.55111512312578E-17,-1.,0.));
#10919=DIRECTION('',(0.,0.,-1.));
#10920=DIRECTION('',(-5.55111512312578E-17,-1.,0.));
#10921=DIRECTION('',(0.,0.,-1.));
#10922=DIRECTION('',(-5.55111512312578E-17,-1.,0.));
#10923=DIRECTION('',(0.,1.,0.));
#10924=DIRECTION('',(0.,0.,1.));
#10925=DIRECTION('',(5.55111512312578E-17,1.,0.));
#10926=DIRECTION('',(0.,0.,1.));
#10927=DIRECTION('',(0.,0.,-1.));
#10928=DIRECTION('',(5.55111512312578E-17,1.,0.));
#10929=DIRECTION('',(0.,0.,1.));
#10930=DIRECTION('',(5.55111512312578E-17,1.,0.));
#10931=DIRECTION('',(0.,0.,-1.));
#10932=DIRECTION('',(0.,0.,-1.));
#10933=DIRECTION('',(-1.,5.55111512312578E-17,0.));
#10934=DIRECTION('',(0.,0.,1.));
#10935=DIRECTION('',(-1.,-3.18683534538823E-15,0.));
#10936=DIRECTION('',(1.,-5.55111512312578E-17,0.));
#10937=DIRECTION('',(0.,0.,-1.));
#10938=DIRECTION('',(5.55111512312578E-17,1.,0.));
#10939=DIRECTION('',(0.,0.,1.));
#10940=DIRECTION('',(5.55111512312578E-17,1.,0.));
#10941=DIRECTION('',(-5.55111512312578E-17,-1.,0.));
#10942=DIRECTION('',(0.,0.,1.));
#10943=DIRECTION('',(1.,-5.55111512312578E-17,0.));
#10944=DIRECTION('',(0.,0.,-1.));
#10945=DIRECTION('',(0.,0.,1.));
#10946=DIRECTION('',(1.,-5.55111512312578E-17,0.));
#10947=DIRECTION('',(0.,0.,1.));
#10948=DIRECTION('',(5.55111512312578E-17,1.,0.));
#10949=DIRECTION('',(0.,0.,1.));
#10950=DIRECTION('',(0.,0.,-1.));
#10951=DIRECTION('',(-5.55111512312578E-17,-1.,0.));
#10952=DIRECTION('',(-1.,5.55111512312578E-17,0.));
#10953=DIRECTION('',(0.,0.,1.));
#10954=DIRECTION('',(-5.55111512312578E-17,-1.,0.));
#10955=DIRECTION('',(0.,0.,-1.));
#10956=DIRECTION('',(-5.55111512312578E-17,-1.,0.));
#10957=DIRECTION('',(0.,0.,-1.));
#10958=DIRECTION('',(-5.55111512312578E-17,-1.,0.));
#10959=DIRECTION('',(0.,1.,0.));
#10960=DIRECTION('',(0.,0.,1.));
#10961=DIRECTION('',(5.55111512312578E-17,1.,0.));
#10962=DIRECTION('',(0.,0.,1.));
#10963=DIRECTION('',(0.,0.,-1.));
#10964=DIRECTION('',(5.55111512312578E-17,1.,0.));
#10965=DIRECTION('',(0.,0.,1.));
#10966=DIRECTION('',(5.55111512312578E-17,1.,0.));
#10967=DIRECTION('',(0.,0.,-1.));
#10968=DIRECTION('',(0.,0.,-1.));
#10969=DIRECTION('',(-1.,5.55111512312578E-17,0.));
#10970=DIRECTION('',(0.,0.,1.));
#10971=DIRECTION('',(-1.,-3.18683534538823E-15,0.));
#10972=DIRECTION('',(1.,-5.55111512312578E-17,0.));
#10973=DIRECTION('',(0.,0.,-1.));
#10974=DIRECTION('',(5.55111512312578E-17,1.,0.));
#10975=DIRECTION('',(0.,0.,1.));
#10976=DIRECTION('',(5.55111512312578E-17,1.,0.));
#10977=DIRECTION('',(-5.55111512312578E-17,-1.,0.));
#10978=DIRECTION('',(0.,0.,1.));
#10979=DIRECTION('',(1.,-5.55111512312578E-17,0.));
#10980=DIRECTION('',(0.,0.,-1.));
#10981=DIRECTION('',(0.,0.,1.));
#10982=DIRECTION('',(1.,-5.55111512312578E-17,0.));
#10983=DIRECTION('',(0.,0.,1.));
#10984=DIRECTION('',(5.55111512312578E-17,1.,0.));
#10985=DIRECTION('',(0.,0.,1.));
#10986=DIRECTION('',(0.,0.,-1.));
#10987=DIRECTION('',(-5.55111512312578E-17,-1.,0.));
#10988=DIRECTION('',(-1.,5.55111512312578E-17,0.));
#10989=DIRECTION('',(0.,0.,1.));
#10990=DIRECTION('',(-5.55111512312578E-17,-1.,0.));
#10991=DIRECTION('',(0.,0.,-1.));
#10992=DIRECTION('',(-5.55111512312578E-17,-1.,0.));
#10993=DIRECTION('',(0.,0.,-1.));
#10994=DIRECTION('',(-5.55111512312578E-17,-1.,0.));
#10995=DIRECTION('',(0.,1.,0.));
#10996=DIRECTION('',(0.,0.,1.));
#10997=DIRECTION('',(5.55111512312578E-17,1.,0.));
#10998=DIRECTION('',(0.,0.,1.));
#10999=DIRECTION('',(0.,0.,-1.));
#11000=DIRECTION('',(5.55111512312578E-17,1.,0.));
#11001=DIRECTION('',(0.,0.,1.));
#11002=DIRECTION('',(5.55111512312578E-17,1.,0.));
#11003=DIRECTION('',(0.,0.,-1.));
#11004=DIRECTION('',(0.,0.,-1.));
#11005=DIRECTION('',(-1.,5.55111512312578E-17,0.));
#11006=DIRECTION('',(0.,0.,1.));
#11007=DIRECTION('',(-1.,-3.18683534538823E-15,0.));
#11008=DIRECTION('',(1.,-5.55111512312578E-17,0.));
#11009=DIRECTION('',(0.,0.,-1.));
#11010=DIRECTION('',(5.55111512312578E-17,1.,0.));
#11011=DIRECTION('',(0.,0.,1.));
#11012=DIRECTION('',(5.55111512312578E-17,1.,0.));
#11013=DIRECTION('',(-5.55111512312578E-17,-1.,0.));
#11014=DIRECTION('',(0.,0.,1.));
#11015=DIRECTION('',(1.,-5.55111512312578E-17,0.));
#11016=DIRECTION('',(0.,0.,-1.));
#11017=DIRECTION('',(0.,0.,1.));
#11018=DIRECTION('',(1.,-5.55111512312578E-17,0.));
#11019=DIRECTION('',(0.,0.,1.));
#11020=DIRECTION('',(5.55111512312578E-17,1.,0.));
#11021=DIRECTION('',(0.,0.,1.));
#11022=DIRECTION('',(0.,0.,-1.));
#11023=DIRECTION('',(-5.55111512312578E-17,-1.,0.));
#11024=DIRECTION('',(-1.,5.55111512312578E-17,0.));
#11025=DIRECTION('',(0.,0.,1.));
#11026=DIRECTION('',(-5.55111512312578E-17,-1.,0.));
#11027=DIRECTION('',(0.,0.,-1.));
#11028=DIRECTION('',(-5.55111512312578E-17,-1.,0.));
#11029=DIRECTION('',(0.,0.,-1.));
#11030=DIRECTION('',(-5.55111512312578E-17,-1.,0.));
#11031=DIRECTION('',(0.,1.,0.));
#11032=DIRECTION('',(0.,0.,1.));
#11033=DIRECTION('',(1.,0.,0.));
#11034=DIRECTION('',(0.,0.,1.));
#11035=DIRECTION('',(0.,0.,-1.));
#11036=DIRECTION('',(1.,0.,0.));
#11037=DIRECTION('',(0.,0.,1.));
#11038=DIRECTION('',(1.,0.,0.));
#11039=DIRECTION('',(0.,0.,-1.));
#11040=DIRECTION('',(0.,0.,-1.));
#11041=DIRECTION('',(0.,1.,0.));
#11042=DIRECTION('',(0.,0.,1.));
#11043=DIRECTION('',(-3.24234649661948E-15,1.,0.));
#11044=DIRECTION('',(0.,-1.,0.));
#11045=DIRECTION('',(0.,0.,-1.));
#11046=DIRECTION('',(1.,0.,0.));
#11047=DIRECTION('',(0.,0.,1.));
#11048=DIRECTION('',(1.,0.,0.));
#11049=DIRECTION('',(-1.,0.,0.));
#11050=DIRECTION('',(0.,0.,1.));
#11051=DIRECTION('',(0.,-1.,0.));
#11052=DIRECTION('',(0.,0.,-1.));
#11053=DIRECTION('',(0.,0.,1.));
#11054=DIRECTION('',(0.,-1.,0.));
#11055=DIRECTION('',(0.,0.,1.));
#11056=DIRECTION('',(1.,0.,0.));
#11057=DIRECTION('',(0.,0.,1.));
#11058=DIRECTION('',(0.,0.,-1.));
#11059=DIRECTION('',(-1.,0.,0.));
#11060=DIRECTION('',(0.,1.,0.));
#11061=DIRECTION('',(0.,0.,1.));
#11062=DIRECTION('',(-1.,0.,0.));
#11063=DIRECTION('',(0.,0.,-1.));
#11064=DIRECTION('',(-1.,0.,0.));
#11065=DIRECTION('',(0.,0.,-1.));
#11066=DIRECTION('',(-1.,0.,0.));
#11067=DIRECTION('',(-1.,0.,0.));
#11068=DIRECTION('',(0.,0.,1.));
#11069=DIRECTION('',(1.,0.,0.));
#11070=DIRECTION('',(0.,0.,1.));
#11071=DIRECTION('',(0.,0.,-1.));
#11072=DIRECTION('',(1.,0.,0.));
#11073=DIRECTION('',(0.,0.,1.));
#11074=DIRECTION('',(1.,0.,0.));
#11075=DIRECTION('',(0.,0.,-1.));
#11076=DIRECTION('',(0.,0.,-1.));
#11077=DIRECTION('',(0.,1.,0.));
#11078=DIRECTION('',(0.,0.,1.));
#11079=DIRECTION('',(-3.24234649661948E-15,1.,0.));
#11080=DIRECTION('',(0.,-1.,0.));
#11081=DIRECTION('',(0.,0.,-1.));
#11082=DIRECTION('',(1.,0.,0.));
#11083=DIRECTION('',(0.,0.,1.));
#11084=DIRECTION('',(1.,0.,0.));
#11085=DIRECTION('',(-1.,0.,0.));
#11086=DIRECTION('',(0.,0.,1.));
#11087=DIRECTION('',(0.,-1.,0.));
#11088=DIRECTION('',(0.,0.,-1.));
#11089=DIRECTION('',(0.,0.,1.));
#11090=DIRECTION('',(0.,-1.,0.));
#11091=DIRECTION('',(0.,0.,1.));
#11092=DIRECTION('',(1.,0.,0.));
#11093=DIRECTION('',(0.,0.,1.));
#11094=DIRECTION('',(0.,0.,-1.));
#11095=DIRECTION('',(-1.,0.,0.));
#11096=DIRECTION('',(0.,1.,0.));
#11097=DIRECTION('',(0.,0.,1.));
#11098=DIRECTION('',(-1.,0.,0.));
#11099=DIRECTION('',(0.,0.,-1.));
#11100=DIRECTION('',(-1.,0.,0.));
#11101=DIRECTION('',(0.,0.,-1.));
#11102=DIRECTION('',(-1.,0.,0.));
#11103=DIRECTION('',(-1.,0.,0.));
#11104=DIRECTION('',(0.,0.,1.));
#11105=DIRECTION('',(1.,0.,0.));
#11106=DIRECTION('',(0.,0.,1.));
#11107=DIRECTION('',(0.,0.,-1.));
#11108=DIRECTION('',(1.,0.,0.));
#11109=DIRECTION('',(0.,0.,1.));
#11110=DIRECTION('',(1.,0.,0.));
#11111=DIRECTION('',(0.,0.,-1.));
#11112=DIRECTION('',(0.,0.,-1.));
#11113=DIRECTION('',(0.,1.,0.));
#11114=DIRECTION('',(0.,0.,1.));
#11115=DIRECTION('',(-3.24234649661948E-15,1.,0.));
#11116=DIRECTION('',(0.,-1.,0.));
#11117=DIRECTION('',(0.,0.,-1.));
#11118=DIRECTION('',(1.,0.,0.));
#11119=DIRECTION('',(0.,0.,1.));
#11120=DIRECTION('',(1.,0.,0.));
#11121=DIRECTION('',(-1.,0.,0.));
#11122=DIRECTION('',(0.,0.,1.));
#11123=DIRECTION('',(0.,-1.,0.));
#11124=DIRECTION('',(0.,0.,-1.));
#11125=DIRECTION('',(0.,0.,1.));
#11126=DIRECTION('',(0.,-1.,0.));
#11127=DIRECTION('',(0.,0.,1.));
#11128=DIRECTION('',(1.,0.,0.));
#11129=DIRECTION('',(0.,0.,1.));
#11130=DIRECTION('',(0.,0.,-1.));
#11131=DIRECTION('',(-1.,0.,0.));
#11132=DIRECTION('',(0.,1.,0.));
#11133=DIRECTION('',(0.,0.,1.));
#11134=DIRECTION('',(-1.,0.,0.));
#11135=DIRECTION('',(0.,0.,-1.));
#11136=DIRECTION('',(-1.,0.,0.));
#11137=DIRECTION('',(0.,0.,-1.));
#11138=DIRECTION('',(-1.,0.,0.));
#11139=DIRECTION('',(-1.,0.,0.));
#11140=DIRECTION('',(0.,0.,1.));
#11141=DIRECTION('',(1.,0.,0.));
#11142=DIRECTION('',(0.,0.,1.));
#11143=DIRECTION('',(0.,0.,-1.));
#11144=DIRECTION('',(1.,0.,0.));
#11145=DIRECTION('',(0.,0.,1.));
#11146=DIRECTION('',(1.,0.,0.));
#11147=DIRECTION('',(0.,0.,-1.));
#11148=DIRECTION('',(0.,0.,-1.));
#11149=DIRECTION('',(0.,1.,0.));
#11150=DIRECTION('',(0.,0.,1.));
#11151=DIRECTION('',(-3.24234649661948E-15,1.,0.));
#11152=DIRECTION('',(0.,-1.,0.));
#11153=DIRECTION('',(0.,0.,-1.));
#11154=DIRECTION('',(1.,0.,0.));
#11155=DIRECTION('',(0.,0.,1.));
#11156=DIRECTION('',(1.,0.,0.));
#11157=DIRECTION('',(-1.,0.,0.));
#11158=DIRECTION('',(0.,0.,1.));
#11159=DIRECTION('',(0.,-1.,0.));
#11160=DIRECTION('',(0.,0.,-1.));
#11161=DIRECTION('',(0.,0.,1.));
#11162=DIRECTION('',(0.,-1.,0.));
#11163=DIRECTION('',(0.,0.,1.));
#11164=DIRECTION('',(1.,0.,0.));
#11165=DIRECTION('',(0.,0.,1.));
#11166=DIRECTION('',(0.,0.,-1.));
#11167=DIRECTION('',(-1.,0.,0.));
#11168=DIRECTION('',(0.,1.,0.));
#11169=DIRECTION('',(0.,0.,1.));
#11170=DIRECTION('',(-1.,0.,0.));
#11171=DIRECTION('',(0.,0.,-1.));
#11172=DIRECTION('',(-1.,0.,0.));
#11173=DIRECTION('',(0.,0.,-1.));
#11174=DIRECTION('',(-1.,0.,0.));
#11175=DIRECTION('',(-1.,0.,0.));
#11176=DIRECTION('',(0.,0.,1.));
#11177=DIRECTION('',(1.,0.,0.));
#11178=DIRECTION('',(0.,0.,1.));
#11179=DIRECTION('',(0.,0.,-1.));
#11180=DIRECTION('',(1.,0.,0.));
#11181=DIRECTION('',(0.,0.,1.));
#11182=DIRECTION('',(1.,0.,0.));
#11183=DIRECTION('',(0.,0.,-1.));
#11184=DIRECTION('',(0.,0.,-1.));
#11185=DIRECTION('',(0.,1.,0.));
#11186=DIRECTION('',(0.,0.,1.));
#11187=DIRECTION('',(-3.24234649661948E-15,1.,0.));
#11188=DIRECTION('',(0.,-1.,0.));
#11189=DIRECTION('',(0.,0.,-1.));
#11190=DIRECTION('',(1.,0.,0.));
#11191=DIRECTION('',(0.,0.,1.));
#11192=DIRECTION('',(1.,0.,0.));
#11193=DIRECTION('',(-1.,0.,0.));
#11194=DIRECTION('',(0.,0.,1.));
#11195=DIRECTION('',(0.,-1.,0.));
#11196=DIRECTION('',(0.,0.,-1.));
#11197=DIRECTION('',(0.,0.,1.));
#11198=DIRECTION('',(0.,-1.,0.));
#11199=DIRECTION('',(0.,0.,1.));
#11200=DIRECTION('',(1.,0.,0.));
#11201=DIRECTION('',(0.,0.,1.));
#11202=DIRECTION('',(0.,0.,-1.));
#11203=DIRECTION('',(-1.,0.,0.));
#11204=DIRECTION('',(0.,1.,0.));
#11205=DIRECTION('',(0.,0.,1.));
#11206=DIRECTION('',(-1.,0.,0.));
#11207=DIRECTION('',(0.,0.,-1.));
#11208=DIRECTION('',(-1.,0.,0.));
#11209=DIRECTION('',(0.,0.,-1.));
#11210=DIRECTION('',(-1.,0.,0.));
#11211=DIRECTION('',(-1.,0.,0.));
#11212=DIRECTION('',(0.,0.,1.));
#11213=DIRECTION('',(1.,0.,0.));
#11214=DIRECTION('',(0.,0.,1.));
#11215=DIRECTION('',(0.,0.,-1.));
#11216=DIRECTION('',(1.,0.,0.));
#11217=DIRECTION('',(0.,0.,1.));
#11218=DIRECTION('',(1.,0.,0.));
#11219=DIRECTION('',(0.,0.,-1.));
#11220=DIRECTION('',(0.,0.,-1.));
#11221=DIRECTION('',(0.,1.,0.));
#11222=DIRECTION('',(0.,0.,1.));
#11223=DIRECTION('',(-3.24234649661948E-15,1.,0.));
#11224=DIRECTION('',(0.,-1.,0.));
#11225=DIRECTION('',(0.,0.,-1.));
#11226=DIRECTION('',(1.,0.,0.));
#11227=DIRECTION('',(0.,0.,1.));
#11228=DIRECTION('',(1.,0.,0.));
#11229=DIRECTION('',(-1.,0.,0.));
#11230=DIRECTION('',(0.,0.,1.));
#11231=DIRECTION('',(0.,-1.,0.));
#11232=DIRECTION('',(0.,0.,-1.));
#11233=DIRECTION('',(0.,0.,1.));
#11234=DIRECTION('',(0.,-1.,0.));
#11235=DIRECTION('',(0.,0.,1.));
#11236=DIRECTION('',(1.,0.,0.));
#11237=DIRECTION('',(0.,0.,1.));
#11238=DIRECTION('',(0.,0.,-1.));
#11239=DIRECTION('',(-1.,0.,0.));
#11240=DIRECTION('',(0.,1.,0.));
#11241=DIRECTION('',(0.,0.,1.));
#11242=DIRECTION('',(-1.,0.,0.));
#11243=DIRECTION('',(0.,0.,-1.));
#11244=DIRECTION('',(-1.,0.,0.));
#11245=DIRECTION('',(0.,0.,-1.));
#11246=DIRECTION('',(-1.,0.,0.));
#11247=DIRECTION('',(-1.,0.,0.));
#11248=DIRECTION('',(0.,0.,1.));
#11249=DIRECTION('',(1.,0.,0.));
#11250=DIRECTION('',(0.,0.,1.));
#11251=DIRECTION('',(0.,0.,-1.));
#11252=DIRECTION('',(1.,0.,0.));
#11253=DIRECTION('',(0.,0.,1.));
#11254=DIRECTION('',(1.,0.,0.));
#11255=DIRECTION('',(0.,0.,-1.));
#11256=DIRECTION('',(0.,0.,-1.));
#11257=DIRECTION('',(0.,1.,0.));
#11258=DIRECTION('',(0.,0.,1.));
#11259=DIRECTION('',(-3.24234649661948E-15,1.,0.));
#11260=DIRECTION('',(0.,-1.,0.));
#11261=DIRECTION('',(0.,0.,-1.));
#11262=DIRECTION('',(1.,0.,0.));
#11263=DIRECTION('',(0.,0.,1.));
#11264=DIRECTION('',(1.,0.,0.));
#11265=DIRECTION('',(-1.,0.,0.));
#11266=DIRECTION('',(0.,0.,1.));
#11267=DIRECTION('',(0.,-1.,0.));
#11268=DIRECTION('',(0.,0.,-1.));
#11269=DIRECTION('',(0.,0.,1.));
#11270=DIRECTION('',(0.,-1.,0.));
#11271=DIRECTION('',(0.,0.,1.));
#11272=DIRECTION('',(1.,0.,0.));
#11273=DIRECTION('',(0.,0.,1.));
#11274=DIRECTION('',(0.,0.,-1.));
#11275=DIRECTION('',(-1.,0.,0.));
#11276=DIRECTION('',(0.,1.,0.));
#11277=DIRECTION('',(0.,0.,1.));
#11278=DIRECTION('',(-1.,0.,0.));
#11279=DIRECTION('',(0.,0.,-1.));
#11280=DIRECTION('',(-1.,0.,0.));
#11281=DIRECTION('',(0.,0.,-1.));
#11282=DIRECTION('',(-1.,0.,0.));
#11283=DIRECTION('',(-1.,0.,0.));
#11284=DIRECTION('',(0.,0.,1.));
#11285=DIRECTION('',(1.,0.,0.));
#11286=DIRECTION('',(0.,0.,1.));
#11287=DIRECTION('',(0.,0.,-1.));
#11288=DIRECTION('',(1.,0.,0.));
#11289=DIRECTION('',(0.,0.,1.));
#11290=DIRECTION('',(1.,0.,0.));
#11291=DIRECTION('',(0.,0.,-1.));
#11292=DIRECTION('',(0.,0.,-1.));
#11293=DIRECTION('',(0.,1.,0.));
#11294=DIRECTION('',(0.,0.,1.));
#11295=DIRECTION('',(-3.24234649661948E-15,1.,0.));
#11296=DIRECTION('',(0.,-1.,0.));
#11297=DIRECTION('',(0.,0.,-1.));
#11298=DIRECTION('',(1.,0.,0.));
#11299=DIRECTION('',(0.,0.,1.));
#11300=DIRECTION('',(1.,0.,0.));
#11301=DIRECTION('',(-1.,0.,0.));
#11302=DIRECTION('',(0.,0.,1.));
#11303=DIRECTION('',(0.,-1.,0.));
#11304=DIRECTION('',(0.,0.,-1.));
#11305=DIRECTION('',(0.,0.,1.));
#11306=DIRECTION('',(0.,-1.,0.));
#11307=DIRECTION('',(0.,0.,1.));
#11308=DIRECTION('',(1.,0.,0.));
#11309=DIRECTION('',(0.,0.,1.));
#11310=DIRECTION('',(0.,0.,-1.));
#11311=DIRECTION('',(-1.,0.,0.));
#11312=DIRECTION('',(0.,1.,0.));
#11313=DIRECTION('',(0.,0.,1.));
#11314=DIRECTION('',(-1.,0.,0.));
#11315=DIRECTION('',(0.,0.,-1.));
#11316=DIRECTION('',(-1.,0.,0.));
#11317=DIRECTION('',(0.,0.,-1.));
#11318=DIRECTION('',(-1.,0.,0.));
#11319=DIRECTION('',(-1.,0.,0.));
#11320=DIRECTION('',(0.,0.,1.));
#11321=DIRECTION('',(1.,0.,0.));
#11322=DIRECTION('',(0.,0.,1.));
#11323=DIRECTION('',(0.,0.,-1.));
#11324=DIRECTION('',(1.,0.,0.));
#11325=DIRECTION('',(0.,0.,1.));
#11326=DIRECTION('',(1.,0.,0.));
#11327=DIRECTION('',(0.,0.,-1.));
#11328=DIRECTION('',(0.,0.,-1.));
#11329=DIRECTION('',(0.,1.,0.));
#11330=DIRECTION('',(0.,0.,1.));
#11331=DIRECTION('',(-3.24234649661948E-15,1.,0.));
#11332=DIRECTION('',(0.,-1.,0.));
#11333=DIRECTION('',(0.,0.,-1.));
#11334=DIRECTION('',(1.,0.,0.));
#11335=DIRECTION('',(0.,0.,1.));
#11336=DIRECTION('',(1.,0.,0.));
#11337=DIRECTION('',(-1.,0.,0.));
#11338=DIRECTION('',(0.,0.,1.));
#11339=DIRECTION('',(0.,-1.,0.));
#11340=DIRECTION('',(0.,0.,-1.));
#11341=DIRECTION('',(0.,0.,1.));
#11342=DIRECTION('',(0.,-1.,0.));
#11343=DIRECTION('',(0.,0.,1.));
#11344=DIRECTION('',(1.,0.,0.));
#11345=DIRECTION('',(0.,0.,1.));
#11346=DIRECTION('',(0.,0.,-1.));
#11347=DIRECTION('',(-1.,0.,0.));
#11348=DIRECTION('',(0.,1.,0.));
#11349=DIRECTION('',(0.,0.,1.));
#11350=DIRECTION('',(-1.,0.,0.));
#11351=DIRECTION('',(0.,0.,-1.));
#11352=DIRECTION('',(-1.,0.,0.));
#11353=DIRECTION('',(0.,0.,-1.));
#11354=DIRECTION('',(-1.,0.,0.));
#11355=DIRECTION('',(-1.,0.,0.));
#11356=DIRECTION('',(0.,0.,-1.));
#11357=DIRECTION('',(-5.55111512312578E-17,-1.,0.));
#11358=DIRECTION('',(1.,-5.55111512312578E-17,0.));
#11359=DIRECTION('',(5.55111512312578E-17,1.,0.));
#11360=DIRECTION('',(-1.,5.55111512312578E-17,0.));
#11361=DIRECTION('',(0.,1.,0.));
#11362=DIRECTION('',(0.,0.,1.));
#11363=DIRECTION('',(5.55111512312578E-17,1.,0.));
#11364=DIRECTION('',(0.,0.,1.));
#11365=DIRECTION('',(0.,0.,-1.));
#11366=DIRECTION('',(5.55111512312578E-17,1.,0.));
#11367=DIRECTION('',(0.,0.,1.));
#11368=DIRECTION('',(5.55111512312578E-17,1.,0.));
#11369=DIRECTION('',(0.,0.,-1.));
#11370=DIRECTION('',(0.,0.,-1.));
#11371=DIRECTION('',(0.,0.,1.));
#11372=DIRECTION('',(-1.,-3.18683534538823E-15,0.));
#11373=DIRECTION('',(1.,-5.55111512312578E-17,0.));
#11374=DIRECTION('',(0.,0.,-1.));
#11375=DIRECTION('',(0.,0.,1.));
#11376=DIRECTION('',(5.55111512312578E-17,1.,0.));
#11377=DIRECTION('',(-5.55111512312578E-17,-1.,0.));
#11378=DIRECTION('',(0.,0.,1.));
#11379=DIRECTION('',(0.,0.,-1.));
#11380=DIRECTION('',(0.,0.,1.));
#11381=DIRECTION('',(1.,-5.55111512312578E-17,0.));
#11382=DIRECTION('',(0.,0.,1.));
#11383=DIRECTION('',(5.55111512312578E-17,1.,0.));
#11384=DIRECTION('',(0.,0.,1.));
#11385=DIRECTION('',(0.,0.,-1.));
#11386=DIRECTION('',(-5.55111512312578E-17,-1.,0.));
#11387=DIRECTION('',(-1.,5.55111512312578E-17,0.));
#11388=DIRECTION('',(0.,0.,1.));
#11389=DIRECTION('',(-5.55111512312578E-17,-1.,0.));
#11390=DIRECTION('',(0.,0.,-1.));
#11391=DIRECTION('',(-5.55111512312578E-17,-1.,0.));
#11392=DIRECTION('',(0.,-1.,0.));
#11393=DIRECTION('',(0.,0.,-1.));
#11394=DIRECTION('',(0.,0.,-1.));
#11395=DIRECTION('',(-1.,0.,0.));
#11396=DIRECTION('',(0.,0.,-1.));
#11397=DIRECTION('',(-1.,0.,0.));
#11398=DIRECTION('',(0.,0.,-1.));
#11399=DIRECTION('',(1.,0.,0.));
#11400=DIRECTION('',(0.,0.,-1.));
#11401=DIRECTION('',(0.,-1.,0.));
#11402=DIRECTION('',(0.,0.,1.));
#11403=DIRECTION('',(1.,0.,0.));
#11404=DIRECTION('',(0.,0.,-1.));
#11405=DIRECTION('',(1.,0.,0.));
#11406=DIRECTION('',(0.,0.,1.));
#11407=DIRECTION('',(1.,0.,0.));
#11408=DIRECTION('',(0.,0.,1.));
#11409=DIRECTION('',(0.,0.,-1.));
#11410=DIRECTION('',(1.,0.,0.));
#11411=DIRECTION('',(0.,0.,1.));
#11412=DIRECTION('',(1.,0.,0.));
#11413=DIRECTION('',(0.,0.,-1.));
#11414=DIRECTION('',(0.,1.,0.));
#11415=DIRECTION('',(0.,0.,1.));
#11416=DIRECTION('',(-3.24234649661948E-15,1.,0.));
#11417=DIRECTION('',(0.,-1.,0.));
#11418=DIRECTION('',(0.,0.,-1.));
#11419=DIRECTION('',(1.,0.,0.));
#11420=DIRECTION('',(0.,0.,1.));
#11421=DIRECTION('',(1.,0.,0.));
#11422=DIRECTION('',(-1.,0.,0.));
#11423=DIRECTION('',(0.,0.,1.));
#11424=DIRECTION('',(0.,-1.,0.));
#11425=DIRECTION('',(0.,0.,1.));
#11426=DIRECTION('',(0.,-1.,0.));
#11427=DIRECTION('',(0.,0.,1.));
#11428=DIRECTION('',(1.,0.,0.));
#11429=DIRECTION('',(0.,0.,1.));
#11430=DIRECTION('',(0.,0.,-1.));
#11431=DIRECTION('',(-1.,0.,0.));
#11432=DIRECTION('',(0.,1.,0.));
#11433=DIRECTION('',(0.,0.,1.));
#11434=DIRECTION('',(-1.,0.,0.));
#11435=DIRECTION('',(0.,0.,-1.));
#11436=DIRECTION('',(-1.,0.,0.));
#11437=DIRECTION('',(0.,0.,-1.));
#11438=DIRECTION('',(-1.,0.,0.));
#11439=DIRECTION('',(1.,0.,0.));
#11440=DIRECTION('',(0.,0.,-1.));
#11441=DIRECTION('',(0.,0.,-1.));
#11442=DIRECTION('',(0.,1.,0.));
#11443=DIRECTION('',(0.,0.,1.));
#11444=DIRECTION('',(0.,-1.,0.));
#11445=DIRECTION('',(0.,0.,-1.));
#11446=DIRECTION('',(1.,0.,0.));
#11447=DIRECTION('',(0.,0.,1.));
#11448=DIRECTION('',(0.,0.,1.));
#11449=DIRECTION('',(-1.,0.,0.));
#11450=DIRECTION('',(0.,0.,1.));
#11451=DIRECTION('',(0.,0.,1.));
#11452=DIRECTION('',(0.,-1.,0.));
#11453=DIRECTION('',(0.,1.,0.));
#11454=DIRECTION('',(0.,0.,1.));
#11455=DIRECTION('',(-1.,0.,0.));
#11456=DIRECTION('',(0.,0.,-1.));
#11457=DIRECTION('',(-1.,0.,0.));
#11458=DIRECTION('',(-0.707106781186547,-0.707106781186547,0.));
#11459=DIRECTION('',(0.707106781186547,-0.707106781186547,0.));
#11460=DIRECTION('',(0.,0.,1.));
#11461=DIRECTION('',(0.,0.,1.));
#11462=DIRECTION('',(1.,0.,0.));
#11463=DIRECTION('',(0.,0.,-1.));
#11464=DIRECTION('',(1.,0.,0.));
#11465=DIRECTION('',(0.,0.,-1.));
#11466=DIRECTION('',(-1.,0.,0.));
#11467=CARTESIAN_POINT('',(0.,0.,0.));
#11468=CARTESIAN_POINT('',(0.,0.,0.));
#11469=CARTESIAN_POINT('',(-2.5,-2.5,0.));
#11470=CARTESIAN_POINT('',(-2.5,-2.5,0.));
#11471=CARTESIAN_POINT('',(-1.9,-2.5,0.));
#11472=CARTESIAN_POINT('',(-2.5,2.5,0.));
#11473=CARTESIAN_POINT('',(-2.5,-1.9,0.));
#11474=CARTESIAN_POINT('',(-2.5,-1.9,0.));
#11475=CARTESIAN_POINT('',(-2.29936712372674,-1.9,0.));
#11476=CARTESIAN_POINT('',(-2.29936712372674,-1.80063287627326,0.));
#11477=CARTESIAN_POINT('',(-2.2,-1.80063287627326,0.));
#11478=CARTESIAN_POINT('',(-2.2,-3.6,0.));
#11479=CARTESIAN_POINT('',(-2.2,-1.79636272641737,0.));
#11480=CARTESIAN_POINT('',(-2.29636272641737,-1.79636272641737,0.));
#11481=CARTESIAN_POINT('',(-2.29636272641737,-1.7,0.));
#11482=CARTESIAN_POINT('',(5.39152056333592E-16,-1.7,0.));
#11483=CARTESIAN_POINT('',(-2.5,-1.7,0.));
#11484=CARTESIAN_POINT('',(-2.5,2.5,0.));
#11485=CARTESIAN_POINT('',(-2.5,-1.5,0.));
#11486=CARTESIAN_POINT('',(-2.5,-1.5,0.));
#11487=CARTESIAN_POINT('',(-2.29936712372674,-1.5,0.));
#11488=CARTESIAN_POINT('',(-2.29936712372674,-1.40063287627326,0.));
#11489=CARTESIAN_POINT('',(-2.2,-1.40063287627326,0.));
#11490=CARTESIAN_POINT('',(-2.2,-3.2,0.));
#11491=CARTESIAN_POINT('',(-2.2,-1.39636272641737,0.));
#11492=CARTESIAN_POINT('',(-2.29636272641737,-1.39636272641737,0.));
#11493=CARTESIAN_POINT('',(-2.29636272641737,-1.3,0.));
#11494=CARTESIAN_POINT('',(5.39152056333592E-16,-1.3,0.));
#11495=CARTESIAN_POINT('',(-2.5,-1.3,0.));
#11496=CARTESIAN_POINT('',(-2.5,2.5,0.));
#11497=CARTESIAN_POINT('',(-2.5,-1.1,0.));
#11498=CARTESIAN_POINT('',(-2.5,-1.1,0.));
#11499=CARTESIAN_POINT('',(-2.29936712372674,-1.1,0.));
#11500=CARTESIAN_POINT('',(-2.29936712372674,-1.00063287627326,0.));
#11501=CARTESIAN_POINT('',(-2.2,-1.00063287627326,0.));
#11502=CARTESIAN_POINT('',(-2.2,-2.8,0.));
#11503=CARTESIAN_POINT('',(-2.2,-0.996362726417365,0.));
#11504=CARTESIAN_POINT('',(-2.29636272641737,-0.996362726417366,0.));
#11505=CARTESIAN_POINT('',(-2.29636272641737,-0.9,0.));
#11506=CARTESIAN_POINT('',(5.39152056333592E-16,-0.9,0.));
#11507=CARTESIAN_POINT('',(-2.5,-0.9,0.));
#11508=CARTESIAN_POINT('',(-2.5,2.5,0.));
#11509=CARTESIAN_POINT('',(-2.5,-0.7,0.));
#11510=CARTESIAN_POINT('',(-2.5,-0.7,0.));
#11511=CARTESIAN_POINT('',(-2.29936712372674,-0.699999999999999,0.));
#11512=CARTESIAN_POINT('',(-2.29936712372674,-0.600632876273262,0.));
#11513=CARTESIAN_POINT('',(-2.2,-0.600632876273262,0.));
#11514=CARTESIAN_POINT('',(-2.2,-2.4,0.));
#11515=CARTESIAN_POINT('',(-2.2,-0.596362726417365,0.));
#11516=CARTESIAN_POINT('',(-2.29636272641737,-0.596362726417366,0.));
#11517=CARTESIAN_POINT('',(-2.29636272641737,-0.5,0.));
#11518=CARTESIAN_POINT('',(5.39152056333592E-16,-0.5,0.));
#11519=CARTESIAN_POINT('',(-2.5,-0.5,0.));
#11520=CARTESIAN_POINT('',(-2.5,2.5,0.));
#11521=CARTESIAN_POINT('',(-2.5,-0.3,0.));
#11522=CARTESIAN_POINT('',(-2.5,-0.3,0.));
#11523=CARTESIAN_POINT('',(-2.29936712372674,-0.299999999999999,0.));
#11524=CARTESIAN_POINT('',(-2.29936712372674,-0.200632876273261,0.));
#11525=CARTESIAN_POINT('',(-2.2,-0.200632876273262,0.));
#11526=CARTESIAN_POINT('',(-2.2,-2.,0.));
#11527=CARTESIAN_POINT('',(-2.2,-0.196362726417365,0.));
#11528=CARTESIAN_POINT('',(-2.29636272641737,-0.196362726417366,0.));
#11529=CARTESIAN_POINT('',(-2.29636272641737,-0.0999999999999996,0.));
#11530=CARTESIAN_POINT('',(5.39152056333592E-16,-0.0999999999999998,0.));
#11531=CARTESIAN_POINT('',(-2.5,-0.0999999999999996,0.));
#11532=CARTESIAN_POINT('',(-2.5,2.5,0.));
#11533=CARTESIAN_POINT('',(-2.5,0.1,0.));
#11534=CARTESIAN_POINT('',(-2.5,0.1,0.));
#11535=CARTESIAN_POINT('',(-2.29936712372674,0.100000000000001,0.));
#11536=CARTESIAN_POINT('',(-2.29936712372674,0.199367123726738,0.));
#11537=CARTESIAN_POINT('',(-2.2,0.199367123726738,0.));
#11538=CARTESIAN_POINT('',(-2.2,-1.6,0.));
#11539=CARTESIAN_POINT('',(-2.2,0.203637273582635,0.));
#11540=CARTESIAN_POINT('',(-2.29636272641737,0.203637273582634,0.));
#11541=CARTESIAN_POINT('',(-2.29636272641737,0.3,0.));
#11542=CARTESIAN_POINT('',(1.0547118733939E-16,0.3,0.));
#11543=CARTESIAN_POINT('',(-2.5,0.3,0.));
#11544=CARTESIAN_POINT('',(-2.5,2.5,0.));
#11545=CARTESIAN_POINT('',(-2.5,0.5,0.));
#11546=CARTESIAN_POINT('',(-2.5,0.5,0.));
#11547=CARTESIAN_POINT('',(-2.29936712372674,0.500000000000001,0.));
#11548=CARTESIAN_POINT('',(-2.29936712372674,0.599367123726738,0.));
#11549=CARTESIAN_POINT('',(-2.2,0.599367123726738,0.));
#11550=CARTESIAN_POINT('',(-2.2,-1.2,0.));
#11551=CARTESIAN_POINT('',(-2.2,0.603637273582635,0.));
#11552=CARTESIAN_POINT('',(-2.29636272641737,0.603637273582634,0.));
#11553=CARTESIAN_POINT('',(-2.29636272641737,0.7,0.));
#11554=CARTESIAN_POINT('',(1.0547118733939E-16,0.7,0.));
#11555=CARTESIAN_POINT('',(-2.5,0.7,0.));
#11556=CARTESIAN_POINT('',(-2.5,2.5,0.));
#11557=CARTESIAN_POINT('',(-2.5,0.9,0.));
#11558=CARTESIAN_POINT('',(-2.5,0.9,0.));
#11559=CARTESIAN_POINT('',(-2.29936712372674,0.900000000000001,0.));
#11560=CARTESIAN_POINT('',(-2.29936712372674,0.999367123726739,0.));
#11561=CARTESIAN_POINT('',(-2.2,0.999367123726738,0.));
#11562=CARTESIAN_POINT('',(-2.2,-0.8,0.));
#11563=CARTESIAN_POINT('',(-2.2,1.00363727358264,0.));
#11564=CARTESIAN_POINT('',(-2.29636272641737,1.00363727358263,0.));
#11565=CARTESIAN_POINT('',(-2.29636272641737,1.1,0.));
#11566=CARTESIAN_POINT('',(1.0547118733939E-16,1.1,0.));
#11567=CARTESIAN_POINT('',(-2.5,1.1,0.));
#11568=CARTESIAN_POINT('',(-2.5,2.5,0.));
#11569=CARTESIAN_POINT('',(-2.5,1.3,0.));
#11570=CARTESIAN_POINT('',(-2.5,1.3,0.));
#11571=CARTESIAN_POINT('',(-2.29936712372674,1.3,0.));
#11572=CARTESIAN_POINT('',(-2.29936712372674,1.39936712372674,0.));
#11573=CARTESIAN_POINT('',(-2.2,1.39936712372674,0.));
#11574=CARTESIAN_POINT('',(-2.2,-0.4,0.));
#11575=CARTESIAN_POINT('',(-2.2,1.40363727358264,0.));
#11576=CARTESIAN_POINT('',(-2.29636272641737,1.40363727358263,0.));
#11577=CARTESIAN_POINT('',(-2.29636272641737,1.5,0.));
#11578=CARTESIAN_POINT('',(1.0547118733939E-16,1.5,0.));
#11579=CARTESIAN_POINT('',(-2.5,1.5,0.));
#11580=CARTESIAN_POINT('',(-2.5,2.5,0.));
#11581=CARTESIAN_POINT('',(-2.5,1.7,0.));
#11582=CARTESIAN_POINT('',(-2.5,1.7,0.));
#11583=CARTESIAN_POINT('',(-2.29936712372674,1.7,0.));
#11584=CARTESIAN_POINT('',(-2.29936712372674,1.79936712372674,0.));
#11585=CARTESIAN_POINT('',(-2.2,1.79936712372674,0.));
#11586=CARTESIAN_POINT('',(-2.2,1.22124532708767E-16,0.));
#11587=CARTESIAN_POINT('',(-2.2,1.80363727358263,0.));
#11588=CARTESIAN_POINT('',(-2.29636272641737,1.80363727358263,0.));
#11589=CARTESIAN_POINT('',(-2.29636272641737,1.9,0.));
#11590=CARTESIAN_POINT('',(1.0547118733939E-16,1.9,0.));
#11591=CARTESIAN_POINT('',(-2.5,1.9,0.));
#11592=CARTESIAN_POINT('',(-2.5,2.5,0.));
#11593=CARTESIAN_POINT('',(-2.5,2.5,0.));
#11594=CARTESIAN_POINT('',(2.5,2.5,0.));
#11595=CARTESIAN_POINT('',(-1.9,2.5,0.));
#11596=CARTESIAN_POINT('',(-1.9,2.5,0.));
#11597=CARTESIAN_POINT('',(-1.9,2.29936712372674,0.));
#11598=CARTESIAN_POINT('',(-1.80063287627326,2.29936712372674,0.));
#11599=CARTESIAN_POINT('',(-1.80063287627326,2.2,0.));
#11600=CARTESIAN_POINT('',(-1.79636272641737,2.2,0.));
#11601=CARTESIAN_POINT('',(-1.79636272641737,2.2,0.));
#11602=CARTESIAN_POINT('',(-1.79636272641737,2.29636272641737,0.));
#11603=CARTESIAN_POINT('',(-1.7,2.29636272641737,0.));
#11604=CARTESIAN_POINT('',(-1.7,2.5,0.));
#11605=CARTESIAN_POINT('',(-1.7,2.5,0.));
#11606=CARTESIAN_POINT('',(2.5,2.5,0.));
#11607=CARTESIAN_POINT('',(-1.5,2.5,0.));
#11608=CARTESIAN_POINT('',(-1.5,2.5,0.));
#11609=CARTESIAN_POINT('',(-1.5,2.29936712372674,0.));
#11610=CARTESIAN_POINT('',(-1.40063287627326,2.29936712372674,0.));
#11611=CARTESIAN_POINT('',(-1.40063287627326,2.2,0.));
#11612=CARTESIAN_POINT('',(-1.39636272641737,2.2,0.));
#11613=CARTESIAN_POINT('',(-1.39636272641737,2.2,0.));
#11614=CARTESIAN_POINT('',(-1.39636272641737,2.29636272641737,0.));
#11615=CARTESIAN_POINT('',(-1.3,2.29636272641737,0.));
#11616=CARTESIAN_POINT('',(-1.3,2.5,0.));
#11617=CARTESIAN_POINT('',(-1.3,2.5,0.));
#11618=CARTESIAN_POINT('',(2.5,2.5,0.));
#11619=CARTESIAN_POINT('',(-1.1,2.5,0.));
#11620=CARTESIAN_POINT('',(-1.1,2.5,0.));
#11621=CARTESIAN_POINT('',(-1.1,2.29936712372674,0.));
#11622=CARTESIAN_POINT('',(-1.00063287627326,2.29936712372674,0.));
#11623=CARTESIAN_POINT('',(-1.00063287627326,2.2,0.));
#11624=CARTESIAN_POINT('',(-0.996362726417365,2.2,0.));
#11625=CARTESIAN_POINT('',(-0.996362726417365,2.2,0.));
#11626=CARTESIAN_POINT('',(-0.996362726417366,2.29636272641737,0.));
#11627=CARTESIAN_POINT('',(-0.9,2.29636272641737,0.));
#11628=CARTESIAN_POINT('',(-0.9,2.5,0.));
#11629=CARTESIAN_POINT('',(-0.9,2.5,0.));
#11630=CARTESIAN_POINT('',(2.5,2.5,0.));
#11631=CARTESIAN_POINT('',(-0.7,2.5,0.));
#11632=CARTESIAN_POINT('',(-0.7,2.5,0.));
#11633=CARTESIAN_POINT('',(-0.699999999999999,2.29936712372674,0.));
#11634=CARTESIAN_POINT('',(-0.600632876273262,2.29936712372674,0.));
#11635=CARTESIAN_POINT('',(-0.600632876273262,2.2,0.));
#11636=CARTESIAN_POINT('',(-0.596362726417366,2.2,0.));
#11637=CARTESIAN_POINT('',(-0.596362726417366,2.2,0.));
#11638=CARTESIAN_POINT('',(-0.596362726417366,2.29636272641737,0.));
#11639=CARTESIAN_POINT('',(-0.5,2.29636272641737,0.));
#11640=CARTESIAN_POINT('',(-0.5,2.5,0.));
#11641=CARTESIAN_POINT('',(-0.5,2.5,0.));
#11642=CARTESIAN_POINT('',(2.5,2.5,0.));
#11643=CARTESIAN_POINT('',(-0.3,2.5,0.));
#11644=CARTESIAN_POINT('',(-0.3,2.5,0.));
#11645=CARTESIAN_POINT('',(-0.299999999999999,2.29936712372674,0.));
#11646=CARTESIAN_POINT('',(-0.200632876273262,2.29936712372674,0.));
#11647=CARTESIAN_POINT('',(-0.200632876273262,2.2,0.));
#11648=CARTESIAN_POINT('',(-0.196362726417365,2.2,0.));
#11649=CARTESIAN_POINT('',(-0.196362726417365,2.2,0.));
#11650=CARTESIAN_POINT('',(-0.196362726417366,2.29636272641737,0.));
#11651=CARTESIAN_POINT('',(-0.0999999999999998,2.29636272641737,0.));
#11652=CARTESIAN_POINT('',(-0.0999999999999998,2.5,0.));
#11653=CARTESIAN_POINT('',(-0.0999999999999998,2.5,0.));
#11654=CARTESIAN_POINT('',(2.5,2.5,0.));
#11655=CARTESIAN_POINT('',(0.1,2.5,0.));
#11656=CARTESIAN_POINT('',(0.1,2.5,0.));
#11657=CARTESIAN_POINT('',(0.100000000000001,2.29936712372674,0.));
#11658=CARTESIAN_POINT('',(0.199367123726738,2.29936712372674,0.));
#11659=CARTESIAN_POINT('',(0.199367123726738,2.2,0.));
#11660=CARTESIAN_POINT('',(0.203637273582635,2.2,0.));
#11661=CARTESIAN_POINT('',(0.203637273582635,2.2,0.));
#11662=CARTESIAN_POINT('',(0.203637273582634,2.29636272641737,0.));
#11663=CARTESIAN_POINT('',(0.3,2.29636272641737,0.));
#11664=CARTESIAN_POINT('',(0.3,2.5,0.));
#11665=CARTESIAN_POINT('',(0.3,2.5,0.));
#11666=CARTESIAN_POINT('',(2.5,2.5,0.));
#11667=CARTESIAN_POINT('',(0.5,2.5,0.));
#11668=CARTESIAN_POINT('',(0.5,2.5,0.));
#11669=CARTESIAN_POINT('',(0.500000000000001,2.29936712372674,0.));
#11670=CARTESIAN_POINT('',(0.599367123726738,2.29936712372674,0.));
#11671=CARTESIAN_POINT('',(0.599367123726738,2.2,0.));
#11672=CARTESIAN_POINT('',(0.603637273582635,2.2,0.));
#11673=CARTESIAN_POINT('',(0.603637273582635,2.2,0.));
#11674=CARTESIAN_POINT('',(0.603637273582634,2.29636272641737,0.));
#11675=CARTESIAN_POINT('',(0.7,2.29636272641737,0.));
#11676=CARTESIAN_POINT('',(0.7,2.5,0.));
#11677=CARTESIAN_POINT('',(0.7,2.5,0.));
#11678=CARTESIAN_POINT('',(2.5,2.5,0.));
#11679=CARTESIAN_POINT('',(0.9,2.5,0.));
#11680=CARTESIAN_POINT('',(0.9,2.5,0.));
#11681=CARTESIAN_POINT('',(0.900000000000001,2.29936712372674,0.));
#11682=CARTESIAN_POINT('',(0.999367123726738,2.29936712372674,0.));
#11683=CARTESIAN_POINT('',(0.999367123726738,2.2,0.));
#11684=CARTESIAN_POINT('',(1.00363727358263,2.2,0.));
#11685=CARTESIAN_POINT('',(1.00363727358263,2.2,0.));
#11686=CARTESIAN_POINT('',(1.00363727358263,2.29636272641737,0.));
#11687=CARTESIAN_POINT('',(1.1,2.29636272641737,0.));
#11688=CARTESIAN_POINT('',(1.1,2.5,0.));
#11689=CARTESIAN_POINT('',(1.1,2.5,0.));
#11690=CARTESIAN_POINT('',(2.5,2.5,0.));
#11691=CARTESIAN_POINT('',(1.3,2.5,0.));
#11692=CARTESIAN_POINT('',(1.3,2.5,0.));
#11693=CARTESIAN_POINT('',(1.3,2.29936712372674,0.));
#11694=CARTESIAN_POINT('',(1.39936712372674,2.29936712372674,0.));
#11695=CARTESIAN_POINT('',(1.39936712372674,2.2,0.));
#11696=CARTESIAN_POINT('',(1.40363727358263,2.2,0.));
#11697=CARTESIAN_POINT('',(1.40363727358263,2.2,0.));
#11698=CARTESIAN_POINT('',(1.40363727358263,2.29636272641737,0.));
#11699=CARTESIAN_POINT('',(1.5,2.29636272641737,0.));
#11700=CARTESIAN_POINT('',(1.5,2.5,0.));
#11701=CARTESIAN_POINT('',(1.5,2.5,0.));
#11702=CARTESIAN_POINT('',(2.5,2.5,0.));
#11703=CARTESIAN_POINT('',(1.7,2.5,0.));
#11704=CARTESIAN_POINT('',(1.7,2.5,0.));
#11705=CARTESIAN_POINT('',(1.7,2.29936712372674,0.));
#11706=CARTESIAN_POINT('',(1.79936712372674,2.29936712372674,0.));
#11707=CARTESIAN_POINT('',(1.79936712372674,2.2,0.));
#11708=CARTESIAN_POINT('',(1.80363727358263,2.2,0.));
#11709=CARTESIAN_POINT('',(1.80363727358263,2.2,0.));
#11710=CARTESIAN_POINT('',(1.80363727358263,2.29636272641737,0.));
#11711=CARTESIAN_POINT('',(1.9,2.29636272641737,0.));
#11712=CARTESIAN_POINT('',(1.9,2.5,0.));
#11713=CARTESIAN_POINT('',(1.9,2.5,0.));
#11714=CARTESIAN_POINT('',(2.5,2.5,0.));
#11715=CARTESIAN_POINT('',(2.5,2.5,0.));
#11716=CARTESIAN_POINT('',(2.5,-2.5,0.));
#11717=CARTESIAN_POINT('',(2.5,1.9,0.));
#11718=CARTESIAN_POINT('',(-1.0547118733939E-16,1.9,0.));
#11719=CARTESIAN_POINT('',(2.29636272641737,1.9,0.));
#11720=CARTESIAN_POINT('',(2.29636272641737,1.80363727358263,0.));
#11721=CARTESIAN_POINT('',(2.2,1.80363727358263,0.));
#11722=CARTESIAN_POINT('',(2.2,1.22124532708767E-16,0.));
#11723=CARTESIAN_POINT('',(2.2,1.79936712372674,0.));
#11724=CARTESIAN_POINT('',(2.29936712372674,1.79936712372674,0.));
#11725=CARTESIAN_POINT('',(2.29936712372674,1.7,0.));
#11726=CARTESIAN_POINT('',(2.5,1.7,0.));
#11727=CARTESIAN_POINT('',(2.5,1.7,0.));
#11728=CARTESIAN_POINT('',(2.5,-2.5,0.));
#11729=CARTESIAN_POINT('',(2.5,1.5,0.));
#11730=CARTESIAN_POINT('',(-1.0547118733939E-16,1.5,0.));
#11731=CARTESIAN_POINT('',(2.29636272641737,1.5,0.));
#11732=CARTESIAN_POINT('',(2.29636272641737,1.40363727358263,0.));
#11733=CARTESIAN_POINT('',(2.2,1.40363727358264,0.));
#11734=CARTESIAN_POINT('',(2.2,-0.4,0.));
#11735=CARTESIAN_POINT('',(2.2,1.39936712372674,0.));
#11736=CARTESIAN_POINT('',(2.29936712372674,1.39936712372674,0.));
#11737=CARTESIAN_POINT('',(2.29936712372674,1.3,0.));
#11738=CARTESIAN_POINT('',(2.5,1.3,0.));
#11739=CARTESIAN_POINT('',(2.5,1.3,0.));
#11740=CARTESIAN_POINT('',(2.5,-2.5,0.));
#11741=CARTESIAN_POINT('',(2.5,1.1,0.));
#11742=CARTESIAN_POINT('',(-1.0547118733939E-16,1.1,0.));
#11743=CARTESIAN_POINT('',(2.29636272641737,1.1,0.));
#11744=CARTESIAN_POINT('',(2.29636272641737,1.00363727358263,0.));
#11745=CARTESIAN_POINT('',(2.2,1.00363727358264,0.));
#11746=CARTESIAN_POINT('',(2.2,-0.8,0.));
#11747=CARTESIAN_POINT('',(2.2,0.999367123726738,0.));
#11748=CARTESIAN_POINT('',(2.29936712372674,0.999367123726739,0.));
#11749=CARTESIAN_POINT('',(2.29936712372674,0.900000000000001,0.));
#11750=CARTESIAN_POINT('',(2.5,0.9,0.));
#11751=CARTESIAN_POINT('',(2.5,0.900000000000001,0.));
#11752=CARTESIAN_POINT('',(2.5,-2.5,0.));
#11753=CARTESIAN_POINT('',(2.5,0.7,0.));
#11754=CARTESIAN_POINT('',(-1.0547118733939E-16,0.7,0.));
#11755=CARTESIAN_POINT('',(2.29636272641737,0.7,0.));
#11756=CARTESIAN_POINT('',(2.29636272641737,0.603637273582634,0.));
#11757=CARTESIAN_POINT('',(2.2,0.603637273582635,0.));
#11758=CARTESIAN_POINT('',(2.2,-1.2,0.));
#11759=CARTESIAN_POINT('',(2.2,0.599367123726738,0.));
#11760=CARTESIAN_POINT('',(2.29936712372674,0.599367123726738,0.));
#11761=CARTESIAN_POINT('',(2.29936712372674,0.500000000000001,0.));
#11762=CARTESIAN_POINT('',(2.5,0.5,0.));
#11763=CARTESIAN_POINT('',(2.5,0.5,0.));
#11764=CARTESIAN_POINT('',(2.5,-2.5,0.));
#11765=CARTESIAN_POINT('',(2.5,0.3,0.));
#11766=CARTESIAN_POINT('',(-1.0547118733939E-16,0.3,0.));
#11767=CARTESIAN_POINT('',(2.29636272641737,0.3,0.));
#11768=CARTESIAN_POINT('',(2.29636272641737,0.203637273582634,0.));
#11769=CARTESIAN_POINT('',(2.2,0.203637273582635,0.));
#11770=CARTESIAN_POINT('',(2.2,-1.6,0.));
#11771=CARTESIAN_POINT('',(2.2,0.199367123726738,0.));
#11772=CARTESIAN_POINT('',(2.29936712372674,0.199367123726738,0.));
#11773=CARTESIAN_POINT('',(2.29936712372674,0.100000000000001,0.));
#11774=CARTESIAN_POINT('',(2.5,0.1,0.));
#11775=CARTESIAN_POINT('',(2.5,0.1,0.));
#11776=CARTESIAN_POINT('',(2.5,-2.5,0.));
#11777=CARTESIAN_POINT('',(2.5,-0.0999999999999998,0.));
#11778=CARTESIAN_POINT('',(-5.39152056333592E-16,-0.0999999999999998,0.));
#11779=CARTESIAN_POINT('',(2.29636272641737,-0.0999999999999996,0.));
#11780=CARTESIAN_POINT('',(2.29636272641737,-0.196362726417366,0.));
#11781=CARTESIAN_POINT('',(2.2,-0.196362726417365,0.));
#11782=CARTESIAN_POINT('',(2.2,-2.,0.));
#11783=CARTESIAN_POINT('',(2.2,-0.200632876273262,0.));
#11784=CARTESIAN_POINT('',(2.29936712372674,-0.200632876273261,0.));
#11785=CARTESIAN_POINT('',(2.29936712372674,-0.299999999999999,0.));
#11786=CARTESIAN_POINT('',(2.5,-0.3,0.));
#11787=CARTESIAN_POINT('',(2.5,-0.299999999999999,0.));
#11788=CARTESIAN_POINT('',(2.5,-2.5,0.));
#11789=CARTESIAN_POINT('',(2.5,-0.5,0.));
#11790=CARTESIAN_POINT('',(-5.39152056333592E-16,-0.5,0.));
#11791=CARTESIAN_POINT('',(2.29636272641737,-0.5,0.));
#11792=CARTESIAN_POINT('',(2.29636272641737,-0.596362726417366,0.));
#11793=CARTESIAN_POINT('',(2.2,-0.596362726417365,0.));
#11794=CARTESIAN_POINT('',(2.2,-2.4,0.));
#11795=CARTESIAN_POINT('',(2.2,-0.600632876273262,0.));
#11796=CARTESIAN_POINT('',(2.29936712372674,-0.600632876273262,0.));
#11797=CARTESIAN_POINT('',(2.29936712372674,-0.699999999999999,0.));
#11798=CARTESIAN_POINT('',(2.5,-0.7,0.));
#11799=CARTESIAN_POINT('',(2.5,-0.7,0.));
#11800=CARTESIAN_POINT('',(2.5,-2.5,0.));
#11801=CARTESIAN_POINT('',(2.5,-0.9,0.));
#11802=CARTESIAN_POINT('',(-5.39152056333592E-16,-0.9,0.));
#11803=CARTESIAN_POINT('',(2.29636272641737,-0.9,0.));
#11804=CARTESIAN_POINT('',(2.29636272641737,-0.996362726417366,0.));
#11805=CARTESIAN_POINT('',(2.2,-0.996362726417365,0.));
#11806=CARTESIAN_POINT('',(2.2,-2.8,0.));
#11807=CARTESIAN_POINT('',(2.2,-1.00063287627326,0.));
#11808=CARTESIAN_POINT('',(2.29936712372674,-1.00063287627326,0.));
#11809=CARTESIAN_POINT('',(2.29936712372674,-1.1,0.));
#11810=CARTESIAN_POINT('',(2.5,-1.1,0.));
#11811=CARTESIAN_POINT('',(2.5,-1.1,0.));
#11812=CARTESIAN_POINT('',(2.5,-2.5,0.));
#11813=CARTESIAN_POINT('',(2.5,-1.3,0.));
#11814=CARTESIAN_POINT('',(-5.39152056333592E-16,-1.3,0.));
#11815=CARTESIAN_POINT('',(2.29636272641737,-1.3,0.));
#11816=CARTESIAN_POINT('',(2.29636272641737,-1.39636272641737,0.));
#11817=CARTESIAN_POINT('',(2.2,-1.39636272641737,0.));
#11818=CARTESIAN_POINT('',(2.2,-3.2,0.));
#11819=CARTESIAN_POINT('',(2.2,-1.40063287627326,0.));
#11820=CARTESIAN_POINT('',(2.29936712372674,-1.40063287627326,0.));
#11821=CARTESIAN_POINT('',(2.29936712372674,-1.5,0.));
#11822=CARTESIAN_POINT('',(2.5,-1.5,0.));
#11823=CARTESIAN_POINT('',(2.5,-1.5,0.));
#11824=CARTESIAN_POINT('',(2.5,-2.5,0.));
#11825=CARTESIAN_POINT('',(2.5,-1.7,0.));
#11826=CARTESIAN_POINT('',(-5.39152056333592E-16,-1.7,0.));
#11827=CARTESIAN_POINT('',(2.29636272641737,-1.7,0.));
#11828=CARTESIAN_POINT('',(2.29636272641737,-1.79636272641737,0.));
#11829=CARTESIAN_POINT('',(2.2,-1.79636272641737,0.));
#11830=CARTESIAN_POINT('',(2.2,-3.6,0.));
#11831=CARTESIAN_POINT('',(2.2,-1.80063287627326,0.));
#11832=CARTESIAN_POINT('',(2.29936712372674,-1.80063287627326,0.));
#11833=CARTESIAN_POINT('',(2.29936712372674,-1.9,0.));
#11834=CARTESIAN_POINT('',(2.5,-1.9,0.));
#11835=CARTESIAN_POINT('',(2.5,-1.9,0.));
#11836=CARTESIAN_POINT('',(2.5,-2.5,0.));
#11837=CARTESIAN_POINT('',(2.5,-2.5,0.));
#11838=CARTESIAN_POINT('',(-2.5,-2.5,0.));
#11839=CARTESIAN_POINT('',(1.9,-2.5,0.));
#11840=CARTESIAN_POINT('',(1.9,0.,0.));
#11841=CARTESIAN_POINT('',(1.9,-2.29636272641737,0.));
#11842=CARTESIAN_POINT('',(1.80363727358263,-2.29636272641737,0.));
#11843=CARTESIAN_POINT('',(1.80363727358263,-2.2,0.));
#11844=CARTESIAN_POINT('',(0.,-2.2,0.));
#11845=CARTESIAN_POINT('',(1.79936712372674,-2.2,0.));
#11846=CARTESIAN_POINT('',(1.79936712372674,-2.29936712372674,0.));
#11847=CARTESIAN_POINT('',(1.7,-2.29936712372674,0.));
#11848=CARTESIAN_POINT('',(1.7,-2.5,0.));
#11849=CARTESIAN_POINT('',(1.7,-2.5,0.));
#11850=CARTESIAN_POINT('',(-2.5,-2.5,0.));
#11851=CARTESIAN_POINT('',(1.5,-2.5,0.));
#11852=CARTESIAN_POINT('',(1.5,0.,0.));
#11853=CARTESIAN_POINT('',(1.5,-2.29636272641737,0.));
#11854=CARTESIAN_POINT('',(1.40363727358263,-2.29636272641737,0.));
#11855=CARTESIAN_POINT('',(1.40363727358263,-2.2,0.));
#11856=CARTESIAN_POINT('',(-0.4,-2.2,0.));
#11857=CARTESIAN_POINT('',(1.39936712372674,-2.2,0.));
#11858=CARTESIAN_POINT('',(1.39936712372674,-2.29936712372674,0.));
#11859=CARTESIAN_POINT('',(1.3,-2.29936712372674,0.));
#11860=CARTESIAN_POINT('',(1.3,-2.5,0.));
#11861=CARTESIAN_POINT('',(1.3,-2.5,0.));
#11862=CARTESIAN_POINT('',(-2.5,-2.5,0.));
#11863=CARTESIAN_POINT('',(1.1,-2.5,0.));
#11864=CARTESIAN_POINT('',(1.1,0.,0.));
#11865=CARTESIAN_POINT('',(1.1,-2.29636272641737,0.));
#11866=CARTESIAN_POINT('',(1.00363727358263,-2.29636272641737,0.));
#11867=CARTESIAN_POINT('',(1.00363727358263,-2.2,0.));
#11868=CARTESIAN_POINT('',(-0.8,-2.2,0.));
#11869=CARTESIAN_POINT('',(0.999367123726738,-2.2,0.));
#11870=CARTESIAN_POINT('',(0.999367123726738,-2.29936712372674,0.));
#11871=CARTESIAN_POINT('',(0.900000000000001,-2.29936712372674,0.));
#11872=CARTESIAN_POINT('',(0.9,-2.5,0.));
#11873=CARTESIAN_POINT('',(0.9,-2.5,0.));
#11874=CARTESIAN_POINT('',(-2.5,-2.5,0.));
#11875=CARTESIAN_POINT('',(0.7,-2.5,0.));
#11876=CARTESIAN_POINT('',(0.7,0.,0.));
#11877=CARTESIAN_POINT('',(0.7,-2.29636272641737,0.));
#11878=CARTESIAN_POINT('',(0.603637273582634,-2.29636272641737,0.));
#11879=CARTESIAN_POINT('',(0.603637273582635,-2.2,0.));
#11880=CARTESIAN_POINT('',(-1.2,-2.2,0.));
#11881=CARTESIAN_POINT('',(0.599367123726738,-2.2,0.));
#11882=CARTESIAN_POINT('',(0.599367123726738,-2.29936712372674,0.));
#11883=CARTESIAN_POINT('',(0.500000000000001,-2.29936712372674,0.));
#11884=CARTESIAN_POINT('',(0.5,-2.5,0.));
#11885=CARTESIAN_POINT('',(0.5,-2.5,0.));
#11886=CARTESIAN_POINT('',(-2.5,-2.5,0.));
#11887=CARTESIAN_POINT('',(0.3,-2.5,0.));
#11888=CARTESIAN_POINT('',(0.3,0.,0.));
#11889=CARTESIAN_POINT('',(0.3,-2.29636272641737,0.));
#11890=CARTESIAN_POINT('',(0.203637273582634,-2.29636272641737,0.));
#11891=CARTESIAN_POINT('',(0.203637273582635,-2.2,0.));
#11892=CARTESIAN_POINT('',(-1.6,-2.2,0.));
#11893=CARTESIAN_POINT('',(0.199367123726738,-2.2,0.));
#11894=CARTESIAN_POINT('',(0.199367123726738,-2.29936712372674,0.));
#11895=CARTESIAN_POINT('',(0.100000000000001,-2.29936712372674,0.));
#11896=CARTESIAN_POINT('',(0.1,-2.5,0.));
#11897=CARTESIAN_POINT('',(0.1,-2.5,0.));
#11898=CARTESIAN_POINT('',(-2.5,-2.5,0.));
#11899=CARTESIAN_POINT('',(-0.0999999999999998,-2.5,0.));
#11900=CARTESIAN_POINT('',(-0.0999999999999998,0.,0.));
#11901=CARTESIAN_POINT('',(-0.0999999999999998,-2.29636272641737,0.));
#11902=CARTESIAN_POINT('',(-0.196362726417366,-2.29636272641737,0.));
#11903=CARTESIAN_POINT('',(-0.196362726417365,-2.2,0.));
#11904=CARTESIAN_POINT('',(-2.,-2.2,0.));
#11905=CARTESIAN_POINT('',(-0.200632876273262,-2.2,0.));
#11906=CARTESIAN_POINT('',(-0.200632876273262,-2.29936712372674,0.));
#11907=CARTESIAN_POINT('',(-0.299999999999999,-2.29936712372674,0.));
#11908=CARTESIAN_POINT('',(-0.3,-2.5,0.));
#11909=CARTESIAN_POINT('',(-0.299999999999999,-2.5,0.));
#11910=CARTESIAN_POINT('',(-2.5,-2.5,0.));
#11911=CARTESIAN_POINT('',(-0.5,-2.5,0.));
#11912=CARTESIAN_POINT('',(-0.5,0.,0.));
#11913=CARTESIAN_POINT('',(-0.5,-2.29636272641737,0.));
#11914=CARTESIAN_POINT('',(-0.596362726417366,-2.29636272641737,0.));
#11915=CARTESIAN_POINT('',(-0.596362726417366,-2.2,0.));
#11916=CARTESIAN_POINT('',(-2.4,-2.2,0.));
#11917=CARTESIAN_POINT('',(-0.600632876273262,-2.2,0.));
#11918=CARTESIAN_POINT('',(-0.600632876273262,-2.29936712372674,0.));
#11919=CARTESIAN_POINT('',(-0.699999999999999,-2.29936712372674,0.));
#11920=CARTESIAN_POINT('',(-0.7,-2.5,0.));
#11921=CARTESIAN_POINT('',(-0.7,-2.5,0.));
#11922=CARTESIAN_POINT('',(-2.5,-2.5,0.));
#11923=CARTESIAN_POINT('',(-0.9,-2.5,0.));
#11924=CARTESIAN_POINT('',(-0.9,0.,0.));
#11925=CARTESIAN_POINT('',(-0.9,-2.29636272641737,0.));
#11926=CARTESIAN_POINT('',(-0.996362726417366,-2.29636272641737,0.));
#11927=CARTESIAN_POINT('',(-0.996362726417365,-2.2,0.));
#11928=CARTESIAN_POINT('',(-2.8,-2.2,0.));
#11929=CARTESIAN_POINT('',(-1.00063287627326,-2.2,0.));
#11930=CARTESIAN_POINT('',(-1.00063287627326,-2.29936712372674,0.));
#11931=CARTESIAN_POINT('',(-1.1,-2.29936712372674,0.));
#11932=CARTESIAN_POINT('',(-1.1,-2.5,0.));
#11933=CARTESIAN_POINT('',(-1.1,-2.5,0.));
#11934=CARTESIAN_POINT('',(-2.5,-2.5,0.));
#11935=CARTESIAN_POINT('',(-1.3,-2.5,0.));
#11936=CARTESIAN_POINT('',(-1.3,0.,0.));
#11937=CARTESIAN_POINT('',(-1.3,-2.29636272641737,0.));
#11938=CARTESIAN_POINT('',(-1.39636272641737,-2.29636272641737,0.));
#11939=CARTESIAN_POINT('',(-1.39636272641737,-2.2,0.));
#11940=CARTESIAN_POINT('',(-3.2,-2.2,0.));
#11941=CARTESIAN_POINT('',(-1.40063287627326,-2.2,0.));
#11942=CARTESIAN_POINT('',(-1.40063287627326,-2.29936712372674,0.));
#11943=CARTESIAN_POINT('',(-1.5,-2.29936712372674,0.));
#11944=CARTESIAN_POINT('',(-1.5,-2.5,0.));
#11945=CARTESIAN_POINT('',(-1.5,-2.5,0.));
#11946=CARTESIAN_POINT('',(-2.5,-2.5,0.));
#11947=CARTESIAN_POINT('',(-1.7,-2.5,0.));
#11948=CARTESIAN_POINT('',(-1.7,0.,0.));
#11949=CARTESIAN_POINT('',(-1.7,-2.29636272641737,0.));
#11950=CARTESIAN_POINT('',(-1.79636272641737,-2.29636272641737,0.));
#11951=CARTESIAN_POINT('',(-1.79636272641737,-2.2,0.));
#11952=CARTESIAN_POINT('',(-3.6,-2.2,0.));
#11953=CARTESIAN_POINT('',(-1.80063287627326,-2.2,0.));
#11954=CARTESIAN_POINT('',(-1.80063287627326,-2.29936712372674,0.));
#11955=CARTESIAN_POINT('',(-1.9,-2.29936712372674,0.));
#11956=CARTESIAN_POINT('',(-1.9,-2.5,0.));
#11957=CARTESIAN_POINT('',(-1.895,-1.895,0.));
#11958=CARTESIAN_POINT('',(-1.895,-1.895,0.));
#11959=CARTESIAN_POINT('',(-1.895,1.545,0.));
#11960=CARTESIAN_POINT('',(1.895,-1.895,0.));
#11961=CARTESIAN_POINT('',(1.895,-1.895,0.));
#11962=CARTESIAN_POINT('',(1.895,1.895,0.));
#11963=CARTESIAN_POINT('',(1.895,1.895,0.));
#11964=CARTESIAN_POINT('',(-1.895,1.895,0.));
#11965=CARTESIAN_POINT('',(-1.545,1.895,0.));
#11966=CARTESIAN_POINT('',(-1.72,1.72,0.));
#11967=CARTESIAN_POINT('',(-1.80063287627326,-2.29936712372674,-0.02));
#11968=CARTESIAN_POINT('',(-1.80063287627326,-2.29936712372674,-0.02));
#11969=CARTESIAN_POINT('',(-1.80063287627326,-2.2,-0.02));
#11970=CARTESIAN_POINT('',(-1.9,-2.29936712372674,-0.02));
#11971=CARTESIAN_POINT('',(-1.79636272641737,-2.2,-0.02));
#11972=CARTESIAN_POINT('',(-1.79636272641737,-2.2,-0.02));
#11973=CARTESIAN_POINT('',(-1.79636272641737,-2.29636272641737,-0.02));
#11974=CARTESIAN_POINT('',(-1.7,-2.29636272641737,-0.02));
#11975=CARTESIAN_POINT('',(-1.7,-2.52,-0.02));
#11976=CARTESIAN_POINT('',(-1.7,-2.52,-0.02));
#11977=CARTESIAN_POINT('',(-1.9,-2.52,-0.02));
#11978=CARTESIAN_POINT('',(-1.9,-2.52,-0.02));
#11979=CARTESIAN_POINT('',(-1.9,-2.29936712372674,-0.02));
#11980=CARTESIAN_POINT('',(-1.79636272641737,-2.2,-0.02));
#11981=CARTESIAN_POINT('',(-1.79636272641737,-2.2,-0.02));
#11982=CARTESIAN_POINT('',(-1.80063287627326,-2.2,-0.02));
#11983=CARTESIAN_POINT('',(-1.79636272641737,-2.29636272641737,-0.02));
#11984=CARTESIAN_POINT('',(-1.7,-2.29636272641737,-0.02));
#11985=CARTESIAN_POINT('',(-1.7,-2.5,-0.02));
#11986=CARTESIAN_POINT('',(-1.7,-2.52,-0.02));
#11987=CARTESIAN_POINT('',(-1.7,-2.52,0.18));
#11988=CARTESIAN_POINT('',(-1.7,-2.5,0.73));
#11989=CARTESIAN_POINT('',(-1.7,-2.5,0.18));
#11990=CARTESIAN_POINT('',(-1.7,-2.52,0.18));
#11991=CARTESIAN_POINT('',(-1.9,-2.52,-0.02));
#11992=CARTESIAN_POINT('',(-1.9,-2.52,-0.02));
#11993=CARTESIAN_POINT('',(-1.9,-2.52,0.18));
#11994=CARTESIAN_POINT('',(-1.9,-2.52,0.18));
#11995=CARTESIAN_POINT('',(-1.9,-2.5,-0.02));
#11996=CARTESIAN_POINT('',(-1.9,-2.29936712372674,-0.02));
#11997=CARTESIAN_POINT('',(-1.9,-2.5,0.18));
#11998=CARTESIAN_POINT('',(-1.9,-2.5,0.18));
#11999=CARTESIAN_POINT('',(-1.9,-2.5,0.73));
#12000=CARTESIAN_POINT('',(-1.80063287627326,-2.29936712372674,-0.02));
#12001=CARTESIAN_POINT('',(-3.6,0.,0.18));
#12002=CARTESIAN_POINT('',(-6.1,-2.5,0.18));
#12003=CARTESIAN_POINT('',(-1.40063287627326,-2.29936712372674,-0.02));
#12004=CARTESIAN_POINT('',(-1.40063287627326,-2.29936712372674,-0.02));
#12005=CARTESIAN_POINT('',(-1.40063287627326,-2.2,-0.02));
#12006=CARTESIAN_POINT('',(-1.5,-2.29936712372674,-0.02));
#12007=CARTESIAN_POINT('',(-1.39636272641737,-2.2,-0.02));
#12008=CARTESIAN_POINT('',(-1.39636272641737,-2.2,-0.02));
#12009=CARTESIAN_POINT('',(-1.39636272641737,-2.29636272641737,-0.02));
#12010=CARTESIAN_POINT('',(-1.3,-2.29636272641737,-0.02));
#12011=CARTESIAN_POINT('',(-1.3,-2.52,-0.02));
#12012=CARTESIAN_POINT('',(-1.3,-2.52,-0.02));
#12013=CARTESIAN_POINT('',(-1.5,-2.52,-0.02));
#12014=CARTESIAN_POINT('',(-1.5,-2.52,-0.02));
#12015=CARTESIAN_POINT('',(-1.5,-2.29936712372674,-0.02));
#12016=CARTESIAN_POINT('',(-1.39636272641737,-2.2,-0.02));
#12017=CARTESIAN_POINT('',(-1.39636272641737,-2.2,-0.02));
#12018=CARTESIAN_POINT('',(-1.40063287627326,-2.2,-0.02));
#12019=CARTESIAN_POINT('',(-1.39636272641737,-2.29636272641737,-0.02));
#12020=CARTESIAN_POINT('',(-1.3,-2.29636272641737,-0.02));
#12021=CARTESIAN_POINT('',(-1.3,-2.5,-0.02));
#12022=CARTESIAN_POINT('',(-1.3,-2.52,-0.02));
#12023=CARTESIAN_POINT('',(-1.3,-2.52,0.18));
#12024=CARTESIAN_POINT('',(-1.3,-2.5,0.73));
#12025=CARTESIAN_POINT('',(-1.3,-2.5,0.18));
#12026=CARTESIAN_POINT('',(-1.3,-2.52,0.18));
#12027=CARTESIAN_POINT('',(-1.5,-2.52,-0.02));
#12028=CARTESIAN_POINT('',(-1.5,-2.52,-0.02));
#12029=CARTESIAN_POINT('',(-1.5,-2.52,0.18));
#12030=CARTESIAN_POINT('',(-1.5,-2.52,0.18));
#12031=CARTESIAN_POINT('',(-1.5,-2.5,-0.02));
#12032=CARTESIAN_POINT('',(-1.5,-2.29936712372674,-0.02));
#12033=CARTESIAN_POINT('',(-1.5,-2.5,0.18));
#12034=CARTESIAN_POINT('',(-1.5,-2.5,0.18));
#12035=CARTESIAN_POINT('',(-1.5,-2.5,0.73));
#12036=CARTESIAN_POINT('',(-1.40063287627326,-2.29936712372674,-0.02));
#12037=CARTESIAN_POINT('',(-3.2,0.,0.18));
#12038=CARTESIAN_POINT('',(-5.7,-2.5,0.18));
#12039=CARTESIAN_POINT('',(-1.00063287627326,-2.29936712372674,-0.02));
#12040=CARTESIAN_POINT('',(-1.00063287627326,-2.29936712372674,-0.02));
#12041=CARTESIAN_POINT('',(-1.00063287627326,-2.2,-0.02));
#12042=CARTESIAN_POINT('',(-1.1,-2.29936712372674,-0.02));
#12043=CARTESIAN_POINT('',(-0.996362726417365,-2.2,-0.02));
#12044=CARTESIAN_POINT('',(-0.996362726417365,-2.2,-0.02));
#12045=CARTESIAN_POINT('',(-0.996362726417366,-2.29636272641737,-0.02));
#12046=CARTESIAN_POINT('',(-0.9,-2.29636272641737,-0.02));
#12047=CARTESIAN_POINT('',(-0.9,-2.52,-0.02));
#12048=CARTESIAN_POINT('',(-0.9,-2.52,-0.02));
#12049=CARTESIAN_POINT('',(-1.1,-2.52,-0.02));
#12050=CARTESIAN_POINT('',(-1.1,-2.52,-0.02));
#12051=CARTESIAN_POINT('',(-1.1,-2.29936712372674,-0.02));
#12052=CARTESIAN_POINT('',(-0.996362726417365,-2.2,-0.02));
#12053=CARTESIAN_POINT('',(-0.996362726417365,-2.2,-0.02));
#12054=CARTESIAN_POINT('',(-1.00063287627326,-2.2,-0.02));
#12055=CARTESIAN_POINT('',(-0.996362726417366,-2.29636272641737,-0.02));
#12056=CARTESIAN_POINT('',(-0.9,-2.29636272641737,-0.02));
#12057=CARTESIAN_POINT('',(-0.9,-2.5,-0.02));
#12058=CARTESIAN_POINT('',(-0.9,-2.52,-0.02));
#12059=CARTESIAN_POINT('',(-0.9,-2.52,0.18));
#12060=CARTESIAN_POINT('',(-0.9,-2.5,0.73));
#12061=CARTESIAN_POINT('',(-0.9,-2.5,0.18));
#12062=CARTESIAN_POINT('',(-0.9,-2.52,0.18));
#12063=CARTESIAN_POINT('',(-1.1,-2.52,-0.02));
#12064=CARTESIAN_POINT('',(-1.1,-2.52,-0.02));
#12065=CARTESIAN_POINT('',(-1.1,-2.52,0.18));
#12066=CARTESIAN_POINT('',(-1.1,-2.52,0.18));
#12067=CARTESIAN_POINT('',(-1.1,-2.5,-0.02));
#12068=CARTESIAN_POINT('',(-1.1,-2.29936712372674,-0.02));
#12069=CARTESIAN_POINT('',(-1.1,-2.5,0.18));
#12070=CARTESIAN_POINT('',(-1.1,-2.5,0.18));
#12071=CARTESIAN_POINT('',(-1.1,-2.5,0.73));
#12072=CARTESIAN_POINT('',(-1.00063287627326,-2.29936712372674,-0.02));
#12073=CARTESIAN_POINT('',(-2.8,0.,0.18));
#12074=CARTESIAN_POINT('',(-5.3,-2.5,0.18));
#12075=CARTESIAN_POINT('',(-0.600632876273262,-2.29936712372674,-0.02));
#12076=CARTESIAN_POINT('',(-0.600632876273262,-2.29936712372674,-0.02));
#12077=CARTESIAN_POINT('',(-0.600632876273262,-2.2,-0.02));
#12078=CARTESIAN_POINT('',(-0.699999999999999,-2.29936712372674,-0.02));
#12079=CARTESIAN_POINT('',(-0.596362726417366,-2.2,-0.02));
#12080=CARTESIAN_POINT('',(-0.596362726417366,-2.2,-0.02));
#12081=CARTESIAN_POINT('',(-0.596362726417366,-2.29636272641737,-0.02));
#12082=CARTESIAN_POINT('',(-0.5,-2.29636272641737,-0.02));
#12083=CARTESIAN_POINT('',(-0.5,-2.52,-0.02));
#12084=CARTESIAN_POINT('',(-0.5,-2.52,-0.02));
#12085=CARTESIAN_POINT('',(-0.7,-2.52,-0.02));
#12086=CARTESIAN_POINT('',(-0.7,-2.52,-0.02));
#12087=CARTESIAN_POINT('',(-0.699999999999999,-2.29936712372674,-0.02));
#12088=CARTESIAN_POINT('',(-0.596362726417366,-2.2,-0.02));
#12089=CARTESIAN_POINT('',(-0.596362726417366,-2.2,-0.02));
#12090=CARTESIAN_POINT('',(-0.600632876273262,-2.2,-0.02));
#12091=CARTESIAN_POINT('',(-0.596362726417366,-2.29636272641737,-0.02));
#12092=CARTESIAN_POINT('',(-0.5,-2.29636272641737,-0.02));
#12093=CARTESIAN_POINT('',(-0.5,-2.5,-0.02));
#12094=CARTESIAN_POINT('',(-0.5,-2.52,-0.02));
#12095=CARTESIAN_POINT('',(-0.5,-2.52,0.18));
#12096=CARTESIAN_POINT('',(-0.5,-2.5,0.73));
#12097=CARTESIAN_POINT('',(-0.5,-2.5,0.18));
#12098=CARTESIAN_POINT('',(-0.5,-2.52,0.18));
#12099=CARTESIAN_POINT('',(-0.7,-2.52,-0.02));
#12100=CARTESIAN_POINT('',(-0.7,-2.52,-0.02));
#12101=CARTESIAN_POINT('',(-0.7,-2.52,0.18));
#12102=CARTESIAN_POINT('',(-0.7,-2.52,0.18));
#12103=CARTESIAN_POINT('',(-0.7,-2.5,-0.02));
#12104=CARTESIAN_POINT('',(-0.699999999999999,-2.29936712372674,-0.02));
#12105=CARTESIAN_POINT('',(-0.7,-2.5,0.18));
#12106=CARTESIAN_POINT('',(-0.700000000000001,-2.5,0.18));
#12107=CARTESIAN_POINT('',(-0.7,-2.5,0.73));
#12108=CARTESIAN_POINT('',(-0.600632876273262,-2.29936712372674,-0.02));
#12109=CARTESIAN_POINT('',(-2.4,0.,0.18));
#12110=CARTESIAN_POINT('',(-4.9,-2.5,0.18));
#12111=CARTESIAN_POINT('',(-0.200632876273262,-2.29936712372674,-0.02));
#12112=CARTESIAN_POINT('',(-0.200632876273262,-2.29936712372674,-0.02));
#12113=CARTESIAN_POINT('',(-0.200632876273262,-2.2,-0.02));
#12114=CARTESIAN_POINT('',(-0.299999999999999,-2.29936712372674,-0.02));
#12115=CARTESIAN_POINT('',(-0.196362726417365,-2.2,-0.02));
#12116=CARTESIAN_POINT('',(-0.196362726417365,-2.2,-0.02));
#12117=CARTESIAN_POINT('',(-0.196362726417366,-2.29636272641737,-0.02));
#12118=CARTESIAN_POINT('',(-0.0999999999999998,-2.29636272641737,-0.02));
#12119=CARTESIAN_POINT('',(-0.0999999999999998,-2.52,-0.02));
#12120=CARTESIAN_POINT('',(-0.0999999999999998,-2.52,-0.02));
#12121=CARTESIAN_POINT('',(-0.3,-2.52,-0.02));
#12122=CARTESIAN_POINT('',(-0.3,-2.52,-0.02));
#12123=CARTESIAN_POINT('',(-0.299999999999999,-2.29936712372674,-0.02));
#12124=CARTESIAN_POINT('',(-0.196362726417365,-2.2,-0.02));
#12125=CARTESIAN_POINT('',(-0.196362726417365,-2.2,-0.02));
#12126=CARTESIAN_POINT('',(-0.200632876273262,-2.2,-0.02));
#12127=CARTESIAN_POINT('',(-0.196362726417366,-2.29636272641737,-0.02));
#12128=CARTESIAN_POINT('',(-0.0999999999999998,-2.29636272641737,-0.02));
#12129=CARTESIAN_POINT('',(-0.0999999999999998,-2.5,-0.02));
#12130=CARTESIAN_POINT('',(-0.0999999999999998,-2.52,-0.02));
#12131=CARTESIAN_POINT('',(-0.0999999999999998,-2.52,0.18));
#12132=CARTESIAN_POINT('',(-0.0999999999999998,-2.5,0.73));
#12133=CARTESIAN_POINT('',(-0.0999999999999998,-2.5,0.18));
#12134=CARTESIAN_POINT('',(-0.0999999999999998,-2.52,0.18));
#12135=CARTESIAN_POINT('',(-0.3,-2.52,-0.02));
#12136=CARTESIAN_POINT('',(-0.3,-2.52,-0.02));
#12137=CARTESIAN_POINT('',(-0.3,-2.52,0.18));
#12138=CARTESIAN_POINT('',(-0.3,-2.52,0.18));
#12139=CARTESIAN_POINT('',(-0.3,-2.5,-0.02));
#12140=CARTESIAN_POINT('',(-0.299999999999999,-2.29936712372674,-0.02));
#12141=CARTESIAN_POINT('',(-0.3,-2.5,0.18));
#12142=CARTESIAN_POINT('',(-0.3,-2.5,0.18));
#12143=CARTESIAN_POINT('',(-0.299999999999999,-2.5,0.73));
#12144=CARTESIAN_POINT('',(-0.200632876273262,-2.29936712372674,-0.02));
#12145=CARTESIAN_POINT('',(-2.,0.,0.18));
#12146=CARTESIAN_POINT('',(-4.5,-2.5,0.18));
#12147=CARTESIAN_POINT('',(0.199367123726738,-2.29936712372674,-0.02));
#12148=CARTESIAN_POINT('',(0.199367123726738,-2.29936712372674,-0.02));
#12149=CARTESIAN_POINT('',(0.199367123726738,-2.2,-0.02));
#12150=CARTESIAN_POINT('',(0.100000000000001,-2.29936712372674,-0.02));
#12151=CARTESIAN_POINT('',(0.203637273582635,-2.2,-0.02));
#12152=CARTESIAN_POINT('',(0.203637273582635,-2.2,-0.02));
#12153=CARTESIAN_POINT('',(0.203637273582634,-2.29636272641737,-0.02));
#12154=CARTESIAN_POINT('',(0.3,-2.29636272641737,-0.02));
#12155=CARTESIAN_POINT('',(0.3,-2.52,-0.02));
#12156=CARTESIAN_POINT('',(0.3,-2.52,-0.02));
#12157=CARTESIAN_POINT('',(0.1,-2.52,-0.02));
#12158=CARTESIAN_POINT('',(0.1,-2.52,-0.02));
#12159=CARTESIAN_POINT('',(0.100000000000001,-2.29936712372674,-0.02));
#12160=CARTESIAN_POINT('',(0.203637273582635,-2.2,-0.02));
#12161=CARTESIAN_POINT('',(0.203637273582635,-2.2,-0.02));
#12162=CARTESIAN_POINT('',(0.199367123726738,-2.2,-0.02));
#12163=CARTESIAN_POINT('',(0.203637273582634,-2.29636272641737,-0.02));
#12164=CARTESIAN_POINT('',(0.3,-2.29636272641737,-0.02));
#12165=CARTESIAN_POINT('',(0.3,-2.5,-0.02));
#12166=CARTESIAN_POINT('',(0.3,-2.52,-0.02));
#12167=CARTESIAN_POINT('',(0.3,-2.52,0.18));
#12168=CARTESIAN_POINT('',(0.3,-2.5,0.73));
#12169=CARTESIAN_POINT('',(0.3,-2.5,0.18));
#12170=CARTESIAN_POINT('',(0.3,-2.52,0.18));
#12171=CARTESIAN_POINT('',(0.1,-2.52,-0.02));
#12172=CARTESIAN_POINT('',(0.1,-2.52,-0.02));
#12173=CARTESIAN_POINT('',(0.1,-2.52,0.18));
#12174=CARTESIAN_POINT('',(0.1,-2.52,0.18));
#12175=CARTESIAN_POINT('',(0.1,-2.5,-0.02));
#12176=CARTESIAN_POINT('',(0.100000000000001,-2.29936712372674,-0.02));
#12177=CARTESIAN_POINT('',(0.1,-2.5,0.18));
#12178=CARTESIAN_POINT('',(0.0999999999999996,-2.5,0.18));
#12179=CARTESIAN_POINT('',(0.1,-2.5,0.73));
#12180=CARTESIAN_POINT('',(0.199367123726738,-2.29936712372674,-0.02));
#12181=CARTESIAN_POINT('',(-1.6,0.,0.18));
#12182=CARTESIAN_POINT('',(-4.1,-2.5,0.18));
#12183=CARTESIAN_POINT('',(0.599367123726738,-2.29936712372674,-0.02));
#12184=CARTESIAN_POINT('',(0.599367123726738,-2.29936712372674,-0.02));
#12185=CARTESIAN_POINT('',(0.599367123726738,-2.2,-0.02));
#12186=CARTESIAN_POINT('',(0.500000000000001,-2.29936712372674,-0.02));
#12187=CARTESIAN_POINT('',(0.603637273582635,-2.2,-0.02));
#12188=CARTESIAN_POINT('',(0.603637273582635,-2.2,-0.02));
#12189=CARTESIAN_POINT('',(0.603637273582634,-2.29636272641737,-0.02));
#12190=CARTESIAN_POINT('',(0.7,-2.29636272641737,-0.02));
#12191=CARTESIAN_POINT('',(0.7,-2.52,-0.02));
#12192=CARTESIAN_POINT('',(0.7,-2.52,-0.02));
#12193=CARTESIAN_POINT('',(0.5,-2.52,-0.02));
#12194=CARTESIAN_POINT('',(0.5,-2.52,-0.02));
#12195=CARTESIAN_POINT('',(0.500000000000001,-2.29936712372674,-0.02));
#12196=CARTESIAN_POINT('',(0.603637273582635,-2.2,-0.02));
#12197=CARTESIAN_POINT('',(0.603637273582635,-2.2,-0.02));
#12198=CARTESIAN_POINT('',(0.599367123726738,-2.2,-0.02));
#12199=CARTESIAN_POINT('',(0.603637273582634,-2.29636272641737,-0.02));
#12200=CARTESIAN_POINT('',(0.7,-2.29636272641737,-0.02));
#12201=CARTESIAN_POINT('',(0.7,-2.5,-0.02));
#12202=CARTESIAN_POINT('',(0.7,-2.52,-0.02));
#12203=CARTESIAN_POINT('',(0.7,-2.52,0.18));
#12204=CARTESIAN_POINT('',(0.7,-2.5,0.73));
#12205=CARTESIAN_POINT('',(0.7,-2.5,0.18));
#12206=CARTESIAN_POINT('',(0.7,-2.52,0.18));
#12207=CARTESIAN_POINT('',(0.5,-2.52,-0.02));
#12208=CARTESIAN_POINT('',(0.5,-2.52,-0.02));
#12209=CARTESIAN_POINT('',(0.5,-2.52,0.18));
#12210=CARTESIAN_POINT('',(0.5,-2.52,0.18));
#12211=CARTESIAN_POINT('',(0.5,-2.5,-0.02));
#12212=CARTESIAN_POINT('',(0.500000000000001,-2.29936712372674,-0.02));
#12213=CARTESIAN_POINT('',(0.5,-2.5,0.18));
#12214=CARTESIAN_POINT('',(0.5,-2.5,0.18));
#12215=CARTESIAN_POINT('',(0.5,-2.5,0.73));
#12216=CARTESIAN_POINT('',(0.599367123726738,-2.29936712372674,-0.02));
#12217=CARTESIAN_POINT('',(-1.2,0.,0.18));
#12218=CARTESIAN_POINT('',(-3.7,-2.5,0.18));
#12219=CARTESIAN_POINT('',(0.999367123726738,-2.29936712372674,-0.02));
#12220=CARTESIAN_POINT('',(0.999367123726738,-2.29936712372674,-0.02));
#12221=CARTESIAN_POINT('',(0.999367123726738,-2.2,-0.02));
#12222=CARTESIAN_POINT('',(0.900000000000001,-2.29936712372674,-0.02));
#12223=CARTESIAN_POINT('',(1.00363727358263,-2.2,-0.02));
#12224=CARTESIAN_POINT('',(1.00363727358263,-2.2,-0.02));
#12225=CARTESIAN_POINT('',(1.00363727358263,-2.29636272641737,-0.02));
#12226=CARTESIAN_POINT('',(1.1,-2.29636272641737,-0.02));
#12227=CARTESIAN_POINT('',(1.1,-2.52,-0.02));
#12228=CARTESIAN_POINT('',(1.1,-2.52,-0.02));
#12229=CARTESIAN_POINT('',(0.9,-2.52,-0.02));
#12230=CARTESIAN_POINT('',(0.9,-2.52,-0.02));
#12231=CARTESIAN_POINT('',(0.900000000000001,-2.29936712372674,-0.02));
#12232=CARTESIAN_POINT('',(1.00363727358263,-2.2,-0.02));
#12233=CARTESIAN_POINT('',(1.00363727358263,-2.2,-0.02));
#12234=CARTESIAN_POINT('',(0.999367123726738,-2.2,-0.02));
#12235=CARTESIAN_POINT('',(1.00363727358263,-2.29636272641737,-0.02));
#12236=CARTESIAN_POINT('',(1.1,-2.29636272641737,-0.02));
#12237=CARTESIAN_POINT('',(1.1,-2.5,-0.02));
#12238=CARTESIAN_POINT('',(1.1,-2.52,-0.02));
#12239=CARTESIAN_POINT('',(1.1,-2.52,0.18));
#12240=CARTESIAN_POINT('',(1.1,-2.5,0.73));
#12241=CARTESIAN_POINT('',(1.1,-2.5,0.18));
#12242=CARTESIAN_POINT('',(1.1,-2.52,0.18));
#12243=CARTESIAN_POINT('',(0.9,-2.52,-0.02));
#12244=CARTESIAN_POINT('',(0.9,-2.52,-0.02));
#12245=CARTESIAN_POINT('',(0.9,-2.52,0.18));
#12246=CARTESIAN_POINT('',(0.9,-2.52,0.18));
#12247=CARTESIAN_POINT('',(0.9,-2.5,-0.02));
#12248=CARTESIAN_POINT('',(0.900000000000001,-2.29936712372674,-0.02));
#12249=CARTESIAN_POINT('',(0.9,-2.5,0.18));
#12250=CARTESIAN_POINT('',(0.9,-2.5,0.18));
#12251=CARTESIAN_POINT('',(0.9,-2.5,0.73));
#12252=CARTESIAN_POINT('',(0.999367123726738,-2.29936712372674,-0.02));
#12253=CARTESIAN_POINT('',(-0.8,0.,0.18));
#12254=CARTESIAN_POINT('',(-3.3,-2.5,0.18));
#12255=CARTESIAN_POINT('',(1.39936712372674,-2.29936712372674,-0.02));
#12256=CARTESIAN_POINT('',(1.39936712372674,-2.29936712372674,-0.02));
#12257=CARTESIAN_POINT('',(1.39936712372674,-2.2,-0.02));
#12258=CARTESIAN_POINT('',(1.3,-2.29936712372674,-0.02));
#12259=CARTESIAN_POINT('',(1.40363727358263,-2.2,-0.02));
#12260=CARTESIAN_POINT('',(1.40363727358263,-2.2,-0.02));
#12261=CARTESIAN_POINT('',(1.40363727358263,-2.29636272641737,-0.02));
#12262=CARTESIAN_POINT('',(1.5,-2.29636272641737,-0.02));
#12263=CARTESIAN_POINT('',(1.5,-2.52,-0.02));
#12264=CARTESIAN_POINT('',(1.5,-2.52,-0.02));
#12265=CARTESIAN_POINT('',(1.3,-2.52,-0.02));
#12266=CARTESIAN_POINT('',(1.3,-2.52,-0.02));
#12267=CARTESIAN_POINT('',(1.3,-2.29936712372674,-0.02));
#12268=CARTESIAN_POINT('',(1.40363727358263,-2.2,-0.02));
#12269=CARTESIAN_POINT('',(1.40363727358263,-2.2,-0.02));
#12270=CARTESIAN_POINT('',(1.39936712372674,-2.2,-0.02));
#12271=CARTESIAN_POINT('',(1.40363727358263,-2.29636272641737,-0.02));
#12272=CARTESIAN_POINT('',(1.5,-2.29636272641737,-0.02));
#12273=CARTESIAN_POINT('',(1.5,-2.5,-0.02));
#12274=CARTESIAN_POINT('',(1.5,-2.52,-0.02));
#12275=CARTESIAN_POINT('',(1.5,-2.52,0.18));
#12276=CARTESIAN_POINT('',(1.5,-2.5,0.73));
#12277=CARTESIAN_POINT('',(1.5,-2.5,0.18));
#12278=CARTESIAN_POINT('',(1.5,-2.52,0.18));
#12279=CARTESIAN_POINT('',(1.3,-2.52,-0.02));
#12280=CARTESIAN_POINT('',(1.3,-2.52,-0.02));
#12281=CARTESIAN_POINT('',(1.3,-2.52,0.18));
#12282=CARTESIAN_POINT('',(1.3,-2.52,0.18));
#12283=CARTESIAN_POINT('',(1.3,-2.5,-0.02));
#12284=CARTESIAN_POINT('',(1.3,-2.29936712372674,-0.02));
#12285=CARTESIAN_POINT('',(1.3,-2.5,0.18));
#12286=CARTESIAN_POINT('',(1.3,-2.5,0.18));
#12287=CARTESIAN_POINT('',(1.3,-2.5,0.73));
#12288=CARTESIAN_POINT('',(1.39936712372674,-2.29936712372674,-0.02));
#12289=CARTESIAN_POINT('',(-0.4,0.,0.18));
#12290=CARTESIAN_POINT('',(-2.9,-2.5,0.18));
#12291=CARTESIAN_POINT('',(1.79936712372674,-2.29936712372674,-0.02));
#12292=CARTESIAN_POINT('',(1.79936712372674,-2.2,-0.02));
#12293=CARTESIAN_POINT('',(1.79936712372674,-2.2,-0.02));
#12294=CARTESIAN_POINT('',(1.79936712372674,-2.29936712372674,-0.02));
#12295=CARTESIAN_POINT('',(1.7,-2.29936712372674,-0.02));
#12296=CARTESIAN_POINT('',(1.7,-2.29936712372674,-0.02));
#12297=CARTESIAN_POINT('',(1.7,-2.5,-0.02));
#12298=CARTESIAN_POINT('',(1.7,-2.29936712372674,-0.02));
#12299=CARTESIAN_POINT('',(1.7,-2.52,-0.02));
#12300=CARTESIAN_POINT('',(1.7,-2.52,-0.02));
#12301=CARTESIAN_POINT('',(1.7,-2.52,0.18));
#12302=CARTESIAN_POINT('',(1.7,-2.5,0.18));
#12303=CARTESIAN_POINT('',(1.7,-2.5,0.18));
#12304=CARTESIAN_POINT('',(1.7,-2.5,0.73));
#12305=CARTESIAN_POINT('',(1.7,-2.52,-0.02));
#12306=CARTESIAN_POINT('',(1.7,-2.52,-0.02));
#12307=CARTESIAN_POINT('',(1.9,-2.52,-0.02));
#12308=CARTESIAN_POINT('',(1.9,-2.52,-0.02));
#12309=CARTESIAN_POINT('',(1.9,-2.52,0.18));
#12310=CARTESIAN_POINT('',(1.7,-2.52,0.18));
#12311=CARTESIAN_POINT('',(1.9,-2.5,-0.02));
#12312=CARTESIAN_POINT('',(1.9,-2.52,-0.02));
#12313=CARTESIAN_POINT('',(1.9,-2.29636272641737,-0.02));
#12314=CARTESIAN_POINT('',(1.9,-2.29636272641737,-0.02));
#12315=CARTESIAN_POINT('',(1.9,-2.5,0.73));
#12316=CARTESIAN_POINT('',(1.9,-2.5,0.18));
#12317=CARTESIAN_POINT('',(1.9,-2.52,0.18));
#12318=CARTESIAN_POINT('',(1.80363727358263,-2.29636272641737,-0.02));
#12319=CARTESIAN_POINT('',(1.80363727358263,-2.29636272641737,-0.02));
#12320=CARTESIAN_POINT('',(1.80363727358263,-2.2,-0.02));
#12321=CARTESIAN_POINT('',(1.80363727358263,-2.2,-0.02));
#12322=CARTESIAN_POINT('',(1.80363727358263,-2.2,-0.02));
#12323=CARTESIAN_POINT('',(1.80363727358263,-2.2,-0.02));
#12324=CARTESIAN_POINT('',(1.79936712372674,-2.29936712372674,-0.02));
#12325=CARTESIAN_POINT('',(0.,0.,0.18));
#12326=CARTESIAN_POINT('',(-2.5,-2.5,0.18));
#12327=CARTESIAN_POINT('',(-2.5,-2.5,0.73));
#12328=CARTESIAN_POINT('',(2.5,-2.5,0.73));
#12329=CARTESIAN_POINT('',(2.5,-2.5,0.73));
#12330=CARTESIAN_POINT('',(-2.5,-2.5,0.73));
#12331=CARTESIAN_POINT('',(-2.5,-2.5,0.73));
#12332=CARTESIAN_POINT('',(-2.5,-2.5,0.73));
#12333=CARTESIAN_POINT('',(-4.33680868994202E-16,-3.6,0.18));
#12334=CARTESIAN_POINT('',(2.52,-1.7,0.18));
#12335=CARTESIAN_POINT('',(2.52,-1.7,0.18));
#12336=CARTESIAN_POINT('',(2.5,-1.7,0.18));
#12337=CARTESIAN_POINT('',(2.5,-6.1,0.18));
#12338=CARTESIAN_POINT('',(2.5,-1.9,0.18));
#12339=CARTESIAN_POINT('',(2.5,-1.9,0.18));
#12340=CARTESIAN_POINT('',(2.52,-1.9,0.18));
#12341=CARTESIAN_POINT('',(2.52,-1.9,0.18));
#12342=CARTESIAN_POINT('',(2.29936712372674,-1.80063287627326,-0.02));
#12343=CARTESIAN_POINT('',(2.2,-1.80063287627326,-0.02));
#12344=CARTESIAN_POINT('',(2.2,-1.80063287627326,-0.02));
#12345=CARTESIAN_POINT('',(2.29936712372674,-1.80063287627326,-0.02));
#12346=CARTESIAN_POINT('',(2.29936712372674,-1.9,-0.02));
#12347=CARTESIAN_POINT('',(2.29936712372674,-1.9,-0.02));
#12348=CARTESIAN_POINT('',(2.5,-1.9,-0.02));
#12349=CARTESIAN_POINT('',(2.29936712372674,-1.9,-0.02));
#12350=CARTESIAN_POINT('',(2.52,-1.9,-0.02));
#12351=CARTESIAN_POINT('',(2.52,-1.9,-0.02));
#12352=CARTESIAN_POINT('',(2.5,-1.9,0.73));
#12353=CARTESIAN_POINT('',(2.52,-1.9,-0.02));
#12354=CARTESIAN_POINT('',(2.52,-1.9,-0.02));
#12355=CARTESIAN_POINT('',(2.52,-1.7,-0.02));
#12356=CARTESIAN_POINT('',(2.52,-1.7,-0.02));
#12357=CARTESIAN_POINT('',(2.5,-1.7,-0.02));
#12358=CARTESIAN_POINT('',(2.52,-1.7,-0.02));
#12359=CARTESIAN_POINT('',(2.29636272641737,-1.7,-0.02));
#12360=CARTESIAN_POINT('',(2.29636272641737,-1.7,-0.02));
#12361=CARTESIAN_POINT('',(2.5,-1.7,0.73));
#12362=CARTESIAN_POINT('',(2.29636272641737,-1.79636272641737,-0.02));
#12363=CARTESIAN_POINT('',(2.29636272641737,-1.79636272641737,-0.02));
#12364=CARTESIAN_POINT('',(2.2,-1.79636272641737,-0.02));
#12365=CARTESIAN_POINT('',(2.2,-1.79636272641737,-0.02));
#12366=CARTESIAN_POINT('',(2.2,-1.79636272641737,-0.02));
#12367=CARTESIAN_POINT('',(2.2,-1.79636272641737,-0.02));
#12368=CARTESIAN_POINT('',(2.29936712372674,-1.80063287627326,-0.02));
#12369=CARTESIAN_POINT('',(-4.33680868994202E-16,-3.2,0.18));
#12370=CARTESIAN_POINT('',(2.52,-1.3,0.18));
#12371=CARTESIAN_POINT('',(2.52,-1.3,0.18));
#12372=CARTESIAN_POINT('',(2.5,-1.3,0.18));
#12373=CARTESIAN_POINT('',(2.5,-5.7,0.18));
#12374=CARTESIAN_POINT('',(2.5,-1.5,0.18));
#12375=CARTESIAN_POINT('',(2.5,-1.5,0.18));
#12376=CARTESIAN_POINT('',(2.52,-1.5,0.18));
#12377=CARTESIAN_POINT('',(2.52,-1.5,0.18));
#12378=CARTESIAN_POINT('',(2.29936712372674,-1.40063287627326,-0.02));
#12379=CARTESIAN_POINT('',(2.2,-1.40063287627326,-0.02));
#12380=CARTESIAN_POINT('',(2.2,-1.40063287627326,-0.02));
#12381=CARTESIAN_POINT('',(2.29936712372674,-1.40063287627326,-0.02));
#12382=CARTESIAN_POINT('',(2.29936712372674,-1.5,-0.02));
#12383=CARTESIAN_POINT('',(2.29936712372674,-1.5,-0.02));
#12384=CARTESIAN_POINT('',(2.5,-1.5,-0.02));
#12385=CARTESIAN_POINT('',(2.29936712372674,-1.5,-0.02));
#12386=CARTESIAN_POINT('',(2.52,-1.5,-0.02));
#12387=CARTESIAN_POINT('',(2.52,-1.5,-0.02));
#12388=CARTESIAN_POINT('',(2.5,-1.5,0.73));
#12389=CARTESIAN_POINT('',(2.52,-1.5,-0.02));
#12390=CARTESIAN_POINT('',(2.52,-1.5,-0.02));
#12391=CARTESIAN_POINT('',(2.52,-1.3,-0.02));
#12392=CARTESIAN_POINT('',(2.52,-1.3,-0.02));
#12393=CARTESIAN_POINT('',(2.5,-1.3,-0.02));
#12394=CARTESIAN_POINT('',(2.52,-1.3,-0.02));
#12395=CARTESIAN_POINT('',(2.29636272641737,-1.3,-0.02));
#12396=CARTESIAN_POINT('',(2.29636272641737,-1.3,-0.02));
#12397=CARTESIAN_POINT('',(2.5,-1.3,0.73));
#12398=CARTESIAN_POINT('',(2.29636272641737,-1.39636272641737,-0.02));
#12399=CARTESIAN_POINT('',(2.29636272641737,-1.39636272641737,-0.02));
#12400=CARTESIAN_POINT('',(2.2,-1.39636272641737,-0.02));
#12401=CARTESIAN_POINT('',(2.2,-1.39636272641737,-0.02));
#12402=CARTESIAN_POINT('',(2.2,-1.39636272641737,-0.02));
#12403=CARTESIAN_POINT('',(2.2,-1.39636272641737,-0.02));
#12404=CARTESIAN_POINT('',(2.29936712372674,-1.40063287627326,-0.02));
#12405=CARTESIAN_POINT('',(-4.33680868994202E-16,-2.8,0.18));
#12406=CARTESIAN_POINT('',(2.52,-0.9,0.18));
#12407=CARTESIAN_POINT('',(2.52,-0.9,0.18));
#12408=CARTESIAN_POINT('',(2.5,-0.899999999999999,0.18));
#12409=CARTESIAN_POINT('',(2.5,-5.3,0.18));
#12410=CARTESIAN_POINT('',(2.5,-1.1,0.18));
#12411=CARTESIAN_POINT('',(2.5,-1.1,0.18));
#12412=CARTESIAN_POINT('',(2.52,-1.1,0.18));
#12413=CARTESIAN_POINT('',(2.52,-1.1,0.18));
#12414=CARTESIAN_POINT('',(2.29936712372674,-1.00063287627326,-0.02));
#12415=CARTESIAN_POINT('',(2.2,-1.00063287627326,-0.02));
#12416=CARTESIAN_POINT('',(2.2,-1.00063287627326,-0.02));
#12417=CARTESIAN_POINT('',(2.29936712372674,-1.00063287627326,-0.02));
#12418=CARTESIAN_POINT('',(2.29936712372674,-1.1,-0.02));
#12419=CARTESIAN_POINT('',(2.29936712372674,-1.1,-0.02));
#12420=CARTESIAN_POINT('',(2.5,-1.1,-0.02));
#12421=CARTESIAN_POINT('',(2.29936712372674,-1.1,-0.02));
#12422=CARTESIAN_POINT('',(2.52,-1.1,-0.02));
#12423=CARTESIAN_POINT('',(2.52,-1.1,-0.02));
#12424=CARTESIAN_POINT('',(2.5,-1.1,0.73));
#12425=CARTESIAN_POINT('',(2.52,-1.1,-0.02));
#12426=CARTESIAN_POINT('',(2.52,-1.1,-0.02));
#12427=CARTESIAN_POINT('',(2.52,-0.9,-0.02));
#12428=CARTESIAN_POINT('',(2.52,-0.9,-0.02));
#12429=CARTESIAN_POINT('',(2.5,-0.9,-0.02));
#12430=CARTESIAN_POINT('',(2.52,-0.9,-0.02));
#12431=CARTESIAN_POINT('',(2.29636272641737,-0.9,-0.02));
#12432=CARTESIAN_POINT('',(2.29636272641737,-0.9,-0.02));
#12433=CARTESIAN_POINT('',(2.5,-0.9,0.73));
#12434=CARTESIAN_POINT('',(2.29636272641737,-0.996362726417366,-0.02));
#12435=CARTESIAN_POINT('',(2.29636272641737,-0.996362726417366,-0.02));
#12436=CARTESIAN_POINT('',(2.2,-0.996362726417365,-0.02));
#12437=CARTESIAN_POINT('',(2.2,-0.996362726417365,-0.02));
#12438=CARTESIAN_POINT('',(2.2,-0.996362726417365,-0.02));
#12439=CARTESIAN_POINT('',(2.2,-0.996362726417365,-0.02));
#12440=CARTESIAN_POINT('',(2.29936712372674,-1.00063287627326,-0.02));
#12441=CARTESIAN_POINT('',(-4.33680868994202E-16,-2.4,0.18));
#12442=CARTESIAN_POINT('',(2.52,-0.5,0.18));
#12443=CARTESIAN_POINT('',(2.52,-0.5,0.18));
#12444=CARTESIAN_POINT('',(2.5,-0.499999999999999,0.18));
#12445=CARTESIAN_POINT('',(2.5,-4.9,0.18));
#12446=CARTESIAN_POINT('',(2.5,-0.7,0.18));
#12447=CARTESIAN_POINT('',(2.5,-0.7,0.18));
#12448=CARTESIAN_POINT('',(2.52,-0.7,0.18));
#12449=CARTESIAN_POINT('',(2.52,-0.7,0.18));
#12450=CARTESIAN_POINT('',(2.29936712372674,-0.600632876273262,-0.02));
#12451=CARTESIAN_POINT('',(2.2,-0.600632876273262,-0.02));
#12452=CARTESIAN_POINT('',(2.2,-0.600632876273262,-0.02));
#12453=CARTESIAN_POINT('',(2.29936712372674,-0.600632876273262,-0.02));
#12454=CARTESIAN_POINT('',(2.29936712372674,-0.699999999999999,-0.02));
#12455=CARTESIAN_POINT('',(2.29936712372674,-0.699999999999999,-0.02));
#12456=CARTESIAN_POINT('',(2.5,-0.7,-0.02));
#12457=CARTESIAN_POINT('',(2.29936712372674,-0.699999999999999,-0.02));
#12458=CARTESIAN_POINT('',(2.52,-0.7,-0.02));
#12459=CARTESIAN_POINT('',(2.52,-0.7,-0.02));
#12460=CARTESIAN_POINT('',(2.5,-0.7,0.73));
#12461=CARTESIAN_POINT('',(2.52,-0.7,-0.02));
#12462=CARTESIAN_POINT('',(2.52,-0.7,-0.02));
#12463=CARTESIAN_POINT('',(2.52,-0.5,-0.02));
#12464=CARTESIAN_POINT('',(2.52,-0.5,-0.02));
#12465=CARTESIAN_POINT('',(2.5,-0.5,-0.02));
#12466=CARTESIAN_POINT('',(2.52,-0.5,-0.02));
#12467=CARTESIAN_POINT('',(2.29636272641737,-0.5,-0.02));
#12468=CARTESIAN_POINT('',(2.29636272641737,-0.5,-0.02));
#12469=CARTESIAN_POINT('',(2.5,-0.5,0.73));
#12470=CARTESIAN_POINT('',(2.29636272641737,-0.596362726417366,-0.02));
#12471=CARTESIAN_POINT('',(2.29636272641737,-0.596362726417366,-0.02));
#12472=CARTESIAN_POINT('',(2.2,-0.596362726417365,-0.02));
#12473=CARTESIAN_POINT('',(2.2,-0.596362726417365,-0.02));
#12474=CARTESIAN_POINT('',(2.2,-0.596362726417365,-0.02));
#12475=CARTESIAN_POINT('',(2.2,-0.596362726417365,-0.02));
#12476=CARTESIAN_POINT('',(2.29936712372674,-0.600632876273262,-0.02));
#12477=CARTESIAN_POINT('',(-4.33680868994202E-16,-2.,0.18));
#12478=CARTESIAN_POINT('',(2.52,-0.0999999999999996,0.18));
#12479=CARTESIAN_POINT('',(2.52,-0.0999999999999996,0.18));
#12480=CARTESIAN_POINT('',(2.5,-0.099999999999999,0.18));
#12481=CARTESIAN_POINT('',(2.5,-4.5,0.18));
#12482=CARTESIAN_POINT('',(2.5,-0.299999999999999,0.18));
#12483=CARTESIAN_POINT('',(2.5,-0.3,0.18));
#12484=CARTESIAN_POINT('',(2.52,-0.3,0.18));
#12485=CARTESIAN_POINT('',(2.52,-0.3,0.18));
#12486=CARTESIAN_POINT('',(2.29936712372674,-0.200632876273261,-0.02));
#12487=CARTESIAN_POINT('',(2.2,-0.200632876273262,-0.02));
#12488=CARTESIAN_POINT('',(2.2,-0.200632876273262,-0.02));
#12489=CARTESIAN_POINT('',(2.29936712372674,-0.200632876273261,-0.02));
#12490=CARTESIAN_POINT('',(2.29936712372674,-0.299999999999999,-0.02));
#12491=CARTESIAN_POINT('',(2.29936712372674,-0.299999999999999,-0.02));
#12492=CARTESIAN_POINT('',(2.5,-0.3,-0.02));
#12493=CARTESIAN_POINT('',(2.29936712372674,-0.299999999999999,-0.02));
#12494=CARTESIAN_POINT('',(2.52,-0.3,-0.02));
#12495=CARTESIAN_POINT('',(2.52,-0.3,-0.02));
#12496=CARTESIAN_POINT('',(2.5,-0.299999999999999,0.73));
#12497=CARTESIAN_POINT('',(2.52,-0.3,-0.02));
#12498=CARTESIAN_POINT('',(2.52,-0.3,-0.02));
#12499=CARTESIAN_POINT('',(2.52,-0.0999999999999996,-0.02));
#12500=CARTESIAN_POINT('',(2.52,-0.0999999999999996,-0.02));
#12501=CARTESIAN_POINT('',(2.5,-0.0999999999999996,-0.02));
#12502=CARTESIAN_POINT('',(2.52,-0.0999999999999996,-0.02));
#12503=CARTESIAN_POINT('',(2.29636272641737,-0.0999999999999996,-0.02));
#12504=CARTESIAN_POINT('',(2.29636272641737,-0.0999999999999996,-0.02));
#12505=CARTESIAN_POINT('',(2.5,-0.0999999999999998,0.73));
#12506=CARTESIAN_POINT('',(2.29636272641737,-0.196362726417366,-0.02));
#12507=CARTESIAN_POINT('',(2.29636272641737,-0.196362726417366,-0.02));
#12508=CARTESIAN_POINT('',(2.2,-0.196362726417365,-0.02));
#12509=CARTESIAN_POINT('',(2.2,-0.196362726417365,-0.02));
#12510=CARTESIAN_POINT('',(2.2,-0.196362726417365,-0.02));
#12511=CARTESIAN_POINT('',(2.2,-0.196362726417365,-0.02));
#12512=CARTESIAN_POINT('',(2.29936712372674,-0.200632876273261,-0.02));
#12513=CARTESIAN_POINT('',(0.,-1.6,0.18));
#12514=CARTESIAN_POINT('',(2.52,0.3,0.18));
#12515=CARTESIAN_POINT('',(2.52,0.3,0.18));
#12516=CARTESIAN_POINT('',(2.5,0.300000000000001,0.18));
#12517=CARTESIAN_POINT('',(2.5,-4.1,0.18));
#12518=CARTESIAN_POINT('',(2.5,0.1,0.18));
#12519=CARTESIAN_POINT('',(2.5,0.1,0.18));
#12520=CARTESIAN_POINT('',(2.52,0.1,0.18));
#12521=CARTESIAN_POINT('',(2.52,0.1,0.18));
#12522=CARTESIAN_POINT('',(2.29936712372674,0.199367123726738,-0.02));
#12523=CARTESIAN_POINT('',(2.2,0.199367123726738,-0.02));
#12524=CARTESIAN_POINT('',(2.2,0.199367123726738,-0.02));
#12525=CARTESIAN_POINT('',(2.29936712372674,0.199367123726738,-0.02));
#12526=CARTESIAN_POINT('',(2.29936712372674,0.100000000000001,-0.02));
#12527=CARTESIAN_POINT('',(2.29936712372674,0.100000000000001,-0.02));
#12528=CARTESIAN_POINT('',(2.5,0.1,-0.02));
#12529=CARTESIAN_POINT('',(2.29936712372674,0.100000000000001,-0.02));
#12530=CARTESIAN_POINT('',(2.52,0.1,-0.02));
#12531=CARTESIAN_POINT('',(2.52,0.1,-0.02));
#12532=CARTESIAN_POINT('',(2.5,0.1,0.73));
#12533=CARTESIAN_POINT('',(2.52,0.1,-0.02));
#12534=CARTESIAN_POINT('',(2.52,0.1,-0.02));
#12535=CARTESIAN_POINT('',(2.52,0.3,-0.02));
#12536=CARTESIAN_POINT('',(2.52,0.3,-0.02));
#12537=CARTESIAN_POINT('',(2.5,0.3,-0.02));
#12538=CARTESIAN_POINT('',(2.52,0.3,-0.02));
#12539=CARTESIAN_POINT('',(2.29636272641737,0.3,-0.02));
#12540=CARTESIAN_POINT('',(2.29636272641737,0.3,-0.02));
#12541=CARTESIAN_POINT('',(2.5,0.3,0.73));
#12542=CARTESIAN_POINT('',(2.29636272641737,0.203637273582634,-0.02));
#12543=CARTESIAN_POINT('',(2.29636272641737,0.203637273582634,-0.02));
#12544=CARTESIAN_POINT('',(2.2,0.203637273582635,-0.02));
#12545=CARTESIAN_POINT('',(2.2,0.203637273582635,-0.02));
#12546=CARTESIAN_POINT('',(2.2,0.203637273582635,-0.02));
#12547=CARTESIAN_POINT('',(2.2,0.203637273582635,-0.02));
#12548=CARTESIAN_POINT('',(2.29936712372674,0.199367123726738,-0.02));
#12549=CARTESIAN_POINT('',(0.,-1.2,0.18));
#12550=CARTESIAN_POINT('',(2.52,0.7,0.18));
#12551=CARTESIAN_POINT('',(2.52,0.7,0.18));
#12552=CARTESIAN_POINT('',(2.5,0.700000000000001,0.18));
#12553=CARTESIAN_POINT('',(2.5,-3.7,0.18));
#12554=CARTESIAN_POINT('',(2.5,0.5,0.18));
#12555=CARTESIAN_POINT('',(2.5,0.5,0.18));
#12556=CARTESIAN_POINT('',(2.52,0.5,0.18));
#12557=CARTESIAN_POINT('',(2.52,0.5,0.18));
#12558=CARTESIAN_POINT('',(2.29936712372674,0.599367123726738,-0.02));
#12559=CARTESIAN_POINT('',(2.2,0.599367123726738,-0.02));
#12560=CARTESIAN_POINT('',(2.2,0.599367123726738,-0.02));
#12561=CARTESIAN_POINT('',(2.29936712372674,0.599367123726738,-0.02));
#12562=CARTESIAN_POINT('',(2.29936712372674,0.500000000000001,-0.02));
#12563=CARTESIAN_POINT('',(2.29936712372674,0.500000000000001,-0.02));
#12564=CARTESIAN_POINT('',(2.5,0.5,-0.02));
#12565=CARTESIAN_POINT('',(2.29936712372674,0.500000000000001,-0.02));
#12566=CARTESIAN_POINT('',(2.52,0.5,-0.02));
#12567=CARTESIAN_POINT('',(2.52,0.5,-0.02));
#12568=CARTESIAN_POINT('',(2.5,0.5,0.73));
#12569=CARTESIAN_POINT('',(2.52,0.5,-0.02));
#12570=CARTESIAN_POINT('',(2.52,0.5,-0.02));
#12571=CARTESIAN_POINT('',(2.52,0.7,-0.02));
#12572=CARTESIAN_POINT('',(2.52,0.7,-0.02));
#12573=CARTESIAN_POINT('',(2.5,0.7,-0.02));
#12574=CARTESIAN_POINT('',(2.52,0.7,-0.02));
#12575=CARTESIAN_POINT('',(2.29636272641737,0.7,-0.02));
#12576=CARTESIAN_POINT('',(2.29636272641737,0.7,-0.02));
#12577=CARTESIAN_POINT('',(2.5,0.7,0.73));
#12578=CARTESIAN_POINT('',(2.29636272641737,0.603637273582634,-0.02));
#12579=CARTESIAN_POINT('',(2.29636272641737,0.603637273582634,-0.02));
#12580=CARTESIAN_POINT('',(2.2,0.603637273582635,-0.02));
#12581=CARTESIAN_POINT('',(2.2,0.603637273582635,-0.02));
#12582=CARTESIAN_POINT('',(2.2,0.603637273582635,-0.02));
#12583=CARTESIAN_POINT('',(2.2,0.603637273582635,-0.02));
#12584=CARTESIAN_POINT('',(2.29936712372674,0.599367123726738,-0.02));
#12585=CARTESIAN_POINT('',(0.,-0.8,0.18));
#12586=CARTESIAN_POINT('',(2.52,1.1,0.18));
#12587=CARTESIAN_POINT('',(2.52,1.1,0.18));
#12588=CARTESIAN_POINT('',(2.5,1.1,0.18));
#12589=CARTESIAN_POINT('',(2.5,-3.3,0.18));
#12590=CARTESIAN_POINT('',(2.5,0.900000000000001,0.18));
#12591=CARTESIAN_POINT('',(2.5,0.9,0.18));
#12592=CARTESIAN_POINT('',(2.52,0.9,0.18));
#12593=CARTESIAN_POINT('',(2.52,0.9,0.18));
#12594=CARTESIAN_POINT('',(2.29936712372674,0.999367123726739,-0.02));
#12595=CARTESIAN_POINT('',(2.2,0.999367123726738,-0.02));
#12596=CARTESIAN_POINT('',(2.2,0.999367123726738,-0.02));
#12597=CARTESIAN_POINT('',(2.29936712372674,0.999367123726739,-0.02));
#12598=CARTESIAN_POINT('',(2.29936712372674,0.900000000000001,-0.02));
#12599=CARTESIAN_POINT('',(2.29936712372674,0.900000000000001,-0.02));
#12600=CARTESIAN_POINT('',(2.5,0.9,-0.02));
#12601=CARTESIAN_POINT('',(2.29936712372674,0.900000000000001,-0.02));
#12602=CARTESIAN_POINT('',(2.52,0.9,-0.02));
#12603=CARTESIAN_POINT('',(2.52,0.9,-0.02));
#12604=CARTESIAN_POINT('',(2.5,0.900000000000001,0.73));
#12605=CARTESIAN_POINT('',(2.52,0.9,-0.02));
#12606=CARTESIAN_POINT('',(2.52,0.9,-0.02));
#12607=CARTESIAN_POINT('',(2.52,1.1,-0.02));
#12608=CARTESIAN_POINT('',(2.52,1.1,-0.02));
#12609=CARTESIAN_POINT('',(2.5,1.1,-0.02));
#12610=CARTESIAN_POINT('',(2.52,1.1,-0.02));
#12611=CARTESIAN_POINT('',(2.29636272641737,1.1,-0.02));
#12612=CARTESIAN_POINT('',(2.29636272641737,1.1,-0.02));
#12613=CARTESIAN_POINT('',(2.5,1.1,0.73));
#12614=CARTESIAN_POINT('',(2.29636272641737,1.00363727358263,-0.02));
#12615=CARTESIAN_POINT('',(2.29636272641737,1.00363727358263,-0.02));
#12616=CARTESIAN_POINT('',(2.2,1.00363727358264,-0.02));
#12617=CARTESIAN_POINT('',(2.2,1.00363727358264,-0.02));
#12618=CARTESIAN_POINT('',(2.2,1.00363727358264,-0.02));
#12619=CARTESIAN_POINT('',(2.2,1.00363727358264,-0.02));
#12620=CARTESIAN_POINT('',(2.29936712372674,0.999367123726739,-0.02));
#12621=CARTESIAN_POINT('',(0.,-0.4,0.18));
#12622=CARTESIAN_POINT('',(2.52,1.5,0.18));
#12623=CARTESIAN_POINT('',(2.52,1.5,0.18));
#12624=CARTESIAN_POINT('',(2.5,1.5,0.18));
#12625=CARTESIAN_POINT('',(2.5,-2.9,0.18));
#12626=CARTESIAN_POINT('',(2.5,1.3,0.18));
#12627=CARTESIAN_POINT('',(2.5,1.3,0.18));
#12628=CARTESIAN_POINT('',(2.52,1.3,0.18));
#12629=CARTESIAN_POINT('',(2.52,1.3,0.18));
#12630=CARTESIAN_POINT('',(2.29936712372674,1.39936712372674,-0.02));
#12631=CARTESIAN_POINT('',(2.2,1.39936712372674,-0.02));
#12632=CARTESIAN_POINT('',(2.2,1.39936712372674,-0.02));
#12633=CARTESIAN_POINT('',(2.29936712372674,1.39936712372674,-0.02));
#12634=CARTESIAN_POINT('',(2.29936712372674,1.3,-0.02));
#12635=CARTESIAN_POINT('',(2.29936712372674,1.3,-0.02));
#12636=CARTESIAN_POINT('',(2.5,1.3,-0.02));
#12637=CARTESIAN_POINT('',(2.29936712372674,1.3,-0.02));
#12638=CARTESIAN_POINT('',(2.52,1.3,-0.02));
#12639=CARTESIAN_POINT('',(2.52,1.3,-0.02));
#12640=CARTESIAN_POINT('',(2.5,1.3,0.73));
#12641=CARTESIAN_POINT('',(2.52,1.3,-0.02));
#12642=CARTESIAN_POINT('',(2.52,1.3,-0.02));
#12643=CARTESIAN_POINT('',(2.52,1.5,-0.02));
#12644=CARTESIAN_POINT('',(2.52,1.5,-0.02));
#12645=CARTESIAN_POINT('',(2.5,1.5,-0.02));
#12646=CARTESIAN_POINT('',(2.52,1.5,-0.02));
#12647=CARTESIAN_POINT('',(2.29636272641737,1.5,-0.02));
#12648=CARTESIAN_POINT('',(2.29636272641737,1.5,-0.02));
#12649=CARTESIAN_POINT('',(2.5,1.5,0.73));
#12650=CARTESIAN_POINT('',(2.29636272641737,1.40363727358263,-0.02));
#12651=CARTESIAN_POINT('',(2.29636272641737,1.40363727358263,-0.02));
#12652=CARTESIAN_POINT('',(2.2,1.40363727358264,-0.02));
#12653=CARTESIAN_POINT('',(2.2,1.40363727358264,-0.02));
#12654=CARTESIAN_POINT('',(2.2,1.40363727358264,-0.02));
#12655=CARTESIAN_POINT('',(2.2,1.40363727358264,-0.02));
#12656=CARTESIAN_POINT('',(2.29936712372674,1.39936712372674,-0.02));
#12657=CARTESIAN_POINT('',(2.29936712372674,1.79936712372674,-0.02));
#12658=CARTESIAN_POINT('',(2.2,1.79936712372674,-0.02));
#12659=CARTESIAN_POINT('',(2.2,1.79936712372674,-0.02));
#12660=CARTESIAN_POINT('',(2.29936712372674,1.79936712372674,-0.02));
#12661=CARTESIAN_POINT('',(2.29936712372674,1.7,-0.02));
#12662=CARTESIAN_POINT('',(2.29936712372674,1.7,-0.02));
#12663=CARTESIAN_POINT('',(2.5,1.7,-0.02));
#12664=CARTESIAN_POINT('',(2.29936712372674,1.7,-0.02));
#12665=CARTESIAN_POINT('',(2.52,1.7,-0.02));
#12666=CARTESIAN_POINT('',(2.52,1.7,-0.02));
#12667=CARTESIAN_POINT('',(2.52,1.7,0.18));
#12668=CARTESIAN_POINT('',(2.5,1.7,0.18));
#12669=CARTESIAN_POINT('',(2.5,1.7,0.18));
#12670=CARTESIAN_POINT('',(2.5,1.7,0.73));
#12671=CARTESIAN_POINT('',(2.52,1.7,-0.02));
#12672=CARTESIAN_POINT('',(2.52,1.7,-0.02));
#12673=CARTESIAN_POINT('',(2.52,1.9,-0.02));
#12674=CARTESIAN_POINT('',(2.52,1.9,-0.02));
#12675=CARTESIAN_POINT('',(2.52,1.9,0.18));
#12676=CARTESIAN_POINT('',(2.52,1.7,0.18));
#12677=CARTESIAN_POINT('',(2.5,1.9,-0.02));
#12678=CARTESIAN_POINT('',(2.52,1.9,-0.02));
#12679=CARTESIAN_POINT('',(2.29636272641737,1.9,-0.02));
#12680=CARTESIAN_POINT('',(2.29636272641737,1.9,-0.02));
#12681=CARTESIAN_POINT('',(2.5,1.9,0.73));
#12682=CARTESIAN_POINT('',(2.5,1.9,0.18));
#12683=CARTESIAN_POINT('',(2.52,1.9,0.18));
#12684=CARTESIAN_POINT('',(2.29636272641737,1.80363727358263,-0.02));
#12685=CARTESIAN_POINT('',(2.29636272641737,1.80363727358263,-0.02));
#12686=CARTESIAN_POINT('',(2.2,1.80363727358263,-0.02));
#12687=CARTESIAN_POINT('',(2.2,1.80363727358263,-0.02));
#12688=CARTESIAN_POINT('',(2.2,1.80363727358263,-0.02));
#12689=CARTESIAN_POINT('',(2.2,1.80363727358263,-0.02));
#12690=CARTESIAN_POINT('',(2.29936712372674,1.79936712372674,-0.02));
#12691=CARTESIAN_POINT('',(0.,0.,0.18));
#12692=CARTESIAN_POINT('',(2.5,-2.5,0.18));
#12693=CARTESIAN_POINT('',(2.5,-2.5,0.73));
#12694=CARTESIAN_POINT('',(2.5,2.5,0.73));
#12695=CARTESIAN_POINT('',(2.5,2.5,0.73));
#12696=CARTESIAN_POINT('',(2.5,-2.5,0.73));
#12697=CARTESIAN_POINT('',(-2.29936712372674,-1.80063287627326,-0.02));
#12698=CARTESIAN_POINT('',(-2.29936712372674,-1.9,-0.02));
#12699=CARTESIAN_POINT('',(-2.29936712372674,-1.9,-0.02));
#12700=CARTESIAN_POINT('',(-2.29936712372674,-1.80063287627326,-0.02));
#12701=CARTESIAN_POINT('',(-2.2,-1.80063287627326,-0.02));
#12702=CARTESIAN_POINT('',(-2.2,-1.80063287627326,-0.02));
#12703=CARTESIAN_POINT('',(-2.5,-1.9,-0.02));
#12704=CARTESIAN_POINT('',(-2.5,-1.9,0.18));
#12705=CARTESIAN_POINT('',(-2.5,-1.9,0.18));
#12706=CARTESIAN_POINT('',(-2.5,-1.9,0.18));
#12707=CARTESIAN_POINT('',(-2.52,-1.9,0.18));
#12708=CARTESIAN_POINT('',(-2.52,-1.9,-0.02));
#12709=CARTESIAN_POINT('',(-2.52,-1.9,-0.02));
#12710=CARTESIAN_POINT('',(-2.29936712372674,-1.9,-0.02));
#12711=CARTESIAN_POINT('',(-2.52,-1.9,-0.02));
#12712=CARTESIAN_POINT('',(-2.52,-1.9,0.18));
#12713=CARTESIAN_POINT('',(-2.52,-1.7,0.18));
#12714=CARTESIAN_POINT('',(-2.52,-1.7,-0.02));
#12715=CARTESIAN_POINT('',(-2.52,-1.7,-0.02));
#12716=CARTESIAN_POINT('',(-2.52,-1.9,-0.02));
#12717=CARTESIAN_POINT('',(-2.5,-1.7,-0.02));
#12718=CARTESIAN_POINT('',(-2.52,-1.7,0.18));
#12719=CARTESIAN_POINT('',(-2.5,-1.7,0.18));
#12720=CARTESIAN_POINT('',(-2.5,-1.7,0.73));
#12721=CARTESIAN_POINT('',(-2.29636272641737,-1.7,-0.02));
#12722=CARTESIAN_POINT('',(-2.29636272641737,-1.7,-0.02));
#12723=CARTESIAN_POINT('',(-2.52,-1.7,-0.02));
#12724=CARTESIAN_POINT('',(-2.29636272641737,-1.79636272641737,-0.02));
#12725=CARTESIAN_POINT('',(-2.2,-1.79636272641737,-0.02));
#12726=CARTESIAN_POINT('',(-2.2,-1.79636272641737,-0.02));
#12727=CARTESIAN_POINT('',(-2.29636272641737,-1.79636272641737,-0.02));
#12728=CARTESIAN_POINT('',(-2.2,-1.79636272641737,-0.02));
#12729=CARTESIAN_POINT('',(-2.2,-1.79636272641737,-0.02));
#12730=CARTESIAN_POINT('',(-2.29936712372674,-1.80063287627326,-0.02));
#12731=CARTESIAN_POINT('',(4.33680868994202E-16,-3.6,0.18));
#12732=CARTESIAN_POINT('',(-2.5,-1.1,0.18));
#12733=CARTESIAN_POINT('',(-2.29936712372674,-1.40063287627326,-0.02));
#12734=CARTESIAN_POINT('',(-2.29936712372674,-1.5,-0.02));
#12735=CARTESIAN_POINT('',(-2.29936712372674,-1.5,-0.02));
#12736=CARTESIAN_POINT('',(-2.29936712372674,-1.40063287627326,-0.02));
#12737=CARTESIAN_POINT('',(-2.2,-1.40063287627326,-0.02));
#12738=CARTESIAN_POINT('',(-2.2,-1.40063287627326,-0.02));
#12739=CARTESIAN_POINT('',(-2.5,-1.5,-0.02));
#12740=CARTESIAN_POINT('',(-2.5,-1.5,0.18));
#12741=CARTESIAN_POINT('',(-2.5,-1.5,0.18));
#12742=CARTESIAN_POINT('',(-2.5,-1.5,0.18));
#12743=CARTESIAN_POINT('',(-2.52,-1.5,0.18));
#12744=CARTESIAN_POINT('',(-2.52,-1.5,-0.02));
#12745=CARTESIAN_POINT('',(-2.52,-1.5,-0.02));
#12746=CARTESIAN_POINT('',(-2.29936712372674,-1.5,-0.02));
#12747=CARTESIAN_POINT('',(-2.52,-1.5,-0.02));
#12748=CARTESIAN_POINT('',(-2.52,-1.5,0.18));
#12749=CARTESIAN_POINT('',(-2.52,-1.3,0.18));
#12750=CARTESIAN_POINT('',(-2.52,-1.3,-0.02));
#12751=CARTESIAN_POINT('',(-2.52,-1.3,-0.02));
#12752=CARTESIAN_POINT('',(-2.52,-1.5,-0.02));
#12753=CARTESIAN_POINT('',(-2.5,-1.3,-0.02));
#12754=CARTESIAN_POINT('',(-2.52,-1.3,0.18));
#12755=CARTESIAN_POINT('',(-2.5,-1.3,0.18));
#12756=CARTESIAN_POINT('',(-2.5,-1.3,0.73));
#12757=CARTESIAN_POINT('',(-2.29636272641737,-1.3,-0.02));
#12758=CARTESIAN_POINT('',(-2.29636272641737,-1.3,-0.02));
#12759=CARTESIAN_POINT('',(-2.52,-1.3,-0.02));
#12760=CARTESIAN_POINT('',(-2.29636272641737,-1.39636272641737,-0.02));
#12761=CARTESIAN_POINT('',(-2.2,-1.39636272641737,-0.02));
#12762=CARTESIAN_POINT('',(-2.2,-1.39636272641737,-0.02));
#12763=CARTESIAN_POINT('',(-2.29636272641737,-1.39636272641737,-0.02));
#12764=CARTESIAN_POINT('',(-2.2,-1.39636272641737,-0.02));
#12765=CARTESIAN_POINT('',(-2.2,-1.39636272641737,-0.02));
#12766=CARTESIAN_POINT('',(-2.29936712372674,-1.40063287627326,-0.02));
#12767=CARTESIAN_POINT('',(4.33680868994202E-16,-3.2,0.18));
#12768=CARTESIAN_POINT('',(-2.5,-0.7,0.18));
#12769=CARTESIAN_POINT('',(-2.29936712372674,-1.00063287627326,-0.02));
#12770=CARTESIAN_POINT('',(-2.29936712372674,-1.1,-0.02));
#12771=CARTESIAN_POINT('',(-2.29936712372674,-1.1,-0.02));
#12772=CARTESIAN_POINT('',(-2.29936712372674,-1.00063287627326,-0.02));
#12773=CARTESIAN_POINT('',(-2.2,-1.00063287627326,-0.02));
#12774=CARTESIAN_POINT('',(-2.2,-1.00063287627326,-0.02));
#12775=CARTESIAN_POINT('',(-2.5,-1.1,-0.02));
#12776=CARTESIAN_POINT('',(-2.5,-1.1,0.18));
#12777=CARTESIAN_POINT('',(-2.5,-1.1,0.18));
#12778=CARTESIAN_POINT('',(-2.5,-1.1,0.18));
#12779=CARTESIAN_POINT('',(-2.52,-1.1,0.18));
#12780=CARTESIAN_POINT('',(-2.52,-1.1,-0.02));
#12781=CARTESIAN_POINT('',(-2.52,-1.1,-0.02));
#12782=CARTESIAN_POINT('',(-2.29936712372674,-1.1,-0.02));
#12783=CARTESIAN_POINT('',(-2.52,-1.1,-0.02));
#12784=CARTESIAN_POINT('',(-2.52,-1.1,0.18));
#12785=CARTESIAN_POINT('',(-2.52,-0.9,0.18));
#12786=CARTESIAN_POINT('',(-2.52,-0.9,-0.02));
#12787=CARTESIAN_POINT('',(-2.52,-0.9,-0.02));
#12788=CARTESIAN_POINT('',(-2.52,-1.1,-0.02));
#12789=CARTESIAN_POINT('',(-2.5,-0.9,-0.02));
#12790=CARTESIAN_POINT('',(-2.52,-0.9,0.18));
#12791=CARTESIAN_POINT('',(-2.5,-0.9,0.18));
#12792=CARTESIAN_POINT('',(-2.5,-0.9,0.73));
#12793=CARTESIAN_POINT('',(-2.29636272641737,-0.9,-0.02));
#12794=CARTESIAN_POINT('',(-2.29636272641737,-0.9,-0.02));
#12795=CARTESIAN_POINT('',(-2.52,-0.9,-0.02));
#12796=CARTESIAN_POINT('',(-2.29636272641737,-0.996362726417366,-0.02));
#12797=CARTESIAN_POINT('',(-2.2,-0.996362726417365,-0.02));
#12798=CARTESIAN_POINT('',(-2.2,-0.996362726417365,-0.02));
#12799=CARTESIAN_POINT('',(-2.29636272641737,-0.996362726417366,-0.02));
#12800=CARTESIAN_POINT('',(-2.2,-0.996362726417365,-0.02));
#12801=CARTESIAN_POINT('',(-2.2,-0.996362726417365,-0.02));
#12802=CARTESIAN_POINT('',(-2.29936712372674,-1.00063287627326,-0.02));
#12803=CARTESIAN_POINT('',(4.33680868994202E-16,-2.8,0.18));
#12804=CARTESIAN_POINT('',(-2.5,-0.3,0.18));
#12805=CARTESIAN_POINT('',(-2.29936712372674,-0.600632876273262,-0.02));
#12806=CARTESIAN_POINT('',(-2.29936712372674,-0.699999999999999,-0.02));
#12807=CARTESIAN_POINT('',(-2.29936712372674,-0.699999999999999,-0.02));
#12808=CARTESIAN_POINT('',(-2.29936712372674,-0.600632876273262,-0.02));
#12809=CARTESIAN_POINT('',(-2.2,-0.600632876273262,-0.02));
#12810=CARTESIAN_POINT('',(-2.2,-0.600632876273262,-0.02));
#12811=CARTESIAN_POINT('',(-2.5,-0.7,-0.02));
#12812=CARTESIAN_POINT('',(-2.5,-0.7,0.18));
#12813=CARTESIAN_POINT('',(-2.5,-0.7,0.18));
#12814=CARTESIAN_POINT('',(-2.5,-0.7,0.18));
#12815=CARTESIAN_POINT('',(-2.52,-0.7,0.18));
#12816=CARTESIAN_POINT('',(-2.52,-0.7,-0.02));
#12817=CARTESIAN_POINT('',(-2.52,-0.7,-0.02));
#12818=CARTESIAN_POINT('',(-2.29936712372674,-0.699999999999999,-0.02));
#12819=CARTESIAN_POINT('',(-2.52,-0.7,-0.02));
#12820=CARTESIAN_POINT('',(-2.52,-0.7,0.18));
#12821=CARTESIAN_POINT('',(-2.52,-0.5,0.18));
#12822=CARTESIAN_POINT('',(-2.52,-0.5,-0.02));
#12823=CARTESIAN_POINT('',(-2.52,-0.5,-0.02));
#12824=CARTESIAN_POINT('',(-2.52,-0.7,-0.02));
#12825=CARTESIAN_POINT('',(-2.5,-0.5,-0.02));
#12826=CARTESIAN_POINT('',(-2.52,-0.5,0.18));
#12827=CARTESIAN_POINT('',(-2.5,-0.5,0.18));
#12828=CARTESIAN_POINT('',(-2.5,-0.5,0.73));
#12829=CARTESIAN_POINT('',(-2.29636272641737,-0.5,-0.02));
#12830=CARTESIAN_POINT('',(-2.29636272641737,-0.5,-0.02));
#12831=CARTESIAN_POINT('',(-2.52,-0.5,-0.02));
#12832=CARTESIAN_POINT('',(-2.29636272641737,-0.596362726417366,-0.02));
#12833=CARTESIAN_POINT('',(-2.2,-0.596362726417365,-0.02));
#12834=CARTESIAN_POINT('',(-2.2,-0.596362726417365,-0.02));
#12835=CARTESIAN_POINT('',(-2.29636272641737,-0.596362726417366,-0.02));
#12836=CARTESIAN_POINT('',(-2.2,-0.596362726417365,-0.02));
#12837=CARTESIAN_POINT('',(-2.2,-0.596362726417365,-0.02));
#12838=CARTESIAN_POINT('',(-2.29936712372674,-0.600632876273262,-0.02));
#12839=CARTESIAN_POINT('',(4.33680868994202E-16,-2.4,0.18));
#12840=CARTESIAN_POINT('',(-2.5,0.0999999999999998,0.18));
#12841=CARTESIAN_POINT('',(-2.29936712372674,-0.200632876273261,-0.02));
#12842=CARTESIAN_POINT('',(-2.29936712372674,-0.299999999999999,-0.02));
#12843=CARTESIAN_POINT('',(-2.29936712372674,-0.299999999999999,-0.02));
#12844=CARTESIAN_POINT('',(-2.29936712372674,-0.200632876273261,-0.02));
#12845=CARTESIAN_POINT('',(-2.2,-0.200632876273262,-0.02));
#12846=CARTESIAN_POINT('',(-2.2,-0.200632876273262,-0.02));
#12847=CARTESIAN_POINT('',(-2.5,-0.3,-0.02));
#12848=CARTESIAN_POINT('',(-2.5,-0.3,0.18));
#12849=CARTESIAN_POINT('',(-2.5,-0.299999999999999,0.18));
#12850=CARTESIAN_POINT('',(-2.5,-0.3,0.18));
#12851=CARTESIAN_POINT('',(-2.52,-0.3,0.18));
#12852=CARTESIAN_POINT('',(-2.52,-0.3,-0.02));
#12853=CARTESIAN_POINT('',(-2.52,-0.3,-0.02));
#12854=CARTESIAN_POINT('',(-2.29936712372674,-0.299999999999999,-0.02));
#12855=CARTESIAN_POINT('',(-2.52,-0.3,-0.02));
#12856=CARTESIAN_POINT('',(-2.52,-0.3,0.18));
#12857=CARTESIAN_POINT('',(-2.52,-0.0999999999999996,0.18));
#12858=CARTESIAN_POINT('',(-2.52,-0.0999999999999996,-0.02));
#12859=CARTESIAN_POINT('',(-2.52,-0.0999999999999996,-0.02));
#12860=CARTESIAN_POINT('',(-2.52,-0.3,-0.02));
#12861=CARTESIAN_POINT('',(-2.5,-0.0999999999999996,-0.02));
#12862=CARTESIAN_POINT('',(-2.52,-0.0999999999999996,0.18));
#12863=CARTESIAN_POINT('',(-2.5,-0.0999999999999996,0.18));
#12864=CARTESIAN_POINT('',(-2.5,-0.0999999999999996,0.73));
#12865=CARTESIAN_POINT('',(-2.29636272641737,-0.0999999999999996,-0.02));
#12866=CARTESIAN_POINT('',(-2.29636272641737,-0.0999999999999996,-0.02));
#12867=CARTESIAN_POINT('',(-2.52,-0.0999999999999996,-0.02));
#12868=CARTESIAN_POINT('',(-2.29636272641737,-0.196362726417366,-0.02));
#12869=CARTESIAN_POINT('',(-2.2,-0.196362726417365,-0.02));
#12870=CARTESIAN_POINT('',(-2.2,-0.196362726417365,-0.02));
#12871=CARTESIAN_POINT('',(-2.29636272641737,-0.196362726417366,-0.02));
#12872=CARTESIAN_POINT('',(-2.2,-0.196362726417365,-0.02));
#12873=CARTESIAN_POINT('',(-2.2,-0.196362726417365,-0.02));
#12874=CARTESIAN_POINT('',(-2.29936712372674,-0.200632876273261,-0.02));
#12875=CARTESIAN_POINT('',(4.33680868994202E-16,-2.,0.18));
#12876=CARTESIAN_POINT('',(-2.5,0.5,0.18));
#12877=CARTESIAN_POINT('',(-2.29936712372674,0.199367123726738,-0.02));
#12878=CARTESIAN_POINT('',(-2.29936712372674,0.100000000000001,-0.02));
#12879=CARTESIAN_POINT('',(-2.29936712372674,0.100000000000001,-0.02));
#12880=CARTESIAN_POINT('',(-2.29936712372674,0.199367123726738,-0.02));
#12881=CARTESIAN_POINT('',(-2.2,0.199367123726738,-0.02));
#12882=CARTESIAN_POINT('',(-2.2,0.199367123726738,-0.02));
#12883=CARTESIAN_POINT('',(-2.5,0.1,-0.02));
#12884=CARTESIAN_POINT('',(-2.5,0.1,0.18));
#12885=CARTESIAN_POINT('',(-2.5,0.1,0.18));
#12886=CARTESIAN_POINT('',(-2.5,0.1,0.18));
#12887=CARTESIAN_POINT('',(-2.52,0.1,0.18));
#12888=CARTESIAN_POINT('',(-2.52,0.1,-0.02));
#12889=CARTESIAN_POINT('',(-2.52,0.1,-0.02));
#12890=CARTESIAN_POINT('',(-2.29936712372674,0.100000000000001,-0.02));
#12891=CARTESIAN_POINT('',(-2.52,0.1,-0.02));
#12892=CARTESIAN_POINT('',(-2.52,0.1,0.18));
#12893=CARTESIAN_POINT('',(-2.52,0.3,0.18));
#12894=CARTESIAN_POINT('',(-2.52,0.3,-0.02));
#12895=CARTESIAN_POINT('',(-2.52,0.3,-0.02));
#12896=CARTESIAN_POINT('',(-2.52,0.1,-0.02));
#12897=CARTESIAN_POINT('',(-2.5,0.3,-0.02));
#12898=CARTESIAN_POINT('',(-2.52,0.3,0.18));
#12899=CARTESIAN_POINT('',(-2.5,0.3,0.18));
#12900=CARTESIAN_POINT('',(-2.5,0.3,0.73));
#12901=CARTESIAN_POINT('',(-2.29636272641737,0.3,-0.02));
#12902=CARTESIAN_POINT('',(-2.29636272641737,0.3,-0.02));
#12903=CARTESIAN_POINT('',(-2.52,0.3,-0.02));
#12904=CARTESIAN_POINT('',(-2.29636272641737,0.203637273582634,-0.02));
#12905=CARTESIAN_POINT('',(-2.2,0.203637273582635,-0.02));
#12906=CARTESIAN_POINT('',(-2.2,0.203637273582635,-0.02));
#12907=CARTESIAN_POINT('',(-2.29636272641737,0.203637273582634,-0.02));
#12908=CARTESIAN_POINT('',(-2.2,0.203637273582635,-0.02));
#12909=CARTESIAN_POINT('',(-2.2,0.203637273582635,-0.02));
#12910=CARTESIAN_POINT('',(-2.29936712372674,0.199367123726738,-0.02));
#12911=CARTESIAN_POINT('',(0.,-1.6,0.18));
#12912=CARTESIAN_POINT('',(-2.5,0.9,0.18));
#12913=CARTESIAN_POINT('',(-2.29936712372674,0.599367123726738,-0.02));
#12914=CARTESIAN_POINT('',(-2.29936712372674,0.500000000000001,-0.02));
#12915=CARTESIAN_POINT('',(-2.29936712372674,0.500000000000001,-0.02));
#12916=CARTESIAN_POINT('',(-2.29936712372674,0.599367123726738,-0.02));
#12917=CARTESIAN_POINT('',(-2.2,0.599367123726738,-0.02));
#12918=CARTESIAN_POINT('',(-2.2,0.599367123726738,-0.02));
#12919=CARTESIAN_POINT('',(-2.5,0.5,-0.02));
#12920=CARTESIAN_POINT('',(-2.5,0.5,0.18));
#12921=CARTESIAN_POINT('',(-2.5,0.5,0.18));
#12922=CARTESIAN_POINT('',(-2.5,0.5,0.18));
#12923=CARTESIAN_POINT('',(-2.52,0.5,0.18));
#12924=CARTESIAN_POINT('',(-2.52,0.5,-0.02));
#12925=CARTESIAN_POINT('',(-2.52,0.5,-0.02));
#12926=CARTESIAN_POINT('',(-2.29936712372674,0.500000000000001,-0.02));
#12927=CARTESIAN_POINT('',(-2.52,0.5,-0.02));
#12928=CARTESIAN_POINT('',(-2.52,0.5,0.18));
#12929=CARTESIAN_POINT('',(-2.52,0.7,0.18));
#12930=CARTESIAN_POINT('',(-2.52,0.7,-0.02));
#12931=CARTESIAN_POINT('',(-2.52,0.7,-0.02));
#12932=CARTESIAN_POINT('',(-2.52,0.5,-0.02));
#12933=CARTESIAN_POINT('',(-2.5,0.7,-0.02));
#12934=CARTESIAN_POINT('',(-2.52,0.7,0.18));
#12935=CARTESIAN_POINT('',(-2.5,0.7,0.18));
#12936=CARTESIAN_POINT('',(-2.5,0.7,0.73));
#12937=CARTESIAN_POINT('',(-2.29636272641737,0.7,-0.02));
#12938=CARTESIAN_POINT('',(-2.29636272641737,0.7,-0.02));
#12939=CARTESIAN_POINT('',(-2.52,0.7,-0.02));
#12940=CARTESIAN_POINT('',(-2.29636272641737,0.603637273582634,-0.02));
#12941=CARTESIAN_POINT('',(-2.2,0.603637273582635,-0.02));
#12942=CARTESIAN_POINT('',(-2.2,0.603637273582635,-0.02));
#12943=CARTESIAN_POINT('',(-2.29636272641737,0.603637273582634,-0.02));
#12944=CARTESIAN_POINT('',(-2.2,0.603637273582635,-0.02));
#12945=CARTESIAN_POINT('',(-2.2,0.603637273582635,-0.02));
#12946=CARTESIAN_POINT('',(-2.29936712372674,0.599367123726738,-0.02));
#12947=CARTESIAN_POINT('',(0.,-1.2,0.18));
#12948=CARTESIAN_POINT('',(-2.5,1.3,0.18));
#12949=CARTESIAN_POINT('',(-2.29936712372674,0.999367123726739,-0.02));
#12950=CARTESIAN_POINT('',(-2.29936712372674,0.900000000000001,-0.02));
#12951=CARTESIAN_POINT('',(-2.29936712372674,0.900000000000001,-0.02));
#12952=CARTESIAN_POINT('',(-2.29936712372674,0.999367123726739,-0.02));
#12953=CARTESIAN_POINT('',(-2.2,0.999367123726738,-0.02));
#12954=CARTESIAN_POINT('',(-2.2,0.999367123726738,-0.02));
#12955=CARTESIAN_POINT('',(-2.5,0.9,-0.02));
#12956=CARTESIAN_POINT('',(-2.5,0.9,0.18));
#12957=CARTESIAN_POINT('',(-2.5,0.900000000000001,0.18));
#12958=CARTESIAN_POINT('',(-2.5,0.9,0.18));
#12959=CARTESIAN_POINT('',(-2.52,0.9,0.18));
#12960=CARTESIAN_POINT('',(-2.52,0.9,-0.02));
#12961=CARTESIAN_POINT('',(-2.52,0.9,-0.02));
#12962=CARTESIAN_POINT('',(-2.29936712372674,0.900000000000001,-0.02));
#12963=CARTESIAN_POINT('',(-2.52,0.9,-0.02));
#12964=CARTESIAN_POINT('',(-2.52,0.9,0.18));
#12965=CARTESIAN_POINT('',(-2.52,1.1,0.18));
#12966=CARTESIAN_POINT('',(-2.52,1.1,-0.02));
#12967=CARTESIAN_POINT('',(-2.52,1.1,-0.02));
#12968=CARTESIAN_POINT('',(-2.52,0.9,-0.02));
#12969=CARTESIAN_POINT('',(-2.5,1.1,-0.02));
#12970=CARTESIAN_POINT('',(-2.52,1.1,0.18));
#12971=CARTESIAN_POINT('',(-2.5,1.1,0.18));
#12972=CARTESIAN_POINT('',(-2.5,1.1,0.73));
#12973=CARTESIAN_POINT('',(-2.29636272641737,1.1,-0.02));
#12974=CARTESIAN_POINT('',(-2.29636272641737,1.1,-0.02));
#12975=CARTESIAN_POINT('',(-2.52,1.1,-0.02));
#12976=CARTESIAN_POINT('',(-2.29636272641737,1.00363727358263,-0.02));
#12977=CARTESIAN_POINT('',(-2.2,1.00363727358264,-0.02));
#12978=CARTESIAN_POINT('',(-2.2,1.00363727358264,-0.02));
#12979=CARTESIAN_POINT('',(-2.29636272641737,1.00363727358263,-0.02));
#12980=CARTESIAN_POINT('',(-2.2,1.00363727358264,-0.02));
#12981=CARTESIAN_POINT('',(-2.2,1.00363727358264,-0.02));
#12982=CARTESIAN_POINT('',(-2.29936712372674,0.999367123726739,-0.02));
#12983=CARTESIAN_POINT('',(0.,-0.8,0.18));
#12984=CARTESIAN_POINT('',(-2.5,1.7,0.18));
#12985=CARTESIAN_POINT('',(-2.29936712372674,1.39936712372674,-0.02));
#12986=CARTESIAN_POINT('',(-2.29936712372674,1.3,-0.02));
#12987=CARTESIAN_POINT('',(-2.29936712372674,1.3,-0.02));
#12988=CARTESIAN_POINT('',(-2.29936712372674,1.39936712372674,-0.02));
#12989=CARTESIAN_POINT('',(-2.2,1.39936712372674,-0.02));
#12990=CARTESIAN_POINT('',(-2.2,1.39936712372674,-0.02));
#12991=CARTESIAN_POINT('',(-2.5,1.3,-0.02));
#12992=CARTESIAN_POINT('',(-2.5,1.3,0.18));
#12993=CARTESIAN_POINT('',(-2.5,1.3,0.18));
#12994=CARTESIAN_POINT('',(-2.5,1.3,0.18));
#12995=CARTESIAN_POINT('',(-2.52,1.3,0.18));
#12996=CARTESIAN_POINT('',(-2.52,1.3,-0.02));
#12997=CARTESIAN_POINT('',(-2.52,1.3,-0.02));
#12998=CARTESIAN_POINT('',(-2.29936712372674,1.3,-0.02));
#12999=CARTESIAN_POINT('',(-2.52,1.3,-0.02));
#13000=CARTESIAN_POINT('',(-2.52,1.3,0.18));
#13001=CARTESIAN_POINT('',(-2.52,1.5,0.18));
#13002=CARTESIAN_POINT('',(-2.52,1.5,-0.02));
#13003=CARTESIAN_POINT('',(-2.52,1.5,-0.02));
#13004=CARTESIAN_POINT('',(-2.52,1.3,-0.02));
#13005=CARTESIAN_POINT('',(-2.5,1.5,-0.02));
#13006=CARTESIAN_POINT('',(-2.52,1.5,0.18));
#13007=CARTESIAN_POINT('',(-2.5,1.5,0.18));
#13008=CARTESIAN_POINT('',(-2.5,1.5,0.73));
#13009=CARTESIAN_POINT('',(-2.29636272641737,1.5,-0.02));
#13010=CARTESIAN_POINT('',(-2.29636272641737,1.5,-0.02));
#13011=CARTESIAN_POINT('',(-2.52,1.5,-0.02));
#13012=CARTESIAN_POINT('',(-2.29636272641737,1.40363727358263,-0.02));
#13013=CARTESIAN_POINT('',(-2.2,1.40363727358264,-0.02));
#13014=CARTESIAN_POINT('',(-2.2,1.40363727358264,-0.02));
#13015=CARTESIAN_POINT('',(-2.29636272641737,1.40363727358263,-0.02));
#13016=CARTESIAN_POINT('',(-2.2,1.40363727358264,-0.02));
#13017=CARTESIAN_POINT('',(-2.2,1.40363727358264,-0.02));
#13018=CARTESIAN_POINT('',(-2.29936712372674,1.39936712372674,-0.02));
#13019=CARTESIAN_POINT('',(0.,-0.4,0.18));
#13020=CARTESIAN_POINT('',(-2.5,2.1,0.18));
#13021=CARTESIAN_POINT('',(-1.80063287627326,2.29936712372674,-0.02));
#13022=CARTESIAN_POINT('',(-1.9,2.29936712372674,-0.02));
#13023=CARTESIAN_POINT('',(-1.9,2.29936712372674,-0.02));
#13024=CARTESIAN_POINT('',(-1.80063287627326,2.29936712372674,-0.02));
#13025=CARTESIAN_POINT('',(-1.80063287627326,2.2,-0.02));
#13026=CARTESIAN_POINT('',(-1.80063287627326,2.2,-0.02));
#13027=CARTESIAN_POINT('',(-1.9,2.5,-0.02));
#13028=CARTESIAN_POINT('',(-1.9,2.5,0.18));
#13029=CARTESIAN_POINT('',(-1.9,2.5,0.18));
#13030=CARTESIAN_POINT('',(-1.9,2.5,0.18));
#13031=CARTESIAN_POINT('',(-1.9,2.52,0.18));
#13032=CARTESIAN_POINT('',(-1.9,2.52,-0.02));
#13033=CARTESIAN_POINT('',(-1.9,2.52,-0.02));
#13034=CARTESIAN_POINT('',(-1.9,2.29936712372674,-0.02));
#13035=CARTESIAN_POINT('',(-1.9,2.52,-0.02));
#13036=CARTESIAN_POINT('',(-1.9,2.52,0.18));
#13037=CARTESIAN_POINT('',(-1.7,2.52,0.18));
#13038=CARTESIAN_POINT('',(-1.7,2.52,-0.02));
#13039=CARTESIAN_POINT('',(-1.7,2.52,-0.02));
#13040=CARTESIAN_POINT('',(-1.9,2.52,-0.02));
#13041=CARTESIAN_POINT('',(-1.7,2.5,-0.02));
#13042=CARTESIAN_POINT('',(-1.7,2.52,0.18));
#13043=CARTESIAN_POINT('',(-1.7,2.5,0.18));
#13044=CARTESIAN_POINT('',(-1.7,2.5,0.18));
#13045=CARTESIAN_POINT('',(-1.7,2.29636272641737,-0.02));
#13046=CARTESIAN_POINT('',(-1.7,2.29636272641737,-0.02));
#13047=CARTESIAN_POINT('',(-1.7,2.52,-0.02));
#13048=CARTESIAN_POINT('',(-1.79636272641737,2.29636272641737,-0.02));
#13049=CARTESIAN_POINT('',(-1.79636272641737,2.2,-0.02));
#13050=CARTESIAN_POINT('',(-1.79636272641737,2.2,-0.02));
#13051=CARTESIAN_POINT('',(-1.79636272641737,2.29636272641737,-0.02));
#13052=CARTESIAN_POINT('',(-1.79636272641737,2.2,-0.02));
#13053=CARTESIAN_POINT('',(-1.79636272641737,2.2,-0.02));
#13054=CARTESIAN_POINT('',(-1.80063287627326,2.29936712372674,-0.02));
#13055=CARTESIAN_POINT('',(-3.6,0.,0.18));
#13056=CARTESIAN_POINT('',(-1.7,2.5,0.18));
#13057=CARTESIAN_POINT('',(-1.40063287627326,2.29936712372674,-0.02));
#13058=CARTESIAN_POINT('',(-1.5,2.29936712372674,-0.02));
#13059=CARTESIAN_POINT('',(-1.5,2.29936712372674,-0.02));
#13060=CARTESIAN_POINT('',(-1.40063287627326,2.29936712372674,-0.02));
#13061=CARTESIAN_POINT('',(-1.40063287627326,2.2,-0.02));
#13062=CARTESIAN_POINT('',(-1.40063287627326,2.2,-0.02));
#13063=CARTESIAN_POINT('',(-1.5,2.5,-0.02));
#13064=CARTESIAN_POINT('',(-1.5,2.5,0.18));
#13065=CARTESIAN_POINT('',(-1.5,2.5,0.18));
#13066=CARTESIAN_POINT('',(-1.5,2.5,0.18));
#13067=CARTESIAN_POINT('',(-1.5,2.52,0.18));
#13068=CARTESIAN_POINT('',(-1.5,2.52,-0.02));
#13069=CARTESIAN_POINT('',(-1.5,2.52,-0.02));
#13070=CARTESIAN_POINT('',(-1.5,2.29936712372674,-0.02));
#13071=CARTESIAN_POINT('',(-1.5,2.52,-0.02));
#13072=CARTESIAN_POINT('',(-1.5,2.52,0.18));
#13073=CARTESIAN_POINT('',(-1.3,2.52,0.18));
#13074=CARTESIAN_POINT('',(-1.3,2.52,-0.02));
#13075=CARTESIAN_POINT('',(-1.3,2.52,-0.02));
#13076=CARTESIAN_POINT('',(-1.5,2.52,-0.02));
#13077=CARTESIAN_POINT('',(-1.3,2.5,-0.02));
#13078=CARTESIAN_POINT('',(-1.3,2.52,0.18));
#13079=CARTESIAN_POINT('',(-1.3,2.5,0.18));
#13080=CARTESIAN_POINT('',(-1.3,2.5,0.18));
#13081=CARTESIAN_POINT('',(-1.3,2.29636272641737,-0.02));
#13082=CARTESIAN_POINT('',(-1.3,2.29636272641737,-0.02));
#13083=CARTESIAN_POINT('',(-1.3,2.52,-0.02));
#13084=CARTESIAN_POINT('',(-1.39636272641737,2.29636272641737,-0.02));
#13085=CARTESIAN_POINT('',(-1.39636272641737,2.2,-0.02));
#13086=CARTESIAN_POINT('',(-1.39636272641737,2.2,-0.02));
#13087=CARTESIAN_POINT('',(-1.39636272641737,2.29636272641737,-0.02));
#13088=CARTESIAN_POINT('',(-1.39636272641737,2.2,-0.02));
#13089=CARTESIAN_POINT('',(-1.39636272641737,2.2,-0.02));
#13090=CARTESIAN_POINT('',(-1.40063287627326,2.29936712372674,-0.02));
#13091=CARTESIAN_POINT('',(-3.2,0.,0.18));
#13092=CARTESIAN_POINT('',(-1.3,2.5,0.18));
#13093=CARTESIAN_POINT('',(-1.00063287627326,2.29936712372674,-0.02));
#13094=CARTESIAN_POINT('',(-1.1,2.29936712372674,-0.02));
#13095=CARTESIAN_POINT('',(-1.1,2.29936712372674,-0.02));
#13096=CARTESIAN_POINT('',(-1.00063287627326,2.29936712372674,-0.02));
#13097=CARTESIAN_POINT('',(-1.00063287627326,2.2,-0.02));
#13098=CARTESIAN_POINT('',(-1.00063287627326,2.2,-0.02));
#13099=CARTESIAN_POINT('',(-1.1,2.5,-0.02));
#13100=CARTESIAN_POINT('',(-1.1,2.5,0.18));
#13101=CARTESIAN_POINT('',(-1.1,2.5,0.18));
#13102=CARTESIAN_POINT('',(-1.1,2.5,0.18));
#13103=CARTESIAN_POINT('',(-1.1,2.52,0.18));
#13104=CARTESIAN_POINT('',(-1.1,2.52,-0.02));
#13105=CARTESIAN_POINT('',(-1.1,2.52,-0.02));
#13106=CARTESIAN_POINT('',(-1.1,2.29936712372674,-0.02));
#13107=CARTESIAN_POINT('',(-1.1,2.52,-0.02));
#13108=CARTESIAN_POINT('',(-1.1,2.52,0.18));
#13109=CARTESIAN_POINT('',(-0.9,2.52,0.18));
#13110=CARTESIAN_POINT('',(-0.9,2.52,-0.02));
#13111=CARTESIAN_POINT('',(-0.9,2.52,-0.02));
#13112=CARTESIAN_POINT('',(-1.1,2.52,-0.02));
#13113=CARTESIAN_POINT('',(-0.9,2.5,-0.02));
#13114=CARTESIAN_POINT('',(-0.9,2.52,0.18));
#13115=CARTESIAN_POINT('',(-0.9,2.5,0.18));
#13116=CARTESIAN_POINT('',(-0.9,2.5,0.18));
#13117=CARTESIAN_POINT('',(-0.9,2.29636272641737,-0.02));
#13118=CARTESIAN_POINT('',(-0.9,2.29636272641737,-0.02));
#13119=CARTESIAN_POINT('',(-0.9,2.52,-0.02));
#13120=CARTESIAN_POINT('',(-0.996362726417366,2.29636272641737,-0.02));
#13121=CARTESIAN_POINT('',(-0.996362726417365,2.2,-0.02));
#13122=CARTESIAN_POINT('',(-0.996362726417365,2.2,-0.02));
#13123=CARTESIAN_POINT('',(-0.996362726417366,2.29636272641737,-0.02));
#13124=CARTESIAN_POINT('',(-0.996362726417365,2.2,-0.02));
#13125=CARTESIAN_POINT('',(-0.996362726417365,2.2,-0.02));
#13126=CARTESIAN_POINT('',(-1.00063287627326,2.29936712372674,-0.02));
#13127=CARTESIAN_POINT('',(-2.8,0.,0.18));
#13128=CARTESIAN_POINT('',(-0.9,2.5,0.18));
#13129=CARTESIAN_POINT('',(-0.600632876273262,2.29936712372674,-0.02));
#13130=CARTESIAN_POINT('',(-0.699999999999999,2.29936712372674,-0.02));
#13131=CARTESIAN_POINT('',(-0.699999999999999,2.29936712372674,-0.02));
#13132=CARTESIAN_POINT('',(-0.600632876273262,2.29936712372674,-0.02));
#13133=CARTESIAN_POINT('',(-0.600632876273262,2.2,-0.02));
#13134=CARTESIAN_POINT('',(-0.600632876273262,2.2,-0.02));
#13135=CARTESIAN_POINT('',(-0.7,2.5,-0.02));
#13136=CARTESIAN_POINT('',(-0.7,2.5,0.18));
#13137=CARTESIAN_POINT('',(-0.7,2.5,0.18));
#13138=CARTESIAN_POINT('',(-0.7,2.5,0.18));
#13139=CARTESIAN_POINT('',(-0.7,2.52,0.18));
#13140=CARTESIAN_POINT('',(-0.7,2.52,-0.02));
#13141=CARTESIAN_POINT('',(-0.7,2.52,-0.02));
#13142=CARTESIAN_POINT('',(-0.699999999999999,2.29936712372674,-0.02));
#13143=CARTESIAN_POINT('',(-0.7,2.52,-0.02));
#13144=CARTESIAN_POINT('',(-0.7,2.52,0.18));
#13145=CARTESIAN_POINT('',(-0.5,2.52,0.18));
#13146=CARTESIAN_POINT('',(-0.5,2.52,-0.02));
#13147=CARTESIAN_POINT('',(-0.5,2.52,-0.02));
#13148=CARTESIAN_POINT('',(-0.7,2.52,-0.02));
#13149=CARTESIAN_POINT('',(-0.5,2.5,-0.02));
#13150=CARTESIAN_POINT('',(-0.5,2.52,0.18));
#13151=CARTESIAN_POINT('',(-0.5,2.5,0.18));
#13152=CARTESIAN_POINT('',(-0.5,2.5,0.18));
#13153=CARTESIAN_POINT('',(-0.5,2.29636272641737,-0.02));
#13154=CARTESIAN_POINT('',(-0.5,2.29636272641737,-0.02));
#13155=CARTESIAN_POINT('',(-0.5,2.52,-0.02));
#13156=CARTESIAN_POINT('',(-0.596362726417366,2.29636272641737,-0.02));
#13157=CARTESIAN_POINT('',(-0.596362726417366,2.2,-0.02));
#13158=CARTESIAN_POINT('',(-0.596362726417366,2.2,-0.02));
#13159=CARTESIAN_POINT('',(-0.596362726417366,2.29636272641737,-0.02));
#13160=CARTESIAN_POINT('',(-0.596362726417366,2.2,-0.02));
#13161=CARTESIAN_POINT('',(-0.596362726417366,2.2,-0.02));
#13162=CARTESIAN_POINT('',(-0.600632876273262,2.29936712372674,-0.02));
#13163=CARTESIAN_POINT('',(-2.4,0.,0.18));
#13164=CARTESIAN_POINT('',(-0.5,2.5,0.18));
#13165=CARTESIAN_POINT('',(-0.200632876273262,2.29936712372674,-0.02));
#13166=CARTESIAN_POINT('',(-0.299999999999999,2.29936712372674,-0.02));
#13167=CARTESIAN_POINT('',(-0.299999999999999,2.29936712372674,-0.02));
#13168=CARTESIAN_POINT('',(-0.200632876273262,2.29936712372674,-0.02));
#13169=CARTESIAN_POINT('',(-0.200632876273262,2.2,-0.02));
#13170=CARTESIAN_POINT('',(-0.200632876273262,2.2,-0.02));
#13171=CARTESIAN_POINT('',(-0.3,2.5,-0.02));
#13172=CARTESIAN_POINT('',(-0.3,2.5,0.18));
#13173=CARTESIAN_POINT('',(-0.3,2.5,0.18));
#13174=CARTESIAN_POINT('',(-0.3,2.5,0.18));
#13175=CARTESIAN_POINT('',(-0.3,2.52,0.18));
#13176=CARTESIAN_POINT('',(-0.3,2.52,-0.02));
#13177=CARTESIAN_POINT('',(-0.3,2.52,-0.02));
#13178=CARTESIAN_POINT('',(-0.299999999999999,2.29936712372674,-0.02));
#13179=CARTESIAN_POINT('',(-0.3,2.52,-0.02));
#13180=CARTESIAN_POINT('',(-0.3,2.52,0.18));
#13181=CARTESIAN_POINT('',(-0.0999999999999998,2.52,0.18));
#13182=CARTESIAN_POINT('',(-0.0999999999999998,2.52,-0.02));
#13183=CARTESIAN_POINT('',(-0.0999999999999998,2.52,-0.02));
#13184=CARTESIAN_POINT('',(-0.3,2.52,-0.02));
#13185=CARTESIAN_POINT('',(-0.0999999999999998,2.5,-0.02));
#13186=CARTESIAN_POINT('',(-0.0999999999999998,2.52,0.18));
#13187=CARTESIAN_POINT('',(-0.0999999999999998,2.5,0.18));
#13188=CARTESIAN_POINT('',(-0.0999999999999998,2.5,0.18));
#13189=CARTESIAN_POINT('',(-0.0999999999999998,2.29636272641737,-0.02));
#13190=CARTESIAN_POINT('',(-0.0999999999999998,2.29636272641737,-0.02));
#13191=CARTESIAN_POINT('',(-0.0999999999999998,2.52,-0.02));
#13192=CARTESIAN_POINT('',(-0.196362726417366,2.29636272641737,-0.02));
#13193=CARTESIAN_POINT('',(-0.196362726417365,2.2,-0.02));
#13194=CARTESIAN_POINT('',(-0.196362726417365,2.2,-0.02));
#13195=CARTESIAN_POINT('',(-0.196362726417366,2.29636272641737,-0.02));
#13196=CARTESIAN_POINT('',(-0.196362726417365,2.2,-0.02));
#13197=CARTESIAN_POINT('',(-0.196362726417365,2.2,-0.02));
#13198=CARTESIAN_POINT('',(-0.200632876273262,2.29936712372674,-0.02));
#13199=CARTESIAN_POINT('',(-2.,0.,0.18));
#13200=CARTESIAN_POINT('',(-0.0999999999999998,2.5,0.18));
#13201=CARTESIAN_POINT('',(0.199367123726738,2.29936712372674,-0.02));
#13202=CARTESIAN_POINT('',(0.100000000000001,2.29936712372674,-0.02));
#13203=CARTESIAN_POINT('',(0.100000000000001,2.29936712372674,-0.02));
#13204=CARTESIAN_POINT('',(0.199367123726738,2.29936712372674,-0.02));
#13205=CARTESIAN_POINT('',(0.199367123726738,2.2,-0.02));
#13206=CARTESIAN_POINT('',(0.199367123726738,2.2,-0.02));
#13207=CARTESIAN_POINT('',(0.1,2.5,-0.02));
#13208=CARTESIAN_POINT('',(0.1,2.5,0.18));
#13209=CARTESIAN_POINT('',(0.1,2.5,0.18));
#13210=CARTESIAN_POINT('',(0.1,2.5,0.18));
#13211=CARTESIAN_POINT('',(0.1,2.52,0.18));
#13212=CARTESIAN_POINT('',(0.1,2.52,-0.02));
#13213=CARTESIAN_POINT('',(0.1,2.52,-0.02));
#13214=CARTESIAN_POINT('',(0.100000000000001,2.29936712372674,-0.02));
#13215=CARTESIAN_POINT('',(0.1,2.52,-0.02));
#13216=CARTESIAN_POINT('',(0.1,2.52,0.18));
#13217=CARTESIAN_POINT('',(0.3,2.52,0.18));
#13218=CARTESIAN_POINT('',(0.3,2.52,-0.02));
#13219=CARTESIAN_POINT('',(0.3,2.52,-0.02));
#13220=CARTESIAN_POINT('',(0.1,2.52,-0.02));
#13221=CARTESIAN_POINT('',(0.3,2.5,-0.02));
#13222=CARTESIAN_POINT('',(0.3,2.52,0.18));
#13223=CARTESIAN_POINT('',(0.3,2.5,0.18));
#13224=CARTESIAN_POINT('',(0.3,2.5,0.18));
#13225=CARTESIAN_POINT('',(0.3,2.29636272641737,-0.02));
#13226=CARTESIAN_POINT('',(0.3,2.29636272641737,-0.02));
#13227=CARTESIAN_POINT('',(0.3,2.52,-0.02));
#13228=CARTESIAN_POINT('',(0.203637273582634,2.29636272641737,-0.02));
#13229=CARTESIAN_POINT('',(0.203637273582635,2.2,-0.02));
#13230=CARTESIAN_POINT('',(0.203637273582635,2.2,-0.02));
#13231=CARTESIAN_POINT('',(0.203637273582634,2.29636272641737,-0.02));
#13232=CARTESIAN_POINT('',(0.203637273582635,2.2,-0.02));
#13233=CARTESIAN_POINT('',(0.203637273582635,2.2,-0.02));
#13234=CARTESIAN_POINT('',(0.199367123726738,2.29936712372674,-0.02));
#13235=CARTESIAN_POINT('',(-1.6,0.,0.18));
#13236=CARTESIAN_POINT('',(0.3,2.5,0.18));
#13237=CARTESIAN_POINT('',(0.599367123726738,2.29936712372674,-0.02));
#13238=CARTESIAN_POINT('',(0.500000000000001,2.29936712372674,-0.02));
#13239=CARTESIAN_POINT('',(0.500000000000001,2.29936712372674,-0.02));
#13240=CARTESIAN_POINT('',(0.599367123726738,2.29936712372674,-0.02));
#13241=CARTESIAN_POINT('',(0.599367123726738,2.2,-0.02));
#13242=CARTESIAN_POINT('',(0.599367123726738,2.2,-0.02));
#13243=CARTESIAN_POINT('',(0.5,2.5,-0.02));
#13244=CARTESIAN_POINT('',(0.5,2.5,0.18));
#13245=CARTESIAN_POINT('',(0.5,2.5,0.18));
#13246=CARTESIAN_POINT('',(0.5,2.5,0.18));
#13247=CARTESIAN_POINT('',(0.5,2.52,0.18));
#13248=CARTESIAN_POINT('',(0.5,2.52,-0.02));
#13249=CARTESIAN_POINT('',(0.5,2.52,-0.02));
#13250=CARTESIAN_POINT('',(0.500000000000001,2.29936712372674,-0.02));
#13251=CARTESIAN_POINT('',(0.5,2.52,-0.02));
#13252=CARTESIAN_POINT('',(0.5,2.52,0.18));
#13253=CARTESIAN_POINT('',(0.7,2.52,0.18));
#13254=CARTESIAN_POINT('',(0.7,2.52,-0.02));
#13255=CARTESIAN_POINT('',(0.7,2.52,-0.02));
#13256=CARTESIAN_POINT('',(0.5,2.52,-0.02));
#13257=CARTESIAN_POINT('',(0.7,2.5,-0.02));
#13258=CARTESIAN_POINT('',(0.7,2.52,0.18));
#13259=CARTESIAN_POINT('',(0.7,2.5,0.18));
#13260=CARTESIAN_POINT('',(0.7,2.5,0.18));
#13261=CARTESIAN_POINT('',(0.7,2.29636272641737,-0.02));
#13262=CARTESIAN_POINT('',(0.7,2.29636272641737,-0.02));
#13263=CARTESIAN_POINT('',(0.7,2.52,-0.02));
#13264=CARTESIAN_POINT('',(0.603637273582634,2.29636272641737,-0.02));
#13265=CARTESIAN_POINT('',(0.603637273582635,2.2,-0.02));
#13266=CARTESIAN_POINT('',(0.603637273582635,2.2,-0.02));
#13267=CARTESIAN_POINT('',(0.603637273582634,2.29636272641737,-0.02));
#13268=CARTESIAN_POINT('',(0.603637273582635,2.2,-0.02));
#13269=CARTESIAN_POINT('',(0.603637273582635,2.2,-0.02));
#13270=CARTESIAN_POINT('',(0.599367123726738,2.29936712372674,-0.02));
#13271=CARTESIAN_POINT('',(-1.2,0.,0.18));
#13272=CARTESIAN_POINT('',(0.7,2.5,0.18));
#13273=CARTESIAN_POINT('',(0.999367123726738,2.29936712372674,-0.02));
#13274=CARTESIAN_POINT('',(0.900000000000001,2.29936712372674,-0.02));
#13275=CARTESIAN_POINT('',(0.900000000000001,2.29936712372674,-0.02));
#13276=CARTESIAN_POINT('',(0.999367123726738,2.29936712372674,-0.02));
#13277=CARTESIAN_POINT('',(0.999367123726738,2.2,-0.02));
#13278=CARTESIAN_POINT('',(0.999367123726738,2.2,-0.02));
#13279=CARTESIAN_POINT('',(0.9,2.5,-0.02));
#13280=CARTESIAN_POINT('',(0.9,2.5,0.18));
#13281=CARTESIAN_POINT('',(0.9,2.5,0.18));
#13282=CARTESIAN_POINT('',(0.9,2.5,0.18));
#13283=CARTESIAN_POINT('',(0.9,2.52,0.18));
#13284=CARTESIAN_POINT('',(0.9,2.52,-0.02));
#13285=CARTESIAN_POINT('',(0.9,2.52,-0.02));
#13286=CARTESIAN_POINT('',(0.900000000000001,2.29936712372674,-0.02));
#13287=CARTESIAN_POINT('',(0.9,2.52,-0.02));
#13288=CARTESIAN_POINT('',(0.9,2.52,0.18));
#13289=CARTESIAN_POINT('',(1.1,2.52,0.18));
#13290=CARTESIAN_POINT('',(1.1,2.52,-0.02));
#13291=CARTESIAN_POINT('',(1.1,2.52,-0.02));
#13292=CARTESIAN_POINT('',(0.9,2.52,-0.02));
#13293=CARTESIAN_POINT('',(1.1,2.5,-0.02));
#13294=CARTESIAN_POINT('',(1.1,2.52,0.18));
#13295=CARTESIAN_POINT('',(1.1,2.5,0.18));
#13296=CARTESIAN_POINT('',(1.1,2.5,0.18));
#13297=CARTESIAN_POINT('',(1.1,2.29636272641737,-0.02));
#13298=CARTESIAN_POINT('',(1.1,2.29636272641737,-0.02));
#13299=CARTESIAN_POINT('',(1.1,2.52,-0.02));
#13300=CARTESIAN_POINT('',(1.00363727358263,2.29636272641737,-0.02));
#13301=CARTESIAN_POINT('',(1.00363727358263,2.2,-0.02));
#13302=CARTESIAN_POINT('',(1.00363727358263,2.2,-0.02));
#13303=CARTESIAN_POINT('',(1.00363727358263,2.29636272641737,-0.02));
#13304=CARTESIAN_POINT('',(1.00363727358263,2.2,-0.02));
#13305=CARTESIAN_POINT('',(1.00363727358263,2.2,-0.02));
#13306=CARTESIAN_POINT('',(0.999367123726738,2.29936712372674,-0.02));
#13307=CARTESIAN_POINT('',(-0.8,0.,0.18));
#13308=CARTESIAN_POINT('',(1.1,2.5,0.18));
#13309=CARTESIAN_POINT('',(1.39936712372674,2.29936712372674,-0.02));
#13310=CARTESIAN_POINT('',(1.3,2.29936712372674,-0.02));
#13311=CARTESIAN_POINT('',(1.3,2.29936712372674,-0.02));
#13312=CARTESIAN_POINT('',(1.39936712372674,2.29936712372674,-0.02));
#13313=CARTESIAN_POINT('',(1.39936712372674,2.2,-0.02));
#13314=CARTESIAN_POINT('',(1.39936712372674,2.2,-0.02));
#13315=CARTESIAN_POINT('',(1.3,2.5,-0.02));
#13316=CARTESIAN_POINT('',(1.3,2.5,0.18));
#13317=CARTESIAN_POINT('',(1.3,2.5,0.18));
#13318=CARTESIAN_POINT('',(1.3,2.5,0.18));
#13319=CARTESIAN_POINT('',(1.3,2.52,0.18));
#13320=CARTESIAN_POINT('',(1.3,2.52,-0.02));
#13321=CARTESIAN_POINT('',(1.3,2.52,-0.02));
#13322=CARTESIAN_POINT('',(1.3,2.29936712372674,-0.02));
#13323=CARTESIAN_POINT('',(1.3,2.52,-0.02));
#13324=CARTESIAN_POINT('',(1.3,2.52,0.18));
#13325=CARTESIAN_POINT('',(1.5,2.52,0.18));
#13326=CARTESIAN_POINT('',(1.5,2.52,-0.02));
#13327=CARTESIAN_POINT('',(1.5,2.52,-0.02));
#13328=CARTESIAN_POINT('',(1.3,2.52,-0.02));
#13329=CARTESIAN_POINT('',(1.5,2.5,-0.02));
#13330=CARTESIAN_POINT('',(1.5,2.52,0.18));
#13331=CARTESIAN_POINT('',(1.5,2.5,0.18));
#13332=CARTESIAN_POINT('',(1.5,2.5,0.18));
#13333=CARTESIAN_POINT('',(1.5,2.29636272641737,-0.02));
#13334=CARTESIAN_POINT('',(1.5,2.29636272641737,-0.02));
#13335=CARTESIAN_POINT('',(1.5,2.52,-0.02));
#13336=CARTESIAN_POINT('',(1.40363727358263,2.29636272641737,-0.02));
#13337=CARTESIAN_POINT('',(1.40363727358263,2.2,-0.02));
#13338=CARTESIAN_POINT('',(1.40363727358263,2.2,-0.02));
#13339=CARTESIAN_POINT('',(1.40363727358263,2.29636272641737,-0.02));
#13340=CARTESIAN_POINT('',(1.40363727358263,2.2,-0.02));
#13341=CARTESIAN_POINT('',(1.40363727358263,2.2,-0.02));
#13342=CARTESIAN_POINT('',(1.39936712372674,2.29936712372674,-0.02));
#13343=CARTESIAN_POINT('',(-0.4,0.,0.18));
#13344=CARTESIAN_POINT('',(1.5,2.5,0.18));
#13345=CARTESIAN_POINT('',(0.,0.,0.18));
#13346=CARTESIAN_POINT('',(-2.52,1.9,0.18));
#13347=CARTESIAN_POINT('',(-2.52,1.9,0.18));
#13348=CARTESIAN_POINT('',(-2.5,1.9,0.18));
#13349=CARTESIAN_POINT('',(-2.52,1.7,0.18));
#13350=CARTESIAN_POINT('',(-2.52,1.7,0.18));
#13351=CARTESIAN_POINT('',(-2.5,1.7,0.18));
#13352=CARTESIAN_POINT('',(-2.5,1.7,0.18));
#13353=CARTESIAN_POINT('',(-2.5,2.5,0.18));
#13354=CARTESIAN_POINT('',(-2.29936712372674,1.79936712372674,-0.02));
#13355=CARTESIAN_POINT('',(-2.29936712372674,1.7,-0.02));
#13356=CARTESIAN_POINT('',(-2.29936712372674,1.7,-0.02));
#13357=CARTESIAN_POINT('',(-2.29936712372674,1.79936712372674,-0.02));
#13358=CARTESIAN_POINT('',(-2.2,1.79936712372674,-0.02));
#13359=CARTESIAN_POINT('',(-2.2,1.79936712372674,-0.02));
#13360=CARTESIAN_POINT('',(-2.5,1.7,-0.02));
#13361=CARTESIAN_POINT('',(-2.5,1.7,0.18));
#13362=CARTESIAN_POINT('',(-2.52,1.7,-0.02));
#13363=CARTESIAN_POINT('',(-2.52,1.7,-0.02));
#13364=CARTESIAN_POINT('',(-2.29936712372674,1.7,-0.02));
#13365=CARTESIAN_POINT('',(-2.52,1.7,-0.02));
#13366=CARTESIAN_POINT('',(-2.52,1.9,-0.02));
#13367=CARTESIAN_POINT('',(-2.52,1.9,-0.02));
#13368=CARTESIAN_POINT('',(-2.52,1.7,-0.02));
#13369=CARTESIAN_POINT('',(-2.5,1.9,-0.02));
#13370=CARTESIAN_POINT('',(-2.5,1.9,0.73));
#13371=CARTESIAN_POINT('',(-2.29636272641737,1.9,-0.02));
#13372=CARTESIAN_POINT('',(-2.29636272641737,1.9,-0.02));
#13373=CARTESIAN_POINT('',(-2.52,1.9,-0.02));
#13374=CARTESIAN_POINT('',(-2.29636272641737,1.80363727358263,-0.02));
#13375=CARTESIAN_POINT('',(-2.2,1.80363727358263,-0.02));
#13376=CARTESIAN_POINT('',(-2.2,1.80363727358263,-0.02));
#13377=CARTESIAN_POINT('',(-2.29636272641737,1.80363727358263,-0.02));
#13378=CARTESIAN_POINT('',(-2.2,1.80363727358263,-0.02));
#13379=CARTESIAN_POINT('',(-2.2,1.80363727358263,-0.02));
#13380=CARTESIAN_POINT('',(-2.29936712372674,1.79936712372674,-0.02));
#13381=CARTESIAN_POINT('',(2.5,2.5,0.73));
#13382=CARTESIAN_POINT('',(-2.5,2.5,0.73));
#13383=CARTESIAN_POINT('',(-2.5,2.5,0.73));
#13384=CARTESIAN_POINT('',(2.5,2.5,0.73));
#13385=CARTESIAN_POINT('',(1.9,2.5,0.18));
#13386=CARTESIAN_POINT('',(1.9,2.5,0.18));
#13387=CARTESIAN_POINT('',(1.9,2.5,0.18));
#13388=CARTESIAN_POINT('',(1.7,2.5,0.18));
#13389=CARTESIAN_POINT('',(1.7,2.5,0.18));
#13390=CARTESIAN_POINT('',(-2.5,2.5,0.73));
#13391=CARTESIAN_POINT('',(-2.5,2.5,0.73));
#13392=CARTESIAN_POINT('',(0.,0.,0.73));
#13393=CARTESIAN_POINT('',(-2.07231122518681,2.13895450999586,0.73));
#13394=CARTESIAN_POINT('',(-1.91603847644237,2.13895450999586,0.73));
#13395=CARTESIAN_POINT('',(1.79936712372674,2.29936712372674,-0.02));
#13396=CARTESIAN_POINT('',(1.7,2.29936712372674,-0.02));
#13397=CARTESIAN_POINT('',(1.7,2.29936712372674,-0.02));
#13398=CARTESIAN_POINT('',(1.79936712372674,2.29936712372674,-0.02));
#13399=CARTESIAN_POINT('',(1.79936712372674,2.2,-0.02));
#13400=CARTESIAN_POINT('',(1.79936712372674,2.2,-0.02));
#13401=CARTESIAN_POINT('',(1.7,2.5,-0.02));
#13402=CARTESIAN_POINT('',(1.7,2.5,0.18));
#13403=CARTESIAN_POINT('',(1.7,2.52,0.18));
#13404=CARTESIAN_POINT('',(1.7,2.52,-0.02));
#13405=CARTESIAN_POINT('',(1.7,2.52,-0.02));
#13406=CARTESIAN_POINT('',(1.7,2.29936712372674,-0.02));
#13407=CARTESIAN_POINT('',(1.7,2.52,-0.02));
#13408=CARTESIAN_POINT('',(1.7,2.52,0.18));
#13409=CARTESIAN_POINT('',(1.9,2.52,0.18));
#13410=CARTESIAN_POINT('',(1.9,2.52,-0.02));
#13411=CARTESIAN_POINT('',(1.9,2.52,-0.02));
#13412=CARTESIAN_POINT('',(1.7,2.52,-0.02));
#13413=CARTESIAN_POINT('',(1.9,2.5,-0.02));
#13414=CARTESIAN_POINT('',(1.9,2.52,0.18));
#13415=CARTESIAN_POINT('',(1.9,2.29636272641737,-0.02));
#13416=CARTESIAN_POINT('',(1.9,2.29636272641737,-0.02));
#13417=CARTESIAN_POINT('',(1.9,2.52,-0.02));
#13418=CARTESIAN_POINT('',(1.80363727358263,2.29636272641737,-0.02));
#13419=CARTESIAN_POINT('',(1.80363727358263,2.2,-0.02));
#13420=CARTESIAN_POINT('',(1.80363727358263,2.2,-0.02));
#13421=CARTESIAN_POINT('',(1.80363727358263,2.29636272641737,-0.02));
#13422=CARTESIAN_POINT('',(1.80363727358263,2.2,-0.02));
#13423=CARTESIAN_POINT('',(1.80363727358263,2.2,-0.02));
#13424=CARTESIAN_POINT('',(1.79936712372674,2.29936712372674,-0.02));
#13425=CARTESIAN_POINT('',(0.,0.,0.18));
#13426=CARTESIAN_POINT('',(-1.895,-1.895,-0.02));
#13427=CARTESIAN_POINT('',(-1.895,1.545,-0.02));
#13428=CARTESIAN_POINT('',(-1.895,1.545,-0.02));
#13429=CARTESIAN_POINT('',(-1.895,-1.895,-0.02));
#13430=CARTESIAN_POINT('',(-1.895,-1.895,-0.02));
#13431=CARTESIAN_POINT('',(-1.895,-1.895,-0.02));
#13432=CARTESIAN_POINT('',(-1.895,1.895,-0.02));
#13433=CARTESIAN_POINT('',(-1.895,1.895,-0.02));
#13434=CARTESIAN_POINT('',(-1.545,1.895,-0.02));
#13435=CARTESIAN_POINT('',(1.895,1.895,-0.02));
#13436=CARTESIAN_POINT('',(-1.545,1.895,-0.02));
#13437=CARTESIAN_POINT('',(1.895,1.895,-0.02));
#13438=CARTESIAN_POINT('',(1.895,1.895,-0.02));
#13439=CARTESIAN_POINT('',(1.895,-1.895,-0.02));
#13440=CARTESIAN_POINT('',(1.895,-1.895,-0.02));
#13441=CARTESIAN_POINT('',(1.895,1.895,-0.02));
#13442=CARTESIAN_POINT('',(1.895,-1.895,-0.02));
#13443=CARTESIAN_POINT('',(1.895,-1.895,-0.02));
#13444=CARTESIAN_POINT('',(0.,0.,-0.02));
#13445=CARTESIAN_POINT('',(-1.72,1.72,-0.02));
#13446=CARTESIAN_POINT('',(-1.545,1.895,-0.02));
#13447=CARTESIAN_POINT('',(-2.07231122518681,2.13895450999586,0.701008567661512));
#13448=CARTESIAN_POINT('',(-2.07231122518681,2.13895450999586,0.701008567661512));
#13449=CARTESIAN_POINT('',(-1.91603847644237,2.13895450999586,0.701008567661512));
#13450=CARTESIAN_POINT('',(-2.07231122518681,2.13895450999586,0.701008567661512));
#13451=MECHANICAL_DESIGN_GEOMETRIC_PRESENTATION_REPRESENTATION('',(#6471,
#6472,#6473,#6474,#6475,#6476,#6477,#6478,#6479,#6480,#6481,#6482,#6483,
#6484,#6485,#6486,#6487,#6488,#6489,#6490,#6491,#6492,#6493,#6494,#6495,
#6496,#6497,#6498,#6499,#6500,#6501,#6502,#6503,#6504,#6505,#6506,#6507,
#6508,#6509,#6510,#6511,#6512,#6513,#6514,#6515,#6516,#6517,#6518,#6519,
#6520,#6521,#6522,#6523,#6524,#6525,#6526,#6527,#6528,#6529,#6530,#6531,
#6532,#6533,#6534,#6535,#6536,#6537,#6538,#6539,#6540,#6541,#6542,#6543,
#6544,#6545,#6546,#6547,#6548,#6549,#6550,#6551,#6552,#6553,#6554,#6555,
#6556,#6557,#6558,#6559,#6560,#6561,#6562,#6563,#6564,#6565,#6566,#6567,
#6568,#6569,#6570,#6571,#6572,#6573,#6574,#6575,#6576,#6577,#6578,#6579,
#6580,#6581,#6582,#6583,#6584,#6585,#6586,#6587,#6588,#6589,#6590,#6591,
#6592,#6593,#6594,#6595,#6596,#6597,#6598,#6599,#6600,#6601,#6602,#6603,
#6604,#6605,#6606,#6607,#6608,#6609,#6610,#6611,#6612,#6613,#6614,#6615,
#6616,#6617,#6618,#6619,#6620,#6621,#6622,#6623,#6624,#6625,#6626,#6627,
#6628,#6629,#6630,#6631,#6632,#6633,#6634,#6635,#6636,#6637,#6638,#6639,
#6640,#6641,#6642,#6643,#6644,#6645,#6646,#6647,#6648,#6649,#6650,#6651,
#6652,#6653,#6654,#6655,#6656,#6657,#6658,#6659,#6660,#6661,#6662,#6663,
#6664,#6665,#6666,#6667,#6668,#6669,#6670,#6671,#6672,#6673,#6674,#6675,
#6676,#6677,#6678,#6679,#6680,#6681,#6682,#6683,#6684,#6685,#6686,#6687,
#6688,#6689,#6690,#6691,#6692,#6693,#6694,#6695,#6696,#6697,#6698,#6699,
#6700,#6701,#6702,#6703,#6704,#6705,#6706,#6707,#6708,#6709,#6710,#6711,
#6712,#6713,#6714,#6715,#6716,#6717,#6718,#6719,#6720,#6721,#6722,#6723,
#6724,#6725,#6726,#6727,#6728,#6729,#6730,#6731,#6732,#6733,#6734,#6735,
#6736,#6737,#6738,#6739,#6740,#6741,#6742,#6743,#6744,#6745,#6746,#6747,
#6748,#6749,#6750,#6751,#6752,#6753,#6754,#6755,#6756,#6757,#6758,#6759,
#6760,#6761,#6762,#6763,#6764,#6765,#6766,#6767,#6768,#6769,#6770,#6771,
#6772,#6773,#6774,#6775,#6776,#6777,#6778,#6779,#6780,#6781,#6782,#6783,
#6784,#6785,#6786,#6787,#6788,#6789,#6790,#6791,#6792,#6793,#6794,#6795,
#6796,#6797,#6798,#6799,#6800,#6801,#6802,#6803,#6804),#13452);
#13452=(
GEOMETRIC_REPRESENTATION_CONTEXT(3)
GLOBAL_UNCERTAINTY_ASSIGNED_CONTEXT((#13453))
GLOBAL_UNIT_ASSIGNED_CONTEXT((#13456,#13455,#13454))
REPRESENTATION_CONTEXT('ES9822QPRO','TOP_LEVEL_ASSEMBLY_PART')
);
#13453=UNCERTAINTY_MEASURE_WITH_UNIT(LENGTH_MEASURE(0.005),#13456,
'DISTANCE_ACCURACY_VALUE','Maximum Tolerance applied to model');
#13454=(
NAMED_UNIT(*)
SI_UNIT($,.STERADIAN.)
SOLID_ANGLE_UNIT()
);
#13455=(
NAMED_UNIT(*)
PLANE_ANGLE_UNIT()
SI_UNIT($,.RADIAN.)
);
#13456=(
LENGTH_UNIT()
NAMED_UNIT(*)
SI_UNIT(.MILLI.,.METRE.)
);
#13457=PRODUCT_DEFINITION_SHAPE('','',#13458);
#13458=PRODUCT_DEFINITION('','',#13460,#13459);
#13459=PRODUCT_DEFINITION_CONTEXT('',#13466,'design');
#13460=PRODUCT_DEFINITION_FORMATION_WITH_SPECIFIED_SOURCE('','',#13462,
 .NOT_KNOWN.);
#13461=PRODUCT_RELATED_PRODUCT_CATEGORY('','',(#13462));
#13462=PRODUCT('ES9822QPRO','ES9822QPRO','ES9822QPRO',(#13464));
#13463=PRODUCT_CATEGORY('','');
#13464=PRODUCT_CONTEXT('',#13466,'mechanical');
#13465=APPLICATION_PROTOCOL_DEFINITION('international standard',
'automotive_design',2010,#13466);
#13466=APPLICATION_CONTEXT(
'core data for automotive mechanical design processes');
ENDSEC;
END-ISO-10303-21;
